image_path,Caption
./dataset/1552911510286.jpg,這張照片展示了一座高聳的摩天大樓，建築外觀為玻璃幕牆，反射出天空的藍色。大樓的頂部有兩個圓形的裝飾，可能是建築設計的一部分。大樓的結構非常現代，顯示出其在城市中的重要地位。背景是漸變的天空，從藍色到黃色，顯示出可能是日落時分。
./dataset/20231104_184633.jpg,這張照片展示了一場婚禮的場景。照片中，新郎和新娘站在室內的舞台上，新郎穿着一套米色的西裝，新娘則穿着一襲白色的婚紗，手中捧著一束花。背景中可以看到一排白色椅子，上面坐著一些賓客。天花板上掛著一排串燈，營造出溫馨的氛圍。舞台後方有一個拱形的裝飾，上面掛滿了綠葉和花卉，增加了婚禮的浪漫氣氛。
./dataset/IMG_20210517_193050_600.jpg,這張照片中有兩位年輕人，他們似乎在戶外活動。前景中的年輕人側身站立，面帶微笑，頭髮是黑色的，穿着灰色的短袖T恤，背後有一個黑色的背包。背景中可以看到樹木和藍天，顯示出他們可能在一個公園或自然景點。另一位年輕人部分出現在照片的右側，同樣背著背包，但只露出部分臉部和上半身。照片的氛圍看起來很輕鬆愉快。
./dataset/20240129_151753.jpg,這張照片展示了一片開滿黃色花朵的田地，田地被一條小溪分隔成兩部分。背景中可以看到一些樹木和山丘，山丘上有一些綠色植被。天空晴朗，陽光充足，遠處可以看到電力線塔和一些建築物。整體環境看起來非常寧靜和美麗。
./dataset/20230218_164105.jpg,這張照片中，可以看到一排人站在欄杆旁邊，似乎是在觀賞前面的景觀。背景中有一棟高樓建築，建築外牆是白色的，窗戶排列整齊。前景中有幾棵開滿粉紅色花朵的樹，樹枝上沒有葉子，可能是櫻花樹。天空非常藍，沒有雲彩，顯示出晴朗的天氣。地上有一些綠色的草地，欄杆旁邊還有一些椅子。照片的構圖是從下往上拍攝的，給人一種仰望的感覺。
./dataset/IMG20200628144554.jpg,這是一尊阿瑞斯（馬爾斯）的雕像，雕像位於一個開放的空間，背景是藍天和一些綠樹。雕像由白色大理石製作，雕像的基座上刻有中文和英文的銘文，中文銘文寫道：「阿瑞斯（馬爾斯）戰神—掌管軍事與戰爭」，英文銘文寫道：「ARES (MARS)」。雕像的基座是方形的，上面有幾道橫線裝飾。雕像的底座是白色的，與雕像的白色大理石相匹配。雕像的背景是一片水域，可能是湖泊或河流。
./dataset/IMG_20180924_125753_456.jpg,這張照片中，一個人坐在草地上，背景是湖泊和遠處的山丘。他穿着一件深色的短袖T恤和藍色牛仔褲，腳上穿著黑色的運動鞋。他的雙腿交叉，雙手放在膝蓋上，頭微微低垂，面帶沉思的表情。背景中的湖泊邊緣有岩石堆疊，遠處可以看到一些建築物和樹木。天空晴朗，整體氛圍平靜而寧靜。
./dataset/IMG20220220163357.jpg,這張照片展示了一個室內展覽場景。場景中有多個大型屏幕，屏幕上播放著一系列的畫面，這些畫面似乎描繪了人們在橋樑上行走的場景。畫面中的橋樑結構複雜，有鐵製的框架構件。觀眾們坐在屏幕前，觀看這些畫面。展覽場館的天花板是開放式的，可以看到木質的樑柱結構。場館內的照明較暗，突出了屏幕上的畫面。
./dataset/11149357_632082483558244_535158552684804524_n(1)(1).jpg,這張照片中，有一個小男孩站在地上，他穿着一件綠色的長袖上衣和深色的短褲，腳上穿著藍色的拖鞋。他的頭髮是黑色的，短而齊整。小男孩的臉上帶有微笑，張開嘴巴，露出舌頭。背景是一個鋪有灰色石子的地坪，地坪上有一些綠色的桶和白色的櫃子。
./dataset/IMG_20210805_184037_726.jpg,這張照片中有兩個小孩坐在沙發上。沙發的靠背和坐墊上鋪有花卉圖案的布料。小孩們都穿着暖和的衣物，一個穿著紅色背心和格子褲，另一個穿著白色上衣和淺色褲子。背景是單色的牆壁。
./dataset/20231104_184635.jpg,這張照片展示了一場婚禮的場景。照片中，新郎和新娘站在前方，新郎穿着一套米色西裝，打着領結，新娘則穿着一襲白色婚紗，手持一束花束。他們的後方有幾位穿著白色禮服的賓客，似乎在拍照或觀看儀式。場地裝飾有燈飾和花藝裝飾，營造出溫馨浪漫的氛圍。場地的天花板上掛有燈飾，牆壁上也掛有燈飾，增加了場景的溫馨感。背景中可以看到一些綠植裝飾，增加了自然的感覺。
./dataset/1550238576872.jpg,一位穿著深色長袖上衣和白色圍裙的年輕人，正在廚房裡製作甜點。他正用一隻手將粉紅色的奶油擠入一個已經裝有蛋糕底的圓形蛋糕模中。桌上擺放著一個平板電腦，顯示著食譜或相關的圖像。桌面上還有一個裝滿草莓的藍色碗、一個裝有紅色果醬的透明碗、一個小黃色碗和一個打蛋器。背景中可以看到一個掛有塑料袋的木製掛板和一張寫有「Chocolate Cupcake」字樣的白紙。
./dataset/IMG20220315110946.jpg,一張木桌上有兩樣食物和一些餐具。在木桌上，有一個裝有熱飲的白色杯子，杯子上有幾顆黑豆。杯子旁邊有一個鐵籃子，籃子裡放著一包透明塑料袋，袋內似乎裝有餐巾紙。在木桌的另一側，有一個藍白相間的盤子，盤子裡裝有一碗麵條，麵條上放著一顆煎蛋，蛋黃鮮黃。盤子旁邊有一張白色的餐巾紙。
./dataset/FB_IMG_1485272674123(1)(1).jpg,這張照片中，有一隻狗正躺在地上。狗的毛色是棕白相間，脖子上綁著一個綠色的項圈。狗的頭部朝向右側，耳朵微微聳起，似乎在靜靜地看著某個方向。背景中可以看到一扇門和一塊鋪設的地板，門邊有一塊灰色的地毯。門的門框是木製的，門上有一個黑色的鎖。門的另一側可以看到一塊玻璃窗，窗戶上有一些鐵絲網狀的裝飾。
./dataset/IMG_20210805_183834_004.jpg,這幅畫中，一個金髮的男孩正親吻著一隻狐狸。男孩穿着一件黃色的外套，狐狸則是白色和橙色相間的毛髮。男孩的臉部幾乎貼在狐狸的臉上，雙手輕輕地抱著狐狸的身體。背景是柔和的黃綠色調，給整幅畫帶來了一種溫暖和親密的感覺。畫作右下角有簽名和日期「2019」，左下角有畫家的網名「@orgoniteira」。
./dataset/20230707_180751.jpg,這張照片展示了一桌中式餐點。主要的菜色是一道魚頭，魚頭上鋪滿了剁椒和蔥花，魚頭下方是魚湯。魚頭旁邊有一盤炒青菜，看起來像是炒小白菜。魚頭的盤子上寫有中文菜名，盤子下方還有一盤白飯。桌上還有一個小碟子，裡面裝有紅辣椒醬。整體看起來是一頓豐富的中式餐點。
./dataset/IMG_20210517_202809_358.jpg,這張照片中，一個人側身站立，背對著光源，頭髮被陽光照射而發亮。他穿着一件淺色的上衣，肩上背著一個黑色的背包。背景模糊，似乎是在戶外的場景，可能是在沙灘或海岸邊。陽光從後方照射過來，形成了一種光暈效果，使得人物的臉部和頭髮被陽光照射而發亮。
./dataset/20230820_151333.jpg,這張圖片展示了一頓簡單的餐點。在白色盤子中，有幾塊煮熟的雞肉，浸泡在湯汁中，湯汁中還有一顆紅色的枸杞。在黑色碗中，有一碗白飯，上面鋪著一些撕碎的雞肉。盤子和碗旁邊有一個銀色的湯匙。整體擺盤簡單，食物色調以白色和淺黃色為主，搭配紅色的枸杞，看起來很清新。
./dataset/IMG_20210429_133522_833.jpg,這張照片中，一個人穿着畢業袍，背景是公園，有樹木和草地。畢業袍是黑色的，領口是黃色的，上面有紅色的花紋裝飾。照片的上半部分有一些心形的圖案。背景中可以看到一些樹木和籬笆，地面上有樹蔭。
./dataset/IMG20220220163251.jpg,這張照片展示了一個室內場景，背景是多塊大屏幕，屏幕上顯示著一幅色彩豔麗的畫作，畫面中有一座城市的天際線，天空被渲染成黃色和橙色的漸變色，表現出一種夕陽西下的氛圍。畫面下方是水體，反射出天空的顏色，並有幾座建築物的剪影。在畫面的前景中，有一群人坐在地上，他們背對著攝影機，面向著大屏幕，似乎在觀看或聆聽某種表演或講座。場地的天花板上有一些木質的樑條，牆壁是深色的，整個場地的照明較暗，突出了大屏幕上的畫作。
./dataset/20240129_151527.jpg,這張圖片展示了一片美麗的花田，花田中開滿了黃色的花朵，看起來像是黃花菜。花田的後方是茂密的樹林，樹林中間有幾棵紅色的櫻花樹，樹枝上開滿了粉紅色的櫻花。樹林的遠處可以看到一些建築物和電線杆。在花田的右側有一個木製的涼亭，涼亭下有幾個人在休息或拍照。整體來說，這是一個非常宜人的景點，適合遊客來此賞花和休閒。
./dataset/12106800_901336399957156_5676767040655459742_n(1)(1).jpg,這張照片中有四個人排成一列，他們都穿着紅色的背心和白色的T恤，頭上都系着紅色的頭帶。他們的雙手緊緊地拉在一起，似乎在進行某種協調的活動或遊戲。背景是一個室內場地，可以看到一扇玻璃門和牆壁上的一些裝飾。照片的右側有一個光源，發出明亮的光線。
./dataset/20230218_164016.jpg,這張圖片展示了一棵樹的枝條和開花的細枝。樹枝上開有粉紅色的花朵，背景是藍色的天空。樹枝錯綜複雜，有些部分已經脫落，顯露出樹幹的樹皮。整體感覺清新自然，陽光充足，天空晴朗。
./dataset/20230814_160324.jpg,這張圖片展示了一本書的封面。書的封面上有大大的黑色日文字符，書名是「一本終結你的拖延症」。封面上還有一隻黑色的貓咪圖案，背景是星空和山峰的圖案。書的右側有一個黃色的標籤，上面寫著「日本銷售突破20萬冊」，以及一些相關的廣告語。書的左側有一個藍色的圓形標籤，上面寫著「19」。書的右側還有一個黑色的圓形標籤，上面寫著「日本上市4天立即再版」。書的封面上還有一些小字，說明了書的內容和作者。
./dataset/1528036898444.jpg,這張照片中有三個人坐在電影院的座位上。他們坐在一排橙色的座椅中，背景是黑暗的，只有電影院的屏幕發出綠色的光。三個人都面帶微笑，其中一個人戴著圓框眼鏡，穿著白色T恤，另一個人穿著藍色T恤，上面有英文寫著“DON'T”。第三個人戴著一頂黑色的帽子，穿著黑色的衣服。他們看起來像是在享受電影院的氛圍。
./dataset/1562820372374.jpg,這張照片中有三個人坐在一隻大型的皮卡丘氣球旁邊。皮卡丘氣球是黃色的，有紅色的腮紅和黑色的眼睛，面帶微笑。三個人都面帶微笑，其中一個人比出V字形的手勢。背景中可以看到其他人在活動區域內，牆壁上有一些標誌和裝飾。
./dataset/20240802_183151.jpg,這張照片顯示了一座高樓大廈，建築外牆由藍色玻璃構成，並有許多小方塊組成。大廈頂部有一個圓形的裝置，可能是天線或天窗。照片的右側可以看到一輛公車，車身上有電子顯示屏，顯示著路線號碼和目的地。背景中還有一些其他的建築物和樹木。天空呈黃色，可能是日落時分。照片的右側還有一輛停在路邊的車輛。
./dataset/20230706_114950.jpg,這張照片展示了一盤炒飯。炒飯放在一個藍色的盤子上，盤子邊緣有綠色的裝飾圖案。炒飯中可以看到白飯、切碎的蛋塊、小塊的紅蘿蔔丁和綠豆。盤子上還放著一雙黑色的筷子和一個白色的湯匙。盤子放在一個灰色的桌面上，桌面上有一塊綠色的紙張，上面有中文書寫。照片的右下角可以看到一塊木質的桌面。
./dataset/IMG20220319131052.jpg,這是一幅鉛筆素描畫，畫中是一位女性的側面肖像。畫家使用了豐富的陰影技巧來表現人物的臉部特徵和髮型。女性的頭髮是中長髮，側梳在耳後，髮型自然地垂落。她的臉部特徵細膩，眼睛大而明亮，鼻子修長，嘴巴微張，表情平靜。畫面的右下角有簽名和日期，寫著「2022.3.19 Aozul」。整體畫面以黑白灰為主，表現出一種靜謐和細膩的美感。
./dataset/20230812_130241.jpg,這張照片中有一杯黃色的飲料，杯子是透明的，杯口有條紋裝飾。杯子放在一個編織的墊子上，墊子放在一個木質的桌面上。背景中可以看到一排書架，書架上堆疊著許多書籍。書架的後方有一個白色的牆面，牆面上掛著幾幅畫作。照片的右上角有一個透明的玻璃杯，杯中沒有任何飲料。
./dataset/20240506_223755.jpg,這張照片顯示了一座高聳的建築物，夜晚時分被燈光點綴，呈現出現代都市的氛圍。建築物的頂部有紅色的燈光裝飾，建築物的外觀由許多層疊的窗戶構成，反射出周圍的光線。建築物的周圍有樹木和一些燈光，顯示出城市夜景的氛圍。照片的右側還可以看到一些建築物的樓頂和一些樹木的樹冠。整體來說，這張照片捕捉到了一個現代都市夜景的場景。
./dataset/1485250956029(1)(1).jpg,這張照片中有一個小男孩，他穿着一件紅色的衣服，背景是一個木製的櫃子，櫃子上有一些玩具和物品。櫃子的門是用黑色的鉸鏈固定的。櫃子的後面還有一些其他的物品，包括一個籃子和一些書籍。小男孩的頭髮是黑色的，臉上帶有自然的表情。照片的右上角有一個模糊的樹葉。
./dataset/IMG_0240.JPG,這張照片中，一個人正坐在餐廳裡，頭戴一頂深色的棒球帽，帽檐朝前。他穿着一件灰色的T恤，右手握著一雙筷子，正在用筷子夾取食物。他的左手放在一個黑色的碗上，碗裡似乎裝著一些食物。背景是一面有圓點圖案的牆壁，牆壁的顏色是淺色的。照片的右側還可以看到一些餐具和食物的殘渣。
./dataset/1529165752104.jpg,這張照片中，兩位年輕人站在一棟建築前，背景是藍天和綠樹。建築的設計獨特，有著三角形的屋頂和大面積的玻璃窗。建築前有一群人，他們大多數穿着畢業服，頭戴畢業帽，似乎是在參加畢業典禮。地上散落著一些物品，可能是畢業典禮後的紀念品或個人物品。兩位年輕人面帶微笑，其中一位舉起雙手比出V字形，另一位則比出開心的姿勢。照片的氣氛歡樂，顯得非常喜慶。
./dataset/20231104_164624.jpg,這張照片展示了一個街景，太陽正在落山，天空呈現出漸變的黃色和藍色。照片的左側有一根高大的煙囪，煙囪旁邊有幾根電線垂下。照片的右側有一條道路，道路邊緣有樹木和建築物。建築物的屋頂是灰色的瓦片，牆壁是淺色的。道路邊緣有一個標誌，上面寫著「25」，可能是限速標誌。建築物的前面有一些樹木和灌木，樹木的影子投射在地面上。整體來說，這張照片捕捉到了一個靜謐的鄉村或城郊地區的夕陽時刻。
./dataset/1528650075853.jpg,這張照片中有兩位穿著畢業袍的年輕人，他們站在一片綠色的草地上。背景中可以看到一些建築物和樹木，建築物的牆面是黃色的，牆頂是灰色的。兩位年輕人站得很近，面帶微笑，看起來非常開心。他們的畢業袍是黑色的，上面有黃色和藍色的裝飾，袍子的前面有校徽。背景中還有一些其他的人，他們似乎在參加一個活動或慶祝儀式。
./dataset/IMG20200218145724.jpg,這張照片展示了一個公園的景觀。前景中有一個小池塘，池塘中有一些鯉魚在游動。池塘的邊緣種植了一些綠色的灌木和開花的植物，花色為紅色。池塘的對岸有一排樹木和灌木，樹木後方是幾棟現代建築，建築外牆為玻璃和鋼筋結構。建築的後方是晴朗的天空。公園內還有一些遊人，他們坐在長椅上或在樹下休息。整體環境看起來非常寧靜和美麗。
./dataset/IMG20220415144451.jpg,這張照片顯示一個人的下半身，他穿着白色襯衫、深藍色長褲和黑色皮鞋。他的手腕上戴著一塊黑色錶帶的手錶。背景是灰色的方磚地面。
./dataset/12049672_901341439956652_8965602709708319412_n(1)(1).jpg,這張照片展示了一群人在室內表演舞蹈。背景中有一塊寫有“KAVI AZ”的布條，布條上方有幾個裝飾性的圖案。表演者們穿着統一的服裝，包括白色T恤、紅色圍巾和黑色褲子，頭上戴著紅色的頭巾。他們的動作同步，雙臂舉起，表情充滿活力。觀眾坐在前面，觀看表演。背景中可以看到一些電扇和窗戶。
./dataset/IMG_20180815_132759_105.jpg,這幅圖畫是一幅素描，描繪了一座教堂。教堂的建築風格獨特，尖頂上有一個十字架。教堂的牆壁和屋頂使用了三角形的結構，並以細線條表現出建築的細節。教堂的門口處有幾個人物，他們似乎在進出教堂。背景中可以看到一些樹木，顯示出教堂位於一個開闊的場地。整體畫面以黑白色調呈現，表現出一種沉靜和肅穆的氛圍。
./dataset/20240505_104435.jpg,這張照片展示了一間室內空間，可能是餐廳或咖啡廳。照片中可以看到一個現代風格的座位區，座位區的牆壁上鋪有白色和黑色的幾何圖案地磚。座位區的牆壁上有一排黑色的長椅，長椅的後方有一個黑色的長方形裝飾板。在座位區的前方有一張木製的圓桌，桌面上放著一些餐具和杯子。在圓桌的後方有一個長形的座位區，座位區的牆壁上有一個裝飾性的圓形裝飾品。在座位區的後方有一個玻璃門，門外可以看到一個開放式的空間，裡面有幾張桌子和椅子，還有一些植物裝飾。整體空間的裝修風格現代簡約，燈光柔和。
./dataset/IMG20220309120712.jpg,這張照片展示了一個現代化的公園或廣場。公園內有一條蜿蜒的水道，水道兩側鋪設了灰色的混凝土路面。水道兩側種植了幾棵樹，樹木的樹幹較細，樹冠尚未完全長成。公園的建築物以白色為主，建築風格簡潔現代，建築物的外牆上有一些開窗。背景中可以看到一些建築物，建築物的外牆顏色較深，與前景的白色建築形成對比。天空晴朗，陽光充足，整個場景顯得非常明亮。
./dataset/IMG20220314203518.jpg,一盤食物擺放在紙盤上，紙盤放在一個有書法風格圖案的桌布上。紙盤上有一隻大蝦，蝦的頭部朝向紙盤的左側，蝦的尾部朝向紙盤的右側。蝦的頭部和尾部之間有兩根竹签串著，竹签的另一端插入蝦的身體。蝦的身體上有一些調味料。紙盤的右側有四根竹签串著一些小塊的食物，這些食物看起來像是烤製的蘑菇和雞肉。這些食物上也有些調味料。整體看起來像是燒烤或串燒的食品。
./dataset/IMG20220622174913.jpg,這是一幅用鉛筆繪製的肖像畫，畫中人物為一位女性。她有長髮，頭髮齊齊地垂在兩側，並帶有前額的瀏海。她的臉部特寫表現出細膩的線條和層次感，眼睛大而明亮，鼻子挺拔，嘴巴微張，表情平靜。她穿著一件黑色的衣服，領口處有一條黑色的帶子。畫面右下角有簽名和日期，日期為2022年6月22日，簽名為“Aaron”。整體畫面以黑、白、灰色調呈現，表現出一種簡潔而真實的風格。
./dataset/IMG_20211117_002419_884.jpg,這張照片中，一個人正舉著一個黃色的東西，可能是食物。背景是淺色的牆壁，牆壁上有一條淺色的線條。這個人的頭髮是淺色的，頭髮的後方有幾根比較長的頭髮。這個人的臉部表情看起來有點不開心，嘴巴張開，露出一點牙齒。
./dataset/20240616_113333.jpg,這張照片中，有兩個人坐在室內的餐桌旁。前面的成年人穿着粉紅色的長袖上衣，頭部稍微傾向一邊，似乎在與坐在她前面的兒童互動。兒童穿着白色短袖上衣和紫色短褲，正在吃東西，並且面帶微笑。桌上有一些餐具和飲料，包括一個透明的杯子和一個帶有卡通圖案的紙杯。背景中可以看到一扇窗戶，窗戶旁邊有一張木質桌子。
./dataset/IMG20220311155115.jpg,這張照片展示了一個公園的場景。照片中可以看到幾棵樹，樹木的枝葉在陽光下投射出斑駁的樹影。公園內有一條水泥步道，步道兩旁種植了綠色的灌木和草叢。在步道的一側有一座小屋，小屋的建築風格簡單，牆壁為淺色，門窗為深色。背景中還可以看到幾棵高大的棕櫚樹，遠處有幾棟高樓建築。天空晴朗，陽光充足，整個場景顯得非常寧靜和安靜。
./dataset/FB_IMG_1516604510366.jpg,這張圖片展示了一幅美麗的夜空景象。天空中布滿了星星，並有綠色和紫色的極光在夜空中閃耀。地面上鋪滿了雪，有一棵孤獨的樹矗立在雪地上，樹的後方可以看到一些建築物的剪影。整體氛圍非常寧靜，呈現出一種自然的美。
./dataset/IMG20220502205614.jpg,這是一幅用鉛筆繪製的肖像畫，畫中是一位女性。她的頭髮是黑色的，垂落在肩上，頭髮的細節表現得非常細膩。她戴著一對耳環，耳環的形狀是圓形的。她的表情看起來有些憂鬱，雙手撐在臉頰上，手指輕輕地觸碰著臉頰。她的臉部特寫表現得非常細膩，從眉毛到鼻樑再到嘴巴，每個細節都表現得非常真實。背景是純白色的，沒有其他雜亂的元素，使得整幅畫的焦點集中在這位女性的臉上。整體風格簡潔而真實，表現出一種靜謐的氛圍。
./dataset/IMG_20210422_185547_113.jpg,這幅畫中，有五名士兵在行進。他們都穿着綠色迷彩服，頭戴綠色頭盔，手持步槍。他們的姿態一致，步伐穩健，顯得非常有紀律性。畫面的背景是一片綠色的樹林和遠處的山丘，天空是灰蒙蒙的，可能暗示著陰天或清晨時分。士兵們的前方有一面紫色的旗幟，旗幟上有一個白色的圖案。整體畫面給人一種莊嚴和肅穆的感覺。
./dataset/IMG_20180727_111726_952.jpg,這是一張展示Ducati 959 Panigale的圖片。這輛機車以紅白兩色為主，車身標有Ducati的標誌和車型名稱。車頭裝有透明擋風玻璃，車尾裝有尾燈和尾部燈光。車架為黑色，車輪為黑色輪圈，搭配黑色輪胎。車身側面有金色的減震器。車尾裝有雙管排氣管。整體設計流線型，適合高速行駛。背景為純白色，突顯出機車的顏色和設計。
./dataset/IMG20220313133921.jpg,這張照片展示了一個公園或觀景區的場景。照片中可以看到一些遊客在公園內散步或觀賞景觀。背景中有一片綠色的稻田，遠處有連綿的山丘，天空藍色，雲層稀疏。公園內有幾棵樹，樹蔭下有幾個人在休息或拍照。公園地面鋪有碎石，邊緣有一條灰色的護欄。照片的右側有一個大型的環形雕塑，形狀類似於一個拱門，雕塑的顏色是淺色的。照片的右側還有一個穿著白色T恤、藍色牛仔褲和藍色運動鞋的男子，他背著一個彩色的背包，頭戴藍色的棒球帽，正在觀賞景觀。
./dataset/20221113_144006.jpg,這張圖片展示了一片寬闊的水域，水面上波光粼粼，反射著天空的藍色。遠處可以看到一些建築物，可能是城市建築，建築物的頂部有幾棟高樓。天空湛藍，只有幾朵雲朵飄浮在空中。水邊有一些綠色的植物，植物上開著白色的花朵。整體感覺非常寧靜，自然與城市景觀相結合。
./dataset/20231105_173032.jpg,這張圖片顯示了天空和建築物的景象。天空從左上角開始是深藍色，逐漸轉為淺藍色，最後變成接近白色的顏色。在右側的天空中，有一條細長的雲層，從上到下延伸，顏色較淺，與背景的顏色形成對比。建築物位於圖片的左下角和右下角，建築物的外觀是現代風格，有許多窗戶，其中一些窗戶亮著燈光。建築物的頂部有一個天線。整體來說，這張圖片捕捉了日落時分的天空和建築物的景象。
./dataset/IMG20220423145318.jpg,這張照片展示了一個室內的場景。照片中有一個穿著白色T恤和黑色短褲的人，雙腳伸直，雙手放在頭上，似乎在休息或打盹。他躺在一張棕色的皮質沙發上，沙發的顏色較深，質感光滑。沙發的後方有一張綠色的單人沙發，上面放著一些衣物和紅色的枕頭。沙發的後方牆壁上掛有一些裝飾品，包括一張小的花卉圖案和一個掛鐘。沙發的後方還有一個白色的電風扇，放在一個木製的桌子旁邊。桌子的表面有一些雜物，包括一個小的碗和一些書籍。牆壁的顏色是淺色的，牆上還有一些裝飾品，包括一個掛鐘和一些掛畫。整體來說，這個場景看起來像是家庭的客廳或起居室。
./dataset/20230805_155524.jpg,這張照片中，有一杯冰咖啡放在一個木質桌面上。杯子是透明的玻璃杯，杯底有棕色的咖啡渣。杯子上有一根白色的吸管。杯子放在一個有斑點的白色和棕色的杯墊上。背景中可以看到一扇玻璃門，門外有一輛停在室內的白色車子。門的玻璃上有一些網狀的裝飾。門的另一側可以看到一些雜物和裝飾品。
./dataset/20231002_000525.jpg,這張照片中，有兩個人坐在沙發上，背景是淺色的牆壁。照片的左側寫著「HAPPY BIRTHDAY」，右側寫著「Miya」和「2023.10.1」。照片上還有一些粉紅色的愛心圖案。照片中的人們看起來非常開心，正在互相牽手。照片的右下角有一個手指，手指的指甲上沒有塗指甲油。照片的左側有一個黑色的問號。
./dataset/IMG_20210422_185547_114.jpg,這張照片中，有一群身穿軍裝的士兵排成兩排，站在一片綠樹成蔭的草地上。前排士兵跪在地上，後排士兵則站著，他們都頭戴鋼盔，手持武器。背景中可以看到茂密的樹木和綠色的草地。照片的右下角有一個手指的指頭，似乎是在拿著這張照片。
./dataset/IMG_20200531_212108_062.jpg,這張照片顯示了一位年輕男子在鏡子前自拍。他穿着一件灰色的背心，鏡子上方掛有幾面小旗幟，背景是黑色的更衣室門。鏡子下方有一個水槽，水槽的水龍頭正在滴水。照片的底部有一個藍色的方框，上面寫著「Just take a breath」，並附有一個表情圖案，表情圖案是一個頭部有傷的圖案。此外，鏡子下方還有一個顯示「2119」的數字方框。
./dataset/20231104_184630.jpg,這張照片展示了一場室內的婚禮活動。照片中可以看到一位穿著白色婚紗的女子和一位穿著米色西裝的男子站在台前，女子手持一束花，男子則是雙手合十，似乎正在進行某種儀式。背景中可以看到一排白色椅子，上面坐著一些穿著黑色禮服的賓客。場地裝飾有許多串燈，營造出溫馨的氛圍。場地的牆壁上掛有一個拱形的花圈裝飾，花圈上綴有鮮花和綠葉。場地的左側有一個大型的吊燈，發出柔和的光線。整體氛圍莊重而喜慶。
./dataset/11077562_632051083561384_5086439963745895358_n(1)(1).jpg,這張照片中，有五個人站在室內的一個空間裡。他們似乎在一個教室或會議室裡，因為牆上掛有黑板和一些標籤。五個人都站在鋪有藍色毯子的地面上，牆邊有一個電風扇。他們都穿着便服，其中四個人的胸前掛有名牌。照片的左側有一個黑色的包，牆邊還有一個紅色的球。背景中可以看到一些紙箱和牆上的標籤。
./dataset/20230806_130355.jpg,這張照片展示了一間室內空間，牆壁為白色，地面鋪有棕色的地板。牆壁上掛有幾幅抽象的藝術作品，其中一幅是幾何圖形的組合，另一幅則是人物圖像。牆壁上還有一個開關和一個插座。牆角有一張木製的桌子，搭配兩張木製的椅子。桌子旁邊有一個木製的櫃子，櫃子上放著一些玻璃器皿和餐具。櫃子上方有一個壁燈，牆壁上還有一個空調機。地面上有一塊幾何圖案的地毯。
./dataset/1527656953778.jpg,這張照片展示了一桌的火鍋餐點。桌上有兩種不同的鍋底，分別是清湯和辣湯。桌上擺放了多樣的食材，包括生菜、金針菇、白菜、豆腐、肉片等。此外，還有一些調味料和醬料，如蒜泥、醬油等。桌面上還有一盤切好的豬肉片。照片右下角有中文標籤，標籤上寫著「肉多多火鍋-台中中科店」。
./dataset/20230730_205018.jpg,這張圖片顯示的是夜空中的景象。圖片中央有一個明亮的光源，類似於月亮，周圍被雲層部分遮擋。雲層看起來很濃密，有些部分被月光照亮，呈現出灰白色調。圖片的右側有一個樹的剪影，樹葉在黑暗中顯得非常黑。整體來說，這張圖片捕捉到了一個夜晚的景象，月亮和雲層是主要的元素。
./dataset/20240316_173315.jpg,這張照片中，我們可以看到一片藍天，天空中有一些稀疏的雲朵。在照片的右側，有一棵高大的棕櫚樹，樹葉茂盛，葉片呈綠色，葉尖細長。棕櫚樹的樹幹粗壯，顏色為淺棕色。背景中還可以看到一些綠色的樹葉，可能是其他樹木。整體感覺是晴朗的天氣，環境清靜。
./dataset/IMG20220220161547.jpg,這張照片展示了一個室內的展覽場景。場景中有一個大型的投影屏幕，屏幕上投影出一幅風景畫，畫面中有一片綠意盎然的田野，田野中有幾堆稻草堆，幾棵樹木和幾個人物。這些人物似乎在田間勞作或閒逛。背景中還可以看到遠處的山丘和一些建築物。場景的左側和右側也顯示了類似的風景畫，但畫面的內容有所不同。在投影屏幕前，有一個穿著黑色上衣和牛仔褲的男子，他正舉著手機，似乎在拍照或錄影。在場景的最前方，有一群觀眾坐在地上，他們似乎在觀看投影屏幕上的畫作。整個場景的照明較暗，只有投影屏幕發出明亮的光線。
./dataset/IMG20220515235202.jpg,這是一幅用鉛筆繪製的肖像畫，畫中是一位女性。她有着長長的黑髮，頭髮自然垂落，耳朵上掛著一個圓形的耳環。她的表情溫柔，雙眼微閉，嘴角微微上揚，露出一絲微笑。她的手放在臉頰上，手指輕輕地撐著下巴，顯得非常自然和親切。她穿著一件有領子的上衣，領子處有繫帶。畫面右下角有簽名和日期，寫著「2022.5.13 Aaron」。整體畫面細膩，表現出人物的神態和細節。
./dataset/FB_IMG_1494893219558(1)(1).jpg,這幅圖畫展示了一個小男孩和一隻藍色的動物。小男孩有棕色的頭髮，穿着藍色的條紋睡衣，赤腳站在一塊木頭上。他正低頭看着這隻藍色的動物，似乎在和它互動。這隻動物有一個圓圓的臉，大大的眼睛，和一個小鼻子，看起來像是一隻海豹或海獅。背景是紅色的，給整幅畫帶來了鮮明的色彩對比。整體畫風溫馨，充滿童趣。
./dataset/IMG20211016222201.jpg,這幅畫是一幅水彩畫，畫在一本綁綵紙的畫冊上。畫中有一個人物，他雙手舉起，似乎在飛翔。人物的臉部表情平靜，雙眼閉合，頭部稍微傾向一邊。人物的身體被畫成一個透明的翅膀，翅膀的顏色是白色，並帶有藍色的陰影，表現出一種飄浮的感覺。人物的身體顏色是棕色和白色相間，看起來像是在空中飛翔。背景是藍色的，帶有細微的筆刷筆觸，表現出一種天空的感覺。右上角有一個新月，新月的顏色是黃色，與背景形成對比。整體畫面給人一種夢幻和超現實的感覺。
./dataset/20230706_192207.jpg,這張照片顯示了一個城市的街景，時間似乎是傍晚或黃昏。天空中有一些雲彩，被夕陽染成了橙色和黃色。照片的右側有一棵樹，樹葉在微風中搖曳。照片的下方可以看到一些建築物，建築物的外牆是淺色的，上面有一些招牌和廣告牌，招牌上有中文文字。建築物的窗戶已經關閉，燈光已經亮起。照片的左側有一個路燈，燈光已經亮起。照片的右側還可以看到一些行人在馬路上行走，馬路的對面有一些車輛停在馬路邊。照片的右側還可以看到一些建築物的招牌，招牌上有中文文字。照片的右側還可以看到一些建築物的招牌，招牌上有中文文字。照片的右側還可以看到一些建築物的招牌，招牌上有中文文字。照片的右側還可以看到一些建築物的招牌，招牌上有中文文字。照片的右側還可以看到一些建築物的招牌，招牌上有中文文字。照片的右側還可以看到一些建築物的招牌，招牌上有中文文字。照片的右側還可以看到一些建築物的招牌，招牌上有中文文字。照片的右側還可以看到一些建築物的招牌，招牌上有中文文字。照片的右側還可以看到一些建築物的招牌，招牌上有中文文字。照片的右側還可以看到一些建築物的招牌，招牌上有中文文字。照片的右側還可以看到一些建築物的招牌，招牌上有中文文字。照片的右側還可以看到一些建築物的招牌，招牌上有中文文字。照片的右側還可以看到一些建築物的招牌，招牌上有中文文字。照片的右側還可以看到一些建築物的招牌，招牌上有中文文字。照片的右側還可以看到一些建築物的招牌，招牌上有中文文字。照片的右側還可以看到一些建築物的招牌，招牌上有中文文字。照片的右側還可以看到一些建築物的招牌，招牌上有中文文字。照片的右側還可以看到一些建築物的招牌，招牌上有中文文字。照片的右側還可以看到一些建築物的招牌，招牌上有中文文字。照片的右側還可以看到一些建築物的招牌，招牌上有中文文字。照片的右側還可以看到一些建築物的招牌，招牌上有中文文字。照片的右側還可以看到一些建築物的招牌，招牌上有中文文字。照片的右側還可以看到一些建築物的招牌，招牌上有中文文字。照片的右側還可以看到一些建築物的招牌，招牌上有中文文字。照片的右側還可以看到一些建築物的招牌，招牌上有中文文字。照片的右側還可以看到一些建築物的招牌，招牌上有中文文字。照片的右側還可以看到一些建築物的招牌，招牌上有中文文字。照片的右側還可以看到一些建築物的招牌，招牌上有中文文字。照片的右側還可以看到一些建築物的招牌，招牌上有中文文字。照片的右側還可以看到一些建築物的招牌，招牌上有中文文字。照片的右側還可以看到一些建築物的招牌，招牌上有中文文字。照片的右側還可以看到一些建築物的招牌，招牌上有中文文字。照片的右側還可以看到一些建築物的招牌，招牌上有中文文字。照片的右側還可以看到一些建築物的招牌，招牌上有中文文字。照片的右側還可以看到一些建築物的招牌，招牌上有中文文字。照片的右側還可以看到一些建築物的招牌，招牌上有中文文字。照片的右側還可以看到一些建築物的招牌，招牌上有中文文字。照片的右側還可以看到一些建築物的招牌，招牌上有中文文字。照片的右側還可以看到一些建築物的招牌，招牌上有中文文字。照片的右側還可以看到一些建築物的招牌，招牌上有中文文字。照片的右側還可以看到一些建築物的招牌，招牌上有中文文字。照片的右側還可以看到一些建築物的招牌，招牌上有中文文字。照片的右側還可以看到一些建築物的招牌，招牌上有中文文字。照片的右側還可以看到一些建築物的招牌，招牌上有中文文字。照片的右側還可以看到一些建築物的招牌，招牌上有中文文字。照片的右側還可以看到一些建築物的招牌，招牌上有中文文字。照片的右側還可以看到一些建築物的招牌，招牌上有中文文字。照片的右側還可以看到一些建築物的招牌，招牌上有中文文字。照片的右側還可以看到一些建築物的招牌，招牌上有中文文字。照片的右側還可以看到一些建築物的招牌，招牌上有中文文字。照片的右側還可以看到一些建築物
./dataset/received_1410196049080655.jpeg,這張照片中，一個人正在用筷子吃一盤炒麵。炒麵中可以看到有肉絲、蔬菜和一些調味料。這個人穿着深色的短袖T恤，坐在一張木桌旁，面前的盤子裡裝滿了炒麵。在照片的背景中，可以看到其他幾個人，他們似乎也在用餐。照片的右側還有一個白色的碗，碗裡裝著湯。背景的牆壁上掛有一些裝飾品。
./dataset/20240608_144310.jpg,這張照片中，一個人站在室內，背景是白色的牆壁和一扇門。他穿着一件橄欖綠色的T恤，T恤的下襬部分有幾個小洞。他用右手舉著一部手機，似乎在自拍。牆壁上掛著幾面小旗子，旗子上印有聖誕樹的圖案。門的右側有一個銀色的裝飾物，形狀像是一隻動物。照片的右側有一塊玻璃，反射出一些物品。
./dataset/IMG_20181231_201755_326.jpg,這張照片中，有一碗放在白色盤子上的濃湯，湯勺插在湯裡。湯的顏色是黃色的，表面有綠色的香草裝飾。在碗的右側，有一個黑色的杯子放在一個紅白相間的杯墊上。在碗的右側，還有一張印有“TGI FRIDAYS”字樣的白色餐巾紙。照片的底部有一個藍色的字幕，上面寫著“開吃囉”，並附有兩個開心的臉部表情圖案。背景是一個木質的桌面。
./dataset/IMG_20210718_075423_213.jpg,這張照片中，一個人從後方看去，正走在一條小徑上。他穿着黑色的短袖上衣和深色的長褲，頭髮是黑色的，背後還掛著一件外套。小徑兩旁是茂密的樹木和竹子，樹葉茂盛，綠意盎然。小徑旁邊有一根高高的燈柱，燈柱下方有一塊木頭。地上散落著一些枯葉，顯示出這是個自然環境。遠處可以看到一些建築物，表明這條小徑可能靠近一個城市區域。天空晴朗，陽光從樹葉間透下來，給整個場景帶來了明亮的感覺。
./dataset/1527003267893.jpg,這張照片中有四個人站在樹林中。他們都穿着畢業袍，其中三個人的畢業袍上繡有不同顏色的領巾，分別是藍色、橙色和藍色。他們站在樹幹之間，背景是茂密的樹林，樹枝相互交錯。地上鋪滿了樹葉和泥土，陽光從樹葉間透下來，形成斑斕的光影效果。四個人站成一排，面朝前方，表情自然。
./dataset/20230706_194851.jpg,這張照片顯示了一個商場的入口。照片中可以看到商場的招牌，上面有中文和英文的標誌。招牌上寫著「KUF」和「大潤發」等字樣，顯示這是一個購物中心。招牌的顏色主要是黃色和綠色，並有許多LED燈光裝飾。照片的右側有一個監控攝像頭，顯示出商場內部的景象。商場內部有許多商店和人行道，人行道上有幾個人在行走。照片的左側有一個黑色的柱子，柱子上有一些顯示屏，顯示屏上有紅色和綠色的字樣。照片的右側還有一個顯示屏，顯示屏上有紅色和綠色的字樣。照片的右側還有一個顯示屏，顯示屏上有紅色和綠色的字樣。照片的右側還有一個顯示屏，顯示屏上有紅色和綠色的字樣。照片的右側還有一個顯示屏，顯示屏上有紅色和綠色的字樣。照片的右側還有一個顯示屏，顯示屏上有紅色和綠色的字樣。照片的右側還有一個顯示屏，顯示屏上有紅色和綠色的字樣。照片的右側還有一個顯示屏，顯示屏上有紅色和綠色的字樣。照片的右側還有一個顯示屏，顯示屏上有紅色和綠色的字樣。照片的右側還有一個顯示屏，顯示屏上有紅色和綠色的字樣。照片的右側還有一個顯示屏，顯示屏上有紅色和綠色的字樣。照片的右側還有一個顯示屏，顯示屏上有紅色和綠色的字樣。照片的右側還有一個顯示屏，顯示屏上有紅色和綠色的字樣。照片的右側還有一個顯示屏，顯示屏上有紅色和綠色的字樣。照片的右側還有一個顯示屏，顯示屏上有紅色和綠色的字樣。照片的右側還有一個顯示屏，顯示屏上有紅色和綠色的字樣。照片的右側還有一個顯示屏，顯示屏上有紅色和綠色的字樣。照片的右側還有一個顯示屏，顯示屏上有紅色和綠色的字樣。照片的右側還有一個顯示屏，顯示屏上有紅色和綠色的字樣。照片的右側還有一個顯示屏，顯示屏上有紅色和綠色的字樣。照片的右側還有一個顯示屏，顯示屏上有紅色和綠色的字樣。照片的右側還有一個顯示屏，顯示屏上有紅色和綠色的字樣。照片的右側還有一個顯示屏，顯示屏上有紅色和綠色的字樣。照片的右側還有一個顯示屏，顯示屏上有紅色和綠色的字樣。照片的右側還有一個顯示屏，顯示屏上有紅色和綠色的字樣。照片的右側還有一個顯示屏，顯示屏上有紅色和綠色的字樣。照片的右側還有一個顯示屏，顯示屏上有紅色和綠色的字樣。照片的右側還有一個顯示屏，顯示屏上有紅色和綠色的字樣。照片的右側還有一個顯示屏，顯示屏上有紅色和綠色的字樣。照片的右側還有一個顯示屏，顯示屏上有紅色和綠色的字樣。照片的右側還有一個顯示屏，顯示屏上有紅色和綠色的字樣。照片的右側還有一個顯示屏，顯示屏上有紅色和綠色的字樣。照片的右側還有一個顯示屏，顯示屏上有紅色和綠色的字樣。照片的右側還有一個顯示屏，顯示屏上有紅色和綠色的字樣。照片的右側還有一個顯示屏，顯示屏上有紅色和綠色的字樣。照片的右側還有一個顯示屏，顯示屏上有紅色和綠色的字樣。照片的右側還有一個顯示屏，顯示屏上有紅色和綠色的字樣。照片的右側還有一個顯示屏，顯示屏上有紅色和綠色的字樣。照片的右側還有一個顯示屏，顯示屏上有紅色和綠色的字樣。照片的右側還有一個顯示屏，顯示屏上有紅色和綠色的字樣
./dataset/20230916_115433.jpg,這張照片展示了一片廣闊的山景。天空湛藍，雲朵稀疏，散佈在天空中。山丘層疊，綠意盎然，植被茂盛。前景中可以看到一些建築物的屋頂，屋頂上鋪有綠色的瓦片。屋頂旁邊有一個藍色的桶，可能是用來儲存水或其他物品的。照片的右側還有一棵樹，樹葉茂密。照片的左側有一根電線杆，電線橫跨在空中。整體來說，這張照片呈現出一種寧靜而自然的氛圍。
./dataset/IMG_20171205_160909_665.jpg,這張照片顯示了一隻手臂，手臂上貼著一塊白色的創可貼。創可貼的下方有一塊白色的棉花。照片的背景是一個木質的桌面。照片的右下角有三個笑臉的表情符號，並附有文字「天阿～～終於終於體檢完完了」。
./dataset/IMG20220315163539.jpg,這張照片展示了一片海景，遠處是廣闊的海洋，海面波光粼粼。天空中有一些薄雲，天空的顏色從藍色漸變到白色，顯示出清晨或傍晚的時刻。前景中有一個鐵製的護欄，護欄後方是茂密的綠色植被，包括一些樹木和草叢。護欄的右側有一些樹枝，樹枝上沒有葉子，可能是冬季或早春的景象。護欄的顏色是灰白色，與周圍的自然景觀形成對比。整體來說，這張照片呈現了一種寧靜而美麗的自然風景。
./dataset/IMG_20210611_021241_419.jpg,這張照片中，一個人側身站立，背對著攝影機，頭髮是短髮，臉上有一些痘痘。他穿著一件淺色的T恤，肩上掛著一個背包。背景是藍天和綠色的山林，還有一塊標誌牌，上面有中文文字。標誌牌的右側有一個樹枝，樹枝上長滿了綠葉。照片的右上角有一朵雲。
./dataset/IMG_20200509_013119_861.jpg,這張照片中，一個人側身站在森林裡，背對著攝影機。他有黑色的短髮，頭髮稍微有些凌亂。他穿著一件藍色的上衣，肩上背著一個黑色的背包。背景是模糊的樹林，樹木的樹幹和葉子在光線的照射下形成了斑斕的光斑效果。整體感覺非常自然和寧靜。
./dataset/10646789_632080166891809_4918656064491453108_n(1)(1).jpg,這張照片顯示了一間教室的場景。教室內有幾個孩子坐在長桌旁，他們似乎正在進行一項活動。每個孩子前面都有一支彩色的筆。教室的牆壁上有一塊黑板，黑板上寫著一些字。教室的窗戶旁邊有一張桌子，上面蓋著一塊有條紋的布。地板是灰色的，牆壁是白色的。孩子們看起來很專注，似乎在聽講師講話或進行某項任務。
./dataset/IMG20220317130724.jpg,這張照片展示了一個室內空間，建築物採用大量的玻璃窗，透過玻璃窗可以看到外面的藍天和綠樹。建築物的外牆是深色的石材，內部空間寬敞，地面鋪有光滑的大理石地板。空間內懸掛著幾隻大型的海洋生物模型，包括一隻巨大的鯨魚模型和一隻巨大的甲殼類動物模型。這些模型懸掛在空間的中央，吸引著人們的注意。空間內還有一些遊客，他們似乎在觀看這些模型或等待進入建築物。建築物的入口處有一些標誌和告示牌，顯示了建築物的相關資訊。建築物的內部裝修現代，採用了大量的玻璃和石材，給人一種寬敞明亮的感覺。
./dataset/1562820332247.jpg,這張照片中有兩個人站在一個大型的充氣玩具旁邊。這個玩具是綠色的，形狀像一個大大的方塊，上面有一個大大的圓形窗口，窗口內有一個簡單的卡通臉，臉上帶有微笑的表情。玩具的側面有一些黑色的點點和幾塊彩色的裝飾。背景中可以看到一些商店的標誌和裝飾，顯示出這是在一個室內的購物中心或展覽場地。兩個人看起來是在拍照，其中一個人站在玩具的一側，另一個人則坐在玩具的底部。
./dataset/IMG20220317130730.jpg,這張照片展示了一個室內空間，建築採用現代設計，玻璃牆和鋼架構成的建築結構，使得自然光可以充分進入。建築內部有一個大型的玻璃天窗，可以看到外面的天空和部分建築物。建築內部的裝飾包括懸掛在空中的大型海洋生物模型，如鯨魚和鯊魚，這些模型被懸掛在建築內部的鋼架上，形成了一個引人注目的裝飾。建築內部的地面上鋪有光滑的大理石地板，反射出室內的燈光和建築內部的裝飾。建築內部還有一些展覽板和展示架，上面擺放著一些物品，可能是與海洋生物相關的展品。建築內部還有一些人在走動，他們似乎在參觀這個空間。建築的外牆是深色的，與室內的亮色形成對比。建築內部的設計和裝飾顯示出這是一個現代的博物館或展覽館。
./dataset/IMG20220309123105.jpg,這張照片展示了一個現代化的公園景觀。前景中有一個清澈的水池，水池邊緣設有白色石柱和欄杆。水池旁邊有一棵樹，樹葉已經落光，顯示出冬季或早春的季節。背景中可以看到一些建築物，包括一棟高樓和一棟白色建築，建築上有一些中文標誌。遠處還可以看到幾棟高樓，天空晴朗，藍天中有一朵雲。整體環境看起來非常乾淨和整潔。
./dataset/IMG20220314195637.jpg,這張照片展示了一個夜市的場景。照片中可以看到多個攤位，攤位上掛有各種標語和廣告牌，上面寫有中文。攤位的燈光亮起，營造出熱鬧的夜市氛圍。照片中還可以看到許多行人，他們大多數都戴著口罩，似乎是在夜市中閒逛或購物。背景中有一個大型的綠色霓虹燈招牌，上面寫有「東大門自強夜市」，顯示出這是一個位於東大門地區的夜市。夜市的地面鋪有方磚，整體環境看起來相當整潔。
./dataset/IMG20220404161339.jpg,這張照片中有五個人，背景是戶外的綠色植物。照片中有兩位成年人和三位兒童。成年人站在後方，兒童站在前方。成年人中，一位穿著格子襯衫，另一位穿著紅白條紋上衣。兒童中，最前面的兒童穿著白色上衣，後面的兩個兒童穿著淺色上衣。照片的邊框有裝飾，看起來像是相框的一部分。照片的顏色有些模糊，可能是年代較久的相片。
./dataset/10325544_632069626892863_5870025551895312347_n(1)(1).jpg,這張照片中，有八位年輕人站成一排，似乎在進行某種活動或討論。他們站在一個教室或會議室裡，牆壁上掛有紅色的標誌和一些裝飾。每個人都在交流，其中一些人手中拿着紙張，可能是在進行分組討論或遊戲。他們的姿態和表情看起來很活躍，似乎在積極參與活動。
./dataset/20230708_174002.jpg,這張照片展示了一條城市街道的景象。照片中可以看到幾棵高大的樹木，樹冠茂盛，枝葉繁茂，樹幹粗壯。樹木旁邊停有幾輛汽車，車輛停在馬路邊，車牌清晰可辨。背景中可以看到一些建築物，建築物的外牆顏色為粉紅色，建築物上有一些招牌，招牌上的文字是中文。天空晴朗，藍天無雲，陽光充足，整個場景顯得非常明亮。街道兩側的樹木和建築物之間的空間比較寬敞，給人一種舒適的感覺。
./dataset/IMG_20180104_184210_174.jpg,這張圖片的背景是黑色的，上面有白色的文字。文字內容是「Fucking day and fucking comment」，文字的排列方式是從左上角開始，逐行向下，直到右下角。文字的大小和風格都是一樣的，沒有任何圖案或圖像。
./dataset/IMG20220314194930.jpg,這張照片顯示了一個夜晚的場景，照片的中心是一個建築物，建築物的頂部有綠色的燈光裝飾，建築物的正面有中文標語。建築物的前面有一個紅色的帳篷，帳篷下有一些人在活動。建築物的前面還有一個紅色的交通燈，顯示紅燈。建築物的兩側有一些樹木和燈光。照片的前景有一輛黑色的車輛駛過，車輛的前燈亮著。照片的右側還有一輛黃色的車輛。照片的左側有一些樹木和一些建築物。照片的右側還有一個紅色的標語牌，上面有中文標語。照片的右側還有一個紅色的標語牌，上面有中文標語。照片的右側還有一個紅色的標語牌，上面有中文標語。照片的右側還有一個紅色的標語牌，上面有中文標語。照片的右側還有一個紅色的標語牌，上面有中文標語。照片的右側還有一個紅色的標語牌，上面有中文標語。照片的右側還有一個紅色的標語牌，上面有中文標語。照片的右側還有一個紅色的標語牌，上面有中文標語。照片的右側還有一個紅色的標語牌，上面有中文標語。照片的右側還有一個紅色的標語牌，上面有中文標語。照片的右側還有一個紅色的標語牌，上面有中文標語。照片的右側還有一個紅色的標語牌，上面有中文標語。照片的右側還有一個紅色的標語牌，上面有中文標語。照片的右側還有一個紅色的標語牌，上面有中文標語。照片的右側還有一個紅色的標語牌，上面有中文標語。照片的右側還有一個紅色的標語牌，上面有中文標語。照片的右側還有一個紅色的標語牌，上面有中文標語。照片的右側還有一個紅色的標語牌，上面有中文標語。照片的右側還有一個紅色的標語牌，上面有中文標語。照片的右側還有一個紅色的標語牌，上面有中文標語。照片的右側還有一個紅色的標語牌，上面有中文標語。照片的右側還有一個紅色的標語牌，上面有中文標語。照片的右側還有一個紅色的標語牌，上面有中文標語。照片的右側還有一個紅色的標語牌，上面有中文標語。照片的右側還有一個紅色的標語牌，上面有中文標語。照片的右側還有一個紅色的標語牌，上面有中文標語。照片的右側還有一個紅色的標語牌，上面有中文標語。照片的右側還有一個紅色的標語牌，上面有中文標語。照片的右側還有一個紅色的標語牌，上面有中文標語。照片的右側還有一個紅色的標語牌，上面有中文標語。照片的右側還有一個紅色的標語牌，上面有中文標語。照片的右側還有一個紅色的標語牌，上面有中文標語。照片的右側還有一個紅色的標語牌，上面有中文標語。照片的右側還有一個紅色的標語牌，上面有中文標語。照片的右側還有一個紅色的標語牌，上面有中文標語。照片的右側還有一個紅色的標語牌，上面有中文標語。照片的右側還有一個紅色的標語牌，上面有中文標語。照片的右側還有一個紅色的標語牌，上面有中文標語。照片的右側還有一個紅色的標語牌，上面有中文標語。照片的右側還有一個紅色的標語牌，上面有中文標語。照片的右側還有一個紅色的標語牌，上面有中文標語。照片的右側還有一個紅色的標語牌，上面有中文標語。照片的右側還有一個紅色的標語牌，上面有中文標語。照片的
./dataset/IMG20220619180837.jpg,"這張照片是在健身房拍攝的。照片中有一名男子，他戴着一頂藍色的棒球帽，帽子上寫有「KHOI LIN」的字樣。他穿着一件黑色的短袖T恤和一條黑色的短褲，褲子上有紅色的條紋。他的腳上穿着一雙白色的運動鞋。他正在用一部手機自拍，手機是棕色的。

照片的背景中可以看到健身房的設備，包括一個紅色的舉重架，上面掛著不同重量的砝碼。此外，還有一個跑步機和一個仰臥起坐的器材。在照片的右側，還有一名男子正在使用一個仰臥起坐的器材，他穿着灰色的短袖T恤和黑色的短褲，腳上也穿着運動鞋。健身房的地板是灰色的，牆壁上有一些設備和標誌。"
./dataset/line_1530350378740.jpg,"這張照片顯示了一個日式料理的場景。照片的上半部分是一個標有「しゃぶしゃぶブッフェ」字樣的餐盒，標籤上還有「おやさいたっぷり」的字樣，意為「蔬菜豐盛」。餐盒的右下角有「SYABU-YO」的標誌，這是一個專門提供涮涮鍋的餐廳品牌。

照片的下半部分可以看到一塊被筷子夾起的生肉，這塊肉看起來像是豬肉，表面鮮紅，可能是涮涮鍋的食材之一。在肉的下方，有一個鍋子，鍋內的湯汁顏色較深，可能是用來涮肉的湯底。鍋子的邊緣可以看到一些蔬菜，可能是用來搭配涮涮鍋的配菜。"
./dataset/10314659_632081356891690_5545299341330374046_n(1)(1).jpg,這張照片中，一個小男孩站在室內，地上鋪有花紋地磚。他穿着一件格子襯衫和一件灰色的外套，外套上寫有“SCHOOL SPACES”等字樣。小男孩的腳上穿著黑色的拖鞋。他正在玩氣球，手中握著一個藍色的氣球和一個黃色的氣球，藍色的氣球被塑造成一個圓形，黃色的氣球則被塑造成一個圓柱形。背景中可以看到一扇玻璃門和一扇木門。
./dataset/IMG20220312134607.jpg,這張照片展示了一條寬闊的道路，道路兩側有綠色的植被。道路的右側有一輛停在路邊的機車，機車旁邊有一名穿著橙色安全背心的工人。道路前方有一個紅色的交通燈，顯示紅燈。道路的遠方可以看到一些山丘，天空晴朗，有幾朵雲。道路兩側的電線杆上掛有電線。道路的標誌和標線清晰可見。
./dataset/11032011_632052403561252_8441565714153002003_n(1)(1).jpg,這張照片中，有兩個人在室內的場地上。地上鋪有一塊藍白條紋的防水布。前景中，一個人穿着黑色上衣和褲子，頭部朝下躺在防水布上，似乎在進行某種訓練或活動。這個人的雙手放在防水布上，身體部分被一塊深色的布料覆蓋。背景中，有幾個人站在防水布的邊緣，他們似乎在觀看或參與這個活動。牆壁是白色的，地面上有幾塊散落的物品。
./dataset/IMG20220530173137.jpg,"這是一張臺灣合作金庫銀行的存摺。存摺的背景顏色為黃色，邊框為綠色和金色。上面有以下信息：

- 銀行名稱：臺灣合作金庫銀行
- SWIFT代碼：TACBTWTPXXX
- TEL：(02)29461266
- 分行別：0720872164696
- 本行總機構代號：006
- 戶名：呂俊廷 先生
- 帳號：04864668"
./dataset/IMG20220619180604.jpg,這張照片是在健身房拍攝的。照片中有兩個人，前景中的人穿着黑色短袖T恤和黑色短褲，頭戴一頂深色的棒球帽，正在用手機自拍。背景中，另一個人正躺在健身器材上，雙手握著重物，似乎在進行鍛煉。健身房內有各種健身器材，包括杠鈴和重量盤，牆壁上還掛有一些設備。地上散落著幾個重物。
./dataset/IMG_20180810_165657_770.jpg,這張照片展示了一條河流，河流兩側是綠色的草地和樹木。河岸邊有一條石砌的小路，小路上有幾個人在行走。遠處可以看到一些建築物，包括一棟高樓和一些低層建築。天空是藍色的，有一些雲朵。照片的前景有一個黑色的欄杆，可能是橋樑的一部分。照片的右側還可以看到幾把紅色的遮陽傘。
./dataset/20240208_234531.jpg,這張圖片展示了一本書的封面，書名為《隱藏的圖片》（Hidden Pictures），作者為傑森·瑞庫拉克（Jason Rekulak）。書的封面上有一幅手繪插圖，圖中有一個小孩和一棟房子。小孩的臉部被畫成黑色，房子則是紅色的。書的封面上還有一些中文文字，描述了這本書的內容和評價。書的右側有標籤，顯示這是第3層樓的第4個書架。
./dataset/20240213_122945.jpg,這張照片展示了一條狹窄的巷道，兩側是多層樓的建築物。建築物的外牆顏色為淺黃色，窗戶和陽台的門窗為深色。建築物之間有一條鋪設磚塊的小路，兩側種植了綠色植物和樹木，提供了綠色的景觀。天空晴朗，呈藍色，沒有雲彩。建築物的陽台上有幾戶人家的晾衣架，掛著衣物。整體環境看起來比較乾淨和整齊。
./dataset/IMG_20180731_124026_055.jpg,這張圖片顯示了一個紅色的背景，上面有一個銀色的標籤。標籤上寫著「Let's TASTY」，下面還有一行小字「Let's Enjoy」。圖片下方有兩個表情符號，一個是開心的臉，另一個是開心的臉帶着眼淚。此外，還有一行中文文字「又來啦」，並附有兩個開心的臉表情符號。
./dataset/line_1525513633204.jpg,這張圖片展示了一個室內健身房的內部。健身房的地板鋪有黑白相間的方磚，牆壁是白色的，天花板上裝有幾盞燈。健身房內有多種健身器材，包括杠鈴、槓片、健身椅和力量訓練機器。牆邊還有一些窗戶，窗戶外面可以看到一些建築物。健身房內的設備看起來比較陳舊，部分設備上有明顯的使用痕跡。
./dataset/20231024_132638.jpg,這張照片展示了一片藍天，天空中散佈著一些蓬鬆的雲朵。地平線附近可以看到一些建築物，建築物的外觀現代，有玻璃幕牆和鋼筋混凝土結構。建築物的顏色以白色和藍色為主，建築物之間有一些綠色的樹木。建築物的設計風格現代，可能是商業或辦公樓。整體來說，這張照片呈現了一個晴朗的天氣，建築物和綠樹相間，環境看起來很現代和整潔。
./dataset/IMG20220820215637.jpg,這張照片展示了一座大型的中國傳統建築，建築採用典型的漢式建築風格，屋頂有精美的屋檐和屋脊，屋頂上點綴著金色的裝飾。建築被燈光照亮，呈現出金黃色的光芒，建築前方有一片廣闊的空地，空地上有許多遊客在活動。建築後方可以看到一些現代建築，建築兩側有樹木和綠化帶。整體環境在夜晚显得非常壯觀。
./dataset/1562820438929.jpg,這張照片中有三個人站在一個大型的充氣裝置前。這個裝置是綠色的，上面有一個大大的方形窗口，窗口內有一個簡單的微笑圖案。裝置的側面寫著“BMO'S WORLD”，並有一個小的機器人形象。照片中的人們看起來是在一個室內場所，背景中可以看到一些標誌和指示牌，顯示這可能是一個購物中心或展覽館。照片的右側還有一個標有“BMO'S WORLD”的展台，上面有類似機器人的圖案。照片中的人們看起來是在拍照留念。
./dataset/IMG20220316220328.jpg,這是一本書的內頁，書頁是白色的，上面印有繁體中文的字體。字體大小不一，有些字體較大，有些較小。文字內容看起來像是小說或故事的一部分，內容涉及對話和描述。頁邊有一個手指的影子，手指似乎在翻動書頁。書的頁邊有折痕，顯示書已經被翻閱過。書的頁數和頁碼無法從這張照片中辨識。
./dataset/IMG20220226132643.jpg,這是一幅用鉛筆繪製的肖像畫，畫中人物側面朝向畫面的右側。人物的頭髮是黑色的，梳成一側的辮子，耳垂清晰可見。畫面表現了人物的側臉，臉部表情平靜，眼神看向畫面的右側。畫面的背景是白色的，畫作的邊緣可以看到螺旋綁的線圈。整體風格簡潔，注重細節表現，人物的輪廓和髮絲的細節都表現得非常細膩。
./dataset/IMG20220317115016.jpg,這張照片展示了一間位於建築物一樓的婚紗工作室。建築物外牆為深色磚牆，門口上方掛有標誌，寫有「JM WEDDING STUDIO」。門口前有幾棵綠色植物，種植在白色花盆中，門口處還停有一輛藍色的機車。建築物的門口上方有一塊廣告牌，上面有婚紗照片和相關文字。建築物的門口處有一個透明的遮陽棚，門口處的地面鋪有水泥，並有標誌性的白色邊緣。建築物的牆壁上還有一個圓形的裝飾，寫有「HAPPINE」。建築物的門口處還有一塊小招牌，上面寫有「幸福如此簡單」。
./dataset/20240509_213732.jpg,這張照片中，一個人站在室內，背景是灰色的牆面和一扇門。他穿着白色上衣和卡其色短褲，雙手舉起一部手機，似乎在自拍。手機的背面有三個攝像頭。照片的右側有一部分綠色的布料，可能是衣服的一部分。照片的左側有一道光線照射過來，使得牆面和人物的影子在牆面上投射出來。
./dataset/IMG20220304140852.jpg,這張照片展示了一條筆直的鄉間道路。道路兩側是乾燥的草地和樹木，樹木看起來比較稀疏。道路兩側有電線杆和電線，電線杆之間的距離相等。道路的邊緣有一條排水溝，溝內有排水口。道路的兩側沒有建築物，遠處可以看到一些樹木和建築物的遠景。天空是藍色的，有幾朵雲。道路的標誌和標線清晰，顯示出良好的維護狀態。
./dataset/1552911506180.jpg,這張照片展示了一座現代城市的夜景。照片中有一座高聳的摩天大樓，建築外牆上布滿了許多發光的窗戶，顯示出建築內部的照明情況。大樓的頂部有一個大型的電子顯示屏，顯示著一些文字。在大樓的前面，有一個大型的建築物，建築物的外牆上裝飾著許多燈光，呈現出黃色的光線。建築物的頂部有一個突出的建築結構，看起來像是一個平台或觀景台。在建築物的前面，有一排綠色的植物，種植在白色的花盆裡。照片的左側有一個建築物的一部分，建築物的外牆上有一些廣告牌，顯示著一些文字和圖像。照片的左上角有一個明亮的燈光，可能是街燈或建築物的照明。照片的右側有一個建築物的一部分，建築物的外牆上裝飾著許多燈光，呈現出黃色的光線。照片的右上角有一個大型的建築物，建築物的外牆上裝飾著許多燈光，呈現出黃色的光線。照片的右下角有一個建築物的一部分，建築物的外牆上裝飾著許多燈光，呈現出黃色的光線。照片的右下角有一個建築物的一部分，建築物的外牆上裝飾著許多燈光，呈現出黃色的光線。照片的右下角有一個建築物的一部分，建築物的外牆上裝飾著許多燈光，呈現出黃色的光線。照片的右下角有一個建築物的一部分，建築物的外牆上裝飾著許多燈光，呈現出黃色的光線。照片的右下角有一個建築物的一部分，建築物的外牆上裝飾著許多燈光，呈現出黃色的光線。照片的右下角有一個建築物的一部分，建築物的外牆上裝飾著許多燈光，呈現出黃色的光線。照片的右下角有一個建築物的一部分，建築物的外牆上裝飾著許多燈光，呈現出黃色的光線。照片的右下角有一個建築物的一部分，建築物的外牆上裝飾著許多燈光，呈現出黃色的光線。照片的右下角有一個建築物的一部分，建築物的外牆上裝飾著許多燈光，呈現出黃色的光線。照片的右下角有一個建築物的一部分，建築物的外牆上裝飾著許多燈光，呈現出黃色的光線。照片的右下角有一個建築物的一部分，建築物的外牆上裝飾著許多燈光，呈現出黃色的光線。照片的右下角有一個建築物的一部分，建築物的外牆上裝飾著許多燈光，呈現出黃色的光線。照片的右下角有一個建築物的一部分，建築物的外牆上裝飾著許多燈光，呈現出黃色的光線。照片的右下角有一個建築物的一部分，建築物的外牆上裝飾著許多燈光，呈現出黃色的光線。照片的右下角有一個建築物的一部分，建築物的外牆上裝飾著許多燈光，呈現出黃色的光線。照片的右下角有一個建築物的一部分，建築物的外牆上裝飾著許多燈光，呈現出黃色的光線。照片的右下角有一個建築物的一部分，建築物的外牆上裝飾著許多燈光，呈現出黃色的光線。照片的右下角有一個建築物的一部分，建築物的外牆上裝飾著許多燈光，呈現出黃色的光線。照片的右下角有一個建築物的一部分，建築物的外牆上裝飾著許多燈光，呈現出黃色的光線。照片的右下角有一個建築物的一部分，建築物的外牆上裝飾著許多燈光，呈現出黃色的光線。照片的右下角有一個建築物的一部分，建築物的外牆上裝飾著許多燈光，呈現出黃色的光線。照片的右下角有一個建築物的一部分，建築物的外牆上裝飾著許多燈光，呈現出黃色的光線。照片的右下角有一個建築物的一部分，建築物的外牆上裝飾著許多燈光，呈現出黃色的光線。照片的右下角有一個建築物的一部分，
./dataset/IMG20220108135526.jpg,這張圖片展示了一段文字，背景是漸變的粉紅色，文字是白色。文字內容是中文，描述了一個關於現代社會中人與人之間關係的思考。文字提到在多元且快速變化時代，人與人之間的關係變得越來越模糊，不再僅僅依靠過去的經驗來定義關係。文字還提到在這個充滿變異的環境中，人們需要找到屬於自己的清醒。文字的右側有一個白色的線條圖案，圖案的細節不清晰。
./dataset/20230715_191009.jpg,這張照片中，有一塊放在木製托盤上的吐司，上面鋪有幾片吐司片，中央有一個圓形的蛋黃。吐司片被切成小塊，排列成方塊狀。托盤上還有一張紙，紙上寫有中文文字，並附有印章。托盤放在大理石桌面上，桌面上還有一個白色的碗和一雙筷子。背景中可以看到一些模糊的餐具和鍋具。
./dataset/IMG_20201128_012309_276.jpg,這張照片中，有兩個人站在一個木製欄杆旁邊，背景是茂密的樹木和遠處的山脈。一個人穿着白色T恤，正在用相機拍照，另一个人背對著，似乎在觀賞景觀。樹枝在前景中延伸，部分遮擋了視野。天空晴朗，陽光充足，整個場景看起來非常清新和自然。
./dataset/IMG20220627144332.jpg,"這張圖片展示了一張關於手機報稅的海報。海報的背景顏色為黃色，上面有許多圖案和文字，主要內容如下：

1. 海報的左上角有一個手機的圖案，手機屏幕上顯示著稅務相關的資訊，並標註有「TAX」和「$」的圖案。
2. 海報的右上角有一個紅色的圓形標籤，標籤上寫著「2.0」。
3. 海報的中央部分有許多小圖案和文字，這些圖案和文字描述了手機報稅的步驟和相關資訊。
4. 海報的左側有一個黑色的方框，方框內有白色的文字，內容為「使用前請先確認」。
5. 海報的右側有一個黑色的方框，方框內有白色的文字，內容為「認證三招自由選」。
6. 海報的底部有一個橙色的長條形區域，上面有白色的文字，內容為「轉帳退稅最便利行動支付最速Pay」。
7. 海報的左下角有一個小方框，方框內有白色的文字，內容為「資料來源：財政部FB」。
8. 海報的右下角有一個小方框，方框內有白色的文字，內容為「財政部北區國稅局中和稽徵所 廣告」。

整體來說，這張海報主要介紹了如何使用手機進行報稅，並且提供了相關的步驟和資訊。"
./dataset/received_947869308647186(1)(1).jpeg,這張圖片展示了一個美麗的戶外景觀。前景中有一棵樹木，樹幹筆直，樹冠茂盛，樹葉呈綠色。樹的後方有一片開闊的綠地，種植著各種植物和花卉。綠地上有幾棵樹，樹葉茂盛，樹幹粗壯。遠處可以看到一些建築物，建築物後方是藍天和一些雲朵。整體環境非常寧靜，陽光充足，景色宜人。
./dataset/IMG20220220162846.jpg,這張照片展示了一個室內展覽場景。場景中有多個大型屏幕，屏幕上顯示著一幅幅繪畫作品。這些畫作似乎是印象派風格的街景畫，畫面中可以看到建築、燈籠和一些人物。場館內的燈光較暗，只有屏幕發出的光亮。在畫作前，有幾組觀眾坐在地上，他們似乎在觀看和欣賞這些畫作。有些觀眾正在拍照或記錄畫作的細節。場館的建築結構可以看出是鋼筋混凝土結構，天花板上有裸露的鋼筋。
./dataset/FB_IMG_1485272689525(1)(1).jpg,這張圖片展示了一片綠意盎然的自然景觀。前景中有一棵樹，樹幹粗壯，樹皮呈灰褐色，樹枝上長滿了綠色的葉子。樹的旁邊是一片草地，草地上的草葉翠綠，長勢茂盛。背景中可以看到許多高大的棕櫚樹，樹幹筆直，葉子呈扇形，排列在樹頂。這些棕櫚樹在風中輕輕搖曳，給人一種寧靜而祥和的感覺。天空晴朗，陽光從樹梢間透射下來，形成斑斕的光影效果。整體來說，這張圖片呈現出一種自然、寧靜的氛圍。
./dataset/20230124_143157.jpg,這張照片展示了一間室內餐廳的內部。餐廳的裝潢風格現代，天花板上掛有燈飾，牆壁上裝飾有植物和圖案。餐廳內有幾張桌子，每張桌子配有多張椅子，椅子的顏色有紅色、綠色和紫色。餐廳的地板鋪有大面積的地毯，地毯上有抽象的圖案。餐廳的內部空間較大，有多層樓，可以看到樓梯和樓梯旁的欄杆。餐廳內還有一些大型的仿真植物裝飾。
./dataset/FB_IMG_1485272736946(1)(1).jpg,這張圖片展示了一片樹木茂盛的地區。天空中有一些雲彩，顏色較暗，可能是傍晚時分。前景中有一些高大的松樹，樹頂在天空中顯得非常突出。樹林後方可以看到一些建築物，可能是小屋或農舍，建築物的顏色較暗，與周圍環境融合在一起。整體感覺比較幽靜，可能是在一個鄉村或山區。
./dataset/1526815310038.jpg,這張照片展示了一個公園的場景。照片中有幾棵樹，樹葉茂盛，樹上開滿了紅色的花朵。樹下有幾個人在活動，他們似乎在野餐或露營。地上鋪有野餐布，有人在搭建帳篷。背景中可以看到停車場，停有幾輛車。照片的右側有一個籬笆，籬笆外邊是公園的路徑。天空晴朗，陽光明媚。
./dataset/1552911510286.jpg,這張照片展示了一座高聳的摩天大樓，建築外觀為玻璃幕牆，反射出天空的藍色。大樓的頂部有兩個圓形的裝飾，可能是建築設計的一部分。大樓的結構非常現代，顯示出其在城市中的重要地位。背景是漸變的天空，從藍色到黃色，顯示出可能是日落時分。
./dataset/20231202_165427.jpg,這張照片展示了一條街道的景象。照片的左側有一棟建築，建築外牆顏色為黃色和綠色，建築上有許多窗戶和陽臺。建築的陽臺上掛有一些植物。建築的右側有一棵樹，樹葉茂盛，顏色為綠色。樹的後方有一根電杆，電杆上掛有許多電線。電杆的後方有一個燈柱，燈柱上掛有一個燈。照片的背景是天空，天空中有一些雲彩，雲彩被夕陽染成了粉紅色和黃色。夕陽從照片的右側照射過來，給整個場景帶來了溫暖的光線。
./dataset/DSC_0001(1)(1).JPG,這張照片顯示了一個城市的景象。天空中布滿了層層雲層，陽光從雲層間透出，形成了一道光束。照片的右側有一輛停在路邊的機車，機車的後視鏡清晰可見。照片的中間部分有一棟建築，建築的外觀是現代風格，建築的頂部有一些突出的尖頂。建築的前面有一塊綠色的招牌，但無法辨識上面的文字。建築的後方還有一些其他的建築物，建築的顏色主要是灰色和白色。建築的後方還有一片綠地，綠地上有一些雜草和雜物。照片的右側有一塊標有數字的標牌，標牌上的數字是「62」。照片的左側是天空，天空中的雲層層層疊疊，陽光從雲層間透出，形成了一道光束。
./dataset/IMG20220311155541.jpg,這張照片展示了一個公園的場景。照片中可以看到一片綠色的草地，草地邊緣種植了許多修剪成圓形的樹木。在草地的後方，有一個大型的白色建築物，建築物的頂部有黃色的支柱支撐。建築物的後方是幾棟高樓大廈，建築物的前面有一條馬路，馬路上有幾輛車輛和行人在行走。天空晴朗，沒有雲彩。照片的左側有一個大型的雕塑，雕塑的形狀像是一個風車。照片的右側有一個綠色的柱子，柱子上有一些標誌。照片的右下角有一塊鐵製的格柵，格柵上有一些紅色的標誌。
./dataset/IMG20211017012654.jpg,這張照片展示了一個夜晚的城市景觀。照片的右側有一個建築物，建築物的頂部有透明的玻璃結構。建築物的右側有一些樹木。照片的左側和中間部分是城市的夜景，可以看到許多點狀的光點，這些光點可能是城市中的建築物或燈光。照片的背景是黑暗的夜空，沒有明顯的星星或其他天體。照片的左側和中間部分有一些樹木的剪影。照片的右側有一個建築物，建築物的頂部有透明的玻璃結構。建築物的右側有一些樹木。照片的左側和中間部分是城市的夜景，可以看到許多點狀的光點，這些光點可能是城市中的建築物或燈光。照片的背景是黑暗的夜空，沒有明顯的星星或其他天體。照片的左側和中間部分有一些樹木的剪影。
./dataset/IMG_20210703_181451_179.jpg,這張照片展示了一幅日落時分的景象。太陽位於地平線附近，發出柔和的黃色光芒，天空中有一些雲層，雲層的顏色從淺藍到粉紅漸變。地平線後方可以看到一排山丘，山丘上覆蓋著茂密的樹木，山丘的輪廓在落日的餘暉中顯得柔和而美麗。照片的前景是樹木的剪影，樹木的葉子在落日的光線下顯得深邃而濃郁。整體氛圍平靜而寧靜，給人一種安靜和祥和的感覺。
./dataset/IMG_20180213_122854_729.jpg,這張照片展示了一個燒烤桌，桌面上有一個燒烤盤，盤子上鋪有鐵網。燒烤盤的四周擺放著一些食物和餐具。燒烤盤的左側有一個空盤子，盤子上放著一雙筷子。燒烤盤的右側有一個裝有食物的盤子，盤子上有一些蔬菜和肉類。燒烤盤的右側還有一個白色的杯子。燒烤盤的右側還有一個白色的碗，碗的邊緣有幾道環形的紋理。燒烤盤的右側還有一個白色的紙巾，紙巾上有一些黑色的字樣。燒烤盤的右側還有一個白色的盤子，盤子上有一些食物。燒烤盤的右側還有一個白色的盤子，盤子上有一些食物。燒烤盤的右側還有一個白色的盤子，盤子上有一些食物。燒烤盤的右側還有一個白色的盤子，盤子上有一些食物。燒烤盤的右側還有一個白色的盤子，盤子上有一些食物。燒烤盤的右側還有一個白色的盤子，盤子上有一些食物。燒烤盤的右側還有一個白色的盤子，盤子上有一些食物。燒烤盤的右側還有一個白色的盤子，盤子上有一些食物。燒烤盤的右側還有一個白色的盤子，盤子上有一些食物。燒烤盤的右側還有一個白色的盤子，盤子上有一些食物。燒烤盤的右側還有一個白色的盤子，盤子上有一些食物。燒烤盤的右側還有一個白色的盤子，盤子上有一些食物。燒烤盤的右側還有一個白色的盤子，盤子上有一些食物。燒烤盤的右側還有一個白色的盤子，盤子上有一些食物。燒烤盤的右側還有一個白色的盤子，盤子上有一些食物。燒烤盤的右側還有一個白色的盤子，盤子上有一些食物。燒烤盤的右側還有一個白色的盤子，盤子上有一些食物。燒烤盤的右側還有一個白色的盤子，盤子上有一些食物。燒烤盤的右側還有一個白色的盤子，盤子上有一些食物。燒烤盤的右側還有一個白色的盤子，盤子上有一些食物。燒烤盤的右側還有一個白色的盤子，盤子上有一些食物。燒烤盤的右側還有一個白色的盤子，盤子上有一些食物。燒烤盤的右側還有一個白色的盤子，盤子上有一些食物。燒烤盤的右側還有一個白色的盤子，盤子上有一些食物。燒烤盤的右側還有一個白色的盤子，盤子上有一些食物。燒烤盤的右側還有一個白色的盤子，盤子上有一些食物。燒烤盤的右側還有一個白色的盤子，盤子上有一些食物。燒烤盤的右側還有一個白色的盤子，盤子上有一些食物。燒烤盤的右側還有一個白色的盤子，盤子上有一些食物。燒烤盤的右側還有一個白色的盤子，盤子上有一些食物。燒烤盤的右側還有一個白色的盤子，盤子上有一些食物。燒烤盤的右側還有一個白色的盤子，盤子上有一些食物。燒烤盤的右側還有一個白色的盤子，盤子上有一些食物。燒烤盤的右側還有一個白色的盤子，盤子上有一些食物。燒烤盤的右側還有一個白色的盤子，盤子上有一些食物。燒烤盤的右側還有一個白色的盤子，盤子上有一些食物。燒烤盤的右側還有一個白色的盤子，盤子上有一些食物。燒烤盤的右側還有一個白色的盤子，盤子上有一些食物。燒烤盤的右側還有一個白色的盤子，盤子上有一些食物。燒烤盤的右側還有一個白色的盤子，盤子上有一些食物。燒烤盤的右側還有一個白色的盤子，盤子上有一些食物。燒烤盤的右側還有一個白色的盤子，盤子上有一些食物。燒烤盤的右側還有一個白色的盤子，盤子上有一些食物。燒烤盤的右側還有一個白色的盤子，盤子上有一些食物。燒烤盤的右側還有一個白色的盤子，盤子上有一些食物。燒烤
./dataset/IMG20210422115220.jpg,這張照片中，有一群身穿軍裝的士兵站在一起，背景是茂密的樹木。士兵們頭戴鋼盔，手持武器，站姿嚴肅，表情嚴肅。他們排成兩排，前排士兵跪在地上，後排士兵站立。士兵們的軍裝是迷彩服，顏色為綠色和棕色相間。背景中的樹木茂盛，綠葉茂密，顯示出這張照片是在戶外拍攝的。照片的右下角有一隻手指，手指的指甲是白色的。照片的邊框是白色的，照片的左下角有一小部分被裁剪掉。
./dataset/20240716_184233.jpg,這張照片展示了一個城市街景，天空中布滿了層層疊疊的雲彩，雲朵被夕陽染成了金黃色和粉紅色，非常美麗。照片的右側可以看到一些建築物，建築物的外牆顏色較深，可能是灰色或黑色。在建築物的前面有一個紅色的交通燈，顯示紅燈。在建築物的左側有一盞亮起的街燈，發出黃色的光。照片的右側還可以看到一些樹木的樹冠。整體來說，這張照片捕捉到了一個城市街景在夕陽下的美麗景象。
./dataset/20240510_171719.jpg,這張照片中，一個人在浴室鏡子前自拍。鏡子上有一些水珠，反射出浴室的內部。這個人穿着一件深色的短袖上衣，下身是深色的短褲。他用右手舉著一部手機，手機的背面有四個攝像頭。背景中可以看到浴室的牆壁和一扇玻璃門，門上有一些水珠。
./dataset/20231102_165003.jpg,這張照片展示了一片現代城市的天際線。照片中可以看到幾棟高樓大廈，建築外牆主要以玻璃和鋼材構成，反射出天空的藍色和周圍的環境。建築的設計風格現代，窗戶排列整齊，顯示出商業大廈的特徵。建築之間的空間比較寬敞，並且可以看到一些綠樹，為城市建築增添了一絲綠意。天空中有一些雲彩，雲層較薄，顏色從淺藍到白色漸變，顯示出天氣晴朗。整體來說，這張照片呈現出一個現代都市的景象，建築與自然的結合。
./dataset/20240224_233239.jpg,這張圖片顯示了一本書的一部分內容，書頁上有一些程式碼和中文註釋。程式碼使用Python語言，內容涉及PyTube套件的使用，用於下載YouTube上的串流檔案。註釋說明了如何判斷下載的檔案是視訊還是音訊，以及如何使用find_best函式來選擇品質最佳的檔案。此外，註釋還提到下載檔案的名稱和下載檔案的步驟。書頁的右上角標註了第13章，頁碼為13。書頁的左側有一些標註，可能是用來標記重點或分段的。
./dataset/IMG20220316140935.jpg,這張圖片展示了一個公園的景觀。前景是一片草地，上面散落著一些石頭。中景是一片水域，水面上有幾塊岩石。背景是茂密的樹木和一些建築物。天空是多雲的，但亮度適中。整體感覺平靜而自然。
./dataset/11065547_632065083559984_8167287405811530009_n(1)(1).jpg,這張照片展示了一間教室的內部，有多名學生和老師在場。教室的牆壁上掛有紅色的橫幅，上面寫有中文文字。教室內有三盞吊燈和三盞吊扇，教室的牆壁上還有一些裝飾和公告。學生們站成一排，似乎在聽取講解或進行活動。前景中有一張桌子，上面放有一些物品。
./dataset/IMG20211016222228.jpg,這幅水彩畫展示了五顆番茄。畫面背景從上到下分別是淡紫色、淡藍色和淡黃色，表現出一種柔和的光線效果。番茄的顏色鮮豔，紅色中帶有橙色的漸變，葉子部分是綠色的，葉柄短而粗壯。番茄的陰影部分用灰色和深藍色表現，使得整幅畫面有層次感。畫紙的邊緣有螺旋裝訂，顯示出這幅畫是用筆記本紙完成的。
./dataset/IMG20200205204102.jpg,這張照片展示了一個夜晚的公園景觀。照片中可以看到一條鋪設好的石板小路，兩旁種植了綠色的樹木，樹上掛滿了白色的燈飾，營造出溫馨的氛圍。樹下有幾張木製的長椅，供遊人休息。照片左側有一個藍色圓形標誌，標誌上有一個成人和兒童的圖案，下方有一個白色長方形標誌，上面寫有中文文字，內容為「車行本通人路行及段自僅行供」。照片右側有一塊紅色的布條，上面寫有白色文字，但無法辨識全部內容。整體環境看起來非常安靜和美麗，適合散步和休閒。
./dataset/line_1530764916086.jpg,這張照片展示了一間餐廳的外觀。招牌是黃色的，上面有紅色的中文字，寫著「吳記花生捲+冰淇淋」，價格為40元。招牌下方有一個電視屏幕，電視屏幕下方有一些裝飾品和照片。餐廳內部有幾位工作人員，其中一位穿著粉紅色上衣，正在準備食物。餐廳的牆壁上掛有一些裝飾品和日曆。櫃檯上有一些紙箱和雜物。
./dataset/IMG20220314135245.jpg,這張照片展示了一棟現代建築，建築外牆有一個大型的像素化裝飾，顏色包括藍、紅、黃、白等。建築的一側有一個突出的白色貨櫃組合而成的建築部分，上面有星巴克的標誌。建築前面有一個廣場，廣場上鋪有方磚，廣場兩側有幾棵樹和一些綠化裝飾。建築前面有一個入口，入口處有幾塊廣告牌，上面有中文和英文的標語。建築的頂部有一個網狀結構的裝飾。建築的後方有一個高架橋，天空中有一些雲彩。
./dataset/IMG20220312140959.jpg,這張照片展示了一片海岸線的景象。海面寬廣，水色清澈，反射著陽光，波光粼粼。海岸邊有一片沙灘，沙灘上散落著一些枯枝和雜草。沙灘的後方有一片綠色的草地，草地邊緣有一個護欄，護欄上有一個橙色的標誌。天空晴朗，沒有雲彩，陽光從左上角照射下來，形成一道光線。整體環境非常寧靜，沒有任何人物或動物。
./dataset/20230729_111205.jpg,這張照片中，可以看到一棟建築物的側面，建築物的牆面是淺灰色的，牆上有幾個窗戶和一些電線。建築物的頂部有一個鐵製的欄杆。建築物的右側有一些樹木，樹葉茂盛，綠意盎然。背景是藍天，天空中有一些白色的雲朵。電線橫跨在建築物和樹木之間。照片的右上角有一個鐵製的結構，可能是電力線路的支架。
./dataset/11149380_632075530225606_4842085979788155847_n(1)(1).jpg,這張照片中，有五位年輕人圍成一圈，似乎在進行一個活動或遊戲。他們都面帶微笑，看起來非常開心。背景是一個教室，牆上有黑板和一些標誌，窗戶透進來自然光。地上鋪有灰色的地板，牆壁是白色的，上面有一些斑點。每個人都穿着運動服裝，看起來像是在進行一場團體活動。
./dataset/20230714_180829.jpg,這張照片展示了一片天空，天空中布滿了各種形狀的雲朵。這些雲朵從淺灰色到深灰色不等，有些雲朵在陽光的照射下呈現出柔和的白色或黃色。雲朵的形狀各異，有些雲朵看起來像是細長的條狀，而另一些則比較濃密，形狀不規則。在照片的下方，可以看到一些建築物的頂部，建築物的顏色主要是白色和淺藍色。建築物的頂部有一些天線和電線杆，電線杆上連接著電線。建築物的後方還有一些樹木的樹冠。整體來說，這張照片捕捉到了一個晴朗的天氣，天空中雲朵的形狀和顏色變化豐富。
./dataset/20230806_164739.jpg,這張照片中，有一棵樹，樹冠茂盛，樹葉綠色，樹幹筆直。背景是藍天，天空中有一些雲彩，雲彩的顏色從白色到灰色漸變，顯示出天氣可能有些陰沉。照片的右上角有一部分被遮擋，可能是建築物的一部分。整體感覺是自然與城市環境的結合。
./dataset/20231104_184627.jpg,這張照片顯示了一個室內的活動場景，可能是一場婚禮。照片中有一對新人，新娘穿着一襲白色的禮服，手持一束花，新郎則穿着一套米色的西裝，頭戴一頂黑色的帽子。他們站在一個裝飾精美的場所，背景中可以看到一排白色的椅子和一些人坐在椅子上。場所的天花板上掛滿了閃亮的燈飾，營造出溫馨的氛圍。照片的右側有一個穿著白色衣服的人的部分身體。背景中還可以看到一些花卉裝飾和一個拱形的花圈。
./dataset/20231104_184633.jpg,這張照片展示了一場婚禮的場景。照片中，新郎和新娘站在室內的舞台上，新郎穿着一套米色的西裝，新娘則穿着一襲白色的婚紗，手中捧著一束花。背景中可以看到一排白色椅子，上面坐著一些賓客。天花板上掛著一排串燈，營造出溫馨的氛圍。舞台後方有一個拱形的裝飾，上面掛滿了綠葉和花卉，增加了婚禮的浪漫氣氛。
./dataset/IMG20220317154841.jpg,這張照片展示了一片海岸線的景色。海浪拍打在岩石和沙灘上，形成白色的浪花。遠處可以看到一些建築物，可能是海邊的居民區或度假村。背景中有一座山，山頂被茂密的綠樹覆蓋。天空陰沉，雲層厚重，顯示出天氣可能有些陰冷。前景中有一個護欄，護欄外是綠色的植被。整體感覺是靜謐而自然的海岸風景。
./dataset/IMG20220820212947.jpg,這張照片展示了一場戶外音樂會的場景。場地是一個廣場，地面上鋪有磚塊，周圍聚集了許多觀眾。舞台位於廣場的後方，由多個大型屏幕組成，屏幕顯示著表演者的影像。舞台上方有藍色的聚光燈，發出強烈的光束，照亮了整個場地。觀眾們坐在地上，面朝舞台，似乎在觀看表演。背景中可以看到一些建築物的燈光，表明這場音樂會是在夜晚舉行的。
./dataset/IMG20220108135849.jpg,這張圖片展示了一個設計精美的海報，背景為深藍色，中央有一個以線條勾勒的男性圖像，圖像下方有文字描述。海報的上半部分有大字標題，內容為「期待，在在深邃之境尋找找靈光」。下方有一段詳細的文字描述，內容涉及個人經歷、創業想法以及對設計和服務的熱愛。文字描述中提到「我」是從硅谷創業的工程師，熱愛設計並希望通過設計帶給人們生活的美好，因此決定創立Pinkoi。在經營Pinkoi的過程中，通過閱讀和美學，發現了創業過程中的想法和靈感，並希望所有人都能在日常或送禮時刻找到最獨特的禮物。海報的右上角有一個頭巾圖案，圖案下方有名字「Peter Yen」。海報底部還有一些小字，可能是相關的推薦書單或相關信息。
./dataset/IMG_20210517_193050_600.jpg,這張照片中有兩位年輕人，他們似乎在戶外活動。前景中的年輕人側身站立，面帶微笑，頭髮是黑色的，穿着灰色的短袖T恤，背後有一個黑色的背包。背景中可以看到樹木和藍天，顯示出他們可能在一個公園或自然景點。另一位年輕人部分出現在照片的右側，同樣背著背包，但只露出部分臉部和上半身。照片的氛圍看起來很輕鬆愉快。
./dataset/20230709_184639.jpg,這張照片展示了一個城市的天際線，太陽正在地平線附近落下，天空被染成了黃橙色。雲層厚重，從左側延伸到右側，部分雲層被陽光照射，呈現出金黃色的光澤。建築物的樓頂和部分建築物的外牆在照片的右側清晰可見，建築物的窗戶和陽台在夕陽的照耀下顯得格外鮮明。整體氛圍溫馨而寧靜，表現出一種日落時分的美麗景象。
./dataset/20240804_135850.jpg,這張照片展示了一間咖啡館的內部。照片中可以看到吧檯，吧檯上擺放著許多玻璃杯和瓶子。吧檯後方有一個黑板，上面寫著“KEEP CALM AND DRINK COFFEE”的字樣，並繪有咖啡杯的圖案。吧檯的後方還有一個展示櫃，裡面擺放著各種瓶裝飲料。吧檯的左側有一個木製的吧台椅，上面坐著一位穿著白色上衣和深色褲子的男子。吧檯上方掛著幾盞燈，燈光柔和。吧檯的後方牆壁上掛著一些書籍和雜誌。咖啡館的地板是淺色的木質地板，牆壁是白色的。
./dataset/20230805_131244.jpg,這張照片展示了一間餐廳或咖啡廳的內部。窗戶外側可以看到一棟建築，建築外牆是紅磚砌成的，窗戶排列整齊。窗戶外側還有一些招牌，上面有中文和英文的標誌，顯示了藥局和其它商號的廣告。窗戶內側有幾張木製的桌子和椅子，桌子是方形的，椅子是淺色的，椅子背是木製的，坐墊是淺色的。窗戶下方有一個木製的欄杆，欄杆後方可以看到一些建築和電線。窗戶外側還有一個綠色的交通燈和一些路標。窗戶外側的建築物看起來有點舊，但仍然保持了原有的建築風格。
./dataset/20240101_170816.jpg,這張照片顯示了一個籃球場，籃球場的邊緣有一條跑道。籃球場的籃筐已經拆卸下來，籃筐的底座還留在籃球場上。籃球場的邊緣有一些綠色的健身器材。籃球場的後方有一棟建築物，建築物的牆壁是白色的，窗戶是方形的。建築物的後方有一些樹木。籃球場的邊緣有一些綠色的健身器材。籃球場的後方有一棟建築物，建築物的牆壁是白色的，窗戶是方形的。建築物的後方有一些樹木。籃球場的邊緣有一些綠色的健身器材。籃球場的後方有一棟建築物，建築物的牆壁是白色的，窗戶是方形的。建築物的後方有一些樹木。籃球場的邊緣有一些綠色的健身器材。籃球場的後方有一棟建築物，建築物的牆壁是白色的，窗戶是方形的。建築物的後方有一些樹木。籃球場的邊緣有一些綠色的健身器材。籃球場的後方有一棟建築物，建築物的牆壁是白色的，窗戶是方形的。建築物的後方有一些樹木。籃球場的邊緣有一些綠色的健身器材。籃球場的後方有一棟建築物，建築物的牆壁是白色的，窗戶是方形的。建築物的後方有一些樹木。籃球場的邊緣有一些綠色的健身器材。籃球場的後方有一棟建築物，建築物的牆壁是白色的，窗戶是方形的。建築物的後方有一些樹木。籃球場的邊緣有一些綠色的健身器材。籃球場的後方有一棟建築物，建築物的牆壁是白色的，窗戶是方形的。建築物的後方有一些樹木。籃球場的邊緣有一些綠色的健身器材。籃球場的後方有一棟建築物，建築物的牆壁是白色的，窗戶是方形的。建築物的後方有一些樹木。籃球場的邊緣有一些綠色的健身器材。籃球場的後方有一棟建築物，建築物的牆壁是白色的，窗戶是方形的。建築物的後方有一些樹木。籃球場的邊緣有一些綠色的健身器材。籃球場的後方有一棟建築物，建築物的牆壁是白色的，窗戶是方形的。建築物的後方有一些樹木。籃球場的邊緣有一些綠色的健身器材。籃球場的後方有一棟建築物，建築物的牆壁是白色的，窗戶是方形的。建築物的後方有一些樹木。籃球場的邊緣有一些綠色的健身器材。籃球場的後方有一棟建築物，建築物的牆壁是白色的，窗戶是方形的。建築物的後方有一些樹木。籃球場的邊緣有一些綠色的健身器材。籃球場的後方有一棟建築物，建築物的牆壁是白色的，窗戶是方形的。建築物的後方有一些樹木。籃球場的邊緣有一些綠色的健身器材。籃球場的後方有一棟建築物，建築物的牆壁是白色的，窗戶是方形的。建築物的後方有一些樹木。籃球場的邊緣有一些綠色的健身器材。籃球場的後方有一棟建築物，建築物的牆壁是白色的，窗戶是方形的。建築物的後方有一些樹木。籃球場的邊緣有一些綠色的健身器材。籃球場的後方有一棟建築物，建築物的牆壁是白色的，窗戶是方形的。建築物的後方有一些樹木。籃球場的邊緣有一些綠色的健身器材。籃球場的後方有一棟建築物，建築物的牆壁是白色的，窗戶是方形的。建築物的後方有一些樹木。籃球場的邊緣有一些綠色的健身器材。籃球場的後方有一棟建築物，建築物的牆壁是白色的，窗戶是方形的。建築物的後方有一些樹木。
./dataset/IMG20220221185702.jpg,一隻貓咪坐在玻璃門後，門上掛著一張紅色的春聯，上面寫著「貓肥家旺」。門外有一個木製的框架，框架上掛著一個紅色的貓咪圖案的吊飾。門外的環境較暗，門上有一些水滴，顯示可能剛下過雨。門後面可以看到一些模糊的物品，可能是貓咪的玩具或裝飾品。
./dataset/20240112_171413.jpg,這張照片展示了一個城市的街景。照片中可以看到多棟建築物，建築物的外觀有些舊，窗戶和陽臺上掛著一些物品。建築物之間有一些路燈和交通標誌，顯示了紅色的交通燈號。背景中可以看到一些建築物，天空已經開始變暗，顯示出日落時分的景象。照片右側有一個高樓，樓頂有一些天線。建築物上有一些招牌，招牌上有中文文字。照片的右下角有一個電話號碼的標誌。整體來說，這張照片呈現了一個城市街景的日落時刻。
./dataset/IMG20220315123718.jpg,"這張照片展示了一張挂在牆上的告示牌，上面有一幅手繪的插圖和一些文字。告示牌的背景是白色的，插图描绘了一座建築物，建築物前面有幾棵樹，建築物的前面還有一個門口，門口旁邊有一個路燈。告示牌上有一個標誌，標誌上寫著「Shiba Inu Café to go」。告示牌上的文字是中文，內容如下：
- 單品咖啡
- 当店咖啡
- 茶飲
- 乳飲/咖啡/茶
- 洋食/盛り合わせ
- 柴田焼/洋菓子
告示牌的右下角寫著「Coffee，tea or Shiba!?」。告示牌的左上角有一個標誌，標誌上寫著「Shiba Inu Café to go」。告示牌的右上角有一個標誌，標誌上寫著「Shiba Inu Café to go」。告示牌的右上角有一個標誌，標誌上寫著「Shiba Inu Café to go」。告示牌的右上角有一個標誌，標誌上寫著「Shiba Inu Café to go」。告示牌的右上角有一個標誌，標誌上寫著「Shiba Inu Café to go」。告示牌的右上角有一個標誌，標誌上寫著「Shiba Inu Café to go」。告示牌的右上角有一個標誌，標誌上寫著「Shiba Inu Café to go」。告示牌的右上角有一個標誌，標誌上寫著「Shiba Inu Café to go」。告示牌的右上角有一個標誌，標誌上寫著「Shiba Inu Café to go」。告示牌的右上角有一個標誌，標誌上寫著「Shiba Inu Café to go」。告示牌的右上角有一個標誌，標誌上寫著「Shiba Inu Café to go」。告示牌的右上角有一個標誌，標誌上寫著「Shiba Inu Café to go」。告示牌的右上角有一個標誌，標誌上寫著「Shiba Inu Café to go」。告示牌的右上角有一個標誌，標誌上寫著「Shiba Inu Café to go」。告示牌的右上角有一個標誌，標誌上寫著「Shiba Inu Café to go」。告示牌的右上角有一個標誌，標誌上寫著「Shiba Inu Café to go」。告示牌的右上角有一個標誌，標誌上寫著「Shiba Inu Café to go」。告示牌的右上角有一個標誌，標誌上寫著「Shiba Inu Café to go」。告示牌的右上角有一個標誌，標誌上寫著「Shiba Inu Café to go」。告示牌的右上角有一個標誌，標誌上寫著「Shiba Inu Café to go」。告示牌的右上角有一個標誌，標誌上寫著「Shiba Inu Café to go」。告示牌的右上角有一個標誌，標誌上寫著「Shiba Inu Café to go」。告示牌的右上角有一個標誌，標誌上寫著「Shiba Inu Café to go」。告示牌的右上角有一個標誌，標誌上寫著「Shiba Inu Café to go」。告示牌的右上角有一個標誌，標誌上寫著「Shiba Inu Café to go」。告示牌的右上角有一個標誌，標誌上寫著「Shiba Inu Café to go」。告示牌的右上角有一個標誌，標誌上寫著「Shiba Inu Café to go」。告示牌的右上角有一個標誌，標誌上寫著「Shiba Inu Café to go」。告示牌的右上角有一個標誌，標"
./dataset/IMG20220317175441.jpg,這張照片顯示了一個室內的視角，透過一扇玻璃門或窗戶向外看。門或窗戶的玻璃上有一些反射，可以看到室內的傢俱和植物。門或窗戶的框架是金屬製的，門或窗戶的玻璃上有一些污漬或斑點。外面可以看到一棟建築物，建築物的外牆是淺色的，有許多窗戶。建築物的樓層較高，有幾層樓。建築物的前面有一些綠化植物，包括一些灌木和小樹。建築物的前面還有一些標誌或布條，但無法辨識其內容。建築物的前面還有一條馬路，馬路的兩側有一些樹木。馬路的邊緣有一些標誌或標誌，但無法辨識其內容。建築物的前面還有一些其他建築物，但無法辨識其詳細特徵。建築物的前面還有一些其他建築物，但無法辨識其詳細特徵。建築物的前面還有一些其他建築物，但無法辨識其詳細特徵。建築物的前面還有一些其他建築物，但無法辨識其詳細特徵。建築物的前面還有一些其他建築物，但無法辨識其詳細特徵。建築物的前面還有一些其他建築物，但無法辨識其詳細特徵。建築物的前面還有一些其他建築物，但無法辨識其詳細特徵。建築物的前面還有一些其他建築物，但無法辨識其詳細特徵。建築物的前面還有一些其他建築物，但無法辨識其詳細特徵。建築物的前面還有一些其他建築物，但無法辨識其詳細特徵。建築物的前面還有一些其他建築物，但無法辨識其詳細特徵。建築物的前面還有一些其他建築物，但無法辨識其詳細特徵。建築物的前面還有一些其他建築物，但無法辨識其詳細特徵。建築物的前面還有一些其他建築物，但無法辨識其詳細特徵。建築物的前面還有一些其他建築物，但無法辨識其詳細特徵。建築物的前面還有一些其他建築物，但無法辨識其詳細特徵。建築物的前面還有一些其他建築物，但無法辨識其詳細特徵。建築物的前面還有一些其他建築物，但無法辨識其詳細特徵。建築物的前面還有一些其他建築物，但無法辨識其詳細特徵。建築物的前面還有一些其他建築物，但無法辨識其詳細特徵。建築物的前面還有一些其他建築物，但無法辨識其詳細特徵。建築物的前面還有一些其他建築物，但無法辨識其詳細特徵。建築物的前面還有一些其他建築物，但無法辨識其詳細特徵。建築物的前面還有一些其他建築物，但無法辨識其詳細特徵。建築物的前面還有一些其他建築物，但無法辨識其詳細特徵。建築物的前面還有一些其他建築物，但無法辨識其詳細特徵。建築物的前面還有一些其他建築物，但無法辨識其詳細特徵。建築物的前面還有一些其他建築物，但無法辨識其詳細特徵。建築物的前面還有一些其他建築物，但無法辨識其詳細特徵。建築物的前面還有一些其他建築物，但無法辨識其詳細特徵。建築物的前面還有一些其他建築物，但無法辨識其詳細特徵。建築物的前面還有一些其他建築物，但無法辨識其詳細特徵。建築物的前面還有一些其他建築物，但無法辨識其詳細特徵。建築物的前面還有一些其他建築物，但無法辨識其詳細特徵。建築物的前面還有一些其他建築物，但無法辨識其詳細特徵。建築物的前面還有一些其他建築物，但無法辨識其詳細特徵。建築物的前面還有一些其他建築物，但無法辨識其詳細特徵。建築物的前面還有一些其他建築物，但無法辨識其詳細特徵。建築物的前面還有一些其他建築物，但無法辨識其詳細特徵。建築物的前面還有一些其他建築物，但無法辨識其詳細特徵。建築物的前面還有一些其他建築物，但無法辨識其詳細特徵。建築物的前面還有一些其他建築物，但無法辨識其詳細特徵。建築物的前面還有一些其他建築物，但無法辨識其詳細特徵。建築
./dataset/IMG20220317150831.jpg,這張照片展示了一片沙灘，沙灘上有一些腳印。海浪輕拍著海岸線，天空中有一些雲彩，陽光從右側照射過來。遠處可以看到幾棟建築物，建築物後方有樹木。沙灘上有幾個人，他們似乎在沙灘上活動。海面波濤洶涌，但海浪不高。整體來說，這是一幅靜謐的海灘風景。
./dataset/20230813_154334.jpg,這張照片中，可以看到幾棟建築物。建築物的顏色主要是粉紅色和灰色，建築物的窗戶排列整齊。天空中有一些雲彩，雲彩的形狀不規則，有些部分比較厚重，有些部分比較稀疏。照片的右側有一棟較高的建築物，建築物的頂部有一些突出的構造。照片的左側有一個綠色的招牌，上面有中文的字樣。照片的左上角有一個紅色的招牌，上面有白色的字樣。照片的左側還有一根電線。
./dataset/20240129_151753.jpg,這張照片展示了一片開滿黃色花朵的田地，田地被一條小溪分隔成兩部分。背景中可以看到一些樹木和山丘，山丘上有一些綠色植被。天空晴朗，陽光充足，遠處可以看到電力線塔和一些建築物。整體環境看起來非常寧靜和美麗。
./dataset/20230805_195055.jpg,這張照片展示了一家餐廳的內部和窗外的街景。窗戶外側可以看到一輛黃色的計程車駛過，街道兩旁有樹木和建築物，建築物上有各種招牌和燈光，顯示出夜間的繁忙景象。窗戶內側展示了一些餐具和飲品的包裝，包括三種不同顏色的湯匙和叉子，以及一個印有“Dessert”字樣的展示板，上面有甜點的圖片和相關信息。展示板下方還有一個小的紅色物品和一個帶有QR碼的標籤。窗戶下方的桌子上放著一盒紙巾和一個印有“飲料吧”字樣的包裝盒。
./dataset/IMG_20180911_182027_870.jpg,這張照片中，有一隻黑色的狗躺在室內的地毯上，頭部朝向左側，身體稍微側臥。狗的脖子上綁著一條紅色的項圈。背景中可以看到一張木製的長桌和一些木製的椅子，桌椅旁邊有一輛停在室內的機車。機車的後方有一個紅色的垃圾桶，垃圾桶上寫著「WASTE」。機車後方的牆上掛著一塊標牌，上面有中文和英文的標誌。地面上鋪著灰色的地毯，牆壁是淺色的。照片的下方有三個黃色的笑臉表情符號。
./dataset/IMG_20180710_130034_819.jpg,"這是一張包裹的照片，包裹上寫有以下內容：
- 國立臺灣科技大學
- 國立臺灣科技大學"
./dataset/IMG20200626172832.jpg,這張照片展示了一個海灘的場景。太陽從海平面上方照射過來，發出耀眼的光芒，並在海面上形成一道光線。天空中有一些雲彩，雲層較薄，顏色為淡藍色和白色。海灘上有幾個人，他們在淺水中活動，有些人似乎在戲水，而另一些人則在沙灘上行走。海浪輕輕拍打着海岸線，形成細小的水花。整體氛圍平靜而寧靜，是個適合放鬆和享受自然的場景。
./dataset/20240804_112035.jpg,這張照片展示了一條狹窄的街道，兩側是建築物。街道的右側停有幾輛汽車和機車，車輛之間有紅色的標線。建築物的外牆顏色較淺，有陽台和窗戶，陽台上有鐵欄杆。建築物的頂部有一些招牌，招牌上寫有中文。建築物的後方可以看到一些建築物的屋頂。街道的左側有一個建築物的外牆，外牆顏色較深，有窗戶和一些裝飾。街道的盡頭可以看到一些建築物的屋頂和樹木。天空晴朗，有幾朵雲。
./dataset/20230218_164105.jpg,這張照片中，可以看到一排人站在欄杆旁邊，似乎是在觀賞前面的景觀。背景中有一棟高樓建築，建築外牆是白色的，窗戶排列整齊。前景中有幾棵開滿粉紅色花朵的樹，樹枝上沒有葉子，可能是櫻花樹。天空非常藍，沒有雲彩，顯示出晴朗的天氣。地上有一些綠色的草地，欄杆旁邊還有一些椅子。照片的構圖是從下往上拍攝的，給人一種仰望的感覺。
./dataset/IMG_20200131_115531_744.jpg,這張照片展示了一個城市街道的場景。照片中可以看到多棟建築物，建築物的外觀以現代風格為主，建築物之間有各種招牌和廣告牌，顯示出商業活動的繁榮。招牌上寫有中文，顯示出當地的語言環境。街道上有行人和車輛，顯示出繁忙的都市生活。路標上寫有「捷運景安站」，顯示出當地的交通設施。照片的右下角有一個標籤，上面寫著「好天氣好心情😊」，顯示出拍照者的心情。照片的左下角有一個行人，正在等待過馬路。照片的右上角有一個高樓建築，顯示出當地的建築密度。照片的左上角有一個廣告牌，顯示出當地的商業活動。照片的右上角有一個藍色的交通標誌，顯示出當地的交通規則。照片的右上角有一個紅色的廣告牌，顯示出當地的商業活動。照片的右上角有一個藍色的廣告牌，顯示出當地的商業活動。照片的右上角有一個紅色的廣告牌，顯示出當地的商業活動。照片的右上角有一個藍色的廣告牌，顯示出當地的商業活動。照片的右上角有一個紅色的廣告牌，顯示出當地的商業活動。照片的右上角有一個藍色的廣告牌，顯示出當地的商業活動。照片的右上角有一個紅色的廣告牌，顯示出當地的商業活動。照片的右上角有一個藍色的廣告牌，顯示出當地的商業活動。照片的右上角有一個紅色的廣告牌，顯示出當地的商業活動。照片的右上角有一個藍色的廣告牌，顯示出當地的商業活動。照片的右上角有一個紅色的廣告牌，顯示出當地的商業活動。照片的右上角有一個藍色的廣告牌，顯示出當地的商業活動。照片的右上角有一個紅色的廣告牌，顯示出當地的商業活動。照片的右上角有一個藍色的廣告牌，顯示出當地的商業活動。照片的右上角有一個紅色的廣告牌，顯示出當地的商業活動。照片的右上角有一個藍色的廣告牌，顯示出當地的商業活動。照片的右上角有一個紅色的廣告牌，顯示出當地的商業活動。照片的右上角有一個藍色的廣告牌，顯示出當地的商業活動。照片的右上角有一個紅色的廣告牌，顯示出當地的商業活動。照片的右上角有一個藍色的廣告牌，顯示出當地的商業活動。照片的右上角有一個紅色的廣告牌，顯示出當地的商業活動。照片的右上角有一個藍色的廣告牌，顯示出當地的商業活動。照片的右上角有一個紅色的廣告牌，顯示出當地的商業活動。照片的右上角有一個藍色的廣告牌，顯示出當地的商業活動。照片的右上角有一個紅色的廣告牌，顯示出當地的商業活動。照片的右上角有一個藍色的廣告牌，顯示出當地的商業活動。照片的右上角有一個紅色的廣告牌，顯示出當地的商業活動。照片的右上角有一個藍色的廣告牌，顯示出當地的商業活動。照片的右上角有一個紅色的廣告牌，顯示出當地的商業活動。照片的右上角有一個藍色的廣告牌，顯示出當地的商業活動。照片的右上角有一個紅色的廣告牌，顯示出當地的商業活動。照片的右上角有一個藍色的廣告牌，顯示出當地的商業活動。照片的右上角有一個紅色的廣告牌，顯示出當地的商業活動。照片的右上角有一個藍色的廣告牌，顯示出當地的商業活動。照片的右上角有一個紅色的廣告牌，顯示出當地的商業活動。照片的右上角有一個藍色的廣告牌，顯示出當地的商業活動。照片的右上角有一個紅色的廣告牌，顯示出當地的商業活動。照片的右上角有一個藍色的廣告牌，顯示出當地的商業活動。照片的右上角有一個紅色的廣告牌，顯示出當地的商業活動。照片的右上角有一個藍色的廣告牌，顯示出當地的商業活動。
./dataset/20230715_171909.jpg,這張圖片展示了一間臥室的內部。窗戶旁邊有一張木製的書桌，上面有一台開啓的筆記型電腦、一個滑鼠和一本打開的書。書桌旁邊有一張木製的椅子，椅子上掛著一件黑色的外套。窗戶旁邊的窗簾是淺綠色的，上面有白色的花朵圖案。窗戶外面可以看到一些建築物和遠處的山景。窗戶旁邊的牆壁是淺色的，牆角有一個行李箱。窗戶的陽光照射進來，使得整個房間的氛圍比較明亮。
./dataset/IMG20220316141354.jpg,這張照片中，一個人站在戶外，背景是綠色的草地和一些岩石。他穿着一件深藍色的牛仔外套，裡面是一件白色的衣服，上面有英文字母。他的頭髮是黑色的，稍微有些凌亂。背景中還有一個鐵塔和一些樹木，天空是多雲的。
./dataset/IMG20220315153200.jpg,這張圖片展示了一片遼闊的海景。海面寬廣，波紋細微，遠處的海天交界處幾乎沒有分界線，天空中有一些薄雲，但整體天氣晴朗。海的顏色從近處的深藍漸變到遠處的淺藍，形成一種漸變的藍色調。海的邊緣有一片綠色的植被，可能是海岸邊的樹木或灌木，這些植被在海的背景下顯得非常鮮明。整體來說，這張圖片給人一種寧靜和寬廣的感覺。
./dataset/11159524_632079296891896_5051790229666040906_n(1)(1).jpg,這張照片中有三個人在室內，背景是牆上的黑板和一些裝飾。三個人都穿着外套，其中一個人正在調整另一个人的外套領子。他們似乎在進行友好的互動。
./dataset/20230812_130225.jpg,這張照片中，有一杯黃色的飲料放在一個木質桌面上。飲料杯是透明的，杯底有一個黃色的編織墊。杯子的邊緣有一個白色的塑料吸管。背景中可以看到一個白色的電風扇和一些書架，書架上放著一些書籍和雜誌。窗戶透進來的陽光使得整個空間顯得明亮。
./dataset/IMG20211016222410.jpg,這幅水彩畫展示了一張桌布上的水果靜物畫。桌布上有一個大西瓜，西瓜的皮是綠色的，上面有深色的條紋。西瓜的切片部分顯示出裡面的黃色果肉和紅色的種子。西瓜的旁邊有一個檸檬，檸檬是黃色的。在檸檬的後方，有一個切開的哈密瓜，哈密瓜的皮是綠色的，裡面的果肉是黃色的。在哈密瓜的後方，有三個番茄，番茄是紅色的。整幅畫的背景是淺色的，可能是紙張的邊緣。畫面的右上角有一個黑色的螺旋綁線。整幅畫的顏色柔和，表現出水果的新鮮和生動。
./dataset/20240721_155939.jpg,這張照片顯示了一位在健身房內使用健身器材的男子。他穿着一件深色背心和黑色長褲，腳上穿著白色運動鞋，頭戴一頂黑色棒球帽。他正站在一個紅色的健身器材前，雙手握住器材的把手，似乎正在進行某項訓練。健身房的地板是灰色的，牆壁是淺色的，牆上掛有一些設備和標誌。背景中還可以看到其他健身器材和一扇玻璃門。
./dataset/20230806_124900.jpg,這張照片中有一杯飲料放在木桌上的籐編杯墊上。飲料杯是透明的，杯內有兩層顏色不同的液體，上層是淺色，下層是深色，可能是咖啡或巧克力飲料。飲料杯上有一根白色的吸管。背景中可以看到一扇窗戶，窗外有綠色的樹葉和一些建築物。窗戶旁邊有一塊彩色的布料，顏色包括紅、黃、綠、藍等。窗戶的邊緣是白色的窗框。
./dataset/IMG20220313133726.jpg,這張照片中，一個人站在一條小路上，背景是綠色的田野和遠處的山丘。他留着短髮，臉上帶有微笑，看起來心情愉悅。他穿著一件黑色的外套，肩上掛著一個迷彩風格的背包。背景中可以看到一些樹木和建築物，天空有些陰沉。整體環境看起來像是鄉村或農村地區。
./dataset/20221225_144324.jpg,這張照片展示了一座現代建築風格的拱橋，橋樑的結構由鋼索支撐，橋面上有行人行走。橋的遠端可以看到一些建築物和綠樹成蔭的山丘。橋下是一片綠意盎然的草地，草地上沒有顯著的雜草或樹木。背景是晴朗的藍天，幾朵稀疏的雲朵漂浮在空中。整體環境看起來非常清新宜人，適合休閒散步或戶外活動。
./dataset/20230218_164059.jpg,這張圖片展示了一棵開滿粉紅色花朵的樹，樹枝在藍色的天空下伸展。樹上的花朵密集，顏色鮮豔，與背景的藍天形成鮮明對比。樹的枝條錯綜複雜，有些部分已經脫落，顯示出樹木的自然狀態。整體感覺清新自然，充滿春天的氣息。
./dataset/line_1533279315261.jpg,這張圖片展示了一個室內空間。牆壁上掛有一個裝飾品，形狀類似於植物或樹葉。牆壁下方有一個木製的櫃子，櫃子上繪有花卉和昆蟲的圖案。櫃子的前面有一個透明的塑料盒，盒內似乎裝有物品。櫃子的後方有一個木製的框架，框架內有幾張圖畫。櫃子的後方還有一個白色的架子，架子上放有一些玻璃瓶和一塊木頭。櫃子的後方還有一個黑色的包。櫃子的後方還有一個木製的櫃子，櫃子的前面有一個透明的塑料盒，盒內似乎裝有物品。櫃子的後方還有一個白色的架子，架子上放有一些玻璃瓶和一塊木頭。櫃子的後方還有一個黑色的包。櫃子的後方還有一個木製的櫃子，櫃子的前面有一個透明的塑料盒，盒內似乎裝有物品。櫃子的後方還有一個白色的架子，架子上放有一些玻璃瓶和一塊木頭。櫃子的後方還有一個黑色的包。櫃子的後方還有一個木製的櫃子，櫃子的前面有一個透明的塑料盒，盒內似乎裝有物品。櫃子的後方還有一個白色的架子，架子上放有一些玻璃瓶和一塊木頭。櫃子的後方還有一個黑色的包。櫃子的後方還有一個木製的櫃子，櫃子的前面有一個透明的塑料盒，盒內似乎裝有物品。櫃子的後方還有一個白色的架子，架子上放有一些玻璃瓶和一塊木頭。櫃子的後方還有一個黑色的包。櫃子的後方還有一個木製的櫃子，櫃子的前面有一個透明的塑料盒，盒內似乎裝有物品。櫃子的後方還有一個白色的架子，架子上放有一些玻璃瓶和一塊木頭。櫃子的後方還有一個黑色的包。櫃子的後方還有一個木製的櫃子，櫃子的前面有一個透明的塑料盒，盒內似乎裝有物品。櫃子的後方還有一個白色的架子，架子上放有一些玻璃瓶和一塊木頭。櫃子的後方還有一個黑色的包。櫃子的後方還有一個木製的櫃子，櫃子的前面有一個透明的塑料盒，盒內似乎裝有物品。櫃子的後方還有一個白色的架子，架子上放有一些玻璃瓶和一塊木頭。櫃子的後方還有一個黑色的包。櫃子的後方還有一個木製的櫃子，櫃子的前面有一個透明的塑料盒，盒內似乎裝有物品。櫃子的後方還有一個白色的架子，架子上放有一些玻璃瓶和一塊木頭。櫃子的後方還有一個黑色的包。櫃子的後方還有一個木製的櫃子，櫃子的前面有一個透明的塑料盒，盒內似乎裝有物品。櫃子的後方還有一個白色的架子，架子上放有一些玻璃瓶和一塊木頭。櫃子的後方還有一個黑色的包。櫃子的後方還有一個木製的櫃子，櫃子的前面有一個透明的塑料盒，盒內似乎裝有物品。櫃子的後方還有一個白色的架子，架子上放有一些玻璃瓶和一塊木頭。櫃子的後方還有一個黑色的包。櫃子的後方還有一個木製的櫃子，櫃子的前面有一個透明的塑料盒，盒內似乎裝有物品。櫃子的後方還有一個白色的架子，架子上放有一些玻璃瓶和一塊木頭。櫃子的後方還有一個黑色的包。櫃子的後方還有一個木製的櫃子，櫃子的前面有一個透明的塑料盒，盒內似乎裝有物品。櫃子的後方還有一個白色的架子，架子上放有一些玻璃瓶和一塊木頭。櫃子的後方還有一個黑色的包。櫃子的後方還有一個木製的櫃子，櫃子的前面有一個透明的塑料盒，盒內似乎裝有物品。櫃子的後方還有一個白色的架子，架子上放有一些玻璃瓶和一塊木頭。櫃子的後方還有一個黑色的包。櫃子
./dataset/IMG_20201128_012309_274.jpg,這張照片中，一群人在山徑上行走。他們背著背包，頭戴帽子，似乎正在進行一次遠足活動。周圍是茂密的樹叢和灌木，地面上有岩石和樹根。天空陰沉，可能是一個多雲的日子。照片的前景有一些樹枝和葉子，擋住了部分視野。
./dataset/20230820_163644.jpg,這張照片展示了一片海景，天空中布滿了厚重的雲層，天空的顏色較暗，顯示出一種陰沉的氣氛。海面上波紋細微，反射出天空的陰沉色調。遠處可以看到一些建築物和橋樑，建築物的輪廓在陰沉的天空下顯得比較暗淡。橋樑上似乎有幾艘船隻，船隻在海面上劃過，產生了輕微的波紋。整體來說，這張照片給人一種靜謐而略帶憂鬱的感覺。
./dataset/Screenshot_2018-06-08-18-03-08.jpg,"這是一幅四格漫畫，描述了一個巫婆和一個穿綠色制服的男孩之間的有趣互動。以下是漫畫的描述：

1. 第一格：巫婆和男孩面對面，巫婆舉起雙手，男孩也舉起雙手，兩人都面帶微笑。
2. 第二格：巫婆和男孩都閉上了眼睛，似乎在做某個動作。
3. 第三格：巫婆用掃帚打男孩的頭，男孩捂住臉，表情痛苦。
4. 第四格：巫婆和男孩都飛上了天空，巫婆騎在掃帚上，男孩也飛在掃帚上，兩人都面帶笑容。
5. 第五格：巫婆和男孩飛到一座城堡前，城堡有尖頂和塔樓。
6. 第六格：巫婆和男孩降落到地面上，巫婆站在掃帚上，男孩則站在掃帚旁邊，兩人看起來都很開心。

這幅漫畫表現了一種幽默的情景，巫婆和男孩之間的互動充滿了戲劇性和幽默感。"
./dataset/1552911512691.jpg,這張照片展示了一座現代城市的街景。照片的中心是一座高聳的摩天大樓，建築風格現代，玻璃幕牆反射著天空的藍色。大樓的頂部有幾層玻璃窗，呈現出幾何圖形的設計。大樓兩側是兩棟建築，一棟是淺色的建築，另一棟是深色的建築，兩者之間有一條狹窄的街道，街道兩側有幾棵樹木。街道上有幾個人行走，顯示出城市的繁忙景象。天空是淡藍色的，顯示出時間可能是傍晚時分。整體感覺是現代都市的氛圍。
./dataset/FB_IMG_1485272708334(1)(1).jpg,這張照片展示了一條林間小徑，兩旁是茂密的樹木和灌木。小徑的兩側有綠色的草地，小徑的盡頭有兩個人在行走。太陽光從樹木間照射下來，形成光束，給整張照片帶來了柔和的光線效果。照片的右側有一個木製的長椅。整體環境看起來非常寧靜和自然。
./dataset/1510931344541.jpg,這張圖片顯示了一台電視機，電視機屏幕上播放著一齣動畫節目。動畫節目中有一個藍色的貓型角色和一個戴著帽子的男孩角色。藍色的貓型角色正側著身，臉上露出驚訝的表情，而男孩角色則背對著觀眾，似乎在和貓型角色說話。電視機的右上角顯示了頻道標誌和頻道名稱。電視機前方的桌面上有一個綠色的瓶子。背景是室內環境，可以看到一扇窗戶和窗簾。
./dataset/20240224_233603.jpg,這張圖片顯示了一本開本較大的書的一部分，書頁上印有程式碼和中文註釋。程式碼使用Python編寫，內容涉及AI相關的處理和翻譯功能。書頁的頁碼是13-17，頁面左上角標註了第13章。書頁的右側有一個藍色的標籤，標籤上寫著「程式碼詳解：讓AI變出中文字幕」。書頁的內容包括了幾個函數的定義，例如`check_cht`、`translate_to_cht`、`chat_with_functions`等，這些函數似乎用於處理和翻譯中文字幕。書頁的右側還有一個小的三角形標誌，標誌上寫著「13-17」，表示這頁是第13章的第17頁。書頁的背景是淺色的，書頁的邊緣是白色的。
./dataset/20230708_173949.jpg,這張照片顯示了一條街道的景象。照片中可以看到一排停在路邊的汽車，車輛的顏色主要是白色。街道兩側種植了高大的樹木，樹葉茂盛，遮擋了部分天空。樹木的枝葉在風中輕微搖曳。街道的地面鋪有磚塊，顏色為灰褐色。照片的右側有一個穿著淺色衣服的人，背對著攝影機，似乎在行走。天空晴朗，顏色為淺藍色，沒有雲彩。整體環境看起來非常平靜。
./dataset/20230821_154331.jpg,這張圖片展示了一個精密的儀器設備，可能是用於科學研究或實驗的儀器。儀器上有多個組件，包括一個帶有紅色絞線的鉗子，鉗子夾住一個小物件。儀器的底座是一個有孔的金屬板，上面安裝了多個黑色的組件和一個帶有旋鈕的黑色圓柱形組件。儀器的右側有一根黑色的導線連接到一個黑色的組件上。儀器的左側有一個帶有標籤的圓柱形組件，標籤上寫有“Cu-2004”。儀器的右側還有一個帶有旋鈕的黑色圓柱形組件，上面寫有“S2”。儀器的右側還有一個帶有旋鈕的黑色圓柱形組件，上面寫有“S2”。儀器的右側還有一個帶有旋鈕的黑色圓柱形組件，上面寫有“S2”。儀器的右側還有一個帶有旋鈕的黑色圓柱形組件，上面寫有“S2”。儀器的右側還有一個帶有旋鈕的黑色圓柱形組件，上面寫有“S2”。儀器的右側還有一個帶有旋鈕的黑色圓柱形組件，上面寫有“S2”。儀器的右側還有一個帶有旋鈕的黑色圓柱形組件，上面寫有“S2”。儀器的右側還有一個帶有旋鈕的黑色圓柱形組件，上面寫有“S2”。儀器的右側還有一個帶有旋鈕的黑色圓柱形組件，上面寫有“S2”。儀器的右側還有一個帶有旋鈕的黑色圓柱形組件，上面寫有“S2”。儀器的右側還有一個帶有旋鈕的黑色圓柱形組件，上面寫有“S2”。儀器的右側還有一個帶有旋鈕的黑色圓柱形組件，上面寫有“S2”。儀器的右側還有一個帶有旋鈕的黑色圓柱形組件，上面寫有“S2”。儀器的右側還有一個帶有旋鈕的黑色圓柱形組件，上面寫有“S2”。儀器的右側還有一個帶有旋鈕的黑色圓柱形組件，上面寫有“S2”。儀器的右側還有一個帶有旋鈕的黑色圓柱形組件，上面寫有“S2”。儀器的右側還有一個帶有旋鈕的黑色圓柱形組件，上面寫有“S2”。儀器的右側還有一個帶有旋鈕的黑色圓柱形組件，上面寫有“S2”。儀器的右側還有一個帶有旋鈕的黑色圓柱形組件，上面寫有“S2”。儀器的右側還有一個帶有旋鈕的黑色圓柱形組件，上面寫有“S2”。儀器的右側還有一個帶有旋鈕的黑色圓柱形組件，上面寫有“S2”。儀器的右側還有一個帶有旋鈕的黑色圓柱形組件，上面寫有“S2”。儀器的右側還有一個帶有旋鈕的黑色圓柱形組件，上面寫有“S2”。儀器的右側還有一個帶有旋鈕的黑色圓柱形組件，上面寫有“S2”。儀器的右側還有一個帶有旋鈕的黑色圓柱形組件，上面寫有“S2”。儀器的右側還有一個帶有旋鈕的黑色圓柱形組件，上面寫有“S2”。儀器的右側還有一個帶有旋鈕的黑色圓柱形組件，上面寫有“S2”。儀器的右側還有一個帶有旋鈕的黑色圓柱形組件，上面寫有“S2”。儀器的右側還有一個帶有旋鈕的黑色圓柱形組件，上面寫有“S2”。儀器的右側還有一個帶有旋
./dataset/line_1511503243402.jpg,這張照片中有兩個人，他們站在樹林前。前景中的人只露出了一部分臉部和肩膀，他穿着一件黑色的衣服。背景中的另一個人則完全出現在畫面中，他穿着一件黑色的畢業袍，上面有黃色和藍色的肩帶。背景是一片綠樹成蔭的樹林，樹葉茂盛，天空透出一點點光亮。
./dataset/20240613_203050.jpg,"這張照片展示了一張餐桌，上面擺放了多道中式菜餚。桌面上有以下幾道菜：

1. 一盤紅燒魚，魚肉上鋪有蔥花，魚旁邊還有一個盛有魚頭的盤子，魚頭上也鋪有蔥花。
2. 一盤炒菜，裡面有青椒、紅椒等蔬菜，看起來是炒雞肉或雞塊。
3. 一盤湯，裡面有豆腐和蔬菜，湯色較淡。
4. 一盤湯，裡面有海帶和海參，湯色較深。
5. 一盤炒菜，裡面有青椒、紅椒等蔬菜，看起來是炒雞肉或雞塊。
6. 一盤紅燒魚，魚肉上鋪有蔥花，魚旁邊還有一個盛有魚頭的盤子，魚頭上也鋪有蔥花。
7. 一盤炒菜，裡面有青椒、紅椒等蔬菜，看起來是炒雞肉或雞塊。
8. 一盤湯，裡面有豆腐和蔬菜，湯色較淡。
9. 一盤湯，裡面有海帶和海參，湯色較深。
10. 一盤炒菜，裡面有青椒、紅椒等蔬菜，看起來是炒雞肉或雞塊。
11. 一盤紅燒魚，魚肉上鋪有蔥花，魚旁邊還有一個盛有魚頭的盤子，魚頭上也鋪有蔥花。
12. 一盤炒菜，裡面有青椒、紅椒等蔬菜，看起來是炒雞肉或雞塊。
13. 一盤湯，裡面有豆腐和蔬菜，湯色較淡。
14. 一盤湯，裡面有海帶和海參，湯色較深。
15. 一盤炒菜，裡面有青椒、紅椒等蔬菜，看起來是炒雞肉或雞塊。
16. 一盤紅燒魚，魚肉上鋪有蔥花，魚旁邊還有一個盛有魚頭的盤子，魚頭上也鋪有蔥花。
17. 一盤炒菜，裡面有青椒、紅椒等蔬菜，看起來是炒雞肉或雞塊。
18. 一盤湯，裡面有豆腐和蔬菜，湯色較淡。
19. 一盤湯，裡面有海帶和海參，湯色較深。
20. 一盤炒菜，裡面有青椒、紅椒等蔬菜，看起來是炒雞肉或雞塊。
21. 一盤紅燒魚，魚肉上鋪有蔥花，魚旁邊還有一個盛有魚頭的盤子，魚頭上也鋪有蔥花。
22. 一盤炒菜，裡面有青椒、紅椒等蔬菜，看起來是炒雞肉或雞塊。
23. 一盤湯，裡面有豆腐和蔬菜，湯色較淡。
24. 一盤湯，裡面有海帶和海參，湯色較深。
25. 一盤炒菜，裡面有青椒、紅椒等蔬菜，看起來是炒雞肉或雞塊。
26. 一盤紅燒魚，魚肉上鋪有蔥花，魚旁邊還有一個盛有魚頭的盤子，魚頭上也鋪有蔥花。
27. 一盤炒菜，裡面有青椒、紅椒等蔬菜，看起來是炒雞肉或雞塊。
28. 一盤湯，裡面有豆腐和蔬菜，湯色較淡。
29. 一盤湯，裡面有海帶和海參，湯色較深。
30. 一盤炒菜，裡面有青椒、紅椒等蔬菜，看起來是炒雞肉或雞塊。
31. 一盤紅燒魚，魚肉上鋪有蔥花，魚旁邊還有一個盛有魚頭的盤子，魚頭上也鋪有蔥花。
32. 一盤炒菜，裡面有青椒、紅椒等蔬菜，看起來是炒雞肉或雞塊。
33. 一盤湯，裡面有豆腐和蔬菜，湯色較淡。
34. 一盤湯，裡面有海帶和海參，湯色較深。
35. 一盤炒菜，裡面有青椒、紅椒等蔬菜，看起來是炒雞肉或雞塊。
36. 一盤紅燒魚"
./dataset/line_1530764161088.jpg,這張照片展示了一條雙向道路，道路兩側有護欄。道路的顏色是黑色，路面上有兩條黃色的雙向分隔線。道路的兩側有綠色的樹木和植被，遠處可以看到一些建築物和開闊的田野。天空是多雲的，雲層厚重，顏色較為灰暗。照片的右側有一部分車輛的後視鏡和車身，車輛似乎停在道路邊緣。照片的左側可以看到遠處的建築物和開闊的田野。
./dataset/IMG20220317142603.jpg,這張圖片顯示了一片沙灘，沙子上有很多腳印。在沙子的左上角可以看到一雙白色的鞋子。沙子上還有一些不規則的痕跡，可能是由沙灘車或其他車輛留下的軌跡。沙子的顏色是淺灰色，腳印和痕跡在沙子上比較明顯。整體來說，這張圖片呈現了一個在沙灘上行走或活動過的場景。
./dataset/1529166054174.jpg,這張照片展示了一位畢業生與他的朋友在畢業典禮後合影的場景。畢業生身著黑色學士服，頭戴學士帽，手持畢業證書，面帶微笑，向著鏡頭比出V字形的手勢。他的朋友則穿著藍色襯衫和黑色褲子，站在畢業生的旁邊，雙手自然垂放。背景中可以看到其他畢業生和觀眾，他們大多數也穿著畢業服裝，似乎正在參加或觀看畢業典禮。背景建築為一棟現代風格的建築，建築的設計獨特，頂部有一個十字架。建築前方有一片綠色的草地，天空晴朗，陽光明媚。
./dataset/IMG20220101173523.jpg,這張圖片顯示了一張紙，上面寫滿了繁體中文的字。紙張的邊緣有一條黃色的邊框，紙張的右側有一個明顯的折痕。紙上的文字看起來像是手寫的，字體大小不一，有些地方的字體比較大，有些地方的字體比較小。文字內容看起來像是隨意的筆記或思考，沒有明顯的結構或格式。紙張的背景是白色的，紙張的邊緣有些泛黃，顯示出一定的年代感。紙張的左側有一部分被遮擋，無法看到全部內容。
./dataset/20240224_231300~2.jpg,這張圖片顯示了一本關於程式設計的書的一部分內容。書頁上標題為「7-1 準備工作」，內容描述了如何使用 Python 和 OpenAI API 來建立一個簡單的對話系統。書頁上列出了幾個步驟，包括安裝必要的套件、匯入套件以及導入 OpenAI API 的用戶端物件。此外，還提供了 GitHub 上的程式碼庫連結，讓讀者可以下載並使用該程式碼庫來建立對話系統。書頁上還列出了幾個函式，如 `set_client`、`get_reply`、`chat` 等，這些函式用於設定客戶端物件、取得回覆、進行對話等。書頁的右側部分顯示了另一個標題「7-2」，但內容尚未完全顯示。
./dataset/14720603_1315793735111678_1386023689251988589_n(1)(1).jpg,這張照片中有五位年輕人站在一起，背景是一幅大型的壁畫。壁畫上繪有一列蒸汽火車，火車的前面有一個大大的輪子，輪子上寫有中文。壁畫的背景是樹木和岩石，表現出一種破壞的感覺，似乎火車正在穿越岩石。五位年輕人站在一起，面帶微笑，似乎是在拍照留念。他們的衣著各不相同，有穿紅色、白色、藍色、灰色和黑色的衣服。地面鋪有石板，看起來像是公園或遊樂場的一個景點。背景中的樹木茂盛，顯示出這是一個戶外的場景。
./dataset/1531753000050.jpg,這張照片中有兩個人在海邊。他們都赤腳站在沙灘上，背對著海浪。一個人穿著藍色T恤和牛仔褲，另一個人穿著黑色短褲和黑色上衣。海浪拍打著沙灘，產生了白色的泡沫。背景是灰蒙蒙的海面，沒有其他明顯的景物。
./dataset/IMG20200628144554.jpg,這是一尊阿瑞斯（馬爾斯）的雕像，雕像位於一個開放的空間，背景是藍天和一些綠樹。雕像由白色大理石製作，雕像的基座上刻有中文和英文的銘文，中文銘文寫道：「阿瑞斯（馬爾斯）戰神—掌管軍事與戰爭」，英文銘文寫道：「ARES (MARS)」。雕像的基座是方形的，上面有幾道橫線裝飾。雕像的底座是白色的，與雕像的白色大理石相匹配。雕像的背景是一片水域，可能是湖泊或河流。
./dataset/IMG20220304201123.jpg,這張照片展示了一條鋪設有方磚的小路，兩旁種植了綠色的灌木和樹木。小路兩側設有燈柱，燈光將小路照得明亮。遠處可以看到一些建築物，建築物的窗戶發出暖黃色的光。夜空黑暗，只有燈光和建築物發出的光亮。整體環境看起來像是在一個公園或住宅區的夜景。
./dataset/1520004030875.jpg,這張照片展示了一座大型的動物雕像，雕像被設計成幾何圖形的樣式，色彩鮮豔，主要由藍、綠、黃、紅等顏色組成。雕像被放置在一個綠色植物裝飾的臺座上，臺座上還有一些綠色的標誌牌。背景中可以看到一些燈光效果，有幾束藍色的光束從雕像後方射出，形成光束效果。照片的左側還有一個建築物，建築物上有兩盞綠色的燈光。整體環境是在夜晚，背景是黑暗的。
./dataset/IMG20220314194926.jpg,這張照片顯示了一個夜晚的場景，照片的中心是一個裝飾有藍色霓虹燈的拱門，拱門上方掛有紅色的招牌，招牌上寫有中文。拱門的兩側有幾輛停車的機車。拱門的前方有一個攤位，攤位上掛有紅色的帳篷，帳篷下有幾個人在活動。攤位的後方有一輛車停在馬路邊。照片的左側有一棵棕櫚樹，樹下有幾個人在活動。照片的右側有幾盞燈光，燈光下有幾輛車停在馬路邊。照片的右上角有一個紅色的燈光。照片的右下角有一個井蓋。照片的左上角有一個紅色的標誌。照片的左側有一個紅色的標誌。照片的右側有一個紅色的標誌。照片的右側有一個紅色的標誌。照片的右側有一個紅色的標誌。照片的右側有一個紅色的標誌。照片的右側有一個紅色的標誌。照片的右側有一個紅色的標誌。照片的右側有一個紅色的標誌。照片的右側有一個紅色的標誌。照片的右側有一個紅色的標誌。照片的右側有一個紅色的標誌。照片的右側有一個紅色的標誌。照片的右側有一個紅色的標誌。照片的右側有一個紅色的標誌。照片的右側有一個紅色的標誌。照片的右側有一個紅色的標誌。照片的右側有一個紅色的標誌。照片的右側有一個紅色的標誌。照片的右側有一個紅色的標誌。照片的右側有一個紅色的標誌。照片的右側有一個紅色的標誌。照片的右側有一個紅色的標誌。照片的右側有一個紅色的標誌。照片的右側有一個紅色的標誌。照片的右側有一個紅色的標誌。照片的右側有一個紅色的標誌。照片的右側有一個紅色的標誌。照片的右側有一個紅色的標誌。照片的右側有一個紅色的標誌。照片的右側有一個紅色的標誌。照片的右側有一個紅色的標誌。照片的右側有一個紅色的標誌。照片的右側有一個紅色的標誌。照片的右側有一個紅色的標誌。照片的右側有一個紅色的標誌。照片的右側有一個紅色的標誌。照片的右側有一個紅色的標誌。照片的右側有一個紅色的標誌。照片的右側有一個紅色的標誌。照片的右側有一個紅色的標誌。照片的右側有一個紅色的標誌。照片的右側有一個紅色的標誌。照片的右側有一個紅色的標誌。照片的右側有一個紅色的標誌。照片的右側有一個紅色的標誌。照片的右側有一個紅色的標誌。照片的右側有一個紅色的標誌。照片的右側有一個紅色的標誌。照片的右側有一個紅色的標誌。照片的右側有一個紅色的標誌。照片的右側有一個紅色的標誌。照片的右側有一個紅色的標誌。照片的右側有一個紅色的標誌。照片的右側有一個紅色的標誌。照片的右側有一個紅色的標誌。照片的右側有一個紅色的標誌。照片的右側有一個紅色的標誌。照片的右側有一個紅色的標誌。照片的右側有一個紅色的標誌。照片的右側有一個紅色的標誌。照片的右側有一個紅色的標誌。照片的右側有一個紅色的標誌。照片的右側有一個紅色的標
./dataset/IMG20200628134919.jpg,這張照片展示了一個室內的場景。牆壁上投射出一張椅子的陰影，椅子的結構清晰可辨。在牆壁的另一側，有一個裝飾性的燈飾，燈飾的形狀類似一個船隻，由多個木製的板條組成，並裝飾有船帆。燈飾被放置在一個有圖案的底座上，底座的顏色為棕褐色。燈飾的內部發出柔和的光線，照亮了船隻的形狀。整體環境的照明較暗，突出了燈飾和牆壁上的陰影。
./dataset/IMG20220315123309.jpg,這張照片中，有一隻黑色的貓咪，正躺在室內的地板上。貓咪的身體朝向門口，頭部朝向門外，似乎在凝視著門外的某個東西。地板是淺色的方磚，門口處有一雙白色的運動鞋。門口的門框是木製的，門是半開著的，門外的光線比較明亮。
./dataset/20240212_165043.jpg,這張照片展示了一個籃球場，籃球場的地面是藍色的，籃球框設置在籃球場的兩側。籃球場的後方有一排樹木，樹木的樹冠已經開始脫落，顯示出秋天的季節特徵。籃球場的後方還有一棟建築物，建築物的牆壁是白色的，建築物的窗戶和陽台清晰可見。建築物的後方還有一些綠色的植被。天空是晴朗的，陽光照射在建築物和樹木上，顯示出明亮的天氣。籃球場的邊緣有一些橙色的路障，可能是用來標示籃球場的邊界。籃球場的周圍環境比較簡單，沒有其他明顯的建築物或設施。
./dataset/line_1517930977416.jpg,一隻手握著藍白相間的吹風機，吹風機的線纜連接著牆上的插座。背景中有一台黑色的平板電視，電視下方的玻璃桌面上放著一些物品，包括一臺黑色的機器、一張黃色的紙、一支紅色的筆、一個黑色的耳機和一個棕色的盒子。牆壁上有一個黑色的插座。
./dataset/IMG20220308133001.jpg,這張照片展示了一片農田，田地被水淹沒，種植了水稻幼苗。田地的邊緣有一條水泥路，路邊有一些建築材料和設備。背景中可以看到高大的電力塔和多根電線，電力塔和電線延伸到遠處。電力塔的顏色為紅色和白色。遠處還有一些建築物，建築物的頂部有綠色的遮陽棚。天空晴朗，沒有雲彩，顯示出一個晴朗的天氣。照片的右下角有一個橙色的圓形標誌。
./dataset/1515674228243.jpg,這張照片中有兩個人站在一棟建築物前。建築物的設計非常獨特，形狀像是一座高聳的塔，由玻璃和鋼鐵構成，呈現出三角形的結構。建築物的頂部向天空延伸，形成一個尖銳的頂點。背景中可以看到藍色的天空和一些樹木。兩個人站在建築物前的階梯上，他們都面帶微笑，並做出V字形的手勢。兩個人的服裝風格不同，一個人穿著深色的連帽外套和牛仔褲，另一個人穿著黑色的長外套和黑色的褲子。背景中還可以看到其他幾個人，他們站在建築物的側邊。整體來說，這張照片捕捉到了一個晴朗天氣下的場景，建築物和人物都顯得非常突出。
./dataset/你花在你玫瑰身上的時間，使你的玫瑰如此重要.jpg,這張圖片展示了一幅插圖，圖中有一個小男孩，他穿着綠色的衣服，頭髮是金黃色的，頭上有一個黃色的領巾。小男孩的雙手捧著一個透明的花瓶，花瓶中有一朵紅色的玫瑰。背景是白色的，地面上有一圈藍色的圓形。圖片下方有一段文字，寫著：“it is the time you have wasted for your rose that makes your rose so important” ——Antoine de Saint-Exupéry。
./dataset/IMG_20210801_143051_098.jpg,"這張圖片展示了一個7T1C電路的操作原理圖，圖中包含以下內容：

1. **電路圖**：
   - 顯示了7個電晶體（T）和1個電容（C）組成的電路。
   - 各個電晶體的標記為S1、S2、S1+1等。
   - 有Vref_P、Vref_N、OVDD、OVSS等電壓源。
   - 有Data、EM等輸入信號。
   - 有OVDD-Vth+（Vref_P - Data）等電壓計算公式。

2. **輸出信號圖**：
   - 顯示了Reset、Emission（發光）等輸出信號的波形圖。
   - Reset信號在特定時間點會被置為高電平。
   - Emission信號在特定時間點會被置為高電平。

3. **電壓計算公式**：
   - Id = K(Vgs-Vth)^2
   - Id = K(OVDD - ((OVDD-Vth) - (Data-Vref_P)) - Vth)^2
   - Id = K(Data - Vref_P)^2

4. **標題**：
   - 7T1C電路操作

5. **公司標誌**：
   - 右上角有AUO的標誌。

這張圖片主要描述了7T1C電路的構造、電壓計算公式以及輸出信號的波形圖。"
./dataset/20240526_231659.jpg,這張照片中，一個人面帶微笑，頭髮是黑色的，穿著深色的衣服。背景是白色的牆壁，牆壁上有一些黑色的圖案。照片的取景角度是側面，並稍微傾斜。
./dataset/1562820329659.jpg,這張照片中，一個人站在一個大型的充氣玩偶旁邊。充氣玩偶的顏色主要是綠色，上面有一個大大的方形窗口，窗口內有一個簡單的卡通臉，臉上帶有微笑的表情。充氣玩偶的頭部和身體上有一些彩色的裝飾，包括一個黃色的十字形、一個紫色的圓形、一個紅色的圓形和一個綠色的圓形。充氣玩偶的腳部是黑色的，腳趾是藍色的。背景中可以看到一些室內裝飾和標誌，但無法辨識具體內容。照片中的人穿着黑色短袖T恤和牛仔褲，腳上穿著運動鞋，面帶微笑，雙手叉腰，站在充氣玩偶的前面。
./dataset/20240413_181543.jpg,這張照片中，一個人站在鏡子前，鏡子反射出他的全身。他穿着一件橄欖綠的短袖T恤和灰色的短褲。他的手放在鏡子上，另一隻手舉著一部手機，似乎在自拍。背景中可以看到一扇門和牆上的裝飾，包括一些掛在牆上的小旗子。門旁邊有一個電風扇。牆上還有一些標誌和標語，但無法辨識其內容。
./dataset/1562820808864.jpg,這張照片中有三個人站在一個公交站牌旁邊。他們面帶微笑，看起來很開心。背景中有一輛白色的巴士，車身上有中文標誌。站牌上有一個廣告，廣告中有一個穿著黃色衣服的人。站牌旁邊有一些樹木，樹葉茂盛。地面上有一輛黑色的機車停在路邊。照片的右側還有一個藍色的標誌牌，上面寫著“P”。照片的左側有一個穿著深色衣服的人，他沒有直接面對鏡頭。三個人的臉部表情各異，但都看起來很開心。
./dataset/20230704_190510.jpg,這張照片展示了一個城市的夕陽景色。天空中布滿了層層雲霧，雲層在夕陽的照射下呈現出金黃色的光澤。遠處可以看到一些建築物，建築物的顏色主要是白色和藍色，建築物的窗戶排列整齊。建築物的前面有一條道路，道路兩側沒有明顯的行人或車輛。整體來說，這張照片捕捉到了一個平靜的城市夕陽時刻。
./dataset/IMG_20180924_125753_456.jpg,這張照片中，一個人坐在草地上，背景是湖泊和遠處的山丘。他穿着一件深色的短袖T恤和藍色牛仔褲，腳上穿著黑色的運動鞋。他的雙腿交叉，雙手放在膝蓋上，頭微微低垂，面帶沉思的表情。背景中的湖泊邊緣有岩石堆疊，遠處可以看到一些建築物和樹木。天空晴朗，整體氛圍平靜而寧靜。
./dataset/line_1511503221126.jpg,這張照片中，一個人在戶外自拍。背景是樹木，樹葉茂盛，顯示出綠色的自然環境。這個人頭髮是黑色的，頭髮有些凌亂。他穿着一件黑色和黃色相間的背心，背心上有一條藍色的織帶。他的表情看起來開心，眼睛睜得很大，嘴巴微張，露出一點微笑。照片的光線比較柔和，可能是白天的自然光。
./dataset/FB_IMG_1485272665433(1)(1).jpg,這張照片展示了一個戶外的場景。照片中有一棵樹，樹的樹幹粗壯，樹葉茂盛，樹下有一張由幾塊石頭組成的圓形石桌，石桌旁邊鋪了一塊彩色的布。背景中可以看到一堵紅磚牆，牆邊有一個梯子靠在牆上。牆的另一側有一棟建築物，建築物的頂部有一個白色的遮陽棚。天空晴朗，陽光充足，樹影在地面上投射出清晰的陰影。地面是水泥地，看起來比較乾淨。
./dataset/IMG20220220161551.jpg,這張圖片顯示了兩幅大型的畫作，分別展示在兩塊大屏幕上。畫作的風格是印象派，色彩鮮豔，充滿了光線和色彩的變化。左側的畫作中，有一個男人和一個女人在樹林中行走，背景是茂密的樹木和一些建築物。右側的畫作則展示了一條小路，兩旁是茂盛的樹木和灌木，遠處可以看到山丘和建築物。整體氛圍平靜而寧靜，表現了自然景色的美麗。
./dataset/IMG20210421130524.jpg,"這是一張印有中華民國國旗和印章的文件。文件上寫有「結訓令」，並附有詳細的內容說明。內容包括：

一、結訓人員依法列為後備軍人。
二、後備軍人依法應接受動員、臨時、教育、勤務、點閱各種各種召集及主管機關之編組管理。
三、後備軍人應對公務有終身保守機密之責任。
四、本結訓令應妥為保管，如有遺失，請向戶籍所在地縣（市）後備指揮部（服務中心）申請補發遺失證明。

文件底部有「中華民國」的標註，以及一些註記，說明文件的複製和保存方式。文件的右上角有中華民國國旗圖案。"
./dataset/IMG20220317131955.jpg,這張圖片展示了一片湖泊，湖水表面波光粼粼，反射出天空和周圍的景物。湖的對岸有一片綠色的植被，種植了許多樹木和灌木。在遠處，可以看到一棟高聳的摩天大樓，建築風格現代，建築物的外觀是玻璃和鋼筋構成的。天空是多雲的，雲層厚重，但亮度還不錯，顯示出一種陰天的氛圍。湖邊還有一座小橋，橋上似乎沒有行人。整體來說，這張圖片呈現出一種城市與自然共存的景象。
./dataset/IMG20220304141434.jpg,這張照片展示了一個公園的景觀。照片中可以看到多棵樹木，樹幹粗壯，樹冠茂盛，樹葉在微風中輕輕搖曳。樹木之間有綠色的圍欄，圍欄後面是一片綠色的草地，草地上有散落的樹葉。背景中可以看到更多的樹木和綠色植被，天空晴朗，陽光從樹葉間透射下來，形成斑斕的光影效果。地面上鋪有磚塊的小路，兩旁有綠色的灌木和草叢。整體環境清幽寧靜，適合散步和休閒。
./dataset/IMG20220316155650.jpg,這張照片展示了一條通往海岸的小徑。小徑兩旁長滿了綠色的植被和開滿白色小花的植物。小徑的盡頭是一片沙灘，沙灘邊緣是海浪拍打的聲音。遠處的海面上有幾艘船，天空中雲層密布，天色略顯陰沉。在沙灘的盡頭，有兩個人坐在草地上，似乎在欣賞海景。整體環境看起來非常寧靜，適合散步或靜坐觀賞自然風景。
./dataset/received_947869148647202(1)(1).jpeg,這張圖片展示了一座現代建築，建築的外觀為三角形，頂部有一個十字架。建築的外牆由許多小塊黃色磚塊組成，形成了一種網狀的視覺效果。建築的底部有一個寬闊的草坪，草坪上鋪滿了綠色的草。背景中可以看到一些樹木，天空晴朗，呈藍色。建築的設計風格獨特，與周圍的自然環境形成鮮明對比。
./dataset/20240510_171524.jpg,這張照片中，一個人站在浴室鏡子前，鏡子上有些水霧。他穿着一件深色的無袖上衣，雙手舉起，右手拿著一部手機，似乎在自拍。背景中可以看到浴室的牆壁和一扇玻璃門，門上有一個把手。牆壁是淺色的，門是透明的，透出一絲光亮。
./dataset/1535382549015_1.jpg,這張照片中，一位年輕男子坐在室內的沙發上，頭戴一頂黑色的棒球帽，帽檐朝前。他穿着一件深色的V領短袖T恤和一雙淺色的牛仔褲，手腕上戴著一塊黑色的手錶。他雙手捧著一部黑色的平板電腦，平板電腦的保護殼上有兩個圓形的開孔。背景中可以看到其他幾個人，他們似乎在咖啡廳或餐廳內，有穿著綠色上衣的人在吧檯前，還有穿著深色衣服的人坐在吧檯旁。環境看起來很明亮，有自然光從窗戶照進來。
./dataset/IMG20220304114435.jpg,這張照片展示了一個路邊的場景。天空陰沉，天色灰暗，似乎有陰雨的氣氛。道路兩側有幾棵棕櫚樹，樹葉在微風中輕擺。道路旁邊有一個行人道，上面有幾個人在行走。道路的盡頭有一個紅色的交通燈，目前顯示紅燈。道路的右側停有一輛藍色的貨車，車身上有廣告。道路兩側有幾輛車輛停在路邊。道路的盡頭有一個建築物，建築物前面有一個藍色的帳篷。道路兩側有幾棵樹，樹葉已經脫落，顯示出秋天的氣息。道路兩側有幾輛車輛停在路邊。道路的盡頭有一個建築物，建築物前面有一個藍色的帳篷。道路兩側有幾棵樹，樹葉已經脫落，顯示出秋天的氣息。道路兩側有幾輛車輛停在路邊。道路的盡頭有一個建築物，建築物前面有一個藍色的帳篷。道路兩側有幾棵樹，樹葉已經脫落，顯示出秋天的氣息。道路兩側有幾輛車輛停在路邊。道路的盡頭有一個建築物，建築物前面有一個藍色的帳篷。道路兩側有幾棵樹，樹葉已經脫落，顯示出秋天的氣息。道路兩側有幾輛車輛停在路邊。道路的盡頭有一個建築物，建築物前面有一個藍色的帳篷。道路兩側有幾棵樹，樹葉已經脫落，顯示出秋天的氣息。道路兩側有幾輛車輛停在路邊。道路的盡頭有一個建築物，建築物前面有一個藍色的帳篷。道路兩側有幾棵樹，樹葉已經脫落，顯示出秋天的氣息。道路兩側有幾輛車輛停在路邊。道路的盡頭有一個建築物，建築物前面有一個藍色的帳篷。道路兩側有幾棵樹，樹葉已經脫落，顯示出秋天的氣息。道路兩側有幾輛車輛停在路邊。道路的盡頭有一個建築物，建築物前面有一個藍色的帳篷。道路兩側有幾棵樹，樹葉已經脫落，顯示出秋天的氣息。道路兩側有幾輛車輛停在路邊。道路的盡頭有一個建築物，建築物前面有一個藍色的帳篷。道路兩側有幾棵樹，樹葉已經脫落，顯示出秋天的氣息。道路兩側有幾輛車輛停在路邊。道路的盡頭有一個建築物，建築物前面有一個藍色的帳篷。道路兩側有幾棵樹，樹葉已經脫落，顯示出秋天的氣息。道路兩側有幾輛車輛停在路邊。道路的盡頭有一個建築物，建築物前面有一個藍色的帳篷。道路兩側有幾棵樹，樹葉已經脫落，顯示出秋天的氣息。道路兩側有幾輛車輛停在路邊。道路的盡頭有一個建築物，建築物前面有一個藍色的帳篷。道路兩側有幾棵樹，樹葉已經脫落，顯示出秋天的氣息。道路兩側有幾輛車輛停在路邊。道路的盡頭有一個建築物，建築物前面有一個藍色的帳篷。道路兩側有幾棵樹，樹葉已經脫落，顯示出秋天的氣息。道路兩側有幾輛車輛停在路邊。道路的盡頭有一個建築物，建築物前面有一個藍色的帳篷。道路兩側有幾棵樹，樹葉已經脫落，顯示出秋天的氣息。道路兩側有幾輛車輛停在路邊。道路的盡頭有一個建築物，建築物前面有一個藍色的帳篷。道路兩側有幾棵樹，樹葉已經脫落，顯示出秋天的氣息。道路兩側有幾輛車輛停在路邊。道路的盡頭有一個建築物，建築物前面有一個藍色的帳篷。道路兩側有幾棵樹，樹葉已經脫落，顯示出秋天的氣息。道路兩側有幾輛車輛停在路邊。道路的盡頭有一個建築物，建築物前面有一個藍色的帳篷。道路兩側有
./dataset/IMG_20180727_122607_480.jpg,這張照片展示了一輛停放在室內展覽場地的印度車廠（Indian Motorcycle）機車。機車的車身主要顏色為黑色，車頭部分有銀色的裝飾，車頭燈是圓形的，車頭標誌上寫著「Indian」。車頭的前叉是直立式的，車頭燈下方有一個圓形的前照燈。車頭的前輪是黑色的，輪圈是銀色的。車頭的側面有一個紅色的標籤，上面寫著白色的文字。車頭的後方有一個後視鏡，車頭的後方還有一個後燈。車頭的後方還有一個後燈。車頭的後方還有一個後燈。車頭的後方還有一個後燈。車頭的後方還有一個後燈。車頭的後方還有一個後燈。車頭的後方還有一個後燈。車頭的後方還有一個後燈。車頭的後方還有一個後燈。車頭的後方還有一個後燈。車頭的後方還有一個後燈。車頭的後方還有一個後燈。車頭的後方還有一個後燈。車頭的後方還有一個後燈。車頭的後方還有一個後燈。車頭的後方還有一個後燈。車頭的後方還有一個後燈。車頭的後方還有一個後燈。車頭的後方還有一個後燈。車頭的後方還有一個後燈。車頭的後方還有一個後燈。車頭的後方還有一個後燈。車頭的後方還有一個後燈。車頭的後方還有一個後燈。車頭的後方還有一個後燈。車頭的後方還有一個後燈。車頭的後方還有一個後燈。車頭的後方還有一個後燈。車頭的後方還有一個後燈。車頭的後方還有一個後燈。車頭的後方還有一個後燈。車頭的後方還有一個後燈。車頭的後方還有一個後燈。車頭的後方還有一個後燈。車頭的後方還有一個後燈。車頭的後方還有一個後燈。車頭的後方還有一個後燈。車頭的後方還有一個後燈。車頭的後方還有一個後燈。車頭的後方還有一個後燈。車頭的後方還有一個後燈。車頭的後方還有一個後燈。車頭的後方還有一個後燈。車頭的後方還有一個後燈。車頭的後方還有一個後燈。車頭的後方還有一個後燈。車頭的後方還有一個後燈。車頭的後方還有一個後燈。車頭的後方還有一個後燈。車頭的後方還有一個後燈。車頭的後方還有一個後燈。車頭的後方還有一個後燈。車頭的後方還有一個後燈。車頭的後方還有一個後燈。車頭的後方還有一個後燈。車頭的後方還有一個後燈。車頭的後方還有一個後燈。車頭的後方還有一個後燈。車頭的後方還有一個後燈。車頭的後方還有一個後燈。車頭的後方還有一個後燈。車頭的後方還有一個後燈。車頭的後方還有一個後燈。車頭的後方還有一個後燈。車頭的後方還有一個後燈。車頭的後方還有一個後燈。車頭的後方還有一個後燈。車頭的後方還有一個後燈。車頭的後方還有一個後燈。車頭的後方還有一個後燈。車頭的後方還有一個後燈。車頭的後方還有一個後燈。車頭的後方還有一個後燈。車頭的後方還有一個後燈。車頭的後方還有一個後燈。車頭的後方還有一個後燈。車頭的後方還有一個後燈。車頭的後方還有一個後燈。車頭的後方還
./dataset/IMG20200218150342.jpg,這張照片中，一個人坐在公園的草地上，雙腳伸直，穿著棕色的鞋子和白色破洞的牛仔褲。背景是一片公園，有綠色的草地和一條小河，河邊有幾個人在散步。遠處可以看到一些建築物，包括一棟高樓和一些低層建築。天空晴朗，是藍色的。照片的右側有一個穿著牛仔褲的人的部分身體。
./dataset/20240529_144800.jpg,這張照片中，可以看到一個人的右臂，手臂上貼著一塊白色的創可貼。創可貼的下方有一塊白色的紗布，紗布上有一個小紅點。背景中可以看到一雙穿著白色鞋子的腳，以及一條藍色的物品，可能是椅子或桌子。照片的右側有一條藍色的邊緣，可能是桌邊或椅邊。照片的左側有一塊深色的地毯或地板。
./dataset/IMG20220308151519.jpg,這張照片展示了一片寬闊的水域，可能是湖泊或海灣。水面上反射著陽光，形成閃爍的光點。天空晴朗，沒有雲彩，陽光從左上角照射過來，產生了光線的散射效果。水邊有一些綠色的植被和草叢，遠處可以看到一些建築物和電線杆，表明這片水域附近有人類活動的痕跡。整體環境看起來非常寧靜和開闊。
./dataset/1529166181832.jpg,這張照片中有五位畢業生，他們穿着黑色的畢業袍和帽子，頭上戴著畢業帽，袍子上繡有金色的裝飾。他們站在一棟建築物前，背景是一片綠色的草地和幾棵樹木，建築物的設計獨特，頂部有尖塔狀的構造，建築物的玻璃窗反射出天空的藍色。畢業生們面帶微笑，其中一位畢業生手持一束鮮花。背景中還可以看到其他幾位畢業生和一些旁觀者。天空晴朗，陽光明媚。
./dataset/IMG20220315123523.jpg,"這張照片展示了一間日式風格的餐廳或咖啡廳。照片的前景是一張木製的桌子，上面放著一本寫有「Coffee, tea or Shibai?」的書，書的封面繪有幾棵樹和一間建築物的圖案。書的右下角標有「WD-F1」和「038109203」的編號。

在背景中，可以看到幾張木製的椅子和桌子，擺放在榻榻米上。牆壁上裝有滑動門，門上沒有裝飾。牆壁上還掛有一個裝飾品，看起來像是一株綠色的植物。在照片的左側，有一個人坐在桌子旁，他戴著口罩，正在使用手機。他面前的桌子上放著一瓶水。"
./dataset/IMG_20170713_195154_966(1)(1).jpg,這張照片展示了一個商店的內部。前景中有一個展示櫃，櫃內有幾塊用透明塑料袋包裹的糕點，可能是傳統的中式糕點。展示櫃的前面有一個白色的工作台，上面放著一雙透明的一次性手套和一把刀。工作台的後方是一個木製的櫃子，櫃子上有一個鎖。背景中可以看到商店的玻璃門，門外有幾個人在走動，門上有一些中文標語。門外的街道上有行人在行走，地面上鋪有石磚。
./dataset/IMG20200306160059.jpg,"這張圖片顯示了一張手寫的數學演算過程，內容涉及向量場的梯度運算以及在直角坐標系和球坐標系下的轉換。以下是詳細描述：

1. **向量場的梯度運算**：
   - 開始時，作者計算了向量場 \( \vec{f} \) 的拉普拉斯運算 \( \nabla^2 \vec{f} \)，並指出在直角坐標系下，向量場的拉普拉斯運算不會因向量場的梯度而改變。
   - 接著，作者展開了 \( \nabla^2 \vec{f} \) 的計算，並使用了向量的內積和偏導數來表示。
   - 作者進一步將 \( \nabla^2 \vec{f} \) 分解為 \( \sum_{i=1}^{3} \frac{\partial^2 f}{\partial x_i^2} \)，並表示為 \( \frac{\partial^2 f}{\partial x^2} + \frac{\partial^2 f}{\partial y^2} + \frac{\partial^2 f}{\partial z^2} \)。

2. **直角坐標系下的轉換**：
   - 接下來，作者討論了在直角坐標系下，向量場的梯度運算如何表示。
   - 作者使用了 \( \hat{e}_i \) 和 \( \frac{\partial \hat{e}_j}{\partial x_i} \) 的內積來表示向量場的梯度運算。
   - 作者進一步將 \( \nabla^2 \vec{f} \) 分解為 \( \sum_{i=1}^{3} \frac{\partial^2 f}{\partial x_i^2} \)，並表示為 \( \frac{\partial^2 f}{\partial x^2} + \frac{\partial^2 f}{\partial y^2} + \frac{\partial^2 f}{\partial z^2} \)。

3. **球坐標系下的轉換**：
   - 接著，作者轉換到球坐標系，並討論了在球坐標系下，向量場的梯度運算如何表示。
   - 作者首先定義了球坐標系下的向量場 \( \vec{r} \)，並表示為 \( \vec{r} = x \hat{x} + y \hat{y} + z \hat{z} \)，其中 \( x = r \sin \theta \cos \phi \)，\( y = r \sin \theta \sin \phi \)，\( z = r \cos \theta \)。
   - 接著，作者表示了球坐標系下的向量場 \( \vec{r} \) 的梯度運算，並分別計算了 \( \frac{\partial \vec{r}}{\partial r} \)，\( \frac{\partial \vec{r}}{\partial \theta} \)，和 \( \frac{\partial \vec{r}}{\partial \phi} \)。
   - 作者進一步討論了在球坐標系下，向量場的梯度運算如何表示，並表示為 \( \frac{\partial^2 f}{\partial r^2} + \frac{1}{r} \frac{\partial f}{\partial r} + \frac{1}{r \sin \theta} \frac{\partial}{\partial \theta} (\sin \theta \frac{\partial f}{\partial \theta}) + \frac{1}{r \sin \theta} \frac{\partial^2 f}{\partial \phi^2} \)。

4. **向量場的梯度運算在球坐標系下的轉換**：
   - 最後，作者討論了在球坐標系下，向量場的梯度運算如何表示，並表示為 \( \frac{\partial^2 f}{\partial r^2} + \frac{1}{r} \frac{\partial f}{\partial r} + \frac{1}{r \sin \theta} \frac{\partial}{\partial \theta} (\sin \theta \frac{\partial f}{\partial \theta}) + \frac{1}{r \sin \theta} \frac{\partial^2 f}{\partial \phi^2} \)。

整體來說，這張圖片展示了向量場的梯度運算在直角坐標系和球坐標"
./dataset/1529165009848.jpg,這張照片顯示了兩位年輕人站在一座建築物前，背景是藍天和綠樹。建築物的設計獨特，有三角形的玻璃窗和鋼筋結構。兩位年輕人站在建築物前的廣場上，背景中可以看到其他穿著畢業袍的人群，似乎是在畢業典禮上。兩位年輕人中，一位穿著畢業袍，另一位穿著白色T恤和綠色短褲。背景中還有幾個人在拍照或走動。整體氛圍歡樂且充滿慶祝的氣氛。
./dataset/20240626_121549.jpg,這張照片中，天空非常藍，雲朵蓬鬆，主要集中在右側。照片的右側還可以看到一些建築物的邊緣，建築物的顏色是灰白色，建築物的頂部有一個紅色的三角形。照片的右側還有一些樹木，樹木的葉子是綠色的。照片的左側是藍色的天空，沒有雲朵。照片的右側還可以看到兩根電線。
./dataset/1516339648092.jpg,這張圖片顯示了一台電視機，電視機屏幕上播放著一齣動畫節目。動畫節目中有一隻藍色的貓咪和一隻穿著紅色帽子的貓咪。藍色的貓咪正躺在地上，看起來有些疲憊或不滿意。電視機的畫面右上角顯示了頻道的標誌。背景中可以看到一扇開著的門和一排書架。電視機放置在一個黑色的架子上，架子的邊緣可以看到一些藍色的燈光。背景的牆壁上掛著一塊灰色的布簾。
./dataset/20230710_122216.jpg,這張照片展示了一個室內購物中心的內部景觀。照片中可以看到多層樓的建築結構，樓梯和玻璃欄杆清晰可見。樓梯旁邊有一塊大型的廣告牌，上面有中文文字和美食的圖片。樓梯下方有一家餐廳，餐廳的門口和內部裝修都清晰可見。餐廳的門口上方掛有招牌，招牌上寫有中文。餐廳內部有幾位顧客在用餐。整體環境明亮，裝修現代，给人一种高檔和舒適的購物體驗。
./dataset/1562820396642.jpg,這張照片中有三個人站在一個大型的充氣裝置前。這個充氣裝置的顏色主要是藍綠色，上面有一個大大的卡通臉，臉上帶有微笑的表情。三個人都面帶微笑，其中一個人戴著一頂黃色的皮卡丘造型的帽子。背景中可以看到一個穿著藍色上衣的服務員，服務員後方有一個告示牌，上面寫著一些文字。照片的環境看起來像是室內的購物中心或展覽場地。
./dataset/IMG20220316140932.jpg,這張圖片展示了一個公園的景觀。前景中有一片草地，草地上散落著一些岩石。草地旁邊有一條小河，河面上有幾塊岩石，河邊還有一座小橋。橋的兩端有兩塊石頭，橋的另一側可以看到更多的岩石和樹木。背景中可以看到更多的樹木和綠色的草地，天空是多雲的。整體環境看起來很平靜，適合散步和休閒。
./dataset/IMG20220304121111.jpg,這張照片中，一個人戴著口罩和頭盔，背景是戶外的景觀，可以看到遠處的樹木和建築物。這個人穿著一件黑色的外套，肩上掛著一個有迷彩圖案的背包。背景的天空比較陰沉，可能是陰天。
./dataset/IMG20220527201259.jpg,這是一幅用鉛筆繪製的肖像畫，畫中人物為男性，頭髮濃密，鬍鬚濃密，面部表情沉穩。畫面右下角有簽名和日期，日期為2025年2月27日，簽名為“Aaron”。背景為純白，畫作風格簡潔，注重細節表現。
./dataset/20230826_150928.jpg,這張照片展示了一條河流，河面上有一座橋樑。橋樑兩端連接著綠色的植被和建築群。天空湛藍，有幾朵雲彩漂浮在空中。河岸兩側有茂密的樹木和草地，環境綠意盎然。遠處可以看到一些建築物，可能是城市建築。整體景色非常寧靜，陽光明媚。
./dataset/20230820_180848.jpg,這張照片中，可以看到一間建築物的一角，建築物的牆面是紅色和白色相間的磚塊。建築物的窗戶是方形的，窗戶邊緣有鐵欄杆。建築物的頂部有一個突出的部分，上面有一些管道和設備。建築物的右側有一棵樹，樹葉茂盛。天空中有一道彩虹，彩虹從左側延伸到右側，天空的顏色較為灰暗，可能剛剛下過雨。
./dataset/IMG20220313112128.jpg,這張照片展示了一個海邊的景觀。照片中有一個紅色的大型雕塑，形狀像是一個門框，矗立在一片空曠的沙灘上。沙灘上散落著一些大塊的岩石，岩石之間有綠色的草地。背景是藍色的天空和無邊的海洋，海面波光粼粼。幾個人在沙灘上行走，其中一個人撐著藍色的雨傘。整體環境非常開闊，空氣清新，陽光明媚。
./dataset/IMG20211016222213.jpg,這幅畫是一幅用水彩畫成的畫作，畫在一本綁綵的筆記本上。畫中描繪了幾個圓形的水果，可能是檸檬，因為它們的顏色是鮮豔的黃色，並帶有綠色的斑點。這些圓形的水果被排列成一個堆疊的形狀，背景是淡藍色和紫色的漸變色，給整幅畫帶來了一種柔和的氛圍。畫面的邊緣有些模糊，顯示出水彩畫的特有質感。整體來說，這幅畫表現出一種簡單而生動的風格。
./dataset/20240224_233216.jpg,"這張圖片顯示了一本書的一部分，書頁上有一些標註和註釋。書頁上有一個藍色的方框，方框內寫著「輕鬆下載 YouTube 檔案」。方框下方有一段文字，內容是：

透過這個簡單的程式，我們就可以輕鬆地下載 YouTube 上的影片或音檔了！但要注意的是，不要下載未經授權的檔案，也請勿透過其他方式公開發佈或分享所下載的檔案內容。

在方框的右側，有一個紅色的方框，方框內寫著「Download」。方框下方有一段文字，內容是：

程式碼詳解：

1. #匯入套件及相關函式
2. from pytube import YouTube
3. from pytube.exceptions import RegexMatchError
4. from os import import path

書頁的左側有一個標籤，標籤上寫著「Rename」、「Open」、「Open in split」、「Copy file path」、「Copy file link」、「Duplicate file」、「Download」、「Delete」。每個標籤旁邊都有對應的圖示。"
./dataset/IMG20220315153205.jpg,這張圖片展示了一片海岸線的景色。前景是茂密的綠色植被，看起來像是樹木和灌木叢。中景是懸掛在空中的電纜線，電纜線從左上角延伸到右上角。背景是藍色的海洋和多雲的天空。天空中的雲朵散佈在藍色的天空中，雲層較薄，顯示出一種輕盈的氛圍。整體感覺是自然和寧靜的環境。
./dataset/20230820_154416.jpg,這張照片展示了一個臨海的公園景觀。照片中可以看到一排排的樹木，樹木的葉子呈綠色，樹幹筆直。公園的地面鋪有磚塊，並種植了綠色的草地。在公園的後方，有一排欄杆，欄杆後方是海面，海面上有幾艘船隻。遠處可以看到一些建築物，建築物後方的天空布滿了厚重的雲層，天空呈灰白色。公園的欄杆後方還有一座橋樑，橋樑的遠端連接著建築物。照片的右側還可以看到一些路標和路燈。
./dataset/IMG20220304150703.jpg,這張照片展示了一個公園的景象。照片中可以看到許多樹木，樹葉茂盛，綠意盎然。樹木之間的空地上鋪有草地，草地上散落著一些枯葉。背景中可以看到一些建築物，建築物的牆壁是白色的。天空晴朗，陽光從樹葉間照射下來，形成斑斕的光影效果。照片的右側還有一些樹枝垂下來，遮擋了一部分視野。整體感覺非常寧靜和自然。
./dataset/IMG20220326174938.jpg,這張照片中，一個人站在鏡子前，背對著鏡子，鏡子中反映出他的後背。他沒有穿衣服，只穿了一個口罩。他用右手拿著一部手機，似乎在拍照或錄影。鏡子的上方掛著一串紅綠相間的旗幟，旗幟上有一些圖案。背景中可以看到一扇黑色的門，門的上方有兩塊標籤。門的兩側是白色的牆壁，牆壁上有一個開關。照片的左側有一部分人的手臂，手臂上有一個白色的物品。照片的右側有一個水龍頭。
./dataset/1529166036246.jpg,這張照片中有三位畢業生，他們穿着畢業袍，站在一處戶外場地。背景中有一座高聳的玻璃塔，塔頂尖銳，直指藍天。天空晴朗，陽光明媚，綠樹成蔭。照片中還可以看到其他幾位穿著畢業袍的人，他們似乎在參加畢業典禮。地面上鋪有水泥，而背景的草地則顯得非常寬廣。照片中的人們看起來非常開心，似乎在慶祝他們的畢業。
./dataset/IMG20220220144845.jpg,這張圖片展示了一個室內的裝飾場景。背景是一幅精美的壁畫，壁畫上繪有茂盛的綠色植物和垂吊的紫色花朵，營造出一種自然的氛圍。前景中有一個綠色的木製圍欄，圍欄的設計簡單而樸實，圍欄的下方有一些綠色的蕨類植物和其他小型植物，這些植物被種植在一個淺色的土壤中。圍欄的後方有一個小水池，水池的水面上反射著壁畫的圖案，增加了場景的深度和美感。整體來說，這個場景看起來像是在一個室內的花園或展示區，用來裝飾和美化空間。
./dataset/1528036892731.jpg,這張照片是在電影院拍攝的，照片中有三個人坐在戲院的座位上。前排的兩個人坐在一起，後排的兩個人也坐在一起。前排的兩個人中，前面的穿著黑色外套，後面的穿著白色上衣。後排的兩個人中，前面的戴著眼鏡，穿著白色上衣，後面的穿著深色上衣。戲院的座位是紅色的，背景是黑暗的，只有幾束光線從上方照射下來。
./dataset/20231019_134438.jpg,這張照片展示了一片城市景觀。天空湛藍，雲朵稀疏，散佈在天空中。照片的右側有一棟高樓，建築外牆以玻璃和鋼材構成，窗戶排列整齊。建築的頂部有一個平台，平台上有綠色植物裝飾。背景中還可以看到幾棟不同高度的建築，建築外牆顏色多樣，有藍色、白色和灰色等。建築之間有綠樹成蔭，綠樹與建築形成鮮明對比。整體感覺現代化且整潔。
./dataset/IMG20220220145554.jpg,"這張圖片展示了一個標題為「THE SOUND OF COLOUR」的展覽介紹。展覽內容涉及音樂、繪畫和色彩的關係。圖片上有一個白色背景的展覽介紹板，上面有中文和英文的內容。中文部分描述了音樂、繪畫和色彩之間的聯繫，特別提到了印象派和印象派音樂家如何通過抽象的聲音和色彩來表現現實生活。英文部分則提供了對中文內容的翻譯，並解釋了色盲症的概念，即一種人無法無意間體驗到某種感官的感覺，例如色盲症者無法聽到顏色，但可以聽到音樂和聞到氣味。

展覽介紹板的右側有一個圓形的圖表，圖表中分爲多個部分，每個部分都標註了不同的顏色和標籤，例如「紅色」、「黃色」、「藍色」等，並附有相應的英文解釋。圖表的中心是一個圓形的標題，標題上寫著「色彩的旋律」，這表明展覽的主題是關於色彩如何影響音樂和繪畫的創作。展覽介紹板的左側有一個黑色的邊框，邊框上有一些裝飾性的圖案，可能是展覽的標誌或裝飾元素。展覽介紹板的右側有一個黑色的邊框，邊框上有一些裝飾性的圖案，可能是展覽的標誌或裝飾元素。展覽介紹板的右側有一個黑色的邊框，邊框上有一些裝飾性的圖案，可能是展覽的標誌或裝飾元素。展覽介紹板的右側有一個黑色的邊框，邊框上有一些裝飾性的圖案，可能是展覽的標誌或裝飾元素。展覽介紹板的右側有一個黑色的邊框，邊框上有一些裝飾性的圖案，可能是展覽的標誌或裝飾元素。展覽介紹板的右側有一個黑色的邊框，邊框上有一些裝飾性的圖案，可能是展覽的標誌或裝飾元素。展覽介紹板的右側有一個黑色的邊框，邊框上有一些裝飾性的圖案，可能是展覽的標誌或裝飾元素。展覽介紹板的右側有一個黑色的邊框，邊框上有一些裝飾性的圖案，可能是展覽的標誌或裝飾元素。展覽介紹板的右側有一個黑色的邊框，邊框上有一些裝飾性的圖案，可能是展覽的標誌或裝飾元素。展覽介紹板的右側有一個黑色的邊框，邊框上有一些裝飾性的圖案，可能是展覽的標誌或裝飾元素。展覽介紹板的右側有一個黑色的邊框，邊框上有一些裝飾性的圖案，可能是展覽的標誌或裝飾元素。展覽介紹板的右側有一個黑色的邊框，邊框上有一些裝飾性的圖案，可能是展覽的標誌或裝飾元素。展覽介紹板的右側有一個黑色的邊框，邊框上有一些裝飾性的圖案，可能是展覽的標誌或裝飾元素。展覽介紹板的右側有一個黑色的邊框，邊框上有一些裝飾性的圖案，可能是展覽的標誌或裝飾元素。展覽介紹板的右側有一個黑色的邊框，邊框上有一些裝飾性的圖案，可能是展覽的標誌或裝飾元素。展覽介紹板的右側有一個黑色的邊框，邊框上有一些裝飾性的圖案，可能是展覽的標誌或裝飾元素。展覽介紹板的右側有一個黑色的邊框，邊框上有一些裝飾性的圖案，可能是展覽的標誌或裝飾元素。展覽介紹板的右側有一個黑色的邊框，邊框上有一些裝飾性的圖案，可能是展覽的標誌或裝飾元素。展覽介紹板的右側有一個黑色的邊框，邊框上有一些裝飾性的圖案，可能是展覽的標誌或裝飾元素。展覽介紹板的右側有一個黑色的邊框，邊框上有一些裝飾性的圖案，可能是展覽的標誌或裝飾元素。展覽介紹板的右側有一個黑色的邊框，邊框上有一些裝飾性的圖案，可能是展覽的標誌"
./dataset/IMG_20181129_155134_832.jpg,這張圖片展示了一個黑色的避孕套包裝，上面印有白色的文字「Zero-O」和「FBRICATED CONDOM」。避孕套包裝上還有一個棕色的蝴蝶結，上面寫著「I spoke of love that others just」。背景是一個木質桌面。圖片下方有兩行文字，第一行是「以為是棒棒糖」，第二行是「以為是棒棒糖」，兩行文字之間有兩個笑臉表情符號。
./dataset/1549433841104.jpg,這張照片中有五個人，他們站在一個景點的欄杆前，背景是城市的建築和綠樹。從左到右，第一個穿著黃色和黑色外套的人，第二個穿著藍色帽子和牛仔外套的人，第三個穿著藍色上衣和圍巾的人，第四個穿著白色襯衫和白色褲子的人，第五個穿著灰色連帽衫的人。他們都面帶微笑，似乎在享受這段時間。背景中的城市建築和綠樹顯示出這是一個開放的景點，可能是一個公園或觀景台。
./dataset/IMG20220316135759.jpg,這張圖片展示了一片森林的景象。地面上鋪滿了泥土和一些綠色的草本植物。樹木高大，樹幹筆直，樹皮上長滿了青苔和蕨類植物。樹木之間的空隙中可以看到一些樹枝和樹葉，顯示出樹木的茂盛。背景中有一個小山丘，山丘上也長滿了綠色的草本植物。天空陰沉，沒有明顯的陽光照射，整個場景顯得比較陰鬱。地面上的泥土和草本植物之間有幾條小路，可能是人行道或小徑。整體來說，這是一幅自然環境的靜態照片，沒有任何動態元素。
./dataset/1562820323614.jpg,這張照片中有三個人站在一起，背景是一個大型的黃色卡通角色，這個角色有大大的耳朵和紅色的嘴巴，看起來像是皮卡丘。三個人都面帶微笑，看起來心情愉快。照片的左側有一個人戴著一頂藍色的Adidas棒球帽，中間的人穿著一件白色T恤，右側的人穿著一件紅色的T恤。背景中還可以看到其他一些卡通角色的圖案。
./dataset/20230706_072915.jpg,這張照片展示了一個城市的街景。天空中布滿了蓬鬆的雲朵，天空呈藍色。地面上有一條寬闊的道路，兩側種植了茂盛的綠樹。道路兩旁有幾棟建築，建築物外觀現代，窗戶排列整齊。建築物的顏色以白色和淺灰色為主，窗戶邊緣有綠色的窗框。建築物的頂部有一些綠色的植物裝飾。道路旁邊停有一輛白色的小車。遠處可以看到一些建築物，建築物的頂部有尖塔狀的設計。整體環境看起來非常整潔和現代。
./dataset/IMG20220304151019.jpg,這張照片展示了一個公園的景觀。照片中有一條蜿蜒的小徑，兩旁種植了許多樹木。樹木的枝葉茂盛，有些樹木開出了粉紅色的花朵，為公園增添了春日的氣氛。背景中可以看到一棟建築物，建築物的牆壁是淺色的，窗戶排列整齊。建築物的後方還有一些樹木和綠色的草地。照片的右側有兩個人在小徑上行走，他們的背影朝向建築物。整體來說，這張照片呈現了一個寧靜而美麗的公園景觀。
./dataset/20230710_123726.jpg,這張圖片展示了一組餐具，包括兩雙筷子和一個湯匙。筷子一雙是黑色的，另一雙是金色的，兩雙筷子的握柄部分都裝飾有金色的環。湯匙是金色的，設計簡潔。餐具被放置在一個大理石紋理的盤子上，盤子的邊緣是白色的，盤子的中心部分有類似大理石紋理的圖案。盤子下方似乎是一個白色的檯面，檯面的邊緣有一部分是灰色的。背景中可以看到一塊木質的家具。
./dataset/20231019_163010.jpg,這張照片中，攝影者從低角度仰拍，捕捉到一些建築物和天空的景象。建築物的外牆主要是淺色的，窗戶排列整齊，建築物的頂部有一些突出的結構。建築物的右側有一棵樹的部分枝葉。天空湛藍，雲層稀疏，有幾朵雲朵在天空中飄浮，雲朵的形狀不規則，有些部分被陽光照射，呈現出柔和的白色。照片的右上角有一條細長的飛機飛行的痕跡。整體來說，這張照片呈現出一種現代都市的氛圍。
./dataset/IMG20220304163914.jpg,這張照片展示了一個公園的景觀。前景中有幾棵開滿粉紅色花朵的樹木，樹葉已經落光，顯示出冬季或早春的季節。背景中可以看到公園內的綠化帶，種植了多種樹木和灌木，並鋪設了石板小路。遠處有一些建築物，可能是公園的管理建築或觀光設施。公園的邊緣有一條馬路，馬路上有幾輛車輛停靠。整體環境看起來非常寧靜，適合散步和休閒。
./dataset/IMG20220309120621.jpg,這張照片展示了一個公園或廣場的場景。照片中可以看到幾棵樹，樹木的枝葉已經開始發芽，顯示出春天的氣息。樹木被支架支撐，可能是為了保護樹木的成長。背景中有一棟高樓建築，建築外牆顏色為淺色，窗戶排列整齊。建築旁邊有一個水池，水池邊緣有幾塊白色的石塊。水池旁邊有一條水泥步道，步道兩側是綠色的草地。天空晴朗，陽光充足，整個場景顯得非常明亮。
./dataset/received_922405197860264(1)(1).jpeg,這張照片展示了一棵大型的聖誕樹，樹上點綴著許多閃爍的燈光，營造出溫馨的聖誕氛圍。聖誕樹位於一棟建築物前，建築物的外牆上有幾塊廣告牌，顯示著不同的品牌和廣告內容。聖誕樹旁邊有幾位行人，他們似乎在觀賞或拍照。背景中可以看到一些其他的建築物和街道燈光，顯示出這是在一個城市環境中。整體來說，這張照片捕捉到了一個城市在聖誕節期間的歡樂氣氛。
./dataset/received_947869105313873(1)(1).jpeg,這張圖片展示了一個美麗的戶外園林景觀。天空湛藍，雲朵稀疏，陽光明媚。園林中種植了多種植物，包括高大的棕櫚樹、綠色的灌木和一些開花的植物。園林的地面鋪設了綠色的草坪，並鋪設了幾條石板小路。園林的一側有一棟建築物，建築物的牆壁是淺色的。園林的環境非常整潔，植物種植得井井有條，給人一種寧靜和愉悅的感覺。
./dataset/IMG20220318163924.jpg,"這張照片展示了一座城市的街景。照片中可以看到台北101大樓，這是一座高聳的摩天大樓，位於照片的中央偏右位置。大樓的外觀是玻璃和鋼鐵構造，反射出周圍的天空和建築。大樓的頂部有一個天線塔。

在大樓的前面，有一座較低的建築物，建築物的外牆是淺色的，窗戶排列整齊。建築物的前面有一些樹木和綠化帶，並有幾輛停在路邊的汽車。道路兩側有交通燈和路標，顯示出城市的交通設施。天空是灰蒙蒙的，可能表示當天的天氣是陰天或有霧。整體來說，這張照片呈現了一個現代都市的街景。"
./dataset/20230721_093158.jpg,這張照片顯示了一輛白色貨車停在路邊，背景是藍天和雲朵。貨車停在一個護欄旁邊，護欄後方有幾輛貨車。照片的右上角有一架飛機飛過，留下了一條白色的飛機尾跡。照片的左側有一個紅色的容器，可能是貨車的一部分。照片的右側有一個黑色的物體，可能是車窗或鏡子的反光。照片的左下角有一個模糊的影子，可能是攝影者的手或身體。照片的右下角有一條白色的路邊線。
./dataset/13779_632094573557035_4768382861167728662_n(1).jpg,這張照片中有一群人，包括兒童和成人，他們似乎是在室內的場所集合。背景中可以看到一些裝飾品，包括掛在牆上的彩色圖案和標語。人們都面帶微笑，有些人舉起手指做出和平的姿勢。兒童們的姿態比較活潑，有些在前排，有些在後排。成人們站在兒童們的後方，似乎在保護他們或與他們一起拍照。照片的氛圍看起來很歡樂和團結。
./dataset/IMG20220315125027.jpg,一隻狗正躺在室內的木地板上，面向門外。地板是淺色的木質地板，門是木製的，門框是深色的。門外可以看到一條灰色的地毯和一堵磚牆。門的邊緣有一個金屬的合頁。狗的毛色是淺棕色，耳朵尖端是黑色的，脖子上掛著一個項圈。狗的姿態是側躺，頭部稍微抬起，眼睛看向門外。
./dataset/20230914_064250.jpg,這張照片顯示了一扇門的上半部分，門上方有一扇小窗戶，窗戶上裝有百葉窗。百葉窗的縫隙中透進來一些陽光，形成了幾道光線和影子。門本身是淺色的，門框是淺棕色的。窗戶的邊緣可以看到一些模糊的物品，可能是室內的裝飾品或家具。窗戶的邊緣和門框之間有一條細縫，門的表面看起來比較光滑。
./dataset/1527859260266.jpg,"這張圖片展示了一塊掛在紅磚牆上的告示牌。告示牌上有一個圓形照片，照片中有五位年輕人站在一起，他們的臉部被模糊處理了。告示牌上寫有中文文字，內容如下：

- 作品名稱：軌跡
- 指導老師：廖敏君
- 創作理念：曾吹過，一陣風。風吹過不帶任何痕跡，但是時間卻會留下「軌跡」。「軌跡」的推疊，古早、過去、當代和現在。透過時間的切片，串聯起如風的流動。
- 製作材料：報紙、吸管
- 創作者：社會三萬庭恩、社會三李菘淮、社會三李東穎、美術四林雅詩、建築碩張哲瑋、企管三楊士民、美術四高邱陽、物理四呂俊廷

告示牌的左側有「風兒吹啊吹」的中文文字，右側有「PART II」的英文字母。"
./dataset/20230820_181404.jpg,這張照片中，可以看到一場雨過天晴後的景象。天空中有一道明亮的彩虹，從左下角延伸到右上角，橫跨整個視野。彩虹的兩端幾乎接觸到地平線，顯示出一種壯觀的景象。天空的顏色較為灰暗，可能是剛剛下過雨，雲層厚重。照片的右側有一棟建築，建築外牆是磚塊砌成的，窗戶和陽臺的設計簡單實用。建築的顏色是淺黃色，窗戶邊緣有鐵欄杆。建築的頂部有一些電線和電表箱。左側可以看到一株樹的樹冠，樹葉茂盛。整體來說，這張照片捕捉到了雨後彩虹的美麗瞬間。
./dataset/IMG20211016222400.jpg,這幅水彩畫展示了幾種蔬菜和水果的靜物畫。畫面中有一個透明的玻璃碗，碗內有一個紅色的蘋果。碗的後方有一個藍色的壺，壺的顏色較深，與背景形成對比。畫面左側有一個黃色的南瓜，右側有一個綠色的青椒，青椒的顏色較深，與背景形成對比。畫面下方有一個橙色的胡蘿蔔，胡蘿蔴的顏色較淺，與背景形成對比。畫面左下角有兩個小紅色的果實，可能是櫻桃或草莓。背景是漸變的藍色，從深藍到淺藍，給整幅畫面帶來了柔和的氛圍。整體畫面色彩鮮豔，表現了蔬菜和水果的鮮美。
./dataset/20230916_161202.jpg,這張照片展示了一個室內空間，天花板部分有明显的損壞和破損。可以看到天花板上有幾個大洞，露出內部的結構。這些洞的邊緣有些崩塌，顯示出牆壁和天花板之間的聯繫已經受到破壞。天花板的顏色是白色的，但由於損壞，部分區域已經脫落，露出下面的磚塊和建築材料。天花板上還有一些黑色的鋼筋和管道，這些可能是建築結構的一部分。在照片的左側，有一個黑色的框架，可能是窗戶或門的框架。在照片的右側，可以看到一排垂直的管道，這些可能是空調或暖通系統的一部分。照片的左下角有一塊綠色的標誌，上面寫著「EXIT」，顯示這是一個出口。照片的右側還有一個黑色的欄杆，可能是樓梯或樓梯間的扶手。整體來說，這張照片顯示了一個正在維修或翻新的建築空間。
./dataset/IMG20220218170842.jpg,這張照片展示了一棟現代化的建築，建築外牆由玻璃和鋼材構成，呈現出深色調。建築有多層樓層，每層樓層的窗戶排列整齊。建築前面有一條馬路，馬路兩側停有幾輛車輛，包括一輛銀色的小型轎車和一輛電動機車。馬路旁邊有一些樹木，樹木的枝葉已經脫落，顯示出可能是冬季或早春的季節。天空陰沉，可能預示著即將下雨。建築前的馬路標誌清晰，顯示出交通標誌和方向指示。
./dataset/20240502_133656.jpg,"這張圖片展示了一個開箱的產品，包含以下內容：

1. 一個藍色的盒子，裡面有黑色的塑料托盤，托盤上有兩個小方塊和一個大圓形凹槽。
2. 一個印有兩張照片的卡片，照片上分別標註了名字「SIWON」和「RYEOWOOK」。
3. 一張印有建築圖案的卡片，建築圖案色彩鮮豔，背景有水彩效果。
4. 一張印有顏色樣板的卡片，樣板上標註了不同的顏色名稱，如「Burnt Sienna」、「Burnt Umber」、「Cadmium Orange」等。
5. 一隻透明的筆，筆尖部分是黑色的，筆身有綠色的環狀裝飾。

所有物品都擺放在一個白色的表面上。"
./dataset/1503051108368(1)(1).jpg,一張木桌上有幾道菜。桌上有兩碗飯，一盤炒飯，一盤蔬菜，一盤土豆泥。還有一個藍色的碗，裡面裝著一盤帶有奶酪的蔬菜。桌上有一個透明的玻璃杯，裡面裝著水。還有一個銀色的湯匙和一雙筷子放在飯碗旁邊。桌邊有一個黑色和白色條紋的布，上面寫著「Café Meal MUJI」。背景中可以看到一個人，他穿着一件印有「FREE SPIRIT WILD HEART」字樣的T恤，正在用筷子吃飯。
./dataset/IMG20220220151332.jpg,這張照片展示了一個室內展覽場景。牆上投影出一幅印象派畫家莫內的畫作，畫面中有一個海灘，海灘上有一些遊客，遠處有一座建築物，天空中飄著雲朵。牆上還有一塊顯示屏，上面有英文和中文的字幕，內容涉及對畫作的描述。照片前景中，有幾個觀眾坐在地上，他們正在用手機拍照或錄影。
./dataset/1529165705025.jpg,這張照片中有兩位穿著畢業袍的年輕人站在一起，背景是一座高聳的建築物，建築物的設計獨特，頂部尖銳，由玻璃和鋼構組成。建築物後方有許多遊客，有些人撐著陽傘，似乎是在一個戶外的場地。天空晴朗，有幾朵雲，環境看起來很開闊，綠樹成蔭。照片中的人們看起來心情愉快，似乎是在慶祝畢業的時刻。
./dataset/20230814_171302.jpg,這張照片展示了一片藍天，天空中有一些雲朵。太陽從雲層中透出，發出耀眼的光芒，並在地面上投射出光線。照片的左側有一棟建築物，建築物的頂部和部分側面在照片中清晰可見。建築物的前面有一些樹木，樹木的樹冠在照片中顯得比較暗。照片的右側有一片樹木，樹木的樹冠在照片中顯得比較暗。照片的右側有一片樹木，樹木的樹冠在照片中顯得比較暗。照片的右側有一片樹木，樹木的樹冠在照片中顯得比較暗。照片的右側有一片樹木，樹木的樹冠在照片中顯得比較暗。照片的右側有一片樹木，樹木的樹冠在照片中顯得比較暗。照片的右側有一片樹木，樹木的樹冠在照片中顯得比較暗。照片的右側有一片樹木，樹木的樹冠在照片中顯得比較暗。照片的右側有一片樹木，樹木的樹冠在照片中顯得比較暗。照片的右側有一片樹木，樹木的樹冠在照片中顯得比較暗。照片的右側有一片樹木，樹木的樹冠在照片中顯得比較暗。照片的右側有一片樹木，樹木的樹冠在照片中顯得比較暗。照片的右側有一片樹木，樹木的樹冠在照片中顯得比較暗。照片的右側有一片樹木，樹木的樹冠在照片中顯得比較暗。照片的右側有一片樹木，樹木的樹冠在照片中顯得比較暗。照片的右側有一片樹木，樹木的樹冠在照片中顯得比較暗。照片的右側有一片樹木，樹木的樹冠在照片中顯得比較暗。照片的右側有一片樹木，樹木的樹冠在照片中顯得比較暗。照片的右側有一片樹木，樹木的樹冠在照片中顯得比較暗。照片的右側有一片樹木，樹木的樹冠在照片中顯得比較暗。照片的右側有一片樹木，樹木的樹冠在照片中顯得比較暗。照片的右側有一片樹木，樹木的樹冠在照片中顯得比較暗。照片的右側有一片樹木，樹木的樹冠在照片中顯得比較暗。照片的右側有一片樹木，樹木的樹冠在照片中顯得比較暗。照片的右側有一片樹木，樹木的樹冠在照片中顯得比較暗。照片的右側有一片樹木，樹木的樹冠在照片中顯得比較暗。照片的右側有一片樹木，樹木的樹冠在照片中顯得比較暗。照片的右側有一片樹木，樹木的樹冠在照片中顯得比較暗。照片的右側有一片樹木，樹木的樹冠在照片中顯得比較暗。照片的右側有一片樹木，樹木的樹冠在照片中顯得比較暗。照片的右側有一片樹木，樹木的樹冠在照片中顯得比較暗。照片的右側有一片樹木，樹木的樹冠在照片中顯得比較暗。照片的右側有一片樹木，樹木的樹冠在照片中顯得比較暗。照片的右側有一片樹木，樹木的樹冠在照片中顯得比較暗。照片的右側有一片樹木，樹木的樹冠在照片中顯得比較暗。照片的右側有一片樹木，樹木的樹冠在照片中顯得比較暗。照片的右側有一片樹木，樹木的樹冠在照片中顯得比較暗。照片的右側有一片樹木，樹木的樹冠在照片中顯得比較暗。照片的右側有一片樹木，樹木的樹冠在照片中顯得比較暗。照片的右側有一片樹木，樹木的樹冠在照片中顯得比較暗。照片的右側有一片樹木，樹木的樹冠在照片中顯得比較暗。照片的右側有一片樹木，樹木的樹冠在照片中顯得比較暗。照片的右側有一片樹木，樹木
./dataset/IMG_20200620_144958_146.jpg,這是一張多人合影的照片，背景是一個室內場地，天花板上有燈光裝飾。照片中有許多穿著正式服裝的人，他們坐成幾排，面帶微笑。照片的右側有幾個穿著不同服裝的人，他們前面擺放著寫有「THUNDER」字樣的道具。照片下方有文字標註「@lujunting」，以及中文文字「動態回顧」和「2018年6月15日」。
./dataset/IMG20220220161232.jpg,這張圖片顯示了三塊投影屏幕，上面投影了山巒的圖像。山巒的顏色從藍色、綠色到橙色和紅色漸變，表現出一種抽象的藝術效果。背景是黑暗的，只有投影屏幕發出亮光，使得山巒的圖像成為視覺焦點。投影屏幕之間有黑色的邊框，將三塊屏幕區分開來。
./dataset/line_1526986631640.jpg,這張圖片展示了一盤炒麵。炒麵上鋪有黃色的麵條，上面撒有綠色的蔥花、切碎的紅蘿蔔絲和一些豆芽。炒麵的表面還撒有黑色的胡椒粉，看起來味道鮮美。盤子是白色的長方形，放在深色的木桌上。
./dataset/IMG20220531194737.jpg,這是一幅素描畫，畫中是一位女性的頭像。畫家使用了細緻的筆觸來表現人物的面部特徵，包括眼睛、眉毛、鼻子和嘴巴。畫家還使用了不同的筆觸來表現髮型，髮型看起來是中長髮，並稍微向後梳。畫家在畫的右下角簽名並標註了日期「2022.5.31」。整體風格簡潔而富有表現力。
./dataset/IMG20220220163357.jpg,這張照片展示了一個室內展覽場景。場景中有多個大型屏幕，屏幕上播放著一系列的畫面，這些畫面似乎描繪了人們在橋樑上行走的場景。畫面中的橋樑結構複雜，有鐵製的框架構件。觀眾們坐在屏幕前，觀看這些畫面。展覽場館的天花板是開放式的，可以看到木質的樑柱結構。場館內的照明較暗，突出了屏幕上的畫面。
./dataset/IMG20220308172851.jpg,這張照片展示了一間閣樓風格的宿舍房間。房間內有兩張上下鋪的床，床架為黑色金屬結構，床頭板為木質材料。床鋪上鋪有白色的被子和枕頭，被子有些凌亂。房間的牆壁為淺色，天花板傾斜，有黑色的橫樑。牆角有一個小櫃子，櫃子上放著一些物品。照片的前景中可以看到一個人的腳，他正躺在床鋪上。
./dataset/20230820_154601.jpg,這張照片展示了一個臨海的公園景觀。前景中有一排木製長椅，排列在綠色的草地上，長椅後方有一排樹木，樹木的枝葉稀疏，顯示出一種蕭瑟的氣氛。背景中可以看到一排鐵欄杆，欄杆後方是海面，海面上有幾艘船隻和遠處的貨櫃碼頭，碼頭上有許多高大的貨櫃吊車。天空陰沉，雲層厚重，顯示出一種陰鬱的天氣。整體環境看起來比較冷清，沒有明顯的人活動。
./dataset/IMG20210814220558.jpg,這張照片中，一個人站在鏡子前，鏡子反射出他的全身。他穿着一件黑色的短袖T恤，頭髮是黑色的，正在用一部紅色的智慧手機自拍。背景中可以看到一扇黑色的門，門上掛著一串紅綠相間的裝飾旗，上面有聖誕樹的圖案。門的右側有一盆綠色植物，放在一個紅色的托盤上。牆壁上有一個黃色的警告牌，上面有中文標語。照片的左側有一個白色的牆壁，牆壁上有一個小的開關或插座。照片的右側有一個白色的門，門上有一個小的開關或插座。照片的左側有一個白色的牆壁，牆壁上有一個小的開關或插座。照片的右側有一個白色的門，門上有一個小的開關或插座。
./dataset/11149357_632082483558244_535158552684804524_n(1)(1).jpg,這張照片中，有一個小男孩站在地上，他穿着一件綠色的長袖上衣和深色的短褲，腳上穿著藍色的拖鞋。他的頭髮是黑色的，短而齊整。小男孩的臉上帶有微笑，張開嘴巴，露出舌頭。背景是一個鋪有灰色石子的地坪，地坪上有一些綠色的桶和白色的櫃子。
./dataset/IMG_20210712_211911_083.jpg,這張照片中，一個人站在純白色的背景前。他穿着一件深藍色的格子西裝外套，搭配一件白色的襯衫。他的髮型是短髮，看起來很整潔。他的姿態是直立的，雙手自然垂放在身體兩側。整體感覺非常正式和專業。
./dataset/IMG_20180419_180853_010.jpg,這張照片展示了一間餐廳的內部。牆壁上有一塊黑板，上面寫著數學公式和幾何圖形，包括三角形和圓。黑板上還有一些物理學的公式，例如愛因斯坦的質能方程式E=mc²。牆壁的右側掛著一些裝飾品，包括植物和掛鉤。桌子上有兩個人在用餐，其中一個人正在吃東西。照片的右下角有一個思考泡泡圖案。照片的左下角有一個模糊的黑色區域，可能是攝影師的身體。
./dataset/20230708_100828.jpg,這張照片展示了一個晴朗的天氣，天空湛藍，有幾朵蓬鬆的雲朵漂浮在空中。地面上鋪設了水泥路面，兩旁種植了茂盛的樹木，樹葉綠意盎然。路燈柱高聳，燈光設計精緻。照片的右側有一些建築物，建築物的外觀現代，窗戶排列整齊。照片的左側有一個標誌牌，上面寫有“P”，可能表示停車場。照片的前景中有一個人在行走，背對著攝影機。整體環境看起來非常清潔和整潔。
./dataset/IMG_20220209_000110_342.jpg,這張照片中，一個人站在白色背景前，側身面向鏡頭。他留有短髮，臉上帶有微笑。他穿着一件淺藍色的條紋襯衫，袖子挽至肘部，搭配黑色長褲。他的雙手自然地放在褲袋中，身體稍微傾斜，看起來很自信。
./dataset/IMG20220309152314.jpg,這張圖片展示了一個昏暗的空間，牆壁和天花板幾乎完全被黑暗覆蓋。在空間的後方，有一個投影儀正在投射出一片綠色的圖像。這個圖像看起來像是樹木或森林的上空，綠色的葉子和樹枝在投影儀的光線下閃耀。投影儀本身掛在天花板上，投影出來的圖像佔據了整個後牆。地面反射出投影出來的綠色光線，使得整個空間看起來像是被綠色的光環所包圍。
./dataset/IMG_20180729_134006_631.jpg,這張照片展示了一條蜿蜒的山路，山路上有電線杆和電線。山丘上長滿了綠色的植被，遠處可以看到一座電塔。天空藍色，雲朵稀疏，陽光明媚。前景中有一個由竹子製成的護欄，護欄上有一些小花。護欄下方是茂密的草叢和一些綠色的植物。整體景色非常自然，充滿了鄉村的氛圍。
./dataset/IMG_20220209_000110_356.jpg,這張照片中，一個人站在純白色的背景前。他穿着一件淺藍色的長袖襯衫，襯衫的領口是開襟的，袖子捲至肘部。襯衫的材質看起來比較光滑，襯衫的領口和袖口處有細緻的縫線。他的褲子是深藍色的，褲子的材質看起來比較緊身，褲腰處有兩個扣子。他的雙手插在褲袋中，雙臂自然垂下。他的頭髮是黑色的，短髮，髮型比較簡單。他的表情比較中性，雙眼直視前方。
./dataset/11062756_632091166890709_8105520596908991583_n(1)(1).jpg,這張照片中，有幾個成年人和幾個孩子聚集在一起。一位穿著藍色上衣和牛仔褲的女性，頭髮是紅色的，正在舉著一張白紙，紙上畫著地圖。她身邊有幾個孩子圍觀，其中一個小男孩正舉著一張紙，紙上似乎有圖案。背景中可以看到一些建築物和一堵牆，牆上有些綠色的苔蘚。地上有一個黃色的方塊狀物品，上面有紅色的點。照片的右側還有一些孩子坐在地上，他們似乎在聽取前面的講解。
./dataset/IMG_20210805_184037_726.jpg,這張照片中有兩個小孩坐在沙發上。沙發的靠背和坐墊上鋪有花卉圖案的布料。小孩們都穿着暖和的衣物，一個穿著紅色背心和格子褲，另一個穿著白色上衣和淺色褲子。背景是單色的牆壁。
./dataset/20231104_184635.jpg,這張照片展示了一場婚禮的場景。照片中，新郎和新娘站在前方，新郎穿着一套米色西裝，打着領結，新娘則穿着一襲白色婚紗，手持一束花束。他們的後方有幾位穿著白色禮服的賓客，似乎在拍照或觀看儀式。場地裝飾有燈飾和花藝裝飾，營造出溫馨浪漫的氛圍。場地的天花板上掛有燈飾，牆壁上也掛有燈飾，增加了場景的溫馨感。背景中可以看到一些綠植裝飾，增加了自然的感覺。
./dataset/20230921_161604.jpg,這張圖片展示了一間室內空間。牆壁是白色的，牆上有一幅黑色的壁貼，壁貼上繪有幾隻貓和一些文字。牆邊有一張木製的桌子，桌子旁邊有一張椅子，椅子上鋪有深色的坐墊。牆邊還有一個紙箱。牆邊的窗戶上掛著紫色的窗簾，窗戶外可以看到一些綠色的植物。牆邊的地板上鋪有一塊有圖案的地毯。牆邊還有一個木製的電視櫃，櫃子上放著一台電視機。牆邊的牆角有一個空調機。
./dataset/15384566_1255240117855903_6235740903241491908_o(1)(1).jpg,這張照片展示了一棵巨大的聖誕樹，樹上佈滿了藍色的燈光，從樹頂的星形裝飾開始，一直延伸到樹的底部。聖誕樹的樹幹是鋼架結構，樹的底部有一個圓形的底座，同樣佈滿了藍色的燈光。背景是一個建築物，建築物的窗戶發出黃色的光，與樹上的藍色燈光形成對比。照片的右側有兩個人影，但無法辨識他們的特徵。整體來說，這張照片捕捉到了一個夜晚的場景，聖誕樹在黑暗中發出美麗的藍色光芒。
./dataset/IMG20220317144329.jpg,這張圖片展示了一片海岸線的景象。海浪輕柔地拍打着海岸，形成白色的浪花。遠處可以看到一座小島，島上似乎沒有植被，只有一個突出的山頭。天空陰沉，雲層厚重，整體氣氛略顯陰鬱。海面和天空的顏色都比較灰暗，顯示出一種冷調的感覺。沙灘上沒有明顯的痕跡或人跡，看起來非常靜謐。
./dataset/IMG20220313131533.jpg,這張照片展示了一片廣闊的農田，田地裡種植著綠色的稻苗，田間有溝渠分隔。遠處可以看到連綿的山脈，山頂被薄薄的雲霧覆蓋。天空藍色，雲朵蓬鬆，散佈在天空中。道路邊緣有一條白色的護欄，護欄外是田地。整體景色清新，自然，呈現出農村的寧靜與美麗。
./dataset/1527003136446.jpg,這張照片中，一個人站在一片樹林中。他穿着一件藍色的T恤，T恤上印有白色的文字。他的頭髮是黑色的，稍微有些凌亂。背景是茂密的樹木，樹幹粗壯，樹葉茂盛。地上有樹葉和泥土，陽光從樹葉間透下來，形成斑斕的光影效果。照片的風格自然，帶有一種靜謐的氛圍。
./dataset/1550238576872.jpg,一位穿著深色長袖上衣和白色圍裙的年輕人，正在廚房裡製作甜點。他正用一隻手將粉紅色的奶油擠入一個已經裝有蛋糕底的圓形蛋糕模中。桌上擺放著一個平板電腦，顯示著食譜或相關的圖像。桌面上還有一個裝滿草莓的藍色碗、一個裝有紅色果醬的透明碗、一個小黃色碗和一個打蛋器。背景中可以看到一個掛有塑料袋的木製掛板和一張寫有「Chocolate Cupcake」字樣的白紙。
./dataset/20240211_114923.jpg,這張照片展示了一個城市街景。照片中有一棵樹，樹葉已經開始轉黃，顯示出秋天的氣息。樹的後方是一棟建築物，建築物的牆壁是淺色的，窗戶和門口處有鐵欄杆。建築物的前面有一個綠色的地面，可能是公園或休閒區。建築物的對面有一輛停在路邊的機車。天空晴朗，陽光充足，樹影在地面上投射出清晰的影子。照片的右側有一個小路，路邊有幾塊石頭和一個欄杆。整體環境看起來很平靜，沒有明顯的活動。
./dataset/IMG20211120172605.jpg,這是一幅用鉛筆素描的畫作，畫中人物為一位男性，頭髮短而凌亂，臉部表情平靜，目光直視前方。他穿着一件長袖上衣，雙手交叉放在胸前，右手手指稍微翹起，似乎在做一個動作或表達某種情緒。畫面下方有簽名和日期，日期為2021年11月20日，簽名為“Aaron”。整體風格簡潔，以線條表現人物的形態和表情。
./dataset/20230108_144302.jpg,這張照片展示了一條城市道路的景象。天空晴朗，有幾朵散落的雲彩，陽光從左上角照射下來，形成光束。道路兩側種植了綠色的樹木，樹蔭在路面上投下斑駁的樹影。道路標誌清晰，有白色箭頭指向右側，並標有「停車區」的標誌。道路旁邊有幾輛停車的汽車，遠處可以看到一些建築物。照片的右下角有幾個人的頭部，他們似乎在走路。整體環境看起來非常乾淨和整潔。
./dataset/IMG_20200216_210721_645.jpg,這張照片顯示一個人在洗手間鏡子前自拍。他穿着深色連帽外套和淺色長褲，手持一部紅色手機。鏡子反射出洗手間的內部，可以看到洗手池和牆上的洗手指示牌。照片上有一行文字，寫著「Soooooo cold」，並附有兩個雪花圖案和一個哭臉表情圖案。背景是洗手間的牆壁和天花板，牆壁上有一張紙，天花板上有幾盞燈。
./dataset/IMG_20210710_125515_499.jpg,這張照片中，一位男士身穿深色格子西裝外套，搭配白色襯衫和深色西褲，腳穿深色皮鞋，雙手插在褲袋中，雙腿交叉坐在一張木製椅子上。背景為純白色，突顯出人物的服裝和姿態。
./dataset/IMG20220220160700.jpg,"這張圖片顯示了一個展覽場景，背景是黑暗的，前方有兩塊大屏幕。左側的屏幕顯示了一幅海景畫，畫中有幾個人在海上活動，背景是藍色的天空和白色的雲朵。右側的屏幕顯示了另一幅畫，這幅畫的顏色較為柔和，有藍色、綠色和黃色等色調，畫面中沒有明顯的人物。右側屏幕的右側有一塊白色的部分，上面有中文和英文的字幕，內容是：

中文：
這裡的一切都如此美麗，
我每天不斷發現
更多美好的事物，
令我徹底沉迷，
把一切都畫下來的念頭，
充滿我的腦海。

英文：
It is beautiful here; every day
I discover even more beautiful things,
It is intoxicating me, and I want to
paint it all – my head is bursting.

右側屏幕的左下角有“莫內”兩個字，下面寫著“Claude Monet”，表明這幅畫是法國畫家克勞德·莫內的作品。"
./dataset/1514876505887.jpg,這張照片中，一個人正舉著一個黃色的物品，似乎在吃東西。背景是淺色的牆壁和一張木製的桌子。
./dataset/20221203_120659.jpg,這張照片展示了一棵樹的樹冠，樹葉茂盛，綠意盎然。陽光從樹葉間透射下來，形成斑斕的光斑。背景中可以看到一些建築物，建築物的牆壁上有許多開窗。天空晴朗，有幾朵雲彩。整體感覺非常清新自然。
./dataset/IMG20220314203617.jpg,這張圖片展示了一個室內的裝飾場景。牆壁上掛著一些標有不同地名和號碼的牌匾，這些牌匾可能是用來裝飾的。牆壁上還掛著一些照片，照片中可以看到一些人物和車輛的圖像。牆壁上還掛著一些燈飾，這些燈飾的形狀各異，有心形、星星形等，燈光發出黃色的光芒，給整個場景帶來了溫暖的氛圍。場景的左側還有一個籐編的籃子，籃子上寫著“LOVE”幾個字。場景的左側還有一個鐵製的支架，支架上掛著一些物品。場景的右側還有一個鐵製的支架，支架上掛著一些物品。場景的右側還有一個鐵製的支架，支架上掛著一些物品。場景的右側還有一個鐵製的支架，支架上掛著一些物品。場景的右側還有一個鐵製的支架，支架上掛著一些物品。場景的右側還有一個鐵製的支架，支架上掛著一些物品。場景的右側還有一個鐵製的支架，支架上掛著一些物品。場景的右側還有一個鐵製的支架，支架上掛著一些物品。場景的右側還有一個鐵製的支架，支架上掛著一些物品。場景的右側還有一個鐵製的支架，支架上掛著一些物品。場景的右側還有一個鐵製的支架，支架上掛著一些物品。場景的右側還有一個鐵製的支架，支架上掛著一些物品。場景的右側還有一個鐵製的支架，支架上掛著一些物品。場景的右側還有一個鐵製的支架，支架上掛著一些物品。場景的右側還有一個鐵製的支架，支架上掛著一些物品。場景的右側還有一個鐵製的支架，支架上掛著一些物品。場景的右側還有一個鐵製的支架，支架上掛著一些物品。場景的右側還有一個鐵製的支架，支架上掛著一些物品。場景的右側還有一個鐵製的支架，支架上掛著一些物品。場景的右側還有一個鐵製的支架，支架上掛著一些物品。場景的右側還有一個鐵製的支架，支架上掛著一些物品。場景的右側還有一個鐵製的支架，支架上掛著一些物品。場景的右側還有一個鐵製的支架，支架上掛著一些物品。場景的右側還有一個鐵製的支架，支架上掛著一些物品。場景的右側還有一個鐵製的支架，支架上掛著一些物品。場景的右側還有一個鐵製的支架，支架上掛著一些物品。場景的右側還有一個鐵製的支架，支架上掛著一些物品。場景的右側還有一個鐵製的支架，支架上掛著一些物品。場景的右側還有一個鐵製的支架，支架上掛著一些物品。場景的右側還有一個鐵製的支架，支架上掛著一些物品。場景的右側還有一個鐵製的支架，支架上掛著一些物品。場景的右側還有一個鐵製的支架，支架上掛著一些物品。場景的右側還有一個鐵製的支架，支架上掛著一些物品。場景的右側還有一個鐵製的支架，支架上掛著一些物品。場景的右側還有一個鐵製的支架，支架上掛著一些物品。場景的右側還有一個鐵製的支架，支架上掛著一些物品。場景的右側還有一個鐵製的支架，支架上掛著一些物品。場景的右側還有一個鐵製的支架，支架上掛著一些物品。場景的右側還有一個鐵製的支架，支架上掛著一些物品。場景的右側還有一個鐵製的支架，支架上掛著一些物品。場景的右側還有一個鐵製的支架，支架上掛著一些物品。場景的右側還有一個鐵製的支架，支架上掛著一些物品。場景的右側還有一個鐵製的支架，支架上掛著一些物品。
./dataset/IMG20220717182305.jpg,這張照片展示了一個城市街景。照片中可以看到幾棟高樓大廈，建築風格現代，建築外牆顏色多樣，有淺棕色、紅色和灰色等。建築之間有綠色的樹木，增添了一些綠意。街道兩側有行人和車輛，車輛停在馬路邊，行人則在人行道上行走。街道上有交通標誌和路燈，顯示出城市的繁忙與現代化。照片右側有一個招牌，上面有中文和英文的標誌，顯示出這是一個中文地區的城市。天空晴朗，顯示出是白天的時間。
./dataset/20240507_180712.jpg,這張照片顯示了一個城市街景，天空中布滿了雲層，雲朵的顏色從淺藍到白色不等，顯示出日落時分的景象。照片的右側可以看到一些建築物，建築物的顏色主要是橙色和白色，建築物的頂部有一些天線。建築物的前面有一個綠色的屋頂，屋頂上有一些綠色的植物。照片的右側還有一個紅色的交通燈，顯示出紅色的燈光。照片的右側還有一個路燈，路燈的燈光還沒有亮起。照片的右側還有一個路標，路標上有一些標誌，但無法辨識其具體內容。照片的右側還有一個建築物，建築物的顏色主要是白色和藍色，建築物的前面有一些樹木。照片的右側還有一個建築物，建築物的顏色主要是白色和藍色，建築物的前面有一些樹木。照片的右側還有一個建築物，建築物的顏色主要是白色和藍色，建築物的前面有一些樹木。照片的右側還有一個建築物，建築物的顏色主要是白色和藍色，建築物的前面有一些樹木。照片的右側還有一個建築物，建築物的顏色主要是白色和藍色，建築物的前面有一些樹木。照片的右側還有一個建築物，建築物的顏色主要是白色和藍色，建築物的前面有一些樹木。照片的右側還有一個建築物，建築物的顏色主要是白色和藍色，建築物的前面有一些樹木。照片的右側還有一個建築物，建築物的顏色主要是白色和藍色，建築物的前面有一些樹木。照片的右側還有一個建築物，建築物的顏色主要是白色和藍色，建築物的前面有一些樹木。照片的右側還有一個建築物，建築物的顏色主要是白色和藍色，建築物的前面有一些樹木。照片的右側還有一個建築物，建築物的顏色主要是白色和藍色，建築物的前面有一些樹木。照片的右側還有一個建築物，建築物的顏色主要是白色和藍色，建築物的前面有一些樹木。照片的右側還有一個建築物，建築物的顏色主要是白色和藍色，建築物的前面有一些樹木。照片的右側還有一個建築物，建築物的顏色主要是白色和藍色，建築物的前面有一些樹木。照片的右側還有一個建築物，建築物的顏色主要是白色和藍色，建築物的前面有一些樹木。照片的右側還有一個建築物，建築物的顏色主要是白色和藍色，建築物的前面有一些樹木。照片的右側還有一個建築物，建築物的顏色主要是白色和藍色，建築物的前面有一些樹木。照片的右側還有一個建築物，建築物的顏色主要是白色和藍色，建築物的前面有一些樹木。照片的右側還有一個建築物，建築物的顏色主要是白色和藍色，建築物的前面有一些樹木。照片的右側還有一個建築物，建築物的顏色主要是白色和藍色，建築物的前面有一些樹木。照片的右側還有一個建築物，建築物的顏色主要是白色和藍色，建築物的前面有一些樹木。照片的右側還有一個建築物，建築物的顏色主要是白色和藍色，建築物的前面有一些樹木。照片的右側還有一個建築物，建築物的顏色主要是白色和藍色，建築物的前面有一些樹木。照片的右側還有一個建築物，建築物的顏色主要是白色和藍色，建築物的前面有一些樹木。照片的右側還有一個建築物，建築物的顏色主要是白色和藍色，建築物的前面有一些樹木。照片的右側還有一個建築物，建築物的顏色主要是白色和藍色，建築物的前面有一些樹木。照片的右側還有一個建築物，建築物的顏色主要是白色和藍色，建築物的前面有一些樹木。照片的右側還有一個建築物，建築物的顏色主要是白色和藍色，建築物的前面有一些樹木。照片的右側還有一個建築物，建築物的顏色主要是白色和藍色，建築物的前面有一些樹
./dataset/1527003390417.jpg,這張照片中，一個人站在森林裡，背對著攝影機。他穿着一件藍色的T恤，T恤上可以看到部分英文字母。背景是茂密的樹林，樹幹粗壯，樹葉茂盛，陽光從樹叢間透射下來，形成斑斕的光影效果。照片的焦點在於這個人，背景則是模糊的，突出了人物的存在感。
./dataset/20230730_183820.jpg,這張照片展示了一個橋樑的橋墩和橋面。橋樑的欄杆是鋼筋混凝土結構，橋墩上有一些鐵絲網。橋面上有幾個交通標誌，包括禁止左轉和禁止右轉的標誌，以及一個指示機車行駛方向的藍色圓形標誌。背景是天空，有雲層，陽光從雲層間透出，天空顏色漸變，從藍色到黃色。橋樑的欄杆和橋墩構成了一個框架，將天空和橋樑的構造元素結合在一起。
./dataset/20221225_144336.jpg,這張照片展示了一片廣闊的綠草地，草地的後方有一座高架橋，橋上似乎有車輛行駛。高架橋的設計結構複雜，橋墩之間有許多支撐結構。遠處可以看到一些建築物，包括一棟高樓。天空晴朗，藍天中只有幾朵稀疏的雲朵。草地上有幾個人在活動，其中一個人似乎在踢足球。整體環境看起來非常開闊和舒適。
./dataset/line_1518613017249.jpg,這張照片展示了一張桌子，上面擺放著各種食物。可以看到幾個披薩，其中一個披薩已經被切開，另一個披薩的表面已經被吃掉了一部分。此外，還有一些小點心，像是餅乾或小蛋糕，放在透明的塑膠盒裡。在桌子的另一側，有一個開蓋的冰桶，裡面裝著兩瓶可樂。桌上還有一些空的紅色塑料杯和一個空的白色塑料盤。背景中可以看到幾個人，他們似乎在活動中，但他們的臉部被模糊處理了。桌子的後方有一個櫃子，櫃子上放著一些瓶裝飲料。
./dataset/IMG_20180212_233241_007.jpg,這張照片展示了一間臥室的內部。牆壁是粉紅色的，牆上貼有幾顆紅色和黑色的心形裝飾。牆角有一個黑色的背包和一個黑色的包，包上有一條白色和黑色的條紋。門邊有一個紅色的圓凳，凳子後面有兩隻黑色的貓雕像。門的另一側有一雙白色的運動鞋。牀鋪有白色的床單，床頭有一張紙。牀的側邊有一個開關和一個掛鐘。地面是淺色的地板。
./dataset/20230706_183045.jpg,一盤白肉片放在方形的盤子上，盤子邊緣是藍色的。盤子上放有幾塊透明的白肉片，肉片上撒有綠色的香菜葉。盤子的右上角有一小碟醬料，醬料是黑色的，上面撒有芝麻。盤子放在一個大理石桌面上，桌面是白色的，帶有淺色的紋理。盤子的右下角有一塊木質的桌腳。
./dataset/IMG20220820215633.jpg,這張照片展示了一座建築在夜晚的景象。建築的建築風格具有中國傳統的特色，屋頂採用飛檐設計，屋檐上裝飾有精美的雕刻。建築的外牆被燈光照射，呈現出紅色和金色的輝煌色彩。建築前方有一個廣場，廣場上有一些行人，他們在建築前走動。建築的周圍環境比較昏暗，只有建築本身被強調照明。建築的後方可以看到一些建築物的輪廓。
./dataset/20240201_125548.jpg,這張照片展示了一個城市街景。天空中布滿了蓬鬆的雲朵，天空藍色，雲朵白色，佔據了照片的上半部分。地平線後方可以看到一些建築物，包括一棟高樓和一排低層建築。低層建築的外牆顏色較深，窗戶排列整齊，有些窗戶上裝有鐵窗欄。建築物的後方有一座山丘，山丘上綠樹成蔭。前景中有一條道路，道路兩側停有幾輛汽車。道路旁邊有一個綠色的高架橋，橋上沒有車輛通行。橋下是商業區，可以看到一些商店的招牌，招牌上有中文標誌。整體來說，這張照片呈現了一個晴朗天氣下的城市街景。
./dataset/20240224_233230~2.jpg,"這張圖片顯示了一段程式碼，程式碼的語系為繁體中文。程式碼描述了一個Python函數，該函數名為`find_best`，用於從YouTube影片中取得最佳音頻或視頻檔案。函數接受兩個參數：一個是影片的URL，另一個是可選參數`is_audio`，預設值為`True`，用於指定是否僅下載音頻檔案。

函數首先嘗試取得影片資訊，然後根據`is_audio`的值，分別取得音頻或視頻的最佳檔案。如果`is_audio`為`True`，則取得音頻檔案；否則，取得視頻檔案。取得的檔案會根據解析度排序，並返回最高解析度的檔案。

如果在取得影片資訊時發生錯誤，例如網址有問題或影片資源不可用，則會顯示相應的錯誤訊息並返回`None`。

最後，程式碼還包含了一個`download_file`函數，用於下載取得的檔案。該函數會根據檔案路徑中的檔名前32個字元來命名檔案，並使用預設的檔名格式進行下載。

程式碼的最後部分是主程式，用於取得用戶輸入的影片URL和是否僅下載音頻檔案的選擇，然後調用`find_best`函數取得最佳檔案，並調用`download_file`函數進行下載。"
./dataset/IMG20220311204229.jpg,這張照片顯示的是夜晚的城市街景。照片中有一輛電車在軌道上行駛，電車的前方有紅色的尾燈亮起。電車的後方是幾棟高樓大廈，建築物的外牆上有許多燈光，顯示出城市的繁忙與活力。電車的前方有兩盞明亮的街燈，發出強烈的光線，使得電車的前部被照亮。電車的軌道兩旁是綠色的草地和灌木叢，草地看起來比較乾淨。照片的左側有一根電線杆，電線杆上掛有一個標籤，但無法辨識其內容。照片的右側是幾棵樹木，樹木的葉子在夜色中顯得比較暗淡。整體來說，這張照片捕捉到了一個現代城市的夜景，電車、高樓大廈、街燈和綠化帶共同構成了這張照片的場景。
./dataset/line_1547982340601.jpg,這張圖片展示了一台 MSI 的筆記型電腦，放置在一個木質的桌面上。筆記型電腦的螢幕是關閉的，顯示器是黑色的。鍵盤是銀色的，上面有黑色的鍵帽，鍵盤上有一條黑色的線纜連接到電腦的側邊。電腦的底部有一些標籤，上面寫著一些技術規格，例如 Intel Core i5 處理器、SSD 硬碟、HDMI 接口等。背景中可以看到一張掛畫，畫面中有一些植物的圖案。
./dataset/IMG_20200217_124503_430.jpg,這張照片顯示了一張放在木桌上的書本。書本的頁面已經打開，可以看到書中的內容。書的頁面似乎是關於物理學的，特別是關於流體動力學或流體物理學的主題。書中包含了一些數學公式和圖表，這些內容可能涉及流體的運動和相互作用。書的頁邊有一些手寫的筆記，這些筆記可能是讀者對書中內容的註釋或理解。書的封面和封底已經被翻開，顯示出書的內頁。書的頁碼和內容顯示出這是一本較厚的書，可能是一本教科書或研究文獻。書的頁面看起來比較新，沒有明顯的折痕或損壞。書的頁面下方有一個藍色的標籤，上面寫著“Working”和一個筆記本的圖案，這可能表示這本書正在被用於學習或研究。
./dataset/IMG_20200614_131347.jpg,這張圖片中有一個棕色的紙盒，上面寫著「natural floss 100% silk 30m」，並有一個圓形的標誌，標誌內有一隻卡通兔子的圖案。紙盒放在一張白紙上，白紙上有一些中文和英文的字樣，還有一個用藍色筆寫的簽名和一個用藍色筆畫的卡通鬼魂圖案。背景是一個淺色的桌面。
./dataset/20240423_184506.jpg,這張圖片展示了一台自動販賣機，機身上有粉紅色和藍色的廣告。廣告上寫著「思樂冰 SLURPee」，並且有四個年輕女性的圖片，背景是粉紅色和藍色的設計，並有心形圖案。廣告上還寫著「第2杯7折」，並列出了不同杯型的價格：中杯30元、大杯39元、特大杯45元。廣告右下角有可口可樂的標誌。自動販賣機的機身是黑色的，機頂有黃色和粉紅色的裝飾。機身右側有三個透明的容器，容器內裝有不同顏色的飲料，容器上有「PULL」的標籤。
./dataset/11107167_632083676891458_3431717268607350485_n(1)(1).jpg,這張照片顯示了一棟建築物的外牆，建築物的牆面是磚塊砌成的，牆面顏色為淺灰色。牆面上方有一個金屬邊框的招牌，招牌上寫有中文，內容為「信義鄉潭南村辦公處」。招牌的邊緣有鑲嵌的鑽石形狀裝飾。招牌下方有一個白底紅字的禁止吸菸標誌，標誌上寫有「本場所禁止吸菸」。背景中可以看到一些建築物的窗戶和屋頂。照片的右側有一棵棕櫚樹的倒影。
./dataset/IMG_20210801_143048_116.jpg,"這張圖片展示了一個電路圖，標題為「Scan 電路操作」。電路圖中包含幾個主要元件和信號，如下：

1. 左側電路圖中，有幾個開關和電晶體（T1, T2, T3, T4, T5, T6, T7, T8）。
2. 中間的信號線有標註 CK1, CK2, CK3, CK4, CK5, CK6, CK7, CK8。
3. 右側的信號波形圖顯示了不同信號（CK1, CK2, CK3, CK4, CK5, CK6, CK7, CK8）的波形變化。
4. 信號線 S1, S2, BT 有標註為高電平保持。
5. 信號線 T8 被標註為關閉。
6. 信號線 VGH 被標註為開關。

右側的圖表中有三個步驟：
1. T4, T5, T6 開啟。
2. S1, S2, BT 保持高電平。
3. T8 關閉。

電路圖和信號波形圖之間有對應關係，顯示了在不同步驟下，電路元件和信號波形的變化。"
./dataset/IMG20220316105115.jpg,這張照片展示了一個城市的街景。前景中有一個圍欄，圍欄內有一些樹木和綠化帶。遠處可以看到一些建築物，包括一棟多層建築和一些建築工地。建築物的顏色主要是白色和灰色。天空中有一些雲彩，但整體天氣似乎比較陰沉。照片的右下角有一個模糊的指紋。
./dataset/IMG_20200517_141859_220.jpg,"這張圖片展示了一個桌面上的遊戲或裝飾品。桌面上鋪有一塊白色的布，上面散落著一些小物件。這些物件包括：

1. 一個黑色的圓形盤子，盤子上有一些圖案，圖案中有一個類似於動物的圖形，盤子的邊緣有一些小圓點。
2. 一個木製的圓盤，上面有幾個小圓點和一個小圓圈，圓盤的邊緣有樹紋。
3. 一些小木製的圓柱形物件，這些物件有黑色和白色的顏色，排列在桌面上。
4. 一個黑色的圓筒形物件，筒內有一個金色的圖案。
5. 一個木製的長方形物件，上面有圖案，但無法辨識其具體用途。

圖片右下角有一行紫色的中文字，寫著「誠品生活南西店」。"
./dataset/20240707_175150.jpg,"這張白板上寫著一些數學和邏輯的公式和計算過程。以下是詳細描述：

1. 白板上有一個向量 `w`，其值為 `[0, 0, 0, 0, 0, 0, 0, 0]`。
2. 接下來有一個列表，包含一些詞彙：`['pretty', 'good', 'bad', 'plot', 'not', 'is']`。
3. 白板上有一個公式 `w_i \cdot x_i = (0 \times 1) + (0 \times 0) + ...`，這似乎是在計算某個向量 `x` 和向量 `w` 的點積。
4. 白板上有一個公式 `k_i = w_i \cdot x_i \Rightarrow 0`，這表示向量 `w` 和向量 `x` 的點積為0。
5. 白板上有一個公式 `\sigma(k) = \frac{1}{1 + e^{-k}} = 0.5`，這是一個邏輯閘的sigmoid函數，當輸入為0時，其輸出為0.5。
6. 白板上有一個公式 `w_2 = w_1 - \alpha (\sigma(k) - y_1) x_1`，這是一個更新規則，其中 `w_2` 是更新後的向量 `w`，`w_1` 是原始向量 `w`，`\alpha` 是學習率，`\sigma(k) - y_1` 是誤差項，`x_1` 是輸入向量。
7. 白板上有一個公式 `x_1 = [1, 0, 1, 0, 0, 0, 0]`，這是一個輸入向量。
8. 白板上有一個公式 `w_2 = [-0.25, 0, -0.25, 0, 0, 0, 0]`，這是一個更新後的向量 `w`。

這些公式和計算過程可能與機器學習中的某種算法有關，例如感知機或邏輯迴歸。"
./dataset/20240707_172159.jpg,"這張白板上寫著一些程式碼和註解，內容如下：

1. 不用 `split`
2. `str.find(""@"")`
3. `victor.``@``@``@``gmail.com`
4. `str.join()`
5. `list`
6. `[:8] [9:]`
7. `in-dowin`
8. `0.4 0.6`

白板上還有一些手寫的數字和符號，例如：

- `0`
- `1`
- `8`
- `9`
- `0.4`
- `0.6`

這些內容看起來像是在討論程式碼中的字符串操作，特別是與電子郵件地址相關的處理。"
./dataset/IMG20200306160113.jpg,這張圖片顯示了一本筆記本的頁面，上面寫有數學公式和計算過程。頁面背景是綠色方格紙，筆記本的頁碼為041。筆記本上的文字主要使用了中文，部分公式使用了英文和數學符號。筆記本上的內容涉及數學分析，特別是涉及梯度、拉普拉斯算子以及與球坐标系相關的方程。頁面中還包含了一些手寫註釋和計算步驟，這些註釋和步驟使用了紅色筆記。頁面右下角有手寫的日期和一些標記，標記中包含一些數學符號和數字。頁面的最後部分有手寫的結論和一些註釋，註釋中包含數學符號和數字。
./dataset/IMG20220304140857.jpg,這張照片展示了一片開闊的農田。田地的土壤呈紅褐色，表面有淺淺的溝壑，可能是耕作後的痕跡。田地的邊緣有一些雜草和樹木，樹木的葉子比較稀疏，顯示出乾旱或少雨的氣候特徵。背景中可以看到一些遠處的樹木和電線杆，天空晴朗，沒有雲彩，陽光從上方照射下來，使得整個場景顯得比較明亮。
./dataset/20240507_181155.jpg,這張照片顯示了一個交通燈和一排樹木。交通燈的紅燈亮著，樹木在照片的右側，樹葉已經轉黃，顯示出秋天的季節。天空中有一些雲彩，顏色從淺藍到深藍漸變，顯示出日落時分的景象。照片的右側還有一根電線杆和一些標誌牌。
./dataset/IMG20200628134937.jpg,這張圖片展示了一個剪影，背景是一個光源，光源的光線從後方照射過來，形成了人物的剪影。剪影中的人物似乎在跳舞或表演，雙手舉起，身體傾斜，動作充滿活力。人物的姿態和動作表現出一種動感和力量。剪影的下方有一個模糊的物体，可能是裝置的一部分，但無法辨識其具體細節。背景是單色的，突出了剪影的形狀和動作。
./dataset/20221113_143004.jpg,這張照片展示了一條鋪設好的水泥道路，道路兩側是綠色的草地。道路的盡頭可以看到一些建築物，可能是高樓大廈，背景中還有一些電塔。天空湛藍，有幾朵白色的雲朵飄浮在空中。道路的邊緣有一條白色的標線，道路的盡頭有一個燈柱。照片的右側有一個小的建築物，可能是燈塔或電塔。照片的左側是藍色的天空，右側是綠色的草地和道路。
./dataset/Screenshot_2018-05-12-09-50-58.jpg,這張照片展示了一座位於公園或街道旁的銅像。銅像的底座是一個圓柱形的石柱，石柱上貼有兩塊標籤。標籤上寫著「敬礼両さん像」，這表明銅像可能是為了紀念某個人而設立的。銅像本身是一個穿着軍裝的卡通人物，頭部和身體的比例非常大，表情開朗，雙手舉起，似乎在敬禮。銅像的背景是一道綠色的鐵絲網圍欄，圍欄後面有一些綠植和停車場。地面上鋪有紅色的磚塊，石柱的底座上還有一個簡易的指示牌，上面標註了公園的平面圖。
./dataset/20240609_173715.jpg,這張照片顯示了一個城市的街景。照片中可以看到幾棟高樓大廈，建築物的外觀現代，窗戶排列規律。建築物的顏色以灰白為主，部分建築物的頂部有橙色的裝飾。照片的左側有一個大型的建築結構，可能是橋樑或高架橋的一部分。天空陰沉，雲層厚重，顯示出一種陰鬱的氣氛。照片的右側有一些樹木，樹葉茂盛。照片的右上角有一個顯示屏，顯示屏上有數字和圖形。照片的右側還有一些標誌和招牌，但由於角度和距離的原因，無法辨識其具體內容。
./dataset/IMG_20211117_183918_422.jpg,這張照片中，一個人側身站立，背對著攝影機，面向遠處的山景。他頭髮短而黑，穿著淺色上衣，肩上背著背包。背景是藍天和綠色的山丘，山丘上長滿了樹木。在前景中，有一塊木製的欄杆，欄杆上有一塊標誌牌，上面寫著中文。標誌牌的顏色是黃色和黑色，上面有圖案和文字。天空晴朗，只有幾朵雲朵飄浮在遠處。
./dataset/20240208_220742.jpg,這張照片展示了一間書店的內部。書店的裝潢以淺色木質為主，牆壁和地板都採用了木質材料，營造出溫馨的氛圍。書架上擺放著許多雜誌和書籍，書籍的封面顏色豐富，內容涉及軍事、航空、汽車等主題。書店內有幾位顧客在瀏覽書籍，書店的照明柔和，燈光從天花板上照射下來，營造出舒適的閱讀環境。書店的牆壁上掛有一些廣告和標誌，顯示了書店的營業時間和一些促銷活動。書店的內部設計整潔，空間寬敞，給人一種寬敞明亮的感覺。
./dataset/20240509_182257.jpg,這張照片展示了一個城市街景。天空中有一些薄雲，顏色從淺藍到淡黃漸變，顯示出日落時分的景象。地面上有幾輛機車和汽車在道路上行駛，交通燈顯示綠燈。道路兩側有建築物，建築物的風格和顏色各不相同，有些是現代建築，有些則是舊式建築。建築物之間有一些樹木，樹木的葉子已經開始轉黃，顯示出秋天的季節。照片右側有一個綠色的標誌牌，上面有中文標記。整體來說，這張照片捕捉到了一個城市街景在日落時分的景象。
./dataset/20230826_155729.jpg,這張照片展示了一片寬闊的河流，河流兩岸是茂密的綠樹，遠處可以看到一些建築物和山丘。天空湛藍，雲朵稀疏，有幾朵雲朵在天空中飄浮。照片的右側有一座橋樑，橋樑的顏色為紅色，橋樑的另一側可以看到一些建築物。整體來說，這張照片呈現出一種寧靜而美麗的自然風景。
./dataset/IMG_20201128_012309_273.jpg,這張圖片展示了一片山區的風景。遠處是連綿起伏的山脈，山頂被濃密的樹木覆蓋，呈現出深綠色。近處有一些樹木和灌木，葉子在陽光下閃耀。天空是清澈的藍色，沒有雲彩。整體感覺非常寧靜和自然。
./dataset/1527002976454.jpg,這張照片中，一個人側身站立，背對著光源，頭髮隨風輕揚。他穿着一件白色上衣，肩上背著一個黑色的背包。背景是模糊的，但可以看出是在戶外，可能是在沙灘或海岸邊，因為地平線處有水的反射。天空是藍色的，太陽從畫面右側照射過來，產生了光暈效果。
./dataset/IMG20220220151325.jpg,"這張照片展示了一個展覽場景。在展覽場景中，有一個大屏幕，屏幕上投影了一幅畫作。這幅畫作是法國印象派畫家克勞德·莫內（Claude Monet）的作品。畫作中，兩位女性坐在船上，背景是波光粼粼的水面。畫作的色彩柔和，表現了光線和色彩的瞬間變化。

在屏幕的左側，有一塊黑板，上面用白色粉筆寫著中文和英文的句子。中文句子是：“光線的流逝讓人惶恐。任何色彩稍縱即逝，頂多只停留三到四分鐘。”英文句子是：“It’s terrible how the light runs out. Colour, any colour, lasts a second, sometimes 3 or 4 minutes at most.” 黑板上還寫著“莫內”和“Claude Monet”的名字。

在屏幕前，有幾個觀眾正在觀看這幅畫作。他們中的一些人正在用手機拍照。背景是黑色的，突出了投影在屏幕上的畫作和黑板上的文字。"
./dataset/IMG20220317111117.jpg,一張淺色木紋桌面上，擺放著一盤食物和一飲料。盤子是藍色的，邊緣有鑲嵌的金屬圓點裝飾。盤中食物是炒麵，上面有切片的蘑菇、胡萝卜和生菜葉，炒麵的醬汁看起來是棕色的。盤子旁邊有一個金屬的叉子和一個白色的餐巾紙。在盤子的右側，有一杯深色的飲料，杯中泡沫豐富，可能是啤酒或汽水。在盤子的後方，有一個金色的杯子，杯子的形狀和大小與飲料杯相似。背景中可以看到部分黑色的物品，可能是椅子或桌子的一部分。
./dataset/1527006765459.jpg,這張照片顯示了一位戴著眼鏡的男性，他沒有穿衣服，背景是簡單的牆壁。照片的風格看起來像是來自一個社交媒體應用程式，因為在照片的左上角可以看到一個用戶名稱和一個發送訊息的按鈕。照片的右上角有一個閃爍的圖標，可能表示新的訊息或通知。
./dataset/IMG20220317150836.jpg,這張照片展示了一個沙灘的場景。沙灘上有一些腳印，遠處有幾個人在沙灘上活動。海浪拍打在沙灘上，產生了白色的浪花。背景中可以看到幾棟建築物，建築物後方有樹木。天空中有一些雲彩，但整體天氣似乎有些陰沉。海邊還有一些遠處的構築物，可能是燈塔或碼頭。沙灘上散落著一些垃圾，顯示出一些環境污染的跡象。
./dataset/IMG20220220160649.jpg,這張照片顯示了一個室內場景，背景是三塊大屏幕，屏幕上投影了印象派風格的海景畫。畫面中可以看到波浪和天空，色彩鮮豔，表現出一種動感和活力。觀眾們背對著攝影機，他們似乎在觀看或欣賞這幅畫作。場地的環境較暗，只有屏幕發出的光線照亮了畫面。
./dataset/IMG20200628121916.jpg,這張照片展示了一座大型的羅馬式大理石雕像，雕像位於一個寬敞的博物館展廳內。雕像的主題是一個裸體的男性，他雙腿交叉，雙臂自然垂落，頭部微微向左側轉，表情凝重。雕像的基座上刻有拉丁文“VENI NEC RECEDAM”，意為“我來了，不會再離開”。基座的材料是大理石，與雕像的白色形成鮮明對比。背景中可以看到其他幾座雕像和博物館的裝飾，展廳內有幾位遊客在觀賞。展廳的天花板高聳，採光良好，透過天窗照射進來的自然光使得整個空間明亮而莊嚴。
./dataset/11127201_632080496891776_2149055024787890708_n(1)(1).jpg,這張照片展示了一間教室的內部。教室的牆壁是淺藍色的，天花板上裝有燈光。教室裡有幾個桌子和椅子，桌子是長方形的，椅子是白色的塑料椅。教室的後方有一塊黑板，黑板上寫著一些字。教室的窗戶是大面積的，窗戶外面可以看到一些綠色的植物。教室裡有幾個大人和幾個小孩，他們似乎在進行一項活動。大人們站在桌子旁邊，小孩們則坐在桌子旁邊或站在桌子旁邊。有一個小孩穿著藍色的上衣，站在桌子旁邊，臉上表情有些不開心。另一個小孩穿著綠色的上衣，站在桌子旁邊，手中拿著一個藍色的玩具劍。教室的牆壁上還有一個電風扇。
./dataset/1531753010641.jpg,這張照片中，一個人站在海邊，背對著海浪。他穿着一件藍色的上衣和一條藍色的短褲，雙腳赤裸，腳邊是淺色的沙灘。海浪從遠處拍打過來，激起白色的浪花。海面波濤洶涌，但海浪並不大，看起來比較平靜。這個人似乎在看著海浪，或是在思考什麼。背景是無邊的海面，沒有其他明顯的景物或人。
./dataset/1528036893954.jpg,這張照片中有三個人坐在電影院的座位上。他們坐在一排紅色的座椅上，背景是黑暗的，只有幾束光線從上方照射下來。最前面的兩個人面帶微笑，而最後面的人則面無表情。他們都穿着便服，看起來像是在觀看電影。
./dataset/IMG_20171215_202303_218.jpg,這張照片中，有一杯咖啡，杯子是透明的，可以看到裡面的咖啡渣。咖啡的表面有心形的奶泡。咖啡杯放在一個木質的桌面上，桌面上還有一個透明的玻璃杯，裡面有水，以及一張紙巾。照片的右下角有兩個可愛的笑臉表情圖案，左下角有「晚餐時間」的字樣，右下角有「2022」的字樣。
./dataset/20231104_170038.jpg,這張照片中，有幾個人在戶外的場所聚集。背景中可以看到一些建築物和綠樹，環境看起來像是在一個公園或社區活動場所。照片中的人們似乎在進行社交活動，有些人站在一起，似乎在交流。照片的右側有一個穿著藍色條紋上衣的人，背著一個藍色的背包。照片的左側有一個穿著淺色衣服的人，背著一個黑色的背包。照片的前景中，有一個穿著深色衣服的人，背著一個黑色的背包。照片的左側還有一棵樹，樹幹粗壯，樹葉茂盛。照片的右側有一個穿著淺色衣服的人，背著一個黑色的背包。照片的左側還有一個穿著深色衣服的人，背著一個黑色的背包。照片的右側有一個穿著淺色衣服的人，背著一個黑色的背包。照片的左側還有一個穿著深色衣服的人，背著一個黑色的背包。照片的右側有一個穿著淺色衣服的人，背著一個黑色的背包。照片的左側還有一個穿著深色衣服的人，背著一個黑色的背包。照片的右側有一個穿著淺色衣服的人，背著一個黑色的背包。照片的左側還有一個穿著深色衣服的人，背著一個黑色的背包。照片的右側有一個穿著淺色衣服的人，背著一個黑色的背包。照片的左側還有一個穿著深色衣服的人，背著一個黑色的背包。照片的右側有一個穿著淺色衣服的人，背著一個黑色的背包。照片的左側還有一個穿著深色衣服的人，背著一個黑色的背包。照片的右側有一個穿著淺色衣服的人，背著一個黑色的背包。照片的左側還有一個穿著深色衣服的人，背著一個黑色的背包。照片的右側有一個穿著淺色衣服的人，背著一個黑色的背包。照片的左側還有一個穿著深色衣服的人，背著一個黑色的背包。照片的右側有一個穿著淺色衣服的人，背著一個黑色的背包。照片的左側還有一個穿著深色衣服的人，背著一個黑色的背包。照片的右側有一個穿著淺色衣服的人，背著一個黑色的背包。照片的左側還有一個穿著深色衣服的人，背著一個黑色的背包。照片的右側有一個穿著淺色衣服的人，背著一個黑色的背包。照片的左側還有一個穿著深色衣服的人，背著一個黑色的背包。照片的右側有一個穿著淺色衣服的人，背著一個黑色的背包。照片的左側還有一個穿著深色衣服的人，背著一個黑色的背包。照片的右側有一個穿著淺色衣服的人，背著一個黑色的背包。照片的左側還有一個穿著深色衣服的人，背著一個黑色的背包。照片的右側有一個穿著淺色衣服的人，背著一個黑色的背包。照片的左側還有一個穿著深色衣服的人，背著一個黑色的背包。照片的右側有一個穿著淺色衣服的人，背著一個黑色的背包。照片的左側還有一個穿著深色衣服的人，背著一個黑色的背包。照片的右側有一個穿著淺色衣服的人，背著一個黑色的背包。照片的左側還有一個穿著深色衣服的人，背著一個黑色的背包。照片的右側有一個穿著淺色衣服的人，背著一個黑色的背包。照片的左側還有一個穿著深色衣服的人，背著一個黑色的背包。照片的右側有一個穿著淺色衣服的人，背著一個黑色的背包。照片的左側還有一個穿著深色衣服的人，背著一個黑色的背包。照片的右側有一個穿著淺色衣服的人，背著一個黑色的背包。照片的左側還有一個穿著深色衣服的人，背著一個黑色的背包。照片的右側有一個穿著淺色衣服的人，背著一個黑色的背包。照片的左側還有一個穿著深色衣服的人，背著一個黑色的背包。照片的右側有一個穿著淺色衣服的人，背著一個黑色的背包。照片的左側還有一個穿著深色衣服的人，背著一個
./dataset/1515601974419.jpg,這張照片中有兩個人在室內環境中。一個人站在前方，手持一柄發出藍色光線的光劍，另一個人站在後方，手持一柄發出綠色光線的光劍。兩人都面帶微笑，似乎在進行一場光劍對決的遊戲或活動。背景中可以看到一些展示架和掛在牆上的標語，標語上寫有中文。環境看起來像是室內的展覽館或活動場地。
./dataset/20230806_165350.jpg,這張照片中，可以看到一片天空，天空中布滿了雲層，雲層的顏色從淺灰色到深灰色不等，顯示出一種多變的天氣狀況。在雲層的後方，陽光從雲層間透出，形成了一道明亮的光線，這道光線穿過樹木的枝葉，使得樹葉上閃爍著光點。樹木的葉子茂盛，樹冠遮擋了大部分的天空，只露出少許的藍色天空。在照片的右側，有一棟建築物的部分建築面積，建築物上有中文標誌，標誌上的文字是「告請傳真」，顯示出這張照片可能是在一個中文地區拍攝的。整體來說，這張照片呈現出一種自然與城市建築並存的場景。
./dataset/IMG20220317142956.jpg,這張照片展示了一片沙灘，海浪輕拍著海岸線。沙灘上散落著幾個人，他們站在海邊，似乎在觀賞海景。背景中可以看到遠處的山丘和一些建築物，天空陰沉，雲層密布，整體氣氛略顯陰鬱。海浪拍打在沙灘上，產生了白色的浪花。沙灘上有一些腳印，顯示出有人在此活動。
./dataset/IMG20220220154936.jpg,這張照片展示了一個室內的展覽場景。場地內有三塊大屏幕，屏幕上播放著畫作。畫作的風格是印象派，畫中人物是芭蕾舞者。觀眾坐在黑暗的場地裡，背對著攝影機，觀看屏幕上的畫作。場地的天花板是木質結構，並有幾盞燈光。觀眾們似乎在專注地觀看展覽。
./dataset/1517840852365.jpg,這張圖片顯示了一隻穿著毛衣的狗，站在公園的紅磚地上。狗的前面有一個藍色的食盆，裡面裝滿了狗糧，食盆旁邊還有一個透明的水瓶。背景中可以看到公園的景觀，包括綠色的樹木、一些建築物和一組樓梯。樓梯旁邊有一個欄杆，欄杆後方有一個小屋，屋前有告示板。上方的時間顯示為19:57，手機電量為58%。圖片上方有社交媒體的按鈕，顯示了「讚」、「留言」和「分享」的功能。
./dataset/20240208_213029.jpg,這張照片顯示了一棟建築物的夜景。建築物外牆上有一些招牌，上面寫著「eslite spectrum」和「mt x eslite」等字樣。建築物的窗戶部分有開燈，顯示出室內的照明。建築物的外牆設計比較現代，有許多垂直的線條構成。建築物的下方有一個玻璃展示窗，展示窗內有幾個人形模特兒和一些商品陳列。建築物的右側有一個大型的彩色方塊裝飾，上面寫著「READ 24 HOURS」。照片的左側是夜空，顯示出時間是夜晚。
./dataset/20230721_094032.jpg,這張照片顯示了一個從車窗內向外看的景觀。可以看到車窗的邊緣和反射，以及車內的某個部分。外面的景觀包括藍色的天空、白色的雲朵、遠處的山丘和一些綠色的樹木。樹木和山丘在背景中顯得比較模糊，因為車子正在移動。照片的右側有一個橋樑的欄杆，欄杆下方有一些樹木和植被。整體來說，這張照片捕捉到了一個晴朗天氣下的車窗外景觀。
./dataset/20231203_165328.jpg,這張照片展示了一間室內餐廳的內部。餐廳的牆壁上有一面綠意盎然的植物牆，種植了各種綠色植物，營造出自然的氛圍。餐廳內的桌椅是白色的，桌子是圓形的，上面鋪有花紋的桌布。牆壁上有一扇藍色的門，門旁邊有一個白色的柱子。餐廳的地板是水泥地，牆壁是白色的，天花板上掛有燈具。餐廳的窗戶是玻璃的，可以看到外面的建築物。
./dataset/FB_IMG_1485272661635(1)(1).jpg,這張照片展示了一個戶外的場地，地面上鋪有水泥，邊緣有一排磚塊圍成的邊緣。場地內有幾棵樹，樹幹粗壯，樹葉茂盛，樹枝上掛有幾根繩子。背景中可以看到一堵紅磚牆，牆邊有一個鐵製的圍欄。牆的另一側有一個建築物，建築物的頂部有幾個透明的圓頂。建築物的後方有一個紅色的梯子。天空晴朗，陽光照射下來，樹影投射在地面上。
./dataset/IMG_20180519_141615_739.jpg,這張照片展示了一碗甜品。碗內有一個大圓形的餅乾或糕點，上面放了一個冰淇淋球。餅乾或糕點的表面撒有糖粉。碗內還有一些綠色和黑色的圓形小球，可能是果凍或果醬。這些小球被淋上了醬汁。碗的邊緣有藍色的圓點裝飾。照片的背景是一張木桌。照片上還有一些表情圖案和中文文字，文字內容為「真大碗」。
./dataset/20230912_151051.jpg,這張照片顯示了一片藍天，天空中漂浮著幾朵蓬鬆的雲朵。照片的右側有一棟藍色的建築物，建築物上有幾扇窗戶，窗戶上裝有鐵欄杆。建築物的頂部有一些綠色的植物。照片的右下角有一個綠色的交通號誌，號誌上有一些標誌和文字。照片的右側還有一個圓形的交通鏡。照片的右側還有一些樹木，樹木的葉子是綠色的。照片的右側還有一個燈柱，燈柱上有一個喇叭狀的裝置。照片的右側還有一個紅色的圓形標誌。照片的右側還有一個綠色的交通號誌，號誌上有一些標誌和文字。照片的右側還有一個紅色的圓形標誌。照片的右側還有一個綠色的交通號誌，號誌上有一些標誌和文字。照片的右側還有一個紅色的圓形標誌。照片的右側還有一個綠色的交通號誌，號誌上有一些標誌和文字。照片的右側還有一個紅色的圓形標誌。照片的右側還有一個綠色的交通號誌，號誌上有一些標誌和文字。照片的右側還有一個紅色的圓形標誌。照片的右側還有一個綠色的交通號誌，號誌上有一些標誌和文字。照片的右側還有一個紅色的圓形標誌。照片的右側還有一個綠色的交通號誌，號誌上有一些標誌和文字。照片的右側還有一個紅色的圓形標誌。照片的右側還有一個綠色的交通號誌，號誌上有一些標誌和文字。照片的右側還有一個紅色的圓形標誌。照片的右側還有一個綠色的交通號誌，號誌上有一些標誌和文字。照片的右側還有一個紅色的圓形標誌。照片的右側還有一個綠色的交通號誌，號誌上有一些標誌和文字。照片的右側還有一個紅色的圓形標誌。照片的右側還有一個綠色的交通號誌，號誌上有一些標誌和文字。照片的右側還有一個紅色的圓形標誌。照片的右側還有一個綠色的交通號誌，號誌上有一些標誌和文字。照片的右側還有一個紅色的圓形標誌。照片的右側還有一個綠色的交通號誌，號誌上有一些標誌和文字。照片的右側還有一個紅色的圓形標誌。照片的右側還有一個綠色的交通號誌，號誌上有一些標誌和文字。照片的右側還有一個紅色的圓形標誌。照片的右側還有一個綠色的交通號誌，號誌上有一些標誌和文字。照片的右側還有一個紅色的圓形標誌。照片的右側還有一個綠色的交通號誌，號誌上有一些標誌和文字。照片的右側還有一個紅色的圓形標誌。照片的右側還有一個綠色的交通號誌，號誌上有一些標誌和文字。照片的右側還有一個紅色的圓形標誌。照片的右側還有一個綠色的交通號誌，號誌上有一些標誌和文字。照片的右側還有一個紅色的圓形標誌。照片的右側還有一個綠色的交通號誌，號誌上有一些標誌和文字。照片的右側還有一個紅色的圓形標誌。照片的右側還有一個綠色的交通號誌，號誌上有一些標誌和文字。照片的右側還有一個紅色的圓形標誌。照片的右側還有一個綠色的交通號誌，號誌上有一些標誌和文字。照片的右側還有一個紅色的圓形標誌。照片的
./dataset/IMG20220220163125.jpg,這張照片展示了一個室內展覽場景。場景中，多個大型屏幕投影出一幅幅畫作，這些畫作呈現出印象派風格，表現了城市風景和建築。畫作的色彩豐富，表現了天空、建築和河流等元素。在畫作的前方，有一群觀眾坐在地上，他們面朝畫作，似乎在觀賞和欣賞這些藝術作品。展覽場館的建築結構簡單，天花板上有一些木質樑柱。場館內的燈光柔和，為觀眾提供了舒適的觀賞環境。
./dataset/11110763_632076566892169_8705734900967127746_n(1)(1).jpg,這張照片中有三個人。前景中，一個穿著灰色外套和藍色牛仔褲的年輕人側身站立，頭部稍微傾向一邊，似乎在與旁邊的人交流。他腳穿黑色鞋子，鞋底有紅色的邊緣。背景中，有兩個人，他們的臉部和上半身沒有完全出現在畫面中。他們似乎站在一間教室或辦公室內，牆壁上掛有時鐘和一些標籤。地面是灰色的，可能是一種水泥或石頭材料。
./dataset/1529165699903.jpg,這張照片中有兩位穿著畢業袍的年輕人，他們站在一棟建築物前，背景是藍天和綠樹。建築物的設計獨特，有高聳的塔狀結構，玻璃窗戶和鋼筋構造。兩位年輕人面帶微笑，其中一位比出勝利的手勢。背景中可以看到許多其他的人，他們似乎在參加畢業典禮，有些人穿著畢業袍，有些人則穿著便服。地面上鋪有水泥，建築物前有一條小路。天空晴朗，陽光明媚。
./dataset/1528557828514.jpg,這張照片顯示了一群人在畢業典禮上合影。背景中可以看到一棟建築物，建築物上方掛有一條橫幅，上面寫著「東海大學107年畢業典禮」。人們站在建築物前，背景中還有其他人在活動。前景中有幾位年長者和年輕人，年輕人穿着畢業袍，手持花束。所有人都面帶微笑，似乎在慶祝畢業的時刻。
./dataset/20231104_181717.jpg,這張照片中，有兩個人坐在桌子旁。前面的人戴著眼鏡，穿著藍色花紋襯衫，面帶微笑。後面的人穿著深藍色上衣，頭部稍微傾斜，臉部被擋住。桌上有一個透明的水晶酒杯，裡面裝有白色液體，可能是酒。背景中可以看到一扇木製門，門上有一些鏽蝕的鐵釘。牆壁是白色的，上面有幾條木條裝飾。照片的右側有一個透明的塑料瓶，瓶身上有中文標籤。
./dataset/IMG20220314201310.jpg,這張照片展示了一個夜市的場景。照片中可以看到多個攤位，攤位上方掛有彩色的燈飾，營造出喜慶的氛圍。攤位的招牌上寫有中文，顯示出不同的商品或服務。攤位的建築風格為傳統中式建築，屋頂為紅色瓦片。地面上鋪有方磚，整體環境看起來非常熱鬧。照片中還可以看到一些行人，他們在攤位之間走動，似乎在觀看或購買商品。照片的右側有一個標牌，上面寫有“二件300元”，顯示出商品的價格。整體來說，這張照片展示了一個充滿活力和人氣的夜市場景。
./dataset/IMG20220317142058.jpg,這張照片展示了一片海岸線，海浪拍打著沙灘。天空陰沉，雲層厚重，顯示出一種陰鬱的氣氛。沙灘上只有兩個人在行走，他們似乎在享受這片寧靜的海岸線。遠處可以看到一些建築物和樹木，可能是海灘旁邊的城市或度假村。海浪不斷拍打著海岸線，產生了白色的浪花。沙灘上有一些腳印，顯示出有人在沙灘上行走。整體來說，這張照片呈現出一種寧靜而略帶孤獨的氛圍。
./dataset/IMG20220315163823.jpg,這張照片展示了一片廣闊的海景。海面波光粼粼，反射著天空的藍色。天空中雲層稀疏，有幾朵雲朵漂浮在遠處。海邊有一些綠色的植被和一株光禿禿的樹木，樹木的枝條伸向天空。前景中有一個鐵製的護欄，護欄後方是茂密的綠草和灌木。整體感覺平靜而寧靜。
./dataset/10475864_632051646894661_4126424736828737973_n(1)(1).jpg,這張照片中有兩個人，他們正跪在鋪有藍白條紋的布料上。兩人都穿着短袖上衣和長褲，其中一個人正在幫另一個人整理一件藍色的睡袋。背景是室內環境，地面鋪有相同的條紋布料。
./dataset/20240328_165608.jpg,這張照片中，有一座高聳的摩天大樓，建築外觀為現代風格，由多層樓層組成，頂部有一個突出的天線。大樓位於一片綠意盎然的樹林中，樹木的枝葉在風中輕擺。背景是灰蒙蒙的天空，陽光從雲隙中透出，散發出柔和的光芒。照片的構圖使得大樓成為視覺焦點，而樹木和天空則提供了自然的背景。
./dataset/20230707_190741.jpg,這張照片展示了一間餐廳的外觀。餐廳的招牌是紅色的，上面有大大的白色中文字「湘閣里辣」，並在招牌上寫有「地道湘菜18年」的標語，顯示這家餐廳提供湖南菜餚，並且有18年的歷史。招牌上還有幾盞燈光，使招牌在夜晚更加顯眼。餐廳的門口有一輛停在路邊的車，車牌號碼為「鄂A16118」。餐廳的建築外牆是淺色的，窗戶上有鐵柵欄。
./dataset/IMG20220315163348.jpg,這張照片展示了一片山區的風景。前景中有一些雜草和石頭，右側有一個鐵絲網圍欄。中景是茂密的綠色植被，山丘上布滿了樹木。遠景中可以看到一處湖泊，湖水呈現出深藍色。天空中布滿了厚重的雲層，給整體景色帶來了一種陰沉的氛圍。遠處的山峰被雲霧籠罩，隱約可見。
./dataset/IMG20220316162512.jpg,這張照片展示了一片海岸線的景象。前景是一片沙灘，沙灘上散落著一些石塊和樹枝。沙灘的後方是海浪拍打著海岸，海浪看起來比較平靜。遠處有一座小山丘，山丘上長滿了綠色的植被，山丘的頂部有一些建築物。山丘的後方是天空，天空中有一些雲層，但整體天氣看起來比較陰沉。沙灘的後方還可以看到一些建築物，建築物的顏色比較鮮豔，可能是當地的居民區或度假村。整體來說，這張照片呈現出一種寧靜而自然的海岸風景。
./dataset/IMG20211207192319.jpg,這張照片展示了一間店鋪的外觀。門口停著兩輛機車，一輛是黑色的，另一輛是紅色的。門口的玻璃門上有一塊黑底白字的招牌，上面寫著「J&J cafe」。門口的玻璃門上還有一個紅色的「ON AIR」標籤。門口的玻璃門旁邊有一個木製的長椅。門口的玻璃門後面可以看到店鋪的內部，內部擺設簡單，有書架、植物和一些裝飾品。門口的玻璃門後面的牆壁上掛著一些相框。門口的玻璃門後面的牆壁上還有一個綠色的窗戶。門口的玻璃門後面的牆壁上還有一個綠色的窗戶。門口的玻璃門後面的牆壁上還有一個綠色的窗戶。門口的玻璃門後面的牆壁上還有一個綠色的窗戶。門口的玻璃門後面的牆壁上還有一個綠色的窗戶。門口的玻璃門後面的牆壁上還有一個綠色的窗戶。門口的玻璃門後面的牆壁上還有一個綠色的窗戶。門口的玻璃門後面的牆壁上還有一個綠色的窗戶。門口的玻璃門後面的牆壁上還有一個綠色的窗戶。門口的玻璃門後面的牆壁上還有一個綠色的窗戶。門口的玻璃門後面的牆壁上還有一個綠色的窗戶。門口的玻璃門後面的牆壁上還有一個綠色的窗戶。門口的玻璃門後面的牆壁上還有一個綠色的窗戶。門口的玻璃門後面的牆壁上還有一個綠色的窗戶。門口的玻璃門後面的牆壁上還有一個綠色的窗戶。門口的玻璃門後面的牆壁上還有一個綠色的窗戶。門口的玻璃門後面的牆壁上還有一個綠色的窗戶。門口的玻璃門後面的牆壁上還有一個綠色的窗戶。門口的玻璃門後面的牆壁上還有一個綠色的窗戶。門口的玻璃門後面的牆壁上還有一個綠色的窗戶。門口的玻璃門後面的牆壁上還有一個綠色的窗戶。門口的玻璃門後面的牆壁上還有一個綠色的窗戶。門口的玻璃門後面的牆壁上還有一個綠色的窗戶。門口的玻璃門後面的牆壁上還有一個綠色的窗戶。門口的玻璃門後面的牆壁上還有一個綠色的窗戶。門口的玻璃門後面的牆壁上還有一個綠色的窗戶。門口的玻璃門後面的牆壁上還有一個綠色的窗戶。門口的玻璃門後面的牆壁上還有一個綠色的窗戶。門口的玻璃門後面的牆壁上還有一個綠色的窗戶。門口的玻璃門後面的牆壁上還有一個綠色的窗戶。門口的玻璃門後面的牆壁上還有一個綠色的窗戶。門口的玻璃門後面的牆壁上還有一個綠色的窗戶。門口的玻璃門後面的牆壁上還有一個綠色的窗戶。門口的玻璃門後面的牆壁上還有一個綠色的窗戶。門口的玻璃門後面的牆壁上還有一個綠色的窗戶。門口的玻璃門後面的牆壁上還有一個綠色的窗戶。門口的玻璃門後面的牆壁上還有一個綠色的窗戶。門口的玻璃門後面的牆壁上還有一個綠色的窗戶。門口的玻璃門後面的牆壁上還有一個綠色的窗戶。門口的玻璃門後面的牆壁上還有一個綠色的窗戶。門口的玻璃門後面的牆壁上還有一個綠色的窗戶。門口的玻璃門後面的牆壁上還有一個綠色的窗戶。門口的玻璃門後面的牆壁上還有一個綠色的窗戶。
./dataset/IMG20220313134834.jpg,這張照片展示了一條公路，公路邊緣有一個護欄，護欄上裝飾有幾朵白色的花和兩隻蝴蝶的圖案。護欄後方是一片綠色的稻田，稻田延伸至遠處的山丘。山丘被薄薄的雲霧所籠罩，天空中有一些雲朵，但大部分天空是藍色的。遠處可以看到一些建築物，可能是農村或鄉鎮的建築。整體環境看起來非常寧靜，像是在一個農村地區。
./dataset/FB_IMG_1526429570381.jpg,這張圖片展示了一個海濱城市的夕陽景色。天空中布滿了濃密的雲層，雲層間有幾道光束穿透雲層，照射到地面上，形成了一種美麗的光線效果。地平線附近可以看到一些建築物，建築物的顏色主要是白色和淺色調，建築物後方有一些樹木。海面上有幾艘船隻，船隻在海面上靜靜地漂浮著。海面反射著夕陽的光芒，呈現出金黃色的光澤。整體景色非常美麗，充滿了寧靜和祥和的氛圍。
./dataset/20231101_161023.jpg,這張照片展示了一片藍天，天空中布滿了蓬鬆的白色雲朵。雲朵的形狀不規則，大小不一，散落在藍天中，形成了一種自然的美。在照片的下方，可以看到幾棟現代建築，建築的外觀為玻璃和鋼筋構造，反射出陽光，建築的顏色主要是白色和藍色。建築的設計風格現代，窗戶排列整齊，建築的頂部有幾處突出的建築元素。整體來說，這張照片呈現了一種現代都市的景象，天空的藍色和雲朵的白色與建築的冷色調形成了一種對比，使得整體視覺效果非常鮮明。
./dataset/20231111_172353.jpg,這張照片展示了一間室內空間，牆壁為白色，天花板上裝有幾盞燈。牆壁上掛有幾幅色彩鮮豔的畫作。牆角有一張白色桌子，搭配幾張藤編椅。桌子旁邊有一個藍色的落地燈，燈光柔和。牆壁下方有一個櫃子，櫃子上擺放了一些物品，包括一個小型的聖誕樹裝飾。櫃子的顏色為深棕色，與牆壁形成對比。地面上鋪有淺色的地板，地板的材質看起來像是石頭或瓷磚。整體環境看起來乾淨整潔，佈置簡單而現代。
./dataset/20240611_151222.jpg,這張圖片顯示了一個白色背景的表面，上面有一個灰色的蘋果標誌。標誌的設計簡單，由一個圓形和一個葉子組成。背景的左側有一塊深色的區域，可能是牆壁或家具的一部分。右側有一塊藍色的布料，可能是桌布或衣物。整體感覺非常簡潔和現代。
./dataset/20240602_165722.jpg,"這是一本中文書籍的圖片，書頁上顯示了關於前推法的步驟說明。書頁上有一個標題「前推法」，下面列出了幾個步驟：

1. 建立最早可開始的時間或日期，例如一個月後的某個週末。
2. 確定專案的最早開始時間或日期，並列出所有需要做的事情。
3. 確定專案完成的時間，並安排合理的順序。
4. 在管理會議中報告專案相關內容，已經根據前推法做了排程，可以限定同意專案開始日期。
5. 與主管或客戶討論專案完成的時間點，明確專案的優先順序，並評估其他專案是否能移交給同事完成。
6. 確認專案的細節，避免後續困擾，考慮專案是否能順利進行。
7. 確認各項細節，並評估專案是否能順利完成。

每一個步驟旁邊都有綠色的圓形標籤，標籤上寫著「步驟」和「說明」。書頁右下角標註了頁碼「270」。"
./dataset/IMG20220317144159.jpg,這張圖片展示了一片海岸線的景象。海浪輕柔地拍打着海岸，形成白色的浪花。沙灘上有一些腳印，顯示有人曾經在這裡走過。遠處可以看到一座小島，島上似乎沒有植被，只有一個光禿禿的山頭。天空陰沉，雲層厚重，整體氣氛略顯陰鬱。海面波紋細微，海浪逐漸向海岸推進。沙灘的顏色較為暗淡，可能是由於天氣陰沉或是沙子本身的顏色。整體來說，這張圖片呈現出一種平靜而略顯孤寂的海灘景象。
./dataset/20240525_174932.jpg,這張照片中，一個人赤裸上身，手持一部手機，似乎在自拍。他站在一個室內環境中，背景可以看到一張床，床上鋪有條紋床單。床頭櫃上放著一些物品，包括一個時鐘和一些書籍。牆壁上掛有一幅畫，畫框是金色的。地上有一個黑色的袋子。照片的右側有一張木製的桌子或床頭板。
./dataset/20240602_162850.jpg,"這張圖片顯示了一本日記本的內頁，上面有詳細的指示和格式。內容如下：

1. 題目：如何寫間歇式日記帶來的動力？
2. Step 1：準備一張空白筆記，不需要先列出待辦清單，先去做今天第一件事情，然後在告一段落的時候（可能是完成，也可能是卡關做不下），就暫停下來，拿出空白筆記，準備開始寫間歇式日記。
3. Step 2：在任務與任務切換之間的空檔撰寫，先寫下剛剛完成的任務的時間戳記。
4. Step 3：用幾個句子（而非關鍵字或簡短清單），記錄自己剛剛完成了什麼，並且把大腦中對這件事情還在煩惱的部分都寫出來。
5. 6:30：早上先起牀後，處理一下「每日行動清單範本」，接下來就是要想想目前設計的範本還有哪些可以更精簡的地方，以及如何如何整理在一頁的可列印範本中。

日記本的頁面設計包括了時間戳記和空格，用來記錄和整理每日的活動和想法。頁面的左側還有一個標題「操作教學」，右側則是詳細的步驟說明。"
./dataset/IMG20220304130125.jpg,這張照片顯示了一條城市道路的景象。道路兩側停有幾輛車，車輛停在道路的右側。道路標誌顯示方向，指示前方道路的走向。道路兩側有樹木和建築物，建築物看起來像是住宅樓。天空晴朗，但有些霧蒙蒙的感覺。道路標線清晰，有白色的人行橫道線。電線杆和電線在空中橫跨，電燈柱也沿道路兩側排列。遠處可以看到一些建築物和樹木。
./dataset/IMG20210422175429.jpg,這幅畫中，有四名士兵在行進。他們都穿着綠色迷彩服，頭戴綠色頭盔，腳穿黑色靴子。其中三名士兵手持步槍，另一名士兵則手持一面紅色的旗幟。背景是藍天和綠色的樹木，地面上鋪有白色的路面。士兵們的姿態統一，步伐一致，表現出軍隊的整齊和紀律。
./dataset/IMG_20180727_115015_087.jpg,這張照片展示了一輛停放在室內的BMW機車。機車的車頭朝向右側，車頭燈和前擋風玻璃清晰可見。車頭燈是圓形的，前擋風玻璃是透明的。車頭的BMW標誌位於車頭的中央。機車的車架是銀色的，車座是棕色的皮質材質。車頭的前叉是銀色的，車輪是黑色的，輪圈上有金色的裝飾。車頭的側面有一個黑色的後視鏡。背景中可以看到一些人，他們站在機車的後方，但他們的臉部和身體的細節無法辨識。地面是灰色的地毯。
./dataset/20240602_164548.jpg,"這張圖片顯示了一本書或文件的某頁，頁面上有許多綠色的標籤和文字。文字內容似乎是關於如何養成每天寫作習慣的指導，包含幾個步驟和提示。例如：

- Step 1 提示：讓習慣顯而易見
- Step 2 提示：降低阻力
- Step 3 提示：讓習慣有吸引力
- Step 4 提示：設定執行意向
- Step 5 提示：運用誘惑綁綁
- Step 6 提示：運用強化法
- Step 7 提示：運用習慣追蹤器
- Step 8 提示：運用習慣自動化

每一個提示都提供了具體的建議，例如將日記本放在容易拿到的地方、使用App追蹤日記等。頁面的右側還有更多的文字，但由於圖片的清晰度和角度，無法完全辨識所有內容。"
./dataset/1529683286998.jpg,這張照片中有三位畢業生，他們穿着黑色的畢業袍，上面有金色和藍色的邊飾。他們站在戶外，背景中可以看到其他畢業生和一些建築物。其中一位畢業生舉起手指，做出勝利的姿勢，另外兩位畢業生則微笑着面對鏡頭。背景中還有一些人，他們似乎在進行畢業儀式或慶祝活動。
./dataset/20231015_135506.jpg,這張照片展示了一間室內空間，可能是餐廳或咖啡廳。照片中可以看到一張長桌，桌子旁邊有幾張黑色的椅子。桌子上方懸掛著一盞燈，燈的設計風格獨特。桌子後方有一扇大玻璃窗，窗外可以看到綠色的植物和幾輛停在路邊的機車。窗戶的設計採用了多塊玻璃組合而成，窗戶下方有一個小門，門上似乎有開關。窗戶的外側還有一個鐵製的欄杆。窗戶的另一側可以看到一堵牆，牆上有一些裝飾。窗戶的外側還有一些綠色的植物，增加了室內的自然感。窗戶的設計採用了多塊玻璃組合而成，窗戶下方有一個小門，門上似乎有開關。窗戶的外側還有一個鐵製的欄杆。窗戶的另一側可以看到一堵牆，牆上有一些裝飾。窗戶的外側還有一些綠色的植物，增加了室內的自然感。窗戶的設計採用了多塊玻璃組合而成，窗戶下方有一個小門，門上似乎有開關。窗戶的外側還有一個鐵製的欄杆。窗戶的另一側可以看到一堵牆，牆上有一些裝飾。窗戶的外側還有一些綠色的植物，增加了室內的自然感。窗戶的設計採用了多塊玻璃組合而成，窗戶下方有一個小門，門上似乎有開關。窗戶的外側還有一個鐵製的欄杆。窗戶的另一側可以看到一堵牆，牆上有一些裝飾。窗戶的外側還有一些綠色的植物，增加了室內的自然感。窗戶的設計採用了多塊玻璃組合而成，窗戶下方有一個小門，門上似乎有開關。窗戶的外側還有一個鐵製的欄杆。窗戶的另一側可以看到一堵牆，牆上有一些裝飾。窗戶的外側還有一些綠色的植物，增加了室內的自然感。窗戶的設計採用了多塊玻璃組合而成，窗戶下方有一個小門，門上似乎有開關。窗戶的外側還有一個鐵製的欄杆。窗戶的另一側可以看到一堵牆，牆上有一些裝飾。窗戶的外側還有一些綠色的植物，增加了室內的自然感。窗戶的設計採用了多塊玻璃組合而成，窗戶下方有一個小門，門上似乎有開關。窗戶的外側還有一個鐵製的欄杆。窗戶的另一側可以看到一堵牆，牆上有一些裝飾。窗戶的外側還有一些綠色的植物，增加了室內的自然感。窗戶的設計採用了多塊玻璃組合而成，窗戶下方有一個小門，門上似乎有開關。窗戶的外側還有一個鐵製的欄杆。窗戶的另一側可以看到一堵牆，牆上有一些裝飾。窗戶的外側還有一些綠色的植物，增加了室內的自然感。窗戶的設計採用了多塊玻璃組合而成，窗戶下方有一個小門，門上似乎有開關。窗戶的外側還有一個鐵製的欄杆。窗戶的另一側可以看到一堵牆，牆上有一些裝飾。窗戶的外側還有一些綠色的植物，增加了室內的自然感。窗戶的設計採用了多塊玻璃組合而成，窗戶下方有一個小門，門上似乎有開關。窗戶的外側還有一個鐵製的欄杆。窗戶的另一側可以看到一堵牆，牆上有一些裝飾。窗戶的外側還有一些綠色的植物，增加了室內的自然感。窗戶的設計採用了多塊玻璃組合而成，窗戶下方有一個小門，門上似乎有開關。窗戶的外側還有一個鐵製的欄杆。窗戶的另一側可以看到一堵牆，牆上有一些裝飾。窗戶的外側還有一些綠色的植物，增加了室內的自然感。窗戶的設計採用了多塊玻璃組合而成，窗戶下方有一個小門，門上似乎有開關。窗戶的外側還有一個鐵製的欄杆。窗戶的另一側可以看到一堵牆，牆上有一些裝飾。窗戶的外側還有一些綠色的植物，增加了室內的自然
./dataset/IMG20220311154832.jpg,這張照片展示了一個公園或廣場的場景。照片中可以看到多棵高大的樹木，樹葉茂盛，有棕櫚樹和常綠樹。樹木之間鋪設了灰色的石板路，兩旁有綠色的灌木和草坪。背景中可以看到一些建築物，建築物的外牆是淺色的，窗戶排列整齊。天空晴朗，陽光充足，樹影斑斕地投射在地面上。照片中央有一塊標牌，上面寫有“城市光廊”和“PAGAN SPOTLIGHT”的英文字樣。
./dataset/20231107_133544.jpg,這張圖片展示了一片藍天，天空中漂浮著一些蓬鬆的雲朵。雲朵的形狀不規則，大小不一，主要集中在右側，而左側的天空則比較空曠。在圖片的右側邊緣，可以看到幾棟現代建築的頂部，建築的玻璃幕牆反射著陽光，建築的設計風格現代，窗戶排列整齊。建築的顏色主要是深色的，與藍天形成鮮明對比。整體來說，這張圖片給人一種清新、明亮的感覺。
./dataset/IMG20220315163002.jpg,這張圖片展示了一片廣闊的海景。海面波濤洶涌，天空布滿了厚重的雲層，天空和海面的顏色都呈現出灰藍色調。在海的遠處，可以看到一些島嶼，島嶼上長滿了茂密的植被。前景中，有一些綠色的植被和岩石，這些植被看起來像是海邊的植物，與海景形成鮮明的對比。整體來說，這張圖片呈現出一種寧靜而略帶憂鬱的氛圍。
./dataset/received_947869111980539(1)(1).jpeg,"這是一封綠色的信封，上面有手寫的地址。信封的右上角貼有兩枚郵票，郵票上印有海龜圖案。信封上寫著：

發件人地址：
Pamela Dimitrova
Str. Sinchech №4
2500 Kyustendil

收件人地址：
235 New Taipei City
Taiwan
Sector: 2
Lane: 3
Floor: 2
Adress of receiver: distinct: Zhonghe
Str. Xingnan Rd №13"
./dataset/IMG20220315110946.jpg,一張木桌上有兩樣食物和一些餐具。在木桌上，有一個裝有熱飲的白色杯子，杯子上有幾顆黑豆。杯子旁邊有一個鐵籃子，籃子裡放著一包透明塑料袋，袋內似乎裝有餐巾紙。在木桌的另一側，有一個藍白相間的盤子，盤子裡裝有一碗麵條，麵條上放著一顆煎蛋，蛋黃鮮黃。盤子旁邊有一張白色的餐巾紙。
./dataset/IMG20220311205804.jpg,這張照片顯示了一艘標有「Taiwan Coast Guard」字樣的海巡船停泊在碼頭旁。船體上寫有「CG 128」，表明這是臺灣海巡署的船隻。照片是在夜晚拍攝的，海巡船的船身被燈光照亮，船頭部分有紅色的標誌。碼頭旁邊有幾棵樹，樹下有幾個人在散步或休息。碼頭邊緣有一排燈光，照亮了地面。背景中可以看到一些建築物的燈光。
./dataset/1549426041230.jpg,這張照片中，一位年長的婦女坐在沙發上。她頭戴一頂藍色的棒球帽，身穿一件紫色的羽絨外套。她的雙手交疊放在腿上，表情看起來很安詳。背景中可以看到一張桌子，上面擺放著一些物品，包括一個電話機、一個玻璃杯和一些書籍。牆壁上掛著一張掛畫，畫中似乎有花卉的圖案。沙發的靠背上有花卉圖案的靠墊。整體環境看起來像是家庭的客廳。
./dataset/20230731_165202.jpg,這張照片展示了一個城市街景。天空晴朗，藍天中散佈著幾朵薄雲。照片的左側有一棵茂盛的綠樹，樹葉在微風中輕搖。右側可以看到一棟建築，建築外牆為白色，窗戶排列整齊。建築頂部有一些天線和設備。建築前方還有一個綠色的屋頂結構。建築旁邊有一個招牌，上面有中文和日文的標誌。建築前還有幾根電線杆和電線。整體感覺是一個晴朗的白天，城市環境平靜。
./dataset/20231107_194739.jpg,"這張圖片顯示了一份房屋租賃協議書。內容如下：

1. **房屋租賃地址**：新北市汐止區宜興街30巷12號5樓（1房）。
2. **租賃期限**：自民國112年10月1日起至民國113年10月1日止。
3. **租金及支付**：
   - 每月租金：8200元。
   - 擔保金：16400元。
   - 每月租金請於每月10日前，匯入台灣銀行仁愛分行，帳號：122008084795，戶名：蔡武訓，金額為：租金8200元。
   - 擔保金請於每月10日前，匯入台灣銀行仁愛分行，帳號：122008084795，戶名：蔡武訓，金額為：租金8200元。
   - 租金若遲誤，遲誤一天達約金NT$100元。
   - 擔保金若遲誤，遲誤一天達約金NT$500元。
   - 本租約期間相關費用之支付：112.9.21收到押金1個月8200元，應於11月1日支付。
4. **費用支付**：
   - 水費：由甲方支付。
   - 網路月租費：無。
   - 管理費：無。
   - 瓦斯費：無（不提供瓦斯）。
   - 第四台月租費：由甲方支付（提供第四台收視）。
   - 第四台電費：由甲方支付，電費依獨立電錶計算，電費度數自18820度起算，每度6元，並與租金一同支付甲方。
5. **稅費負擔之約定**：房屋稅、地價稅由甲方負擔。
6. **第五條：使用房屋之限制**：
   - 1. 本房屋係供住宅使用。非經甲方同意，不得變更用途。
   - 2. 乙方同意遵守本租約，不得違法使用，或存放有爆炸性或易燃性物品。

協議書上還簽署了承租人和出租人的姓名及日期。"
./dataset/11133753_632064453560047_435554272552026064_n(1)(1).jpg,這張照片顯示了一個室內的場景，似乎是一個教室或會議室。照片中有十幾位年輕人，他們圍坐在室內的椅子上，似乎正在參加一個活動或會議。他們的姿態各異，有坐著的，有站著的，表情看起來很開心，有些人正在微笑，有些人則在傾聽。牆壁上掛有一些海報和標語，顯示出這可能是一個學校或社區活動的場所。房間內有幾盞燈光，牆壁上還掛有幾張海報，顯示出這是一個活躍的空間。
./dataset/1549434105851.jpg,這張照片中有五個人坐在室內的沙發上，背景是白色的磁磚牆壁。沙發後方有一個綠色的冰箱，冰箱上貼有幾張彩色的磁鐵。牆壁上掛有一幅畫，畫中顯示的是橋樑和水景。沙發前有一張桌子，桌子上鋪有花紋桌布，上面放著一些雜誌和一個平板電腦。沙發的兩側有兩張木製的椅子。沙發上坐著五個人，從左到右分別是一位穿著花卉上衣的女士、一位穿著條紋毛衣的女士、一位穿著藍色襯衫的男士、一位穿著紅色連帽衫的年輕人和一位穿著白色襯衫的男士。沙發後方的牆壁上掛有一個紅色的裝飾品，裝飾品上寫有中文。沙發的後方還有一個木製的壁爐，壁爐上放著一些裝飾品。沙發的後方還有一個紅色的櫃子，櫃子上放著一些物品。沙發的後方還有一個紅色的裝飾品，裝飾品上寫有中文。沙發的後方還有一個紅色的裝飾品，裝飾品上寫有中文。沙發的後方還有一個紅色的裝飾品，裝飾品上寫有中文。沙發的後方還有一個紅色的裝飾品，裝飾品上寫有中文。沙發的後方還有一個紅色的裝飾品，裝飾品上寫有中文。沙發的後方還有一個紅色的裝飾品，裝飾品上寫有中文。沙發的後方還有一個紅色的裝飾品，裝飾品上寫有中文。沙發的後方還有一個紅色的裝飾品，裝飾品上寫有中文。沙發的後方還有一個紅色的裝飾品，裝飾品上寫有中文。沙發的後方還有一個紅色的裝飾品，裝飾品上寫有中文。沙發的後方還有一個紅色的裝飾品，裝飾品上寫有中文。沙發的後方還有一個紅色的裝飾品，裝飾品上寫有中文。沙發的後方還有一個紅色的裝飾品，裝飾品上寫有中文。沙發的後方還有一個紅色的裝飾品，裝飾品上寫有中文。沙發的後方還有一個紅色的裝飾品，裝飾品上寫有中文。沙發的後方還有一個紅色的裝飾品，裝飾品上寫有中文。沙發的後方還有一個紅色的裝飾品，裝飾品上寫有中文。沙發的後方還有一個紅色的裝飾品，裝飾品上寫有中文。沙發的後方還有一個紅色的裝飾品，裝飾品上寫有中文。沙發的後方還有一個紅色的裝飾品，裝飾品上寫有中文。沙發的後方還有一個紅色的裝飾品，裝飾品上寫有中文。沙發的後方還有一個紅色的裝飾品，裝飾品上寫有中文。沙發的後方還有一個紅色的裝飾品，裝飾品上寫有中文。沙發的後方還有一個紅色的裝飾品，裝飾品上寫有中文。沙發的後方還有一個紅色的裝飾品，裝飾品上寫有中文。沙發的後方還有一個紅色的裝飾品，裝飾品上寫有中文。沙發的後方還有一個紅色的裝飾品，裝飾品上寫有中文。沙發的後方還有一個紅色的裝飾品，裝飾品上寫有中文。沙發的後方還有一個紅色的裝飾品，裝飾品上寫有中文。沙發的後方還有一個紅色的裝飾品，裝飾品上寫有中文。沙發的後方還有一個紅色的裝飾品，裝飾品上寫有中文。沙發的後方還有一個紅色的裝飾品，裝飾品上寫有中文。沙發的後方還有一個紅色的裝飾品，裝飾品上寫有中文。
./dataset/1552911508680.jpg,這張照片展示了一個現代化的城市街景。照片中可以看到一棟高樓，建築外牆採用玻璃和鋼材構造，反射出周圍的光線。建築的頂部有一個大型的廣告牌，上面顯示了Burberry的廣告，廣告牌下方有一個入口，入口處有燈光裝飾。建築的前面有一個廣場，廣場上有一些樹木和綠化帶，廣場上有一些行人和車輛。廣場的邊緣有一條馬路，馬路上有幾輛車輛在行駛，其中包括幾輛計程車。馬路的兩側有一些行人，他們在馬路上行走或等待過馬路。整體來說，這張照片展示了一個繁忙的城市街景，建築、廣場、馬路和行人共同構成了這張照片的主體。
./dataset/20231104_202706.jpg,這張照片展示了一個戶外的婚禮佈置場景。場景中有一個木製的展示區，展示區上方掛有串燈，散發出溫暖的光線。展示區的後方有一棵大樹，樹葉茂盛，為場景增添了一絲自然的氛圍。展示區的左側有一塊寫有“Welcome to our Wedding”的布幔，布幔上繪有新人的插畫。展示區的前方有一張木製桌子，桌子上擺放著一些裝飾品，包括花瓶、蠟燭和相框等。相框中展示著新人的相片。展示區的右側有一塊木製的牆面，牆面上掛有一塊顯示屏，顯示屏上也展示著新人的相片。展示區的左側還有一個木製的花瓶，花瓶中插著鮮花。整體佈置風格自然、溫馨，適合戶外婚禮活動。
./dataset/IMG20200621161724.jpg,這張照片顯示了一個室內的視野，透過一扇有鐵柵欄的窗戶向外看。窗戶外有一個綠色植物，種在一個紅色的花盆裡。植物的葉子長而寬，呈深綠色。窗戶外的環境看起來像是在一個建築物的陽臺或露台上，可以看到一些建築物的外牆和一些綠化植物。建築物的外牆是白色的，上面有一些窗戶和門。建築物的牆壁上有一個紅色的橫幅，上面寫著中文。陽臺的地面是灰色的，陽臺的邊緣有鐵柵欄。陽臺外邊還有一些綠色的灌木和樹木。陽臺的牆壁上有一些綠色的植物。陽臺的牆壁上有一些綠色的植物。陽臺的牆壁上有一些綠色的植物。陽臺的牆壁上有一些綠色的植物。陽臺的牆壁上有一些綠色的植物。陽臺的牆壁上有一些綠色的植物。陽臺的牆壁上有一些綠色的植物。陽臺的牆壁上有一些綠色的植物。陽臺的牆壁上有一些綠色的植物。陽臺的牆壁上有一些綠色的植物。陽臺的牆壁上有一些綠色的植物。陽臺的牆壁上有一些綠色的植物。陽臺的牆壁上有一些綠色的植物。陽臺的牆壁上有一些綠色的植物。陽臺的牆壁上有一些綠色的植物。陽臺的牆壁上有一些綠色的植物。陽臺的牆壁上有一些綠色的植物。陽臺的牆壁上有一些綠色的植物。陽臺的牆壁上有一些綠色的植物。陽臺的牆壁上有一些綠色的植物。陽臺的牆壁上有一些綠色的植物。陽臺的牆壁上有一些綠色的植物。陽臺的牆壁上有一些綠色的植物。陽臺的牆壁上有一些綠色的植物。陽臺的牆壁上有一些綠色的植物。陽臺的牆壁上有一些綠色的植物。陽臺的牆壁上有一些綠色的植物。陽臺的牆壁上有一些綠色的植物。陽臺的牆壁上有一些綠色的植物。陽臺的牆壁上有一些綠色的植物。陽臺的牆壁上有一些綠色的植物。陽臺的牆壁上有一些綠色的植物。陽臺的牆壁上有一些綠色的植物。陽臺的牆壁上有一些綠色的植物。陽臺的牆壁上有一些綠色的植物。陽臺的牆壁上有一些綠色的植物。陽臺的牆壁上有一些綠色的植物。陽臺的牆壁上有一些綠色的植物。陽臺的牆壁上有一些綠色的植物。陽臺的牆壁上有一些綠色的植物。陽臺的牆壁上有一些綠色的植物。陽臺的牆壁上有一些綠色的植物。陽臺的牆壁上有一些綠色的植物。陽臺的牆壁上有一些綠色的植物。陽臺的牆壁上有一些綠色的植物。陽臺的牆壁上有一些綠色的植物。陽臺的牆壁上有一些綠色的植物。陽臺的牆壁上有一些綠色的植物。陽臺的牆壁上有一些綠色的植物。陽臺的牆壁上有一些綠色的植物。陽臺的牆壁上有一些綠色的植物。陽臺的牆壁上有一些綠色的植物。陽臺的牆壁上有一些綠色的植物。陽臺的牆壁上有一些綠色的植物。陽臺的牆壁上有一些綠色的植物。陽臺的牆壁上有一些綠色的植物。陽臺的牆壁上有一些綠色的植物。陽臺的牆壁上有一些綠色的植物。陽臺的牆壁上有一些綠色的植物。陽臺的牆壁上有一些綠色的植物。陽臺的牆壁上有一些綠色的植物。陽臺的牆壁上有一些綠色的植物。陽臺的牆壁上有一些綠色的植物。陽臺的牆壁上有一些綠色的植物。陽臺的牆壁上有一些綠色的植物。陽臺的牆壁上有一些綠色的植物。陽臺的牆壁上有一些綠色的植物。陽臺的牆壁上有一些綠色的植物。陽臺的牆壁上有一些綠色的植物。陽臺的牆壁上有一些綠色的植物。
./dataset/IMG_20210914_201651730.jpg,這張照片中，一個人站在鏡子前，鏡子反射出他的樣子。他戴著口罩，穿著黑色短袖T恤，右手舉著一部紅色的智慧型手機，正在自拍。背景中可以看到一排黑色的櫃子，櫃子上方掛著一串紅綠相間的聖誕節裝飾。牆壁上有一個黃色的警告牌，上面寫著中文。地上有一盆綠色植物，放在一個紅色的花盆裡。牆壁上還有一個小的標誌牌，上面寫著中文。
./dataset/received_947869371980513(1)(1).jpeg,這張圖片展示了一片茂密的紅樹林，樹木的枝條延伸到水面上方，形成了一個天然的拱橋。樹葉茂盛，綠意盎然，反射在水面上，使得整個環境看起來非常寧靜和自然。水面上有一些微小的波紋，反射出樹木和天空的倒影，增加了景緻的層次感。紅樹林的環境看起來非常原始，沒有受到顯著的人為干擾。
./dataset/1533397972320.jpg,這張照片中，一個人穿着黑色短袖T恤，正在喝一杯帶有吸管的飲料。背景中可以看到一些模糊的物品，可能是食物或裝飾品。照片的右側還有一個人，頭戴耳機，背對著鏡頭。照片的邊框有類似於拍立得相片的邊框效果。
./dataset/FB_IMG_1485272674123(1)(1).jpg,這張照片中，有一隻狗正躺在地上。狗的毛色是棕白相間，脖子上綁著一個綠色的項圈。狗的頭部朝向右側，耳朵微微聳起，似乎在靜靜地看著某個方向。背景中可以看到一扇門和一塊鋪設的地板，門邊有一塊灰色的地毯。門的門框是木製的，門上有一個黑色的鎖。門的另一側可以看到一塊玻璃窗，窗戶上有一些鐵絲網狀的裝飾。
./dataset/IMG20220316141335.jpg,這張照片中，一個人站在戶外，背景是綠色的草地和一些岩石。他留着黑色的短髮，耳朵上戴着黑色的耳機。他穿着一件藍色的牛仔外套，裡面是一件白色的衣服，上面有黑色的英文字母。背景中還可以看到一些樹木和一些建築物。天空是藍色的，有些雲彩。
./dataset/20230916_115445.jpg,這張照片展示了一片廣闊的山景。天空湛藍，雲層稀疏，有幾朵蓬鬆的雲朵漂浮在空中。山脈連綿起伏，山頂被茂密的綠樹覆蓋，遠處可以看到一些建築物和電塔。前景中有一些建築物的屋頂，屋頂上有一個藍色的桶。整體景色清新宜人，呈現出一種寧靜的自然風光。
./dataset/IMG_0248.JPG,一隻手正握著一串用竹签串起的棉花糖，棉花糖上淋上了巧克力醬。盤子是黑色的，盤子上還有其他淋上巧克力醬的棉花糖。背景是黑暗的，看不見其他細節。
./dataset/IMG_20210805_183834_004.jpg,這幅畫中，一個金髮的男孩正親吻著一隻狐狸。男孩穿着一件黃色的外套，狐狸則是白色和橙色相間的毛髮。男孩的臉部幾乎貼在狐狸的臉上，雙手輕輕地抱著狐狸的身體。背景是柔和的黃綠色調，給整幅畫帶來了一種溫暖和親密的感覺。畫作右下角有簽名和日期「2019」，左下角有畫家的網名「@orgoniteira」。
./dataset/IMG20220303232857.jpg,這張照片展示了一個夜晚的城市公園景觀。照片中有一條小溪流過，兩旁種植了綠色的灌木和樹木，樹木上掛有燈飾，散發出溫暖的光線。背景中可以看到一些建築物，包括一棟高樓和一些建築物的門面，門面上有燈光照明。照片的右側還有一排樹木和一些建築物的入口。整體環境显得非常寧靜，只有少數幾個人在公園內活動。
./dataset/20240707_181302.jpg,這張照片展示了一片藍天，天空中散佈著幾朵白色的雲朵。照片的右側可以看到一棟建築，建築的外牆是藍色的，窗戶排列整齊。建築的頂部還有一個正在施工的藍色鋼架結構。建築的右側有一棟較低的建築，建築外牆是紅色的，窗戶也排列整齊。建築的右側還有一個燈柱，燈柱上有兩個燈頭。照片的左側是藍天，沒有其他建築物。
./dataset/1550238513041.jpg,這張圖片展示了一隻手正從一個白色紙盒中拿出來。紙盒上印有紅色和綠色的圓形圖案，圖案排列成一排。紙盒的側面有一個紅色的長條形圖案，上面有白色的小圓點。紙盒的右側邊緣有一個小圓形的開口，露出裡面的內容。紙盒的左側邊緣有一個小圓形的開口，露出裡面的內容。紙盒的右側邊緣有一個小圓形的開口，露出裡面的內容。紙盒的右側邊緣有一個小圓形的開口，露出裡面的內容。紙盒的右側邊緣有一個小圓形的開口，露出裡面的內容。紙盒的右側邊緣有一個小圓形的開口，露出裡面的內容。紙盒的右側邊緣有一個小圓形的開口，露出裡面的內容。紙盒的右側邊緣有一個小圓形的開口，露出裡面的內容。紙盒的右側邊緣有一個小圓形的開口，露出裡面的內容。紙盒的右側邊緣有一個小圓形的開口，露出裡面的內容。紙盒的右側邊緣有一個小圓形的開口，露出裡面的內容。紙盒的右側邊緣有一個小圓形的開口，露出裡面的內容。紙盒的右側邊緣有一個小圓形的開口，露出裡面的內容。紙盒的右側邊緣有一個小圓形的開口，露出裡面的內容。紙盒的右側邊緣有一個小圓形的開口，露出裡面的內容。紙盒的右側邊緣有一個小圓形的開口，露出裡面的內容。紙盒的右側邊緣有一個小圓形的開口，露出裡面的內容。紙盒的右側邊緣有一個小圓形的開口，露出裡面的內容。紙盒的右側邊緣有一個小圓形的開口，露出裡面的內容。紙盒的右側邊緣有一個小圓形的開口，露出裡面的內容。紙盒的右側邊緣有一個小圓形的開口，露出裡面的內容。紙盒的右側邊緣有一個小圓形的開口，露出裡面的內容。紙盒的右側邊緣有一個小圓形的開口，露出裡面的內容。紙盒的右側邊緣有一個小圓形的開口，露出裡面的內容。紙盒的右側邊緣有一個小圓形的開口，露出裡面的內容。紙盒的右側邊緣有一個小圓形的開口，露出裡面的內容。紙盒的右側邊緣有一個小圓形的開口，露出裡面的內容。紙盒的右側邊緣有一個小圓形的開口，露出裡面的內容。紙盒的右側邊緣有一個小圓形的開口，露出裡面的內容。紙盒的右側邊緣有一個小圓形的開口，露出裡面的內容。紙盒的右側邊緣有一個小圓形的開口，露出裡面的內容。紙盒的右側邊緣有一個小圓形的開口，露出裡面的內容。紙盒的右側邊緣有一個小圓形的開口，露出裡面的內容。紙盒的右側邊緣有一個小圓形的開口，露出裡面的內容。紙盒的右側邊緣有一個小圓形的開口，露出裡面的內容。紙盒的右側邊緣有一個小圓形的開口，露出裡面的內容。紙盒的右側邊緣有一個小圓形的開口，露出裡面的內容。紙盒的右側邊緣有一個小圓形的開口，露出裡面的內容。紙盒的右側邊緣有一個小圓形的開口，露出裡面的內容。紙盒的右側邊緣有一個小圓形的開口，露出裡面的內容。紙盒的右側邊緣有一個小圓形的開口，露出裡面的內容。紙盒的右側邊緣有一個小圓形的開口，露出裡面的內容。紙盒的右側邊緣有一個小圓形的開口，露出裡面的內容。紙盒的右側邊緣有一個小圓形的開口，露出裡面的內容。紙盒的右側邊緣有一個小圓形的
./dataset/IMG_20200214_124342_603.jpg,這張照片展示了一條城市街道的景象。街道兩側有許多建築物，建築物上掛有各種顏色的招牌，招牌上寫有中文。街道上有電線杆和電線，電線杆上掛有交通標誌。馬路邊停有許多機車，馬路上有幾輛車輛行駛。馬路邊有紅色的路緣石，路緣石旁邊有磚塊鋪成的路面。照片右側有一個藍色的交通標誌，標誌上寫有數字和文字。照片左側有一個紅色的禁止標誌。照片中央有一個透明的方框，方框內寫有“Hot 🔥🔥”的字樣。
./dataset/1490172267395(1)(1).jpg,"這張圖片是一幅簡筆畫，畫中有一個女孩，頭髮是棕色的，臉上帶著微笑，穿著粉紅色的衣服，衣服上有一個心形圖案。圖片上方有中文文字，內容如下：

女朋友為什麼生氣？
1. 天氣很熱的時候
2. 胃子餓了
3. 我也不知道她為什麼生氣

圖片右下角有兩個圖標，分別是Facebook和Instagram的圖標，以及一個手寫的英文名字“curly”，和一個手寫的中文名字“頭髮不捲的捲捲”，以及一個Instagram的用戶名“@she92rry”。"
./dataset/IMG20220309152615.jpg,"這張圖片展示了一個白色的展示櫃，櫃子上有六幅掛畫。每幅畫都用黑色邊框裝裱，並掛在櫃子的隔間裡。從上到下，從左到右，展示櫃裡的畫作分別是：

1. 一塊岩石的圖案。
2. 一個人類的頭部圖案。
3. 一隻蜜蜂的圖案。
4. 一隻蝸牛的圖案。
5. 一隻蝸牛的圖案。
6. 一隻蝸牛的圖案。

這些畫作都以黑白圖案呈現，並沒有額外的顏色。展示櫃的牆壁是白色的，櫃子的邊緣和隔間也都是白色的。展示櫃的底部有一個淺棕色的圓形物體，可能是另一個展示櫃或展示架的一部分。"
./dataset/IMG_20211124_231325_560.jpg,這是一幅手繪的素描畫，畫中人物穿着一件寬鬆的長袖上衣，雙手交叉抱胸，手指自然地交疊在一起。畫面的風格簡潔，以細密的筆觸表現出人物的輪廓和細節。背景簡單，沒有其他雜亂的元素，突出了人物的特徵。畫的右下角有簽名和日期，日期為2021年11月20日，簽名為“Aaron”。整體感覺平靜而沉穩。
./dataset/IMG20220316162513.jpg,這張圖片展示了一片海岸線。前景是一片沙灘，沙灘上散落著一些石頭和樹枝。沙灘的後方是海浪拍打著海岸線，海浪看起來比較平靜。遠處可以看到一些建築物和綠色的山丘，山丘上有一些植被。天空中雲層密布，天色較暗，可能是在陰天或接近傍晚時分。海面反射著天空的顏色，呈現出灰蒙蒙的樣子。整體來說，這張圖片呈現出一種寧靜而略帶陰沉的氛圍。
./dataset/20231224_173436.jpg,一隻手正舉著一包透明的塑膠袋，袋上印有聖誕節的圖案和字樣。塑膠袋的正面有「Merry Christmas」的英文字樣，以及聖誕老人、聖誕樹和禮物等圖案。袋子的邊緣有紅色的裝飾，看起來像是裝飾用的花邊。袋子的背景是石頭鋪成的地面，地面上有裂縫。袋子的下方有一雙穿著白色鞋子的腳。
./dataset/10451719_632080290225130_6152073898520470429_n(1)(1).jpg,這張照片中，有幾個孩子坐在教室裡的長桌旁。他們似乎正在上課或進行某種活動。桌子是木製的，桌子旁邊有白色的椅子。背景中可以看到一扇大窗戶，窗外有綠色的植物。牆壁上掛有一些標籤或公告。孩子們的姿態各異，有的坐著，有的站著，似乎在聽講師講話或進行某種活動。孩子們的衣著各不相同，有穿著長袖上衣和褲子的，也有穿著短袖上衣和短褲的。
./dataset/20240602_160854.jpg,這張圖片顯示了一張紙，上面寫著中文文字。紙張的背景是淺色的，文字是黑色的。紙張的左側有一個綠色的邊框，邊框內有幾個綠色的圓形圖案。紙張的右側有一個淺綠色的邊框，邊框內有幾個淺綠色的圓形圖案。紙張的左上角有一個圓形的標記，標記內有兩個圓圈和一個箭頭。紙張的右上角有一個標題，標題是「行動計畫」。紙張的內容包括幾個小節，每個小節都標有數字和點號。內容涉及如何管理時間、如何避免忙碌、如何制定和執行計劃等主題。
./dataset/IMG20220220160149.jpg,"這張照片展示了一個室內的展覽場景。場景中有三塊大屏幕，屏幕上投影了三幅畫作。畫作內容分別是：

1. 左側的畫作顯示了一個公園或遊樂場的場景，有幾個人在散步，背景中有樹木和建築物。
2. 中間的畫作顯示了一群騎馬的人在草地上騎馬，背景是山丘和樹木。
3. 右側的畫作顯示了一個樹林中的場景，有幾個人在樹林中行走，背景是樹木和遠處的建築物。

觀眾坐在黑暗的場館內，觀看這些畫作。場館的天花板上有幾盞燈光，燈光較暗，突出了畫作的亮點。"
./dataset/line_1537502902122.jpg,這張照片中，有一個披薩盒放在桌子上，上面寫著「MY HOT BOX」，並有披薩的圖案和一個卡通人物。披薩盒的顏色主要是棕色和紅色，上面還有一些小字。桌子是淺色的，背景中可以看到一些人坐在桌子旁，他們似乎在聚精會神地聽講或看屏幕。背景中還有一些設備，可能是投影儀或電腦。
./dataset/IMG20220304141440.jpg,這張照片展示了一個公園的景觀。照片中有一條鋪設好的石板小路，兩旁種植了多棵樹木。樹木的樹幹粗壯，樹冠稀疏，顯示出可能是秋天或初冬的季節。樹葉已經落了一些，地上散落著一些枯葉。背景中可以看到更多的樹木和一片綠色的草地，草地邊緣有一排綠色的圍欄。天空晴朗，陽光從樹葉間照射下來，形成斑斕的光影效果。整體環境看起來非常寧靜和宜人。
./dataset/20221120_193606.jpg,這張照片展示了一個室內場景，可能是一個市場或購物中心。場景中有一條鐵軌，鐵軌兩側有許多人在活動。鐵軌上方懸掛著一排燈飾，燈飾發出溫暖的光線。場景的左側有一個大型的白色帳篷，帳篷上掛有燈飾。場景的右側有一塊標牌，上面有中文文字和一個二維碼。標牌的下方有一個黑色的推車。場景的背景中可以看到一些建築結構和一些人在活動。
./dataset/IMG20220315164817.jpg,這張照片展示了一片海景，天空中布滿了層層雲霧，遠處的海面上有幾艘船隻。海的另一側可以看到一個港口，港口內有建築物和碼頭。港口的遠端有一座燈塔。照片的前景是樹木和一塊護欄，護欄下方有一些綠色的植物。照片的右側邊緣可以看到一些樹葉。
./dataset/10358744_632088683557624_3219072985932178213_n(1)(1).jpg,這張照片中有三個人，兩位女性和一位兒童。照片的背景是一條鋪有石板的小路，兩旁有綠色的植物和一些建築物。前景中的女性抱着兒童，兒童穿着橙色的衣服和白色襪子，腳上穿著有兔耳朵圖案的運動鞋。背景中的女性則站在一邊，穿著灰色的上衣和黑色的褲子。照片的右側有一個黑色的輪椅。整體來說，這張照片捕捉到了一個家庭在戶外的溫馨時刻。
./dataset/20240213_122847.jpg,這張照片展示了一條鋪設有灰色磚塊的步道，步道兩側是綠色的植被和一些樹木。步道的盡頭可以看到一些建築物，建築物的外牆是淺色的，窗戶和陽臺的欄杆是深色的。建築物的後方還有一座較高的建築物，建築物的頂部有幾根紅色的柱子。步道兩側的樹木和灌木在陽光下投下斑駁的樹影。步道的盡頭有一個小廣場，廣場上有一些樹木和綠化帶。天空晴朗，是藍色的。
./dataset/11156324_632078203558672_3626334253098917507_n(1)(1).jpg,這張照片中有四個人站在室內，背景是白色的牆壁和一扇門。門上掛著一個鐘表，門旁邊有一個綠色的回收箱。地上鋪著灰色的地毯。照片中的人們都穿着便服，其中一個人穿著黑色的外套和牛仔褲，另一個人穿著灰色的外套和黑色的褲子，還有一個人穿著黑色的外套和紅色的鞋子。照片的右下角有兩個人的部分身體，他們穿著淺色的褲子和白色的鞋子。
./dataset/IMG_20180831_105716_466.jpg,這張照片展示了一個鐵路車站的月台。月台上有一條鐵軌延伸至遠處，鐵軌兩側是混凝土鋪成的地面，並有一條黃色的安全提示線。月台的牆壁上有一些玻璃窗，透過玻璃窗可以看到站內的其他設施和一些人。牆壁上還有一些電氣設備和管道。照片的右側有一個小的排水口。照片的右下角有一個表情符號，表示疲倦或困倦。照片的左下角有一行文字，寫著「又要辛苦奔波了」，並附有一個表情符號，表示疲倦或困倦。
./dataset/IMG20200218145908.jpg,這張照片展示了一個公園的景觀。照片的前景是一片綠色的草地，草地上有兩個人躺在地上休息。背景中有一條小河，河上有一座紅色的橋樑。河的對岸是幾棟現代建築，包括一棟高樓。建築旁邊有一些樹木和綠化帶。天空晴朗，是藍色的，沒有雲彩。照片的右側還有一些樹木和一些建築物。整體感覺是晴朗的天氣，公園環境清靜。
./dataset/20240129_151530.jpg,這張照片展示了一片美麗的自然景觀。前景中有一片開滿黃色花朵的花田，花田旁邊有一條木製的步道，步道上有幾位遊客坐在椅子上休息。步道旁邊有一個木製的涼亭，涼亭的樹蔭下也坐著幾位遊客。背景中可以看到茂密的樹木和山丘，遠處還有一些電線杆和電線。整體環境非常寧靜，陽光從上方照射下來，給整個場景帶來了溫暖的感覺。
./dataset/IMG20220317121529.jpg,這張照片展示了一個公園或社區入口的景觀。入口處有一個橫幅，上面寫著中文，內容為「不知道為什麼，我總會在這裡那裡遇見他」。橫幅下方有一個藍色的行李箱，放在人行道上。背景中可以看到一些綠樹和建築物，建築物的外觀為現代風格。道路兩側有綠化帶，並設有欄杆。天空晴朗，顯示出一個晴朗的日子。
./dataset/IMG20220604180437.jpg,這是一幅用鉛筆繪製的肖像畫，畫中人物為一位女性。她的頭髮是捲曲的，短而濃密，側面看去，頭髮的捲曲程度和密度表現得非常細膩。她的臉部特徵清晰，眉毛濃密，雙眼大而有神，瞳孔深邃，眼神直視觀者，帶有一絲堅毅和自信。她的鼻子挺拔，鼻樑修長，嘴脣飽滿，嘴角微翹，顯得自信且堅定。她的耳朵大而圓，耳垂上有一個耳環。她的脖子修長，肩部寬廣，穿著一件簡單的上衣，衣領處有細緻的縫線。整幅畫作以黑白色調呈現，細膩的筆觸和層次感表現出人物的神韻和氣質。畫的右下角有簽名和日期，寫著「2022.6.4 Aaron」。
./dataset/IMG20220220145849.jpg,這張照片展示了一個室內場景，背景是三塊大屏幕，屏幕上顯示著一幅畫面，畫面中有一個圓形的光斑和一些抽象的色塊。在屏幕前，有三個人坐在地上，他們似乎在觀看屏幕上的內容。其中一個人正在用手機拍照或錄影。地面上有一個投影的圖案，圖案中有一列火車和一些建築物的輪廓。照片的左側有一塊黑板，上面寫著一些英文字母和數字。
./dataset/IMG20220316160106.jpg,這張照片展示了一片海岸線的景象。海面波濤洶涌，天空布滿了厚重的雲層，顯得有些陰沉。海岸邊有一片綠色的植被，種植了一些開白色小花的植物。在植被的後方，有一條鋪設好的磚塊小路，小路的邊緣有一些雜草和碎石。遠處可以看到一處懸崖，崖壁上長滿了綠色的植被。整體環境看起來比較荒蕪，但自然景觀依然美麗。
./dataset/20230707_180751.jpg,這張照片展示了一桌中式餐點。主要的菜色是一道魚頭，魚頭上鋪滿了剁椒和蔥花，魚頭下方是魚湯。魚頭旁邊有一盤炒青菜，看起來像是炒小白菜。魚頭的盤子上寫有中文菜名，盤子下方還有一盤白飯。桌上還有一個小碟子，裡面裝有紅辣椒醬。整體看起來是一頓豐富的中式餐點。
./dataset/IMG20220309145631.jpg,這是一間室內空間，看起來像是餐廳或咖啡廳。空間內有一張長木桌，上面擺有幾張木椅。牆壁上掛有幾幅畫作，並有展示架陳列著餐具和裝飾品。牆壁上還掛有不同國家的國旗。牆角有一個大型投影幕，牆上還有一些書架，擺放著書籍和雜誌。空間內還有幾張單人沙發和小茶几，地板是仿木紋的地板，牆角有一塊綠色的地毯。牆邊有一個開放式的廚房，可以看到廚房內的水槽和一些廚具。空間內的燈光柔和，環境整潔。
./dataset/20230814_171830.jpg,這張照片展示了一條街道的景象。照片中可以看到一排高大的樹木，樹冠茂密，遮擋了部分陽光。樹木旁邊有一棟建築物，建築物外牆是淺色的，窗戶排列整齊。建築物前停有幾輛汽車，車輛停在人行道旁邊。人行道鋪有方磚，邊緣有柵欄圍繞。背景中還可以看到一些行人和建築物，天空中有一些雲彩，陽光從樹葉間透出，形成光斑。
./dataset/20231005_153611.jpg,這張圖片展示了一間室內空間。牆壁為白色，天花板上裝有兩盞嵌入式燈具。牆壁上有一個開關和一個空調機。牆壁上還有一些手繪的圖案，包括幾隻貓和一些文字。牆邊有一張木製的桌子，上面放著一些物品，包括一個燈和一台開啓的筆記型電腦。電腦屏幕上顯示著一些程式或文件。桌子旁邊有一張木製椅子，椅子上放著一張格子布。牆邊還有一個洗衣籃，裡面似乎沒有物品。牆邊的窗戶上掛著一塊紫色的簾子，窗戶外可以看到一點光線。地面上有一張地毯，地毯上放著一些衣物。整體來說，這間房間看起來比較簡單，並且有點凌亂。
./dataset/IMG20220309145633.jpg,這張照片展示了一間室內空間，可能是咖啡廳或休息區。空間內有幾張不同風格的椅子和桌子，包括圓形和方形的桌子，以及不同顏色的坐墊。牆壁上掛有幾面國旗，可能是不同國家的國旗。窗戶旁邊有幾盆植物，增加了綠意。窗戶外可以看到一堵木質圍牆，外面的陽光透過窗戶照進來，使得室內的氛圍明亮。空間內還有一些裝飾品，如牆壁上的掛飾和桌上的小物件。整體感覺是一個現代且舒適的空間。
./dataset/IMG20220317142926.jpg,這張圖片展示了一片海岸線。海浪輕拍著沙灘，形成白色的泡沫。沙灘是灰黑色的，看起來比較細膩。遠處的海面上有幾道波浪，天空則是灰蒙蒙的，沒有明顯的雲層。在海的盡頭，可以看到一座山峰，山峰的頂部被雲霧籠罩，看不清楚細節。整體來說，這張圖片給人一種寧靜而略帶寂寥的感覺。
./dataset/IMG20220313113720.jpg,這張照片展示了一個廣闊的戶外場地，天空晴朗，藍天中散佈著幾朵雲。場地中央有一座獨特的建築，建築的頂部呈圓錐形，外觀類似於一個巨大的貝殼，周圍圍繞著圍欄。建築的周圍有一些樹木和綠化，建築後方還有一些其他設施和建築物。場地的邊緣有一條寬闊的道路，道路兩側停有幾輛汽車，還有一些人在道路兩側活動。遠處可以看到一些山丘，山丘上綠樹成蔭。整體環境看起來非常寬敞和開闊，適合戶外活動。
./dataset/20240509_213800.jpg,這張照片中，一個人站在室內，背景是灰色的牆面和一扇門。他穿着白色上衣和綠色短褲，雙手舉起，似乎在用手機自拍。手機是銀色的，上面有三個攝像頭。照片的右側有一道光線照射過來，牆面反射出光線的影子。
./dataset/IMG_20200205_125244_400.jpg,這是一張2020年台灣物理年會暨科技部計畫成果發表會的參會證。證件上寫有「2020台灣物理年會暨科技部計畫成果發表會」，並標明日期為2020年2月5日至7日，地點為臺灣屏東大學。證件上還印有「國立中央大學」的校名，以及參會者的姓名「呂俊廷」。證件的編號為「13120709」。證件的顏色為藍色，繫有橙色繩子，繫在一個白色布袋上。布袋上印有「Taiwan NPTU」的標誌。
./dataset/line_1538995955030.jpg,這張照片中有一個木質桌面上的餐點。餐點包括兩個容器：一個是白色帶有彩色圖案的碗，裡面裝有肉類和蔬菜的燉菜，蔬菜有紅蘿蔔和黃豆。另一個容器是白色帶有文字的杯子，裡面也裝有類似燉菜的食物，但量較少。碗和杯子上都有勺子，杯子的蓋子放在桌面上。背景中可以看到一臺黑色的鍵盤。
./dataset/IMG_20201107_092406_736.jpg,"這張照片展示了一盤放在白色盤子上的麵食。盤子上鋪了一層透明的塑料膜，以保護食物。麵食由細長的麵條組成，上面鋪有兩塊肉片，肉片表面有醬汁，看起來像是炒麵或炒飯。盤子的邊緣有紅色和藍色的條紋裝飾。盤子放在一張黃色的桌面上，桌面上有一張報紙，報紙的邊緣有紅色的邊框。照片的右側可以看到一雙筷子的部分。照片的底部有一段文字，文字內容是：

「點 味亦亦美美早餐店店
睽違好久終於吃到的老味道😊」

這段文字是用簡體中文書寫的，但由於是用繁體中文輸出，所以將其轉換為繁體中文：

「點 味亦亦美美早餐店店
睽違好久終於吃到的老味道😊」"
./dataset/IMG20210725163459.jpg,這張照片展示了一條鋪設有彩色磚塊的小路，兩旁種植了茂盛的綠樹和灌木。小路的兩側是建築物，建築物的顏色從淺黃到紅色不等，建築物的窗戶和陽臺結構清晰可見。建築物的後方還有一些綠色植物和樹木。小路的盡頭可以看到一輛停在路邊的車輛，車輛的顏色為深色。整體環境看起來非常綠意盎然，陽光從樹葉間透射下來，給整個場景帶來了和煦的感覺。
./dataset/IMG20200628133621.jpg,這張圖片展示了一個室內空間，空間內有一個掛在天花板上的立方體裝置。立方體裝置的內部有精緻的鏤空圖案，圖案從中心向外擴散，形成一個層次分明的圖案。立方體裝置發出藍色的光，使得整個立方體呈現出藍色的光澤。立方體的影子投射在牆壁和地板上，形成複雜的圖案，這些圖案與立方體內部的圖案相呼應，形成一種視覺上的重疊效果。牆壁和地板上還有一些綠色的圖案，這些圖案與立方體的藍色光形成鮮明對比。在立方體的右側，有兩個人坐在嬰兒車上，他們似乎在觀看立方體裝置。
./dataset/IMG20220315145603.jpg,這張照片展示了一片海景。前景中有一個鐵製的護欄，護欄的上緣是水平的，護欄的下緣是垂直的，護欄的右側有一個橙色的標誌。護欄的後方是一片綠色的植被，植被上有一些細長的草葉。護欄的後方是海面，海面的顏色從淺藍到深藍漸變，海面的波浪在風的作用下輕微起伏。天空是灰白色的，雲層稀疏，天空的顏色與海面的顏色相連，形成了一種統一的藍灰色調。整體來說，這張照片呈現了一種寧靜而遼闊的海景。
./dataset/1529165287922.jpg,這張照片中有兩位穿著畢業袍的學生，他們站在一處建築物前。這座建築物的設計獨特，形狀像是一座高聳的塔，頂部有玻璃窗。背景中可以看到許多穿著畢業袍的人，他們似乎正在參加畢業典禮。照片的背景是藍天和綠樹，氣氛歡樂而喜慶。
./dataset/line_1519103609831.jpg,這張照片展示了一碗生魚片，碗內有薄片的鮭魚，上面放有橙色的魚子醬，以及一些切碎的綠蔥。魚片和魚子醬之間還有一小塊芥末。這碗生魚片放在一個黑色的碗中，碗放在一個木質的桌面上。桌面上還有一雙筷子。
./dataset/IMG20220316155632.jpg,這張照片展示了一個公園的場景。照片的中央有一座大型的石雕，雕像位於一個石基座上，基座後方有一塊刻有文字的石碑。雕像的後方是一片綠色的樹林，樹林後方有一些建築物。公園的地面鋪有灰色的石板路，路邊有綠色的灌木和草地。照片的左側停有一輛黑色的機車，機車停在石板路上。右側有一張木製的長椅，長椅旁邊有一塊告示牌。天空陰沉，雲層密布，顯示出天氣可能不晴朗。
./dataset/IMG20220316162505.jpg,這張圖片展示了一片海岸線。前景是一片沙灘，沙灘上散落著一些石頭和枯枝。沙灘的後方是海浪拍打著海岸線，海浪看起來比較平靜。遠處可以看到一些建築物，建築物後方有一座小山丘，山丘上長滿了綠色的植被。天空中雲層密布，天色略顯陰沉。整體來說，這張圖片呈現出一種平靜而略顯孤寂的海邊風景。
./dataset/IMG20220311210832.jpg,這張照片展示了一座橋樑在夜晚的景象。橋樑的結構由多根鋼索支撐，橋體上有一些照明裝置，發出明亮的光線。橋的另一側有一個標有“救生圈”字樣的白色圓形標誌，標誌上還寫有“Lifebuoy”英文字樣。橋下是水面，反射出橋樑和周圍建築的光線，形成美麗的倒影。背景中可以看到一些建築物，建築物的外牆上有紅色的燈光裝飾，增加了夜景的氛圍。整體來說，這張照片捕捉到了一個現代城市的夜景，橋樑和建築的照明構成了美麗的視覺效果。
./dataset/11096611_632067290226430_8973192460739545849_n(1)(1).jpg,這張照片顯示了一群人在室內活動。背景牆上掛有一塊紅色的布條，上面寫有中文文字。牆壁上還有一個黑板，黑板上也寫有中文。照片中有幾個年輕人，他們似乎在進行某種活動或討論。他們的姿態和表情看起來很專注。地上有一些椅子和一些隨手物品，如水瓶和背包。照片的環境看起來像是教室或會議室。
./dataset/1554172212403.jpg,這張照片展示了一輛停在停車場的藍色捷豹車。車頭朝向攝影機，車牌號碼為AXC-1258。車頭設計流線型，前格柵中央有捷豹的標誌。停車場的牆壁上繪有幾隻白色的羊圖案，牆壁上還標有「B5-E」的標誌。背景中可以看到其他幾輛車輛。
./dataset/1520004044210.jpg,這張照片展示了一個夜晚的公園景觀。照片中有一座橋，橋上和橋旁的欄杆上掛滿了五顏六色的燈飾，主要以藍色和白色為主，橋的兩側還有一些樹木，樹上也掛有燈飾。橋下是一條河流，水面反射著燈光，顯得非常美麗。橋的遠端可以看到一些人影，似乎在橋上行走。背景中還有一些樹木和建築物，但因為是夜晚，這些細節不是很清楚。整體來說，這張照片呈現出一種浪漫而寧靜的氛圍。
./dataset/IMG20220316140940.jpg,這張圖片展示了一個湖泊的景色。湖水靜靜地流動，反射著天空的陰沉雲彩。湖邊有幾塊大石頭，散落在水面上。湖的對岸是茂密的樹木，樹木後方隱約可以看到一些建築物。天空中雲層密布，天空的顏色較暗，顯示出天氣可能有些陰沉。湖邊的草地上有一些綠色的植物，地面上鋪有石頭。整體環境看起來很平靜，適合放鬆和觀賞自然風景。
./dataset/IMG_20200619_191357.jpg,這張圖片顯示了一本關於物理學的書的一部分內容。書的頁碼是115，標題為「第三章 波在週期結構中的傳播」。內容主要討論了布里淵（L. Brillouin）提出的「布里淵區」（Brillouin zone）的概念，以及它在電波濾波器和晶體格子中的應用。文中提到，布里淵在19世紀的著作中指出，波總是表現出相似的行為，無論是縱波還是橫波，彈性波還是電（磁）波。這段話顯示了19世紀的科學家能夠從表面上看似不同的現象中看出其普遍性（universality），並利用對此普遍性的理解貫通不同物理領域裡的知識。文中還提到，在二維系統中統一處理電磁波與聲波的方法，以及布洛赫定理可以適用於量子與古典系統。此外，還提及了近年來光子晶體與「聲子晶體」（sonic crystals，phononic crystals）的研究，以及奈米（nanoscale）與巨觀（macroscopic scale）的觀念，這些都可能納入同一個架構中研究，而保留了物理現象的本質。
./dataset/1485250865030(1)(1).jpg,這張照片展示了一個夜晚的場景，背景中可以看到一些建築物的窗戶亮著燈光。前景中有一條路，兩側擠滿了許多行人。這些行人大多數都穿着冬季的外套，似乎是在寒冷的天氣中。路的兩側掛滿了許多串燈，這些燈光發出柔和的藍色光芒，形成了一種美麗的光景。這些串燈垂掛在樹枝和建築物之間，增加了場景的氛圍。行人們似乎在閒逛或前往某個目的地，他們的動作和表情看起來都很自然。整體來說，這張照片捕捉到了一個充滿活力和溫馨的夜晚場景。
./dataset/IMG20220315154256.jpg,這張照片中，一個人站在一條馬路旁邊，背景是綠色的植被和岩石。他留着黑色的短髮，臉上帶有微笑，露出白色的牙齒。他穿着一件黑色的外套，裡面是一件淺色的內衣。照片的左側可以看到一輛車的後視鏡。背景中的植被看起來比較茂盛，有綠色的草和一些岩石。整體來說，這張照片的氛圍比較自然，可能是在戶外拍攝的。
./dataset/IMG_20210703_183321_392.jpg,這張照片展示了一個日落的場景。太陽位於地平線附近，發出鮮豔的橙色光芒，並在天空中投射出幾道光線。地平線後方是連綿起伏的山丘，山丘上覆蓋著茂密的樹木。在山丘的另一側，可以看到一些建築物，可能是住宅或小鎮。天空從地平線附近的橙色漸變到上方的藍色，顯示出日落時分的美麗景象。照片的前景有一些建築物的屋頂，屋頂是紅色的瓦片。整體來說，這張照片捕捉到了一個平靜而美麗的自然場景。
./dataset/20230729_111714.jpg,這張圖片顯示了樹冠和天空。樹冠由綠色的葉子組成，葉子在風中輕微搖曳。樹冠的邊緣清晰，樹枝延伸到畫面的邊緣。天空是多雲的，雲層厚重，顏色為灰白色調。整體感覺是自然和寧靜的氛圍。
./dataset/IMG_20201018_105652_705.jpg,這張照片展示了一座傳統的中國建築，可能是廟宇或神社。建築的門楣上雕刻著精緻的圖案和人物，門楣上方有金色的裝飾，門兩側有柱子，柱子上掛有寫有漢字的牌匾。門前有幾位遊客，他們似乎在參觀或參拜。建築的風格和裝飾顯示出濃厚的中國傳統文化特色。門前的地面上鋪有石磚，門前有一個石獅子雕像。門前的牆壁上掛有標牌，標牌上寫有相關的說明文字。照片右下角有文字標註「新竹都城隍廟」。
./dataset/IMG20220309152824.jpg,這張圖片展示了一個室內空間，可能是博物館或畫廊的展覽區。牆壁和地板都是白色的，空間內部裝飾簡單。牆上掛有一幅畫，畫中有一個穿著太空服的卡通人物，背景是太空和行星。牆上還有一些中文的展覽說明文字，介紹了這幅畫的相關信息。在牆的另一側，有一個展示櫃，展示櫃上放著一些書籍和卡片，這些書籍和卡片可能是與展覽相關的展品。展示櫃旁邊的牆上也掛有一些中文的展覽說明文字。整體環境看起來非常乾淨和整潔。
./dataset/IMG_20210706_232840_869.jpg,這幅畫中，一個金髮小男孩正親吻著一隻狐狸。小男孩穿着綠色的衣服，頭髮是金黃色的，臉上帶著微笑，表情溫柔。狐狸則是紅棕色的，耳朵尖尖的，臉上帶著滿足的表情。小男孩的右手輕輕地摸著狐狸的背部，兩者之間流露出一種親密和溫馨的感覺。背景是柔和的黃色調，給整幅畫增添了一種溫暖的氛圍。畫的右下角有簽名和日期「2019」。
./dataset/received_947869591980491(1)(1).jpeg,這張照片展示了一座雕像，雕像位於一個公園或廣場中。雕像的基座是用磚塊砌成的方形石柱，石柱上刻有中文文字。雕像本身是一位穿着古代服飾的人物，頭戴帽子，雙手合十，表情肅穆。雕像的後方有一棵光禿的樹，樹的後方可以看到一堵紅磚牆。雕像的前方有一塊石碑，石碑上也刻有中文文字。石碑的兩側有兩座石獅子，石獅子的後方是鋪有紅磚的地面。背景中可以看到一些綠色的樹木和灌木。天空陰沉，可能是陰天。
./dataset/1550238578782.jpg,這張照片中，一個人正站在一個工作檯前，似乎在進行烘焙活動。他穿着一件黑色的長袖上衣和一條印有大象圖案的圍裙。他正在用一個綠色的刮刀將奶油從一個大碗中刮到一個裝有紙袋的玻璃杯中。工作檯上還有一些其他物品，包括一個平板電腦、一個藍色的杯子、一個紅色的碗、一個白色的碗和一對剪刀。背景中可以看到一張寫有「Chocolate Cupcake」的海報，以及一排掛在牆上的工具。
./dataset/IMG_20200221_040654_049.jpg,"這張圖片顯示了一段文字，背景是黑色的，文字是白色。文字內容如下：

聽到警鈴響，以為發生火災，馬上衝了出去，結果是虛驚一場。"
./dataset/20240208_213449.jpg,這張照片展示了一間室內空間，可能是餐廳或咖啡廳。空間內有木質地板和牆壁，營造出溫馨的氛圍。牆壁上掛有木製的展示櫃，櫃內陳列著各種商品，包括玻璃製品和裝飾品。櫃子上方有一塊標牌，上面寫有「Mulbox」的字樣，可能是店名或品牌名稱。櫃子後方有一個吧檯，吧檯上擺放著一些裝飾品和植物。吧檯後方的牆壁上掛有幾幅畫作，增加了空間的藝術感。吧檯後方還有一個開放式的空間，可以看到更多的座位和裝飾。空間內的燈光柔和，營造出舒適的用餐環境。
./dataset/20240208_215038.jpg,這張照片展示了一間大型超市的內部。照片中可以看到各種食品陳列在架子上，包括餅乾、麵包、零食等。這些商品的包裝上寫有日文，顯示這家超市可能位於日本或日本風格的地區。超市的天花板上裝有許多照明燈，牆壁和地板採用現代設計，牆壁是淺色的，地板則是深色的木紋裝飾。在照片的遠處，可以看到一些顧客和店員在活動。超市內部的裝修風格現代，空間寬敞，採光良好。
./dataset/20240626_190253.jpg,這張照片顯示了一個電線杆和連接的電線，電線杆上掛有電線和一些電氣設備。背景是藍色的天空，天空中有一些雲彩，雲彩的顏色從淺藍到深藍漸變。照片的右側可以看到一些建築物的邊緣，建築物的顏色是深色的。照片的左側有一棵樹的樹冠，樹冠的顏色是黑色的，因為太陽光線照射的角度和時間關係，樹冠的影子投射在照片上。照片的右側有一個燈柱，燈柱的燈光已經亮起。照片的右上角可以看到一些建築物的屋頂。
./dataset/12036420_901341476623315_3228000120098434752_n(1)(1).jpg,這張照片展示了一場室內活動，舞台上有一群人正在表演。背景牆上掛著一塊寫有“KAVIAZ”的布條，布條上還有一些彩色的裝飾。舞台上有六個人，他們都穿着紅色和白色的服裝，頭上戴著紅色的頭巾，腳上赤著腳。他們似乎在進行一段舞蹈或表演，動作同步。觀眾坐在前方，觀看表演。舞台後方有兩臺電風扇，牆壁上是玻璃窗。
./dataset/IMG20220218064139.jpg,這張照片展示了一個湖泊的景色。湖水表面波光粼粼，反射出天空的陰沉。湖邊有一排綠樹，樹葉茂盛。遠處可以看到一些建築物，建築物的樓層較高，可能是住宅或辦公樓。天空布滿了厚重的雲層，顯示出陰天的天氣。前景中有一個紅色的護欄，護欄後方有一些綠色的植物和草地。整體感覺是靜謐而略帶憂鬱的氛圍。
./dataset/IMG_20180821_143138_264.jpg,一隻小型犬隻躺在鋪有方磚的地面上，地磚顏色為深淺不一的灰色調。犬隻的毛色為淺黃色，耳朵尖端為棕色，脖子上綁著一個藍色的項圈。背景中可以看到一堵磚牆和一級階梯，階梯的邊緣是淺色的。階梯的材料似乎是混凝土，表面有斑點狀的紋理。
./dataset/20240824_170341.jpg,這張照片中，一個人站在室內，背景是白色的牆壁和一扇黑色的門。牆壁上掛有幾面小旗子，旗子上印有聖誕樹的圖案和一些文字。這個人頭戴一頂灰色的帽子，帽子上有一個紅色的標籤。他穿着一件深藍色的T恤，右手舉起，手指輕輕地觸碰著一部手機，手機的背面有四個攝像頭。他的姿勢是側身，身體稍微傾斜，右手舉高，左手自然垂下。地面是白色的方磚，牆壁和門的顏色是淺色的。
./dataset/received_1566449356784790.jpeg,這張照片中，一隻柯基犬坐在駕駛座上，前爪放在車的方向盤上，嘴巴張開，似乎在叫或喘氣。背景是車內的駕駛艙，可以看到儀表板和車窗。車窗外可以看到一些綠色的樹木。柯基犬的毛色是棕色和白色相間。
./dataset/IMG20220303145734.jpg,這張照片展示了一個展示櫃，櫃內有一個大型的火箭模型。火箭模型由多個部分組成，包括火箭本體、燃料罐和助推器。火箭的側面有美國國旗和NASA的標誌。火箭模型被放置在一個透明的展示櫃中，展示櫃的後方可以看到一排書架，書架上擺放著各種書籍和雜誌。展示櫃的頂部有幾盞燈，燈光從上方照射下來，照亮了火箭模型。展示櫃的前面有一個木製的檯面，檯面上有一些雜物。背景中可以看到一扇門和一些牆上的裝飾。
./dataset/IMG_20210613_010138_297.jpg,這張圖片展示了一個卡通人物的頭部和上半身。這個卡通人物有黑色的短髮，眉毛濃密，眼睛大而圓，表情從驚訝到微笑逐漸變化。背景是純白色的，人物的臉部和上半身被裁剪出來，只顯示到肩膀。圖片右下角有“Voilà AI Artist”的標誌。在圖片的底部，有三個笑臉表情符號，分別是笑臉、笑臉帶淚水和大笑臉，顯示出一種幽默的感覺。
./dataset/431914_632084976891328_485044857506669779_n(1)(1).jpg,這張照片中，一群人在一個石板鋪成的庭院中聚集。庭院的後方有一座石砌的建築，建築的門口處有兩盞燈飾。建築的牆壁和屋頂都是用石頭砌成的。庭院的地面鋪設著大小不一的石板，石板之間有水泥填縫。庭院的周圍種植了一些樹木，樹木的枝葉茂盛。庭院中的人們似乎在聽取某個人的講解，有的人手持文件或書本。人們的衣著多樣，有穿著運動服的，也有穿著休閒服的。
./dataset/IMG_20211223_025104_006.jpg,這張圖片顯示了一張包含多行文字的紙張。文字是中文，排版為簡體中文，內容似乎是一篇論文或文章，但由於文字內容較為複雜，無法提供具體的內容摘要。文字從上到下，從左到右排列，每行之間有適當的間距，使得閱讀起來比較容易。紙張的邊緣有折痕，顯示出它可能被翻閱過。紙張的背景是白色的，文字是黑色的，這樣使得文字內容非常清晰。
./dataset/IMG20220315172859.jpg,這張圖片展示了一間室內空間，裡面有幾個帳篷。最顯眼的是右側的帳篷，帳篷的布料上有彩色的圖案，帳篷內有床鋪。左側有一個木製的梯子，連接著一個有圖案的帳篷，帳篷內似乎有坐墊。在梯子的下方，有一張圓形的木桌和一個圓形的坐墊。背景中可以看到一扇大窗戶，窗外可以看到一些建築物。地板是木質的，牆壁是白色的。
./dataset/11149330_632082456891580_217795856211854211_n(1)(1).jpg,這張照片展示了一棟建築物的外觀。建築物的外牆是白色的，柱子和欄杆是藍色的。建築物的入口處有一個拱形的門廊，門廊上有一些綠色的植物裝飾。門廊的上方有幾個字，寫著「Ple wap duan」，這可能是當地的語言或地名。建築物的門是藍色的，門旁邊有一些綠色的植物。建築物的後方可以看到一些綠色的樹木和建築物。建築物的前面有一個水泥地面，地面上有一些裂縫。建築物的後方還有一些綠色的樹木和建築物。建築物的後方還有一些綠色的樹木和建築物。建築物的後方還有一些綠色的樹木和建築物。建築物的後方還有一些綠色的樹木和建築物。建築物的後方還有一些綠色的樹木和建築物。建築物的後方還有一些綠色的樹木和建築物。建築物的後方還有一些綠色的樹木和建築物。建築物的後方還有一些綠色的樹木和建築物。建築物的後方還有一些綠色的樹木和建築物。建築物的後方還有一些綠色的樹木和建築物。建築物的後方還有一些綠色的樹木和建築物。建築物的後方還有一些綠色的樹木和建築物。建築物的後方還有一些綠色的樹木和建築物。建築物的後方還有一些綠色的樹木和建築物。建築物的後方還有一些綠色的樹木和建築物。建築物的後方還有一些綠色的樹木和建築物。建築物的後方還有一些綠色的樹木和建築物。建築物的後方還有一些綠色的樹木和建築物。建築物的後方還有一些綠色的樹木和建築物。建築物的後方還有一些綠色的樹木和建築物。建築物的後方還有一些綠色的樹木和建築物。建築物的後方還有一些綠色的樹木和建築物。建築物的後方還有一些綠色的樹木和建築物。建築物的後方還有一些綠色的樹木和建築物。建築物的後方還有一些綠色的樹木和建築物。建築物的後方還有一些綠色的樹木和建築物。建築物的後方還有一些綠色的樹木和建築物。建築物的後方還有一些綠色的樹木和建築物。建築物的後方還有一些綠色的樹木和建築物。建築物的後方還有一些綠色的樹木和建築物。建築物的後方還有一些綠色的樹木和建築物。建築物的後方還有一些綠色的樹木和建築物。建築物的後方還有一些綠色的樹木和建築物。建築物的後方還有一些綠色的樹木和建築物。建築物的後方還有一些綠色的樹木和建築物。建築物的後方還有一些綠色的樹木和建築物。建築物的後方還有一些綠色的樹木和建築物。建築物的後方還有一些綠色的樹木和建築物。建築物的後方還有一些綠色的樹木和建築物。建築物的後方還有一些綠色的樹木和建築物。建築物的後方還有一些綠色的樹木和建築物。建築物的後方還有一些綠色的樹木和建築物。建築物的後方還有一些綠色的樹木和建築物。建築物的後方還有一些綠色的樹木和建築物。建築物的後方還有一些綠色的樹木和建築物。建築物的後方還有一些綠色的樹木和建築物。建築物的後方還有一些綠色的樹木和建築物。建築物的後方還有一些綠色的樹木和建築物。建築物的後方還有一些綠色的樹木和建築物。建築物的後方還有一些綠色的樹木和建築物。建築物的後方還有一些綠色的樹木和建築物。建築物的後方還有一些綠色的樹木和建築物。建築物的後方還有一些綠色的樹木和建築物。建築物的後方還有一些綠色的樹木和建築物。建築物的
./dataset/IMG20220315155202.jpg,這張照片中，一個人頭部的側面被拍攝到。他頭戴一頂黑色的頭盔，頭盔的顏色為深色，頭盔的側邊有紅色的裝飾。他還戴著一隻藍色的一次性口罩，口罩的帶子繞過頭盔的側邊。背景中可以看到一些綠色的樹葉，天空是白色的。
./dataset/1529166055547.jpg,這張照片中，有兩位年輕人站在一棟建築前。建築的設計獨特，呈三角形，頂部有一個十字架。建築的外牆是淺色的，窗戶是深色的。背景中可以看到一些樹木和幾輛車輛。照片的前景中有兩位年輕人，其中一位穿著畢業袍，頭戴畢業帽，手持畢業證書和花束，似乎剛剛畢業。他身邊的另一位年輕人則穿著藍色襯衫和黑色褲子，雙手比出V字形。背景中還有其他幾個人，他們似乎在參加畢業典禮，有些人舉著氣球，氣氛歡樂。天空晴朗，陽光明媚，整個場景充滿了慶祝的氣氛。
./dataset/IMG_20210517_202809_358.jpg,這張照片中，一個人側身站立，背對著光源，頭髮被陽光照射而發亮。他穿着一件淺色的上衣，肩上背著一個黑色的背包。背景模糊，似乎是在戶外的場景，可能是在沙灘或海岸邊。陽光從後方照射過來，形成了一種光暈效果，使得人物的臉部和頭髮被陽光照射而發亮。
./dataset/10003902_632052606894565_358592992657069063_n(1)(1).jpg,這張照片中有五位年輕人站在室內，背景是牆壁，上面貼有幾張布告板。牆壁上掛有各種圖片和標語。五位年輕人中，有四位女性和一位男性。他們都穿着便服，其中一位女性穿著格子衫，正在向其他人指揮或說明某件事情。其他人則在聽著，表情各異，有的微笑，有的皺眉。地上有一張桌子，上面放著一張白紙和一支筆。照片的左側還有一個門，門邊放著一些物品，包括一個紅色的行李箱和一些袋子。
./dataset/IMG_20201130_164946.jpg,這張照片展示了一棟現代建築，建築外牆以玻璃和白色鋼板為主，窗戶排列整齊。建築前有一條鋪設磚塊的小路，兩旁種植了綠色的灌木和樹木，樹木上開有紅色的花朵。建築入口處有兩位穿著正式服裝的男性，他們正朝建築內部走去。建築入口處有一個紅色的郵筒。建築前還有一根黃色的杆子，杆子上有一個紅色的標誌。建築後方有幾棵高大的樹木，樹木的枝葉茂盛。天空晴朗，有幾朵雲彩。
./dataset/IMG_20210130_220735_094.jpg,這張照片拍攝於夜晚，照片中有一棵樹，樹幹粗壯，樹葉茂盛。樹的後方有一座橋，橋上有燈光照明，橋的結構為鋼架結構，橋面鋪有玻璃。橋的兩側有欄杆，欄杆上也裝有燈光。橋的下方有一條彎曲的小路，小路兩側有燈光照明，小路上沒有行人。照片的右下角有中文文字“透透透氣”，並附有兩個哭臉表情符號。照片的左下角有一個白色矩形框，框內有中文文字“透透透氣”，並附有兩個哭臉表情符號。
./dataset/20230806_124547.jpg,這張圖片展示了一間書店的內部。書架上擺放著許多書籍，書籍的封面設計色彩豐富，圖案多樣。書架的上層掛有一個月曆，月曆上繪有插圖，圖案包括人物和動物等元素。書店的牆壁上還掛有一些裝飾品，包括幾幅插畫和幾張彩色的圖案紙。書店的環境看起來很溫馨，書架和牆壁的顏色搭配柔和。書店的後方可以看到一位服務員，他正站在櫃檯後方。櫃檯上擺放著一些杯子和餐具。書店的牆壁上還有一些書籍的標籤，標籤上寫有中文書名。
./dataset/20240824_170340.jpg,這張照片中，一個人站在室內，背景是白色的牆壁和一扇黑色的門。牆壁上掛有幾面小旗子，旗子上印有綠色和紅色的圖案。這個人頭戴一頂灰色的棒球帽，帽檐朝前，身穿深藍色的短袖T恤，右手舉起，手指輕輕觸碰著一部手機。手機的背面有三個攝像頭。照片的右側有一部分米色的牆壁和地板。
./dataset/1514728673949.jpg,這張照片中，有一個人正舉著一個紅色的氣球，氣球的顏色鮮豔，表面光滑。背景中可以看到一臺大型的抓娃娃機，機器內部有許多不同顏色的玩具，機器的外殼發出柔和的光線，機器的顏色主要是白色和紫色。周圍還有一些人，他們似乎在觀看或等待，但他們的樣子和動作並不清楚。照片的背景是夜晚，天空是黑暗的。
./dataset/IMG20220311154830.jpg,這張照片展示了一個公園的場景。照片中可以看到多棵高大的棕櫚樹和其他綠色植物，樹木茂盛，綠意盎然。公園內鋪設了灰色的石板路，路邊種植了綠色的灌木和小樹，環境整潔。背景中有一些建築物，建築物的外牆是白色的，建築物的設計風格現代。天空晴朗，陽光明媚，整個場景充滿了自然的氛圍。
./dataset/20230820_151333.jpg,這張圖片展示了一頓簡單的餐點。在白色盤子中，有幾塊煮熟的雞肉，浸泡在湯汁中，湯汁中還有一顆紅色的枸杞。在黑色碗中，有一碗白飯，上面鋪著一些撕碎的雞肉。盤子和碗旁邊有一個銀色的湯匙。整體擺盤簡單，食物色調以白色和淺黃色為主，搭配紅色的枸杞，看起來很清新。
./dataset/20230730_204039.jpg,這張照片顯示了一條夜晚的街道，路燈在黑暗的夜空中發出明亮的黃色光芒。照片的前景是一排排的樹木，樹幹粗壯，樹皮呈灰白色，樹葉在夜色中隱約可見。道路兩側有綠色的草地，草地邊緣有燈光裝飾，增加了夜間的氛圍。遠處可以看到一些建築物的輪廓，建築物的窗戶也發出微弱的光亮。整體來說，這張照片呈現了一個寧靜而美麗的夜景。
./dataset/IMG20220220162832.jpg,這張照片展示了一個室內的展覽場景。場景中有一個大型的投影屏幕，屏幕上顯示了一幅畫面，畫面中有一個廣場，廣場上有幾棟建築物，建築物的風格看起來像是歐洲古典建築。廣場上有幾個人物，他們手持雨傘，似乎是在雨天。這些人物的服裝風格也顯示出一種古典的風格，可能是19世紀的服裝。場景的背景是一個室內空間，天花板上有木質的樑條，牆壁上掛著一些展覽的標語或介紹。在投影屏幕的前面，有一群觀眾坐在地上，他們正看著投影屏幕上的畫面。觀眾的背影和側面都清晰可見，他們似乎在聚精會神地觀看展覽。
./dataset/IMG20220220160957.jpg,這張圖片展示了一個室內場景，背景是黑暗的牆壁和天花板。在牆壁上，有兩塊大屏幕，屏幕上顯示著海浪的畫面。畫面中的海浪波濤洶涌，色彩以藍色和白色為主，表現出海浪的動態和力量。在畫面的左側，有一個人影，這個身影背對著觀眾，似乎在觀看屏幕上的畫面。整體環境昏暗，只有屏幕發出的光亮。
./dataset/20240604_074140.jpg,"這張照片顯示了一個入口，入口上方有一塊標誌牌，上面寫著「Main Entrance」，下方則是「COMPUTEX TAIPEI」的標誌，並附有日期「JUNE 04-07, 2024」和地點「TaiNEX 1 & 2」。入口處的玻璃門上也貼有相同的標誌。入口處的建築物外牆是現代風格，有大片玻璃窗和鋼結構。入口處的地面鋪有灰色磚塊。入口處的標誌牌上還寫有「Connecting AI」的字樣。"
./dataset/IMG20220220155052.jpg,"這張圖片展示了一個展覽的展板，展板上有兩幅畫作和一段文字。左側的畫作是抽象的，以綠色和橙色為主，右側的畫作則是具象的，畫中人物穿着綠色的裙子，背景是綠色和藍色的混合色調。展板中央的文字是中英文雙語，中文部分寫道：「藝術關乎情感，如果需要被解釋，便不再是藝術。」英文部分寫道：「Art is about emotion; if art needs to be explained, it is no longer art.」展板下方標註了畫作的作者名字：「Pierre-Auguste Renoir」。展板的背景是黑色的，突出了畫作和文字。"
./dataset/IMG_20210429_133522_833.jpg,這張照片中，一個人穿着畢業袍，背景是公園，有樹木和草地。畢業袍是黑色的，領口是黃色的，上面有紅色的花紋裝飾。照片的上半部分有一些心形的圖案。背景中可以看到一些樹木和籬笆，地面上有樹蔭。
./dataset/20230731_151403.jpg,這張照片中，我們可以看到一顆樹的樹冠，樹葉茂密，綠色的葉子在陽光下閃耀。陽光從樹葉間透射出來，形成光斑，散發出柔和的光芒。背景中可以看到一些建築物的屋頂，建築物的顏色較暗，與樹葉的綠色形成對比。天空是灰白色的，可能是陰天或多雲天氣。整體感覺是自然與城市建築的結合。
./dataset/IMG20220220163251.jpg,這張照片展示了一個室內場景，背景是多塊大屏幕，屏幕上顯示著一幅色彩豔麗的畫作，畫面中有一座城市的天際線，天空被渲染成黃色和橙色的漸變色，表現出一種夕陽西下的氛圍。畫面下方是水體，反射出天空的顏色，並有幾座建築物的剪影。在畫面的前景中，有一群人坐在地上，他們背對著攝影機，面向著大屏幕，似乎在觀看或聆聽某種表演或講座。場地的天花板上有一些木質的樑條，牆壁是深色的，整個場地的照明較暗，突出了大屏幕上的畫作。
./dataset/20230826_150807.jpg,這張照片展示了一個晴朗的天氣，藍天中散佈著幾朵白色的雲朵。前景中有一個鐵欄杆，欄杆後方是一片綠色的草地和一些樹木。遠處可以看到一條河流，河上有一座現代化的橋樑，橋樑上有車輛行駛。橋樑的兩側有建築物，建築物的樓層較高，顯示出城市的特徵。整體環境看起來非常寧靜，並且有現代化的建築和自然景觀的結合。
./dataset/IMG20220317150106.jpg,這張圖片展示了一片海岸線的景象。海浪輕拍著沙灘，形成白色的浪花。沙灘是灰黑色的，表面比較平坦，沒有明顯的雜物。遠處的海面上有一座小島，島上似乎沒有植被，呈現出暗色調。天空是灰蒙蒙的，沒有明顯的雲層，整體氣氛比較陰沉。海浪不斷地拍打著海岸線，產生了輕微的聲音。
./dataset/IMG_20180727_111842_041.jpg,"這張照片展示了一輛停放在室內展示場的紅色杜卡迪（Ducati）摩托車。摩托車被放置在一個展覽台上，展覽台的底座是灰色的。摩托車的前部朝向照片的左側，車頭朝向右側。摩托車的設計流線型，前燈和車頭燈非常顯眼。摩托車的車架是紅色的，車輪和車身的其他部分則是黑色的。摩托車的車把和後視鏡是黑色的，車把上裝有黑色的把手。摩托車的車頭部分裝有透明的擋風玻璃，擋風玻璃上有一些反光。

在摩托車的後方，有一個穿著黑色上衣和牛仔褲的男子，他正側身朝向摩托車，似乎在觀看或研究摩托車。他的腳上穿著藍色和黃色相間的運動鞋。在摩托車的後方，還有一個穿著紅色上衣的人，只露出部分身體。背景中可以看到一些紅色的展板，展板上有一些標誌和文字，但無法辨識具體內容。展覽場地的地面是淺色的，地面上有一些反光。"
./dataset/IMG20220317145537.jpg,這張照片顯示了兩個人站在海邊，海浪輕拍著海岸。天空陰沉，雲層密布，海面波濤洶涌。遠處可以看到一座山和一些遠方的建築物。兩個人站在水中，似乎在享受海邊的風景。
./dataset/IMG_20210801_143018_964.jpg,"這張圖展示了一個電路圖，標題為「Scan 電路操作」。圖中包含幾個電路元件和信號波形圖。以下是詳細描述：

1. 左側電路圖：
   - T1、T2、T3、T4、T5、T6、T7、T8 等為電路元件。
   - CK1、CK2、CK3、CK4、CK5 等為時鐘信號。
   - S1、S2 等為輸出信號。
   - BT、P、VGH 等為其他元件或參數。
   - CK1、CK2、CK3、CK4、CK5 的信號波形圖顯示在右側。

2. 右側信號波形圖：
   - CK1、CK2、CK3、CK4、CK5 的信號波形圖顯示在右側。
   - CK1、CK2、CK3、CK4、CK5 的信號波形圖分別標註為「CK1 → Low → S1 輸出 Low」、「CK4 → Low → S1 輸出 Low」、「CK1,2,3 → Low → S2 輸出 Low」、「CK1 → Low → S2 輸出 Low」。

總體來說，這張圖展示了電路元件之間的連接關係以及各個信號的波形變化，用於描述電路的運作過程。"
./dataset/IMG20220304151308.jpg,這張照片展示了一條林蔭小道，兩旁種植了高大的棕櫚樹和常綠樹，樹葉茂盛，綠意盎然。小道兩側的草地上散落着一些枯黃的草葉，顯示出秋天的氣息。小道的盡頭可以看到一些建築物，建築物的外牆顏色為淺黃色，窗戶排列整齊。小道兩側還設有燈柱，燈柱上掛有燈泡。照片的右側還有一棵高大的松樹，樹冠茂密。整體環境清幽，適合散步和休閒。
./dataset/20240725_184212.jpg,這張照片顯示了一個鄉村或小鎮的景觀。照片的右側可以看到一些建築物，建築物的屋頂是灰色的瓦片，建築物的牆壁是磚砌的。建築物的前面有一些樹木，樹木的葉子是綠色的。建築物的後方有一座山，山的顏色是深綠色的。照片的左側有一個白色的圓形物體，可能是燈籠或燈飾。照片的左上角有一個黃色的邊框，可能是相機的邊框。照片的右上角有一些電線，電線是黑色的。照片的右側有一些燈光，燈光是黃色的。照片的右側有一些建築物，建築物的屋頂是藍色的。照片的右側有一些樹木，樹木的葉子是綠色的。照片的右側有一些建築物，建築物的牆壁是磚砌的。照片的右側有一些建築物，建築物的屋頂是藍色的。照片的右側有一些建築物，建築物的牆壁是磚砌的。照片的右側有一些建築物，建築物的屋頂是藍色的。照片的右側有一些建築物，建築物的牆壁是磚砌的。照片的右側有一些建築物，建築物的屋頂是藍色的。照片的右側有一些建築物，建築物的牆壁是磚砌的。照片的右側有一些建築物，建築物的屋頂是藍色的。照片的右側有一些建築物，建築物的牆壁是磚砌的。照片的右側有一些建築物，建築物的屋頂是藍色的。照片的右側有一些建築物，建築物的牆壁是磚砌的。照片的右側有一些建築物，建築物的屋頂是藍色的。照片的右側有一些建築物，建築物的牆壁是磚砌的。照片的右側有一些建築物，建築物的屋頂是藍色的。照片的右側有一些建築物，建築物的牆壁是磚砌的。照片的右側有一些建築物，建築物的屋頂是藍色的。照片的右側有一些建築物，建築物的牆壁是磚砌的。照片的右側有一些建築物，建築物的屋頂是藍色的。照片的右側有一些建築物，建築物的牆壁是磚砌的。照片的右側有一些建築物，建築物的屋頂是藍色的。照片的右側有一些建築物，建築物的牆壁是磚砌的。照片的右側有一些建築物，建築物的屋頂是藍色的。照片的右側有一些建築物，建築物的牆壁是磚砌的。照片的右側有一些建築物，建築物的屋頂是藍色的。照片的右側有一些建築物，建築物的牆壁是磚砌的。照片的右側有一些建築物，建築物的屋頂是藍色的。照片的右側有一些建築物，建築物的牆壁是磚砌的。照片的右側有一些建築物，建築物的屋頂是藍色的。照片的右側有一些建築物，建築物的牆壁是磚砌的。照片的右側有一些建築物，建築物的屋頂是藍色的。照片的右側有一些建築物，建築物的牆壁是磚砌的。照片的右側有一些建築物，建築物的屋頂是藍色的。照片的右側有一些建築物，建築物的牆壁是磚砌的。照片的右側有一些建築物，建築物的屋頂是藍色的。照片的右側有一些建築物，建築物的牆壁是磚砌的。照片的右側有一些建築物，建築物的屋頂是藍色的。照片的右側有一些建築物，建築物的牆壁是磚砌的。照片的右側有一些建築物，建築物的屋頂是藍色的。照片的右側有一些建築物，建築物的牆壁是磚砌的。照片的右側有一些建築物，建築物的屋頂是藍色的。照片的右側有一些建築物，建築物的牆壁是磚砌的。照片的右側有一些建築物，建築物的屋頂是藍色的。照片的右側有一些建築物，建築物的牆壁是磚砌的。照片的右側有一些建築物，建築物的屋頂是藍
./dataset/IMG_20200627_205454_531.jpg,這張照片展示了一個美麗的海灘場景。太陽從海平面上方照射過來，發出耀眼的光芒，天空中有一些雲彩，散發出柔和的藍色調。海浪輕拍著沙灘，形成一道道白色的浪花。沙灘上有幾個人在戲水或散步，享受著這美好的時刻。照片右下角有文字標註日期為2020年6月26日，並標註了位置信息「關夕夕平台」。
./dataset/IMG20220313134822.jpg,這張照片展示了一片廣闊的農田，田間種植著綠油油的作物，可能是稻田。農田的遠處是連綿的山丘，山丘上植被茂盛，呈現出濃郁的綠色。天空中雲層厚重，但仍有部分藍天露出來，顯示出一種多雲的天氣。道路兩側有電線杆和電線，電線杆上裝有幾個小紅色的警示標誌。道路邊緣有一個灰色的護欄，護欄上裝飾著幾個白色的花朵圖案。道路本身是柏油路面，看起來比較新穎。照片的右側還可以看到一些建築物，可能是農村地區的住宅或農舍。整體來說，這張照片呈現出一種寧靜的鄉村風景。
./dataset/20230721_092618.jpg,這張照片顯示了一個城市道路的景觀。照片中可以看到一條寬闊的道路，道路兩側有綠化帶和一些樹木。道路旁邊有一個路標，上面寫著「東莞城市服務工作站」，顯示這是一個服務站的入口。路標旁邊有一些車輛，包括貨車和私家車。背景中可以看到一些建築物和電力塔，天空晴朗，有幾朵雲。道路兩側的建築物看起來像是工業區或商業區。照片的右上角有一部分車窗的反光，顯示出車內有人。
./dataset/IMG20220313132710.jpg,這張照片展示了一片廣闊的綠色稻田，稻田的遠處是連綿的山脈，山脈上雲霧繚繞，天空湛藍，雲層稀疏。稻田的邊緣有一條水泥溝渠，溝渠兩側是泥土和一些雜草。遠處可以看到一些建築物，可能是農村的住宅或農場設施。整體景色非常寧靜，呈現出一種鄉村的自然風光。
./dataset/1798825_632069336892892_5726743375680499196_n(1)(1).jpg,這張照片中，有幾個年輕人圍成一圈，似乎在進行某種活動或討論。他們的表情看起來很專注，可能是在進行一場遊戲、討論或合作活動。背景中可以看到牆上掛有一些布告板，上面貼有紙張，可能是學校或社區活動的公告。照片的環境看起來像是室內，可能是教室或會議室。
./dataset/11057253_632081633558329_993917020017315026_n(1)(1).jpg,這張照片中有兩位女性在室內活動。背景是一扇大玻璃窗，窗戶旁邊的牆壁是淺藍色的。兩位女性站在一個桌子旁邊，桌上有一些氣球和工具。其中一位女性正在用氣球製作工具將氣球彎曲成形狀，另一位女性則在旁邊觀看。兩位女性都穿着長袖衣物，其中一位穿著黑色外套，另一位穿著灰色外套。地上有一些已經完成的氣球造型。
./dataset/1549433831282.jpg,這張照片中有五個人和兩隻狗。他們站在一條鄉村道路上，背景是一棟紅色的建築物和一些樹木。五個人站成一排，面帶微笑，看起來像是在拍照。他們的衣著各異，有穿牛仔褲、運動褲、外套和帽子的。其中一個人手裡拿著一袋水果。兩隻狗分別在他們的兩側，一隻是黑色的，另一隻是棕色的。照片的左側還有一輛停在路邊的車子。背景中的樹木和建築物顯示出這是在一個鄉村地區。
./dataset/20240129_151527.jpg,這張圖片展示了一片美麗的花田，花田中開滿了黃色的花朵，看起來像是黃花菜。花田的後方是茂密的樹林，樹林中間有幾棵紅色的櫻花樹，樹枝上開滿了粉紅色的櫻花。樹林的遠處可以看到一些建築物和電線杆。在花田的右側有一個木製的涼亭，涼亭下有幾個人在休息或拍照。整體來說，這是一個非常宜人的景點，適合遊客來此賞花和休閒。
./dataset/20240506_223753.jpg,這張照片顯示了一座高聳的建築物，夜晚時分被燈光點綴。建築物的頂部有紅色的燈光裝飾，建築物的外觀由許多層疊的方形構成，每一層都點綴著燈光。建築物的周圍有樹木和一些燈光，顯示出城市夜景的氛圍。照片的右側可以看到一些建築物的樓頂和一些燈光。照片的左側則是黑暗的夜空。
./dataset/20230912_151047.jpg,這張照片顯示了一片藍天，天空中漂浮著幾朵蓬鬆的雲朵。照片的右側可以看到一棟藍色的建築物，建築物的窗戶和陽台欄杆清晰可見。建築物的後方有一些綠色的樹木。在建築物的右側，有一個倒掛的交通鏡，鏡子反射出部分道路和建築物的影像。照片的右下角有一個綠色的交通標誌，標誌上有一些文字，但無法辨識全部內容。整體來說，這張照片捕捉到了一個晴朗的天氣，並展示了城市的一角。
./dataset/received_947869521980498(1)(1).jpeg,這張照片中有一座石碑，石碑上刻有四個漢字，從上到下依次為「安平古堡」。石碑底座由多塊石塊組成，呈方形。石碑後方有一些樹木，樹木後方還有一個鐵柵欄。照片右側有一個穿著短袖上衣和短褲的人，他背對著攝影機，站在石碑旁邊。地面上鋪有磚塊和水泥板，磚塊之間有幾條裂縫。背景中還有一個鐵製的火炮模型。
./dataset/line_1526722408801.jpg,這張照片展示了一片廣闊的田野，田野上長滿了綠色的草和一些雜草。在田野的遠處，有一座橋樑橫跨在田野之上，橋樑的結構簡單，由混凝土構成。橋樑的兩側有護欄，護欄上有一些鏽蝕的痕跡。橋樑的遠端可以看到一些電塔和高大的樹木。天空湛藍，只有幾朵稀疏的雲朵漂浮在空中。照片的前景是一條道路，道路邊緣有一個破舊的護欄，護欄上已經有明顯的鏽蝕和脫落的油漆。道路的影子投射在地面上，顯示出陽光從左側照射過來。整體來說，這張照片呈現出一種鄉村的氛圍，環境比較簡樸。
./dataset/IMG20200628144453.jpg,這是一尊阿波羅（福玻斯）的雕像，雕像位於一個公園或廣場，背景是藍天和一些建築。雕像由白色大理石雕刻而成，阿波羅神像裸露上半身，雙臂伸展，右手舉起，左手放在一隻獅子上。雕像的底座上有一塊銘牌，上面寫著「阿波羅（福玻斯）」以及中文說明：「太陽神—光明、知識、音樂、詩歌與神諭的主宰者」。雕像的底座是方形的，與雕像的白色大理石形成對比。背景中可以看到一些建築和綠樹，以及一塊水域。
./dataset/20230720_191219.jpg,這張照片展示了一間餐廳的內部。牆壁和天花板是淺色的，牆壁上掛有幾張寫有日文的紙條。牆壁上還有一個木製的衣架。天花板上掛有兩盞燈籠，燈籠上寫有日文。門口處有一個鏡子，鏡子上反射出街道的景象。門口處有一個熱水壺和幾個白色的杯子放在桌子上。桌子旁邊有一排鞋子。
./dataset/IMG20220317140113.jpg,這張圖片展示了一片海岸線的景象。海浪輕拍著沙灘，形成白色的浪花。沙灘上有一些腳印，顯示有人曾經在這裡走過。遠處的海平面上有一座小島，島上似乎沒有植被，只有一個光禿禿的山頭。天空中雲層密布，天色略顯陰沉，整體氣氛比較靜謐。海浪不斷拍打著海岸線，沙灘上沒有明顯的建築物或其他人跡。
./dataset/IMG_20180521_111312_024.jpg,這張圖片展示了一片廣闊的農田，地表是紅褐色的土壤，上面種植了許多幼苗，排列成規則的行。農田的邊緣有一些綠色的植被，可能是野草或雜草。背景中可以看到一些樹木和遠處的建築物，建築物的煙囪發出煙霧，表明附近可能有工業活動。天空是藍色的，有幾朵白色的雲朵飄浮在空中。整體來說，這張圖片呈現了一幅農業和工業共存的景象。
./dataset/IMG20220317144413.jpg,這張照片展示了一片沙灘，沙灘上散落著幾個人。沙灘的後方是綠色的山丘，山丘上有一些建築物。天空中有一些雲彩，但整體天氣似乎比較陰沉。海浪拍打著海岸線，海面波濤洶涌。沙灘上還有一些鳥類，可能是在尋找食物。沙灘的邊緣有一些建築物，看起來像是度假村或民宿。整體來說，這是一個適合放鬆和享受自然的場景。
./dataset/IMG20220316155637.jpg,這張照片展示了一個公園的景觀。前景中有一個鋪有磚塊的小路，兩旁有幾張木製的長椅。小路的盡頭有一個標誌牌，上面有圖案和文字，但無法辨識其內容。小路兩側是綠色的草地和一些灌木叢。背景中可以看到一些建築物和兩座小山丘，山丘上長滿了茂密的綠樹。天空陰沉，布滿了厚重的雲層，顯示出一種陰天的氣氛。整體環境看起來非常平靜，適合散步或休閒。
./dataset/22826_632083630224796_2398483403754549932_n(1)(1).jpg,這張照片顯示了一棟建築物的外牆，牆上有一排垂直排列的中文字樣。這些字樣是金色的，背景是白色的磚塊。建築物的牆面是磚砌的，牆頂有一個瓦片狀的屋檐。牆面的左側有一扇門，門上有一塊金屬裝飾板。牆面的右側有一些電線垂下來。背景中可以看到天空，天空是灰白色的。
./dataset/IMG_20210527_221452_514.jpg,"這張圖片顯示了一個網頁截圖，網頁的網址是 st.music.163.com。網頁上有一個白色背景的浮動框，裡面有中文文字。文字內容如下：

- 呂俊廷
- 的主導色是：
- 銀色
- 33.71% 的人特別喜歡銀色
- 也就是說，在中國
- 每 3 個人中就會有一個喜歡銀色
- 你的特質是：
- 漫步銀河的夢想家
- 在別人眼中你是銀色
- 外在銀色的人身上有與生俱來的高貴氣質！
- 你舉手投足間優雅大方，自帶閃亮光環！
- 銀色的人品味很高，不斷為自己和他人的生活提升質感！
- 本质上你也是銀色
- 极端的銀色是極其罕見的！
- 你優雅克制的背後，有着極強的洞察和創造力！
- 极端銀色是宇宙的禮物，你的心中自有星辰與月光！

這段文字似乎是一個關於色彩性格分析的內容，特別強調了銀色在性格特質和外在表現上的重要性。"
./dataset/20231107_151933.jpg,這張照片展示了一片城市天際線，天空中布滿了層層疊疊的雲層，雲朵的形狀和顏色變化豐富，從淺灰色到深灰色不等，有些地方還帶有藍色的調子。建築物主要由玻璃和鋼鐵構成，建築風格現代，建築物的外牆反射出天空的顏色。建築物的排列從右側開始，向左延伸，建築物的頂部幾乎被雲層遮蓋，只露出少許的建築頂部。建築物的設計風格統一，呈現出現代都市的特徵。
./dataset/IMG20220316140951.jpg,這張照片展示了一個公園的景觀。前景是一片草地，上面散落著一些石頭。中景是一片湖泊，湖水靜靜地反射著天空和周圍的樹木。湖邊有一些樹木和灌木，樹木茂盛，綠意盎然。遠景可以看到一些山丘和一些建築物，天空中雲層密布，天色略顯陰沉。整體感覺平靜而寧靜，適合放鬆和散步。
./dataset/12106800_901336399957156_5676767040655459742_n(1)(1).jpg,這張照片中有四個人排成一列，他們都穿着紅色的背心和白色的T恤，頭上都系着紅色的頭帶。他們的雙手緊緊地拉在一起，似乎在進行某種協調的活動或遊戲。背景是一個室內場地，可以看到一扇玻璃門和牆壁上的一些裝飾。照片的右側有一個光源，發出明亮的光線。
./dataset/IMG20220316162514.jpg,這張照片展示了一片海岸線。前景是灰黑色的沙灘，沙灘上散落著一些石塊和枯枝。中景是海岸線，海浪拍打在海岸邊，形成白色的浪花。背景是一座被綠色植被覆蓋的小山丘，山丘上有一些建築物。天空陰沉，雲層密布，顯示出一種陰鬱的天氣。海面波濤洶涌，顯示出風浪較大。整體環境看起來比較荒涼，沒有明顯的人類活動跡象。
./dataset/20240208_234811.jpg,這張照片展示了一間書店的內部。書店的天花板是拱形的，上面有幾盞圓形的燈光。牆壁是淺色的，地板是大理石紋理的。書店的書架上擺滿了各種書籍，書籍的封面顏色豐富多彩。書架的設計非常現代，書籍排列整齊。書店的內部裝修風格簡潔現代，燈光柔和，營造出一個溫馨的閱讀環境。書店的牆壁上還有一些裝飾品，增加了空間的美感。書店的內部空間寬敞，讓人感覺舒適。
./dataset/IMG20211010212029.jpg,這是一張車牌的圖片。車牌上的字樣為「3160-DQ」，車牌的背景為白色，字體為黑色。車牌上方有「台北市」的標誌，顯示這輛車的註冊地點為台北市。車牌的邊框為黑色，車牌安裝在車尾的後方。車尾的顏色為深色，可能是綠色或黑色。車尾的燈光在車牌的後方發出光亮，使得車牌上的字樣變得清晰。
./dataset/IMG20211206131004.jpg,這張照片展示了一個位於空曠地點的小型建築物。建築物為紅色，有兩扇玻璃門和兩扇窗戶，門和窗戶的框架為白色。建築物前方有一個小平台，平台邊緣有磚塊鋪設。建築物後方是一片綠色的樹叢，樹叢後方是藍色的天空，天空中有一些薄雲。建築物前方有一條鋪設的水泥道路，道路兩側有綠草和樹叢。道路邊緣有一根高大的鐵桿，鐵桿上掛有一個藍色的設備。道路的右側有一個小水坑。整體環境看起來比較荒廢，沒有明顯的使用痕跡。
./dataset/1529165742324.jpg,這張照片中有兩位年輕人站在一起，背景是一座建築物，建築物的設計獨特，有著三角形的屋頂和大面積的玻璃窗。建築物後方有一些穿著畢業服的人群，似乎是在參加畢業典禮。地上散落著幾個背包，兩位年輕人面帶微笑，舉起手指比出勝利的姿勢。背景中還有一些綠樹和藍天，天氣晴朗。
./dataset/IMG_20211231_140529_097.jpg,這是一幅用鉛筆繪製的肖像畫，畫中人物為男性，頭髮為捲曲的短髮，鬍子濃密，鬍鬚的顏色較深，臉部表情比較嚴肅，雙眼直視前方，畫面下方可以看到人物的上半身，穿著一件開領的衣物。整體畫面以黑白灰為主，表現出一種簡潔而真實的風格。
./dataset/IMG_20200517_125439_267.jpg,這張照片顯示了一張餐桌，上面有餐具、碗和一杯水。餐具包括筷子和湯匙，碗是淺色的，可能是陶瓷製的。桌上還有一張黑色的餐巾紙。照片的底部有一個標籤，上面寫著「TIGERROAR 韓虎虎嘯」，並附有三個微笑的表情符號。背景中可以看到一張黑色的椅子和一張黑色的桌子。
./dataset/20231202_165325.jpg,這張照片展示了一條街道的景象。照片的前景是兩排建築物，建築物的外牆顏色多樣，有白色、藍色和綠色等。建築物的窗戶和陽臺上掛有許多綠色植物，增加了綠意。建築物之間的電線杆上掛滿了各種電線，形成了一個複雜的電線網。電線杆上還掛有一些電箱和燈具。背景是天空，天空中有一些雲彩，陽光從雲隙中透出，天空呈現出黃橙色的漸變，給整張照片帶來了溫暖的氛圍。照片的右下角有一個禁止倒車的交通標誌。整體來說，這張照片捕捉到了一個城市街區的日常生活場景。
./dataset/1535382544992_1.jpg,這張照片中，一位年輕男子坐在室內的沙發上，頭戴一頂黑色的棒球帽，帽檐朝前，帽檐上有一個紅色的標籤，上面寫著「Supreme」。他穿着一件深色的短袖T恤和淺色的牛仔褲，手腕上戴著一塊黑色的手錶。他正低頭看着手中的手機，雙手握著手機，似乎在看或操作手機。背景中可以看到其他幾個人，其中一個人坐在吧檯前，背對著攝影機，另一個人則坐在吧檯旁邊，背對著攝影機。室內的裝潢以淺色為主，牆壁和地板都呈現出淺色調，環境看起來像是咖啡廳或休息區。
./dataset/20240518_174549.jpg,這張照片中，一個人站在室內，背景是白色的牆壁和一扇門。他穿着深藍色的短袖上衣和綠色的短褲，頭戴圓形眼鏡，正在用一部手機自拍。手機的背面有三顆攝像頭。牆壁上掛有幾面小旗子，上面有聖誕樹的圖案和文字。照片的右側有一個銀色的水龍頭。
./dataset/20230805_175716.jpg,這張照片展示了一棵樹的樹冠，樹冠茂密，綠葉繁盛。陽光從樹葉間透射下來，形成光斑，散發出溫暖的光芒。背景中可以看到一些建築物和街道，顯示出這是在一個城市公園或街道旁邊。照片的構圖使得陽光成為視覺焦點，樹葉的陰影和光斑相互交錯，營造出一種寧靜而美麗的氛圍。
./dataset/DSC_0006(1)(1).JPG,這張照片顯示了一個夜晚的場景，可能是一個活動或慶祝活動。照片中可以看到一羣人聚集在一起，他們似乎在觀看或參與某個活動。在人群的前方，有一個大型的裝置或裝飾，上面有五顏六色的燈光，這些燈光發出藍色的光束，向四周擴散。背景中還有一些其他的燈光，可能是街道上的燈或活動場地的照明。整體來說，這張照片捕捉到了一個充滿活力和歡樂的夜間活動場景。
./dataset/20231111_145314.jpg,這張照片展示了一個運動場景。前景是一個紅色的跑道，跑道上沒有運動員。跑道的後方是一片綠色的草地，草地的邊緣有一排樹木。樹木後方有一棟建築物，建築物的顏色多樣，有綠色、紅色和灰色的部分。建築物的後方還有一些其他的建築物，這些建築物看起來像是住宅樓。天空是多雲的，雲層較厚，但還能看到一些藍色的天空。在建築物的後方還有一些樹木，這些樹木看起來比較高大。在建築物的前面有一個籃球場，籃球場的邊緣有一個藍色的圍欄。籃球場的後方有一個有遮蓋的建築物，建築物的顏色是藍色和紅色的。建築物的前面還有一些籃球架。在籃球場的後方還有一些籃球架，籃球架的顏色是藍色和白色。籃球場的後方還有一些籃球架，籃球架的顏色是藍色和白色。籃球場的後方還有一些籃球架，籃球架的顏色是藍色和白色。籃球場的後方還有一些籃球架，籃球架的顏色是藍色和白色。籃球場的後方還有一些籃球架，籃球架的顏色是藍色和白色。籃球場的後方還有一些籃球架，籃球架的顏色是藍色和白色。籃球場的後方還有一些籃球架，籃球架的顏色是藍色和白色。籃球場的後方還有一些籃球架，籃球架的顏色是藍色和白色。籃球場的後方還有一些籃球架，籃球架的顏色是藍色和白色。籃球場的後方還有一些籃球架，籃球架的顏色是藍色和白色。籃球場的後方還有一些籃球架，籃球架的顏色是藍色和白色。籃球場的後方還有一些籃球架，籃球架的顏色是藍色和白色。籃球場的後方還有一些籃球架，籃球架的顏色是藍色和白色。籃球場的後方還有一些籃球架，籃球架的顏色是藍色和白色。籃球場的後方還有一些籃球架，籃球架的顏色是藍色和白色。籃球場的後方還有一些籃球架，籃球架的顏色是藍色和白色。籃球場的後方還有一些籃球架，籃球架的顏色是藍色和白色。籃球場的後方還有一些籃球架，籃球架的顏色是藍色和白色。籃球場的後方還有一些籃球架，籃球架的顏色是藍色和白色。籃球場的後方還有一些籃球架，籃球架的顏色是藍色和白色。籃球場的後方還有一些籃球架，籃球架的顏色是藍色和白色。籃球場的後方還有一些籃球架，籃球架的顏色是藍色和白色。籃球場的後方還有一些籃球架，籃球架的顏色是藍色和白色。籃球場的後方還有一些籃球架，籃球架的顏色是藍色和白色。籃球場的後方還有一些籃球架，籃球架的顏色是藍色和白色。籃球場的後方還有一些籃球架，籃球架的顏色是藍色和白色。籃球場的後方還有一些籃球架，籃球架的顏色是藍色和白色。籃球場的後方還有一些籃球架，籃球架的顏色是藍色和白色。籃球場的後方還有一些籃球架，籃球架的顏色是藍色和白色。籃球場的後方還有一些籃球架，籃球架的顏
./dataset/20230826_150618.jpg,這張照片展示了一個晴朗的天氣，天空中散佈著幾朵蓬鬆的雲朵。照片的前景是一片綠色的草地，上面有圍欄和一些設施，看起來像是公園或運動場。在背景中，有一座高架橋，橋上似乎有車輛行駛。遠處可以看到一些建築物，可能是城市建築。整體來說，這張照片呈現了一個現代城市與自然環境相結合的場景。
./dataset/10525961_632077176892108_1419528743828714809_n(1)(1).jpg,這張照片中，有幾個人站在室內的場所。他們似乎是在一個室內空間，可能是學校或辦公室。地面是灰色的，牆壁是白色的，窗戶很大，透進來很多自然光。照片中的人們都穿着便服，有穿外套的，也有穿牛仔褲的。他們的腳上穿著運動鞋，顏色各異。照片的右側有一個木製的長椅，牆上掛著一些標籤或通知。照片的左側有一個鐘，顯示時間。照片的右下角有幾個人的部分身體，但他們的臉部沒有出現在照片中。
./dataset/20240707_173959.jpg,"這張白板上寫著一些數學和邏輯的公式和計算過程。以下是詳細描述：

1. 白板上寫著一個向量 `w`，其值為 `[0, 0, 0, 0, 0, 0, 0, 0]`。
2. 接著有一個箭頭指向一個包含文字的方括號，裡面寫著 `'pretty', 'good', 'bad', 'plot', 'not'`。
3. 白板上有一個等式 `w_i \cdot x_i = (0 \times 1) + (0 \times 0)`。
4. 接著有一個向量 `x_1`，其值為 `[1, 0, 1, 0, 0, 0, 0]`。
5. 白板上有一個等式 `k_1 = w_i \cdot x_1 \Rightarrow 0`。
6. 接著有一個公式 `σ(k) = \frac{1}{1 + e^{-k}} = 0.5`。
7. 白板上有一個等式 `w_2 = w_i - α(σ(k) - y_i) \cdot x_i`，其中 `y_i` 的值為 `[0, 0, 0, 0, 0, 0, 0]`。
8. 接著有一個等式 `w_2 = [-0.25, 0, -0.25, 0, 0, 0, 0] - 0.5(0.5 - 0) \cdot [1, 0, 1, 0, 0, 0, 0]`。
9. 白板上有一個等式 `w_2 = [-0.25, 0, -0.25, 0, 0, 0, 0]`。

這些公式和計算過程似乎是在描述一種機器學習或統計模型中的步驟，特別是涉及到向量、權重更新和激活函數的應用。"
./dataset/IMG_20210423_123253_190.jpg,這張照片展示了一間健身房的內部。健身房內設有多種健身器材，包括重量訓練機器和跑步機。牆壁上掛有顯示器，牆角有一名正在使用跑步機的運動員。健身房的天花板上裝有燈光，地板鋪有灰色的防滑地墊。牆壁上標有「@CITYFITNESS.TW」的標誌。
./dataset/IMG_20180729_135955_216.jpg,這張圖片展示了一片山區的風景。前景中有一些綠色的植被和一些高大的草本植物，這些植物看起來像是在風中搖曳。中景部分可以看到一些建築物，可能是位於山腳下的小鎮或村落。背景中有一座高聳的山峰，山峰上長滿了茂密的綠樹，山腳下則有蜿蜒的道路和建築物。天空是藍色的，有幾朵薄雲飄浮在空中。整體來說，這張圖片呈現出一種寧靜而自然的氛圍。
./dataset/IMG20220308150714.jpg,這張照片展示了一片寬闊的水域，可能是河流或湖泊。水面上反射著陽光，波光粼粼。遠處可以看到一些建築物和電線杆，電線杆上掛有紅色的標誌牌。天空晴朗，沒有雲彩，陽光從左上角照射過來，形成一道光線。照片的右側有一些建築物，建築物旁邊有一條小路。整體環境看起來比較開闊，並沒有明顯的植被。
./dataset/IMG20211016222106.jpg,這是一幅鉛筆素描，畫在一本螺旋綁的素描本上。畫中描繪了兩個酒杯，一個倒置在另一個上面。畫面的背景是簡單的灰色調，表現出一種靜謐的氛圍。酒杯的形狀和結構被詳細地表現出來，包括杯身、杯腳和杯底的細節。畫面的光影處理表現出酒杯的立體感，使得畫作看起來更加真實。整體風格簡潔而有質感，顯示出繪畫者對光影和形狀的掌握。
./dataset/20230921_171503.jpg,這張照片展示了一幅日落時分的景象。太陽位於地平線附近，發出柔和的光芒，天空中布滿了層層雲霧，從淺藍到深灰漸變。地平線後方可以看到一些建築物的剪影，可能是城市建築。前景中有一片茂密的樹林，樹木的綠色在夕陽的照射下顯得格外鮮明。整體氛圍平靜而美麗，給人一種寧靜和安詳的感覺。
./dataset/IMG_20201122_102735_832.jpg,這張照片展示了一個戶外的景點，背景是藍天和遠處的山脈。前景中有幾棵樹，樹葉在陽光下閃耀。照片中有三個人，他們站在一個木製的觀景臺上。其中一個人正在用手機拍照或錄影，另兩個人則在觀賞景觀。觀景臺的欄杆上掛著一個背包。陽光從樹葉間照射下來，形成了光斑效果。整體環境看起來非常清新和宜人。
./dataset/FB_IMG_1503716839332(1)(1).jpg,這張照片展示了一群人在森林小徑上行走的場景。太陽從樹叢間照射出來，形成美麗的光線效果。小徑兩旁是高大的樹木，樹葉在微風中輕輕搖曳。地面上散落著一些枯葉，顯示出秋天的季節。照片的背景是明亮的天空，太陽光線從樹叢間透射出來，給整張照片帶來了溫暖的感覺。照片中的人們似乎在享受大自然的美景，他們的影子在地面上投射出來，增加了照片的深度和層次感。
./dataset/1551548354463.jpg,這張照片中，一位年長的婦女坐在一張黃色的椅子上。她穿着一件格子外套和黑色的褲子，雙手放在腿上。她的頭髮已經花白，坐在一個木製的椅子上，椅子的背板上有精緻的雕花。背景中可以看到一張桌子，上面放著一個白色的杯子和一些書籍。牆壁上掛著一個黑色的衣架，衣架上掛著一個粉紅色的塑膠袋。地上有一個紅色的垃圾桶和一雙拖鞋。牆壁是白色的，牆角處有一些污漬。
./dataset/20230721_133414.jpg,這張照片展示了一個機場的場景。照片中可以看到多架飛機停靠在機場的停機坪上，機場的控制塔和航站樓清晰可見。天空晴朗，藍天中散佈著幾朵雲。機場的地面設施包括貨運車輛和貨櫃，這些貨櫃被放置在停機坪上。遠處可以看到一些建築物和山丘，山丘上沒有植被，呈現出光禿禿的樣子。機場的環境看起來非常整潔，並且在晴朗的天氣下，視野非常開闊。
./dataset/IMG_20220209_000110_296.jpg,這張照片中，一個人坐在白色的背景前。他穿着一件白色的短袖T恤和一雙米色的長褲。他的雙手放在褲子的口袋裡，雙腿稍微彎曲，雙腳平放在地面上。他的頭微微傾向一邊，表情比較平靜。背景是純白色的，沒有任何其他雜亂的元素。
./dataset/IMG_20201201_120142_403.jpg,這張照片展示了一個辦公室的桌面。桌面上有一台黑色的筆記型電腦，電腦品牌為ASUS。電腦後方有一個顯示器，顯示器上顯示著白色背景。顯示器的右側有一個黑色的鍵盤。在電腦的左側，有一瓶綠色瓶蓋的飲料，瓶身是藍色的，上面有中文標籤。在電腦的前方，有一個白色帶蓋的容器，容器內有兩根筷子。桌面是淺色的木質桌面，桌面下方有一個黑色的櫃子，櫃子上有幾個小孔。背景中可以看到辦公室的隔間牆，牆上有玻璃窗。
./dataset/11147584_632087520224407_2600753671276585241_n(1)(1).jpg,一羣人圍繞著一張藍色的紙，紙上寫著中文和幾幅圖案。紙的右上角有一個小標籤，上面寫著「阿Y」。圍觀的人中有成人和兒童，他們似乎在討論紙上的內容。背景是一堵由石頭堆砌而成的牆。
./dataset/IMG20220308150715.jpg,這張照片展示了一片水域，水面上有微小的波紋。背景中可以看到一些建築物和電線杆，電線杆上連接著電線。遠處還有一些樹木和建築物。天空晴朗，沒有雲彩，陽光從左上角照射過來，使得水面上反射出光亮。照片的右側有一些建築物，可能是農舍或小型建築。整體環境看起來像是農村或鄉鎮的水塘或農業灌溉區。
./dataset/IMG_20200205_192546_078.jpg,這張照片顯示了一個夜晚的場景，背景是一棟建築物，建築物的外牆是淺色的，上面有幾扇窗戶。建築物的前面有一排帳篷，帳篷是紅色的，帳篷下有幾個人在活動。帳篷的後方有一排攤位，攤位上掛有標語，但無法辨識其內容。地面上有一些散落的紙張和樹葉。照片的左側有一個橙色的路障，路障上掛有一個黃色的標語牌，但無法辨識其內容。地面上鋪有方磚，磚面有幾處凹陷。照片的右側有一個紅色的桶和一個橙色的桶，桶上沒有標誌。照片的左側有一個穿著黃色外套的人，他正朝向帳篷走去。照片的右側有一個穿著黑色外套的人，他正站在帳篷下。照片的左側還有一個穿著黑色外套的人，他正站在帳篷下。照片的右側還有一個穿著黑色外套的人，他正站在帳篷下。照片的右側還有一個穿著黑色外套的人，他正站在帳篷下。照片的右側還有一個穿著黑色外套的人，他正站在帳篷下。照片的右側還有一個穿著黑色外套的人，他正站在帳篷下。照片的右側還有一個穿著黑色外套的人，他正站在帳篷下。照片的右側還有一個穿著黑色外套的人，他正站在帳篷下。照片的右側還有一個穿著黑色外套的人，他正站在帳篷下。照片的右側還有一個穿著黑色外套的人，他正站在帳篷下。照片的右側還有一個穿著黑色外套的人，他正站在帳篷下。照片的右側還有一個穿著黑色外套的人，他正站在帳篷下。照片的右側還有一個穿著黑色外套的人，他正站在帳篷下。照片的右側還有一個穿著黑色外套的人，他正站在帳篷下。照片的右側還有一個穿著黑色外套的人，他正站在帳篷下。照片的右側還有一個穿著黑色外套的人，他正站在帳篷下。照片的右側還有一個穿著黑色外套的人，他正站在帳篷下。照片的右側還有一個穿著黑色外套的人，他正站在帳篷下。照片的右側還有一個穿著黑色外套的人，他正站在帳篷下。照片的右側還有一個穿著黑色外套的人，他正站在帳篷下。照片的右側還有一個穿著黑色外套的人，他正站在帳篷下。照片的右側還有一個穿著黑色外套的人，他正站在帳篷下。照片的右側還有一個穿著黑色外套的人，他正站在帳篷下。照片的右側還有一個穿著黑色外套的人，他正站在帳篷下。照片的右側還有一個穿著黑色外套的人，他正站在帳篷下。照片的右側還有一個穿著黑色外套的人，他正站在帳篷下。照片的右側還有一個穿著黑色外套的人，他正站在帳篷下。照片的右側還有一個穿著黑色外套的人，他正站在帳篷下。照片的右側還有一個穿著黑色外套的人，他正站在帳篷下。照片的右側還有一個穿著黑色外套的人，他正站在帳篷下。照片的右側還有一個穿著黑色外套的人，他正站在帳篷下。照片的右側還有一個穿著黑色外套的人，他正站在帳篷下。照片的右側還有一個穿著黑色外套的人，他正站在帳篷下。照片的右側還有一個穿著黑色外套的人，他正站在帳篷下。照片的右側還有一個穿著黑色外套的人，他正站在帳篷下。照片的右側還有一個穿著黑色外套的人，他正站在帳篷下。照片的右側還有一個穿著黑色外套的人，他正站在帳篷下。照片的右側還有一個穿著黑色外套的人，他正站在帳篷下。照片的右側還有一個穿著黑色外套的人，他正站在帳篷下。照片的右側還有一個穿著黑色外套的人，他正站在帳篷下。照片的右側還有一個穿
./dataset/1533569854712.jpg,這張照片中，一個人坐在草地上，背對著一處海邊。他穿着一件深色的短袖T恤和藍色牛仔褲，腳上穿著黑色的運動鞋。他的雙腿交叉，雙手放在膝蓋上，身體稍微傾向一邊。背景中可以看到一排石堤和遠處的山丘，山丘上長滿了綠色的植被。海邊有一些人在活動，但他們的樣子比較模糊。照片的右側有一排燈柱，燈柱旁邊有一些綠植。天空是晴朗的藍色，沒有雲彩。整體感覺是平靜而寧靜的。
./dataset/20240509_213757.jpg,這張照片中，一個人站在室內，背景是灰色的牆面和一扇門。這個人穿着白色上衣和綠色短褲，雙手舉起，用一部手機自拍。手機的背面有三個攝像頭。照片的右側有一部分白色牆面和一個圓形的開口。照片的左側有一部分磚牆。
./dataset/20230218_164016.jpg,這張圖片展示了一棵樹的枝條和開花的細枝。樹枝上開有粉紅色的花朵，背景是藍色的天空。樹枝錯綜複雜，有些部分已經脫落，顯露出樹幹的樹皮。整體感覺清新自然，陽光充足，天空晴朗。
./dataset/20230711_205145.jpg,這張照片中，一個人正舉著一杯飲料。飲料的杯身上寫著「LET'S DRINK!」和「A LITTLE TEA」的標語，並有「點點」的標誌。飲料的顏色是淺棕色，裡面有黑色的圓形物體，可能是珍珠。杯子的蓋子是白色的，上面有綠色的圓點和「點點」的標誌。背景中可以看到一間店鋪，裡面有許多商品陳列。
./dataset/IMG20220315145559.jpg,這張照片展示了一條沿海公路，道路兩側設有護欄。護欄外側是陡峭的山崖，山崖上長滿了綠色的植被。道路旁邊有一個小型建築物，可能是路邊設施或觀景亭。遠處是無垠的海洋，海面波濤洶涌，天空則是陰沉的灰色，雲層密布。道路標誌和護欄上有一些標誌和標誌牌，但無法辨識其具體內容。整體環境看起來有些陰鬱，可能因為天氣原因。
./dataset/20230814_160324.jpg,這張圖片展示了一本書的封面。書的封面上有大大的黑色日文字符，書名是「一本終結你的拖延症」。封面上還有一隻黑色的貓咪圖案，背景是星空和山峰的圖案。書的右側有一個黃色的標籤，上面寫著「日本銷售突破20萬冊」，以及一些相關的廣告語。書的左側有一個藍色的圓形標籤，上面寫著「19」。書的右側還有一個黑色的圓形標籤，上面寫著「日本上市4天立即再版」。書的封面上還有一些小字，說明了書的內容和作者。
./dataset/IMG20220220155057.jpg,這張照片展示了一個展覽場景，三塊大屏幕上分別投影了三幅畫作。畫作的風格和色彩都相當鮮明，表現出一種古典的藝術氛圍。畫作的主題似乎圍繞著人物，其中一幅畫作中有一個穿著藍色衣服的人物，背景是綠色和藍色的漸變色調。另一幅畫作中有一個穿著綠色衣服的人物，背景同樣是綠色和藍色的漸變色調。第三幅畫作的主題和色彩則較為抽象，背景是綠色和橙色的漸變色調，並帶有一些細節的描繪。觀眾們坐在黑暗的環境中，專注地觀看這些畫作，其中有人使用手機拍照。場地的環境昏暗，只有畫作和投影的光線照亮了空間。
./dataset/1514876511850.jpg,"這張圖片顯示了一台電視機，屏幕上播放著一齣卡通節目。電視機的畫面被分為三個部分：

1. 左上角：一位穿著綠色上衣和紅色圍裙的女性，背對著觀眾，似乎在廚房裡忙碌。
2. 右上角：一位穿著紅色上衣的男孩，臉上帶著驚訝的表情，眼睛睜得大大的，嘴巴微張。
3. 左下角：一位穿著白色背心和藍色短褲的男孩，頭低垂，似乎在思考或感到困倦。

電視機的右上角有「衛視HD」的標誌，顯示這部卡通節目正在衛視頻道播放。電視機下方的字幕顯示了男孩的對白：「紫丁香啊 它是朵什麼樣的花」。"
./dataset/IMG20211206133014.jpg,這張圖片展示了一片海景。海面波濤洶涌，海浪拍打著海岸，激起白色的浪花。海岸邊鋪滿了大小不一的石頭，這些石頭散落在淺色的沙灘上。天空湛藍，只有幾朵稀疏的雲朵漂浮在遠方。整體感覺非常寧靜，但海浪的聲音可能會帶來一種動感。
./dataset/20240727_152633.jpg,這張照片顯示了一個室內的場景，可能是一個會議室或教室。照片中可以看到一排排的桌椅，桌椅上坐著一些人，他們似乎在聽講或參加會議。牆壁上有一排排的燈光，牆壁的顏色是淺棕色。照片的右側有一個黑色的講台，上面放著一些文件和書籍。照片的左側有一個大型的屏幕，顯示著一些圖像或文字。照片的右側還有一個白色的桌子，上面放著一些物品。
./dataset/20231015_135515.jpg,這張照片展示了一個室內空間，可能是餐廳或咖啡廳。照片中可以看到一個玻璃門，門外有綠色植物。門的上方有一個標誌，顯示了門的出口方向。門的兩側有鐵網圍欄，圍欄上掛有一些植物裝飾。門的上方有一排燈光，燈光發出暖黃色的光。門的兩側有幾張椅子，椅子的顏色是深色的。門的上方有一個天花板，天花板上有幾根橫樑。門的兩側有幾根柱子，柱子的顏色是淺色的。門的兩側有幾根柱子，柱子的顏色是淺色的。門的兩側有幾根柱子，柱子的顏色是淺色的。門的兩側有幾根柱子，柱子的顏色是淺色的。門的兩側有幾根柱子，柱子的顏色是淺色的。門的兩側有幾根柱子，柱子的顏色是淺色的。門的兩側有幾根柱子，柱子的顏色是淺色的。門的兩側有幾根柱子，柱子的顏色是淺色的。門的兩側有幾根柱子，柱子的顏色是淺色的。門的兩側有幾根柱子，柱子的顏色是淺色的。門的兩側有幾根柱子，柱子的顏色是淺色的。門的兩側有幾根柱子，柱子的顏色是淺色的。門的兩側有幾根柱子，柱子的顏色是淺色的。門的兩側有幾根柱子，柱子的顏色是淺色的。門的兩側有幾根柱子，柱子的顏色是淺色的。門的兩側有幾根柱子，柱子的顏色是淺色的。門的兩側有幾根柱子，柱子的顏色是淺色的。門的兩側有幾根柱子，柱子的顏色是淺色的。門的兩側有幾根柱子，柱子的顏色是淺色的。門的兩側有幾根柱子，柱子的顏色是淺色的。門的兩側有幾根柱子，柱子的顏色是淺色的。門的兩側有幾根柱子，柱子的顏色是淺色的。門的兩側有幾根柱子，柱子的顏色是淺色的。門的兩側有幾根柱子，柱子的顏色是淺色的。門的兩側有幾根柱子，柱子的顏色是淺色的。門的兩側有幾根柱子，柱子的顏色是淺色的。門的兩側有幾根柱子，柱子的顏色是淺色的。門的兩側有幾根柱子，柱子的顏色是淺色的。門的兩側有幾根柱子，柱子的顏色是淺色的。門的兩側有幾根柱子，柱子的顏色是淺色的。門的兩側有幾根柱子，柱子的顏色是淺色的。門的兩側有幾根柱子，柱子的顏色是淺色的。門的兩側有幾根柱子，柱子的顏色是淺色的。門的兩側有幾根柱子，柱子的顏色是淺色的。門的兩側有幾根柱子，柱子的顏色是淺色的。門的兩側有幾根柱子，柱子的顏色是淺色的。門的兩側有幾根柱子，柱子的顏色是淺色的。門的兩側有幾根柱子，柱子的顏色是淺色的。門的兩側有幾根柱子，柱子的顏色是淺色的。門的兩側有幾根柱子，柱子的顏色是淺色的。門的兩側有幾根柱子，柱子的顏色是淺色的。門的兩側有幾根柱子，柱子的顏色是淺色的。門的兩側有幾根柱子，柱子的顏色是淺色的。門的兩側有幾根柱子，柱子的顏色是淺色的。門的兩側
./dataset/20230814_100413.jpg,這張照片中，可以看到一個交通燈，紅燈亮著。交通燈的顏色是紅色，背景是藍色的天空，天空中有一些白色的雲朵。交通燈的右側有一些電線和建築物的部分。電線是黑色的，建築物是灰色的。電線和建築物的結構看起來比較簡單。
./dataset/1529165282255.jpg,這張照片中有兩位穿著畢業袍的學生，他們站在一處建築物前，背景是藍天和綠樹。建築物的設計獨特，形狀像是一座塔，頂部有尖銳的構造。照片中還有其他穿著畢業袍的人，他們似乎在參加畢業典禮。地面上有幾個人在走動，背景中還有一些穿著便服的人。照片的氣氛歡樂，顯然是一場重要的慶祝活動。
./dataset/IMG20220315163213.jpg,這張圖片展示了一片遼闊的海景。海面寬廣，波浪平靜，遠處可以看到一些島嶼。天空布滿了厚重的雲層，天空和海面的顏色都呈現出灰蒙蒙的狀態，給整體的視覺效果帶來一種沉悶的感覺。前景中，茂密的樹木和植被佔據了視野的下方，這些樹木看起來非常茂盛，綠葉繁茂，與海面和天空形成鮮明的對比。整體來說，這張圖片給人一種靜謐而略帶憂鬱的感覺。
./dataset/20230914_064334~2.jpg,這張照片顯示了一扇門和一扇窗戶。窗戶上掛著垂直的百葉窗，百葉窗的縫隙中透進來一些陽光，形成了明暗相間的光影效果。門是白色的，門框和門板的邊緣有些許損壞和脫落的油漆。窗戶的邊緣可以看到一些模糊的建築物和樹木的影子。窗戶的右側有一部分被遮擋，看不完全。窗戶的下方有一個黑色的物体，可能是家具的一部分。
./dataset/IMG_20200719_152040_094.jpg,這張圖片是一幅卡通插圖，描述了幾個孩子在玩輪椅的情景。輪椅上寫著「Mathematics」，輪椅旁邊有三個孩子，分別寫著「Physics」、「Biology」和「Chemistry」。輪椅上的孩子看起來很沮喪，而輪椅旁邊的三個孩子則在嘲笑他。圖片下方有日期「2020年7月18日」，並附有文字「That's true 😅」。
./dataset/IMG20220304150826.jpg,這張照片展示了一個公園的場景。照片中可以看到許多樹木，樹木的樹幹粗壯，樹冠茂盛，綠葉繁茂。地面上鋪滿了枯黃的葉子，散落著一些綠色的草。公園的路邊有幾個人坐在長椅上，似乎在休息或聊天。背景中可以看到一些建築物，建築物的牆壁是紅色的，牆上有一些白色的線條。整體環境看起來非常寧靜，陽光從樹葉間透過來，給整個公園帶來了溫暖的感覺。
./dataset/IMG20220317145532.jpg,這張照片展示了一個海灘的場景。海浪輕拍著海岸線，形成白色的浪花。天空陰沉，布滿了厚重的雲層，顯示出一種陰鬱的天氣。海面波濤洶涌，但波浪不高，看起來比較平靜。在海灘上，有一個穿著泳裝的人，背對著攝影機，正朝著海邊走去。遠處可以看到一些遠離海岸的船隻，以及一些建築物的遠景。整體來說，這張照片呈現出一種寧靜而略帶寂寥的氛圍。
./dataset/1529216855062.jpg,這張照片展示了一個畢業典禮的場景。照片中有兩位年輕人，前景中的一位穿著畢業袍，頭戴學位帽，手持一束鮮花，似乎剛剛參加完畢業典禮。他身邊的另一位穿著藍色襯衫，兩人站在一起，面帶微笑，似乎在拍照留念。背景中可以看到其他畢業生和觀眾，他們大多數也穿著畢業袍，正在進行拍照或慶祝活動。遠處有一座現代建築，建築的設計獨特，有三角形的屋頂和玻璃牆，建築前有幾個人在拍照。天空晴朗，陽光明媚，整個場景充滿了慶祝和歡樂的氛圍。
./dataset/1591504753410.jpg,這張照片中，一個人穿着畢業袍，坐在公園的石階上。背景是綠色的草地和樹木，遠處可以看到籃球場和圍欄。畢業袍是黑色的，領口和肩部有金色的邊緣，前面有一個紅色的花形裝飾。照片上還添加了幾個心形的圖案。
./dataset/IMG20220313134827.jpg,這張照片展示了一條鋪設良好的柏油道路，道路兩側是綠意盎然的農田。農田中種植著綠色的作物，看起來像是稻田。道路旁邊有一排電線杆和電線，電線杆上裝有標誌性的黃黑相間的警示標誌。遠處可以看到一些建築物，可能是農舍或農場設施。背景中是連綿的山丘，山丘上植被茂盛，山頂被雲霧籠罩，天空中雲層厚重，但仍有部分藍天露出來。整體環境看起來非常寧靜，像是鄉間的農村景觀。
./dataset/IMG20220304164349.jpg,這張照片中，有一隻棕色的狗坐在灰色的路面上。狗的毛色是淺棕色，耳朵是直立的，臉部和身體的毛色較深。狗的脖子上綁了一條白色圍巾，圍巾上有一些文字和圖案。地上散落著一些枯葉。背景是灰色的路面，沒有其他明顯的景物。
./dataset/20230806_132056.jpg,這張照片展示了一條街道的景象。照片的前景有一棵樹，樹幹粗壯，樹枝延伸到畫面的上方。樹下有一塊綠色的草地，草地上有一些樹根裸露在外。背景中可以看到一排停在馬路邊的機車，機車後方有一棟建築物，建築物的門面上有中文標語，標語上寫著「十方佛教美術用品」等字樣。建築物的門窗是關閉的，門前有幾輛機車停放在人行道上。建築物的牆壁是淺色的，門窗邊緣有紅色的邊框。街道兩側有樹蔭，樹蔭下有斑斑光影。整體環境看起來像是在一個城市的街道上。
./dataset/1528036898444.jpg,這張照片中有三個人坐在電影院的座位上。他們坐在一排橙色的座椅中，背景是黑暗的，只有電影院的屏幕發出綠色的光。三個人都面帶微笑，其中一個人戴著圓框眼鏡，穿著白色T恤，另一個人穿著藍色T恤，上面有英文寫著“DON'T”。第三個人戴著一頂黑色的帽子，穿著黑色的衣服。他們看起來像是在享受電影院的氛圍。
./dataset/20240517_163323.jpg,這張照片顯示了一個晴朗的天氣，天空中有一些雲彩，陽光從雲隙中透出，形成一道光束。照片的右側有一些建築物，建築物的牆壁是淺色的，建築物的頂部有一些綠色的樹葉。背景中可以看到一些建築物和山丘，山丘上有一些綠色的植被。照片的左側有一棵樹，樹葉茂盛。照片的右側有一個鐵路橋，橋樑的結構清晰可見。照片的右側還有一個建築物的屋頂，屋頂上有一些管道和設備。照片的右側還有一個建築物的牆壁，牆壁上有一些線條和痕跡。照片的右側還有一個建築物的屋頂，屋頂上有一些管道和設備。照片的右側還有一個建築物的牆壁，牆壁上有一些線條和痕跡。照片的右側還有一個建築物的屋頂，屋頂上有一些管道和設備。照片的右側還有一個建築物的牆壁，牆壁上有一些線條和痕跡。照片的右側還有一個建築物的屋頂，屋頂上有一些管道和設備。照片的右側還有一個建築物的牆壁，牆壁上有一些線條和痕跡。照片的右側還有一個建築物的屋頂，屋頂上有一些管道和設備。照片的右側還有一個建築物的牆壁，牆壁上有一些線條和痕跡。照片的右側還有一個建築物的屋頂，屋頂上有一些管道和設備。照片的右側還有一個建築物的牆壁，牆壁上有一些線條和痕跡。照片的右側還有一個建築物的屋頂，屋頂上有一些管道和設備。照片的右側還有一個建築物的牆壁，牆壁上有一些線條和痕跡。照片的右側還有一個建築物的屋頂，屋頂上有一些管道和設備。照片的右側還有一個建築物的牆壁，牆壁上有一些線條和痕跡。照片的右側還有一個建築物的屋頂，屋頂上有一些管道和設備。照片的右側還有一個建築物的牆壁，牆壁上有一些線條和痕跡。照片的右側還有一個建築物的屋頂，屋頂上有一些管道和設備。照片的右側還有一個建築物的牆壁，牆壁上有一些線條和痕跡。照片的右側還有一個建築物的屋頂，屋頂上有一些管道和設備。照片的右側還有一個建築物的牆壁，牆壁上有一些線條和痕跡。照片的右側還有一個建築物的屋頂，屋頂上有一些管道和設備。照片的右側還有一個建築物的牆壁，牆壁上有一些線條和痕跡。照片的右側還有一個建築物的屋頂，屋頂上有一些管道和設備。照片的右側還有一個建築物的牆壁，牆壁上有一些線條和痕跡。照片的右側還有一個建築物的屋頂，屋頂上有一些管道和設備。照片的右側還有一個建築物的牆壁，牆壁上有一些線條和痕跡。照片的右側還有一個建築物的屋頂，屋頂上有一些管道和設備。照片的右側還有一個建築物的牆壁，牆壁上有一些線條和痕跡。照片的右側還有一個建築物的屋頂，屋頂上有一些管道和設備。照片的右側還有一個建築物的牆壁，牆壁上有一些線條和痕跡。照片的右側還有一個建築物的屋頂，屋頂上有一些管道和設備。照片的右側還有一個建築物的牆壁，牆壁上有一些線條和痕跡。照片的右側還有一個建築物的屋頂，屋頂上有一些管道和設備。照片的右側還有一個建築物的牆壁，牆壁上有一些線條和痕跡。照片的右側還有一個建築物的屋頂，屋頂上有一些管道和設備。照片的右側還有一個建築物的牆壁，牆壁上有一些線條和痕跡。照片的右側還有一個建築物的屋頂，屋頂上有一些管道和設備。照片的右側還有一個建築物的牆壁，牆壁上有一些線條和痕跡。照片
./dataset/11150916_632059100227249_2118011920671309986_n(1)(1).jpg,這張照片顯示了一個室內場景，有六個人在一個教室或會議室裡。牆壁是白色的，牆上有一個黑板，黑板上寫著一些中文。窗戶旁邊有兩塊布簾，窗戶外可以看到一些綠色植物和建築物。六個人中，五個人站在牆邊，一個人坐在椅子上。他們似乎在進行一個活動或討論，但沒有開場白。每個人都穿着便服，其中一個人戴著徽章。地上有一塊布，可能是用來坐的。
./dataset/IMG20210808201506.jpg,這張照片顯示的是夜晚的橋樑和城市景觀。照片是從車窗內拍攝的，可以看到車窗上有反光和水滴，影響了視野。橋樑上有車輛行駛，橋下是河流，河面上反射著橋樑和城市建築的燈光。遠處的城市建築被燈光點綴，形成了一幅美麗的夜景。照片的右側有一塊廣告牌，但無法辨識其內容。照片的左側有一個模糊的白色物體，可能是車輛的後視鏡或車窗上的反光。
./dataset/1562607086045.jpg,這張照片展示了一個大型的充氣皮卡丘雕像，位於一個城市廣場。皮卡丘雕像非常大，黃色的毛髮，紅色的腮紅，黑色的耳朵尖端和眼睛，張開的嘴巴露出粉紅色的舌頭。雕像被繫在地面上，並用紅色的繩子圍繞起來，防止人們靠近。背景中可以看到幾棵高大的棕櫚樹，以及一些建築物和路邊的標誌。天空多雲，但亮度適中。
./dataset/11129288_632075060225653_3044521092281988790_n(1)(1).jpg,這張照片中，有六位年輕人站在室內的一個空間裡。他們似乎是在一個教室或會議室裡，因為背景中可以看到一張課桌和椅子，以及牆上掛著的黑板和一些標籤。牆上還有一些中文標語，顯示出這可能是一個中文環境。這些年輕人站成一排，面向同一方向，似乎在聽取某人的講話或觀看某個展示。他們的姿態各異，有交叉雙臂的，有雙手插在口袋裡的，還有雙手自然垂下的。他們的服裝風格各不相同，有穿著運動服的，也有穿著較為正式的外套。照片的右側有一個人的部分身體出現在畫面中，但無法辨識其身份。
./dataset/IMG_20171118_195511_152.jpg,這張照片中，有一個白色的盤子，盤子上放著一塊圓形的甜點，表面金黃色，上面有烤過的斑點。甜點的邊緣是深色的，可能是焦糖化的糖漿。盤子的後方有一塊布，上面疊著幾塊白色的方塊，可能是蛋糕或甜點的配料。盤子的後方還有一個紅色的杯子，杯子的邊緣有反光。盤子的後方還可以看到一些模糊的餐具和食物。
./dataset/IMG_20200210_123659_078.jpg,"這張圖片顯示了一張白底藍字的紙張，紙張上寫著一段中文文字。文字內容如下：

我們相信它的力量
但不可過度把訊息傳達完全
語言非常強大
各種訊息會在語言化的過程中被簡化"
./dataset/20230731_164907.jpg,這張照片展示了一片藍天，天空中有一些薄雲。陽光從雲隙中透出，形成一道光線。照片的左側有一棟建築，建築的窗戶和陽臺部分清晰可見。建築的右側有一些樹木，樹葉茂盛，遮擋了部分陽光。照片的右上角有一部分建築的屋頂邊緣。照片的前景中有一些樹葉，樹葉上似乎有水珠，可能是因為最近下過雨或霧氣。
./dataset/IMG20200606094752.jpg,這張照片展示了一個戶外的場景，背景是藍天和雲朵，前景是一片綠色的草地。草地邊緣有一些樹木，樹枝垂下，遮擋了一部分視野。在草地的遠處，有一群人聚集在一起，似乎在參加某種活動。他們中有些人穿着正式的服裝，可能是畢業生或正式的儀式服裝。背景中還可以看到一些建築物，建築物的顏色和樣式顯示出這可能是一個學校或公園的場景。照片的右側有一個用顏色區隔的區域，可能是為了保護或標示特定區域。整體來說，這張照片捕捉到了一個充滿活力和歡樂的場景。
./dataset/FB_IMG_1564837913945.jpg,"這張圖片來源於動畫《海綿寶寶》。圖中，海綿寶寶和派大星站在一個水下環境中，背景是藍色的牆壁和一個木製的門。海綿寶寶張開嘴巴，似乎在說話，而派大星則張開雙臂，露出開心的表情。圖片下方有一段文字，內容是關於數學微分的公式，特別是關於正弦函數的導數。文字內容如下：

```
sin x的微分可以用理解的 不用背啦
(sin x)' = lim (sin(x + h) - sin x) / h
         = lim (sin x cos h + cos x sin h - sin x) / h
         = lim (sin x cos h - 1 + cos x sin h) / h
         = lim (sin x cos h / h + cos x sin h / h)
         = lim (sin x cos h / h + cos x sin h / h)
         = cos x
```

這段文字是用來解釋正弦函數的導數如何通過微分定義來推導出來的。"
./dataset/20240129_151534.jpg,這張照片展示了一片美麗的自然風景。前景中有一條曲徑，兩旁是茂盛的綠樹和一些粉紅色的花朵。曲徑的盡頭有一個木製的涼亭，涼亭旁邊有一些遊客在閒逛。背景中是一片開闊的黃色花田，花田延伸到遠處的山丘，山丘上長滿了茂密的綠樹。天空晴朗，陽光明媚，整個場景充滿了自然的寧靜與美麗。
./dataset/20230816_172542.jpg,這張照片顯示了一片天空，天空中布滿了蓬鬆的雲朵，這些雲朵看起來比較薄，顏色為灰白色。在照片的下方，可以看到一些建築物和樹木。建築物為一棟多層建築，顏色為淺黃色，建築物的窗戶和門口清晰可見。建築物的後方有一些綠色的樹木，樹木的葉子茂盛，顯示出一種自然的氛圍。整體來說，這張照片呈現出一種平靜的景象，天空和建築物之間的對比顯得非常和諧。
./dataset/IMG20220308132958.jpg,這張照片展示了一片農田，田地被水淹沒，種植了水稻幼苗。田地的邊緣有一條水泥路，路邊有一個紅色的圓形標誌。背景中可以看到一些樹木和一些建築物，建築物上裝有太陽能板。遠處有高大的電力塔和電線，電力塔和電線延伸到照片的邊緣。天空晴朗，沒有雲彩，顯示出一個晴朗的天氣。
./dataset/IMG20200628135256.jpg,這是一件藝術品，展示在一個展覽館的展覽台上。藝術品的底座是深色的，展覽台是紅色的。藝術品本身由多個黑色的紙片組成，這些紙片被剪裁成不同的形狀和大小，組合成一個人的頭部和上半身。這些紙片在光線的照射下投射出一個清晰的影子，影子的輪廓非常清晰，表現出一個人的面部特徵。背景是白色的牆壁，使得藝術品的顏色和形狀更加突出。整體感覺簡潔而有力量，表現出一種獨特的藝術風格。
./dataset/IMG20210808201510.jpg,這張照片是在夜晚拍攝的，從車窗內向外看。照片中可以看到一條橋，橋上有車輛經過，橋下有一條河流，河面上反射著橋上的燈光。背景中可以看到城市的建築物和燈光，遠處的燈光形成了一條光帶。車窗上有反光，可以看到車內的物品和車窗的邊緣。照片的右上角有一塊廣告牌，上面有圖案。照片的左上角有一些光斑，可能是車窗上的反光或光斑。照片的左下角可以看到車內的紅色尾燈。
./dataset/IMG20220315163832.jpg,這張照片展示了一片廣闊的海景。海面波光粼粼，遠處的天空中漂浮著幾朵雲彩。海的對岸似乎沒有陸地，只有無盡的海洋。照片的前景有一片綠色的植被，可能是樹木或灌木，右側還有一個鐵製的護欄。護欄的後方是茂密的綠色植物，可能是草叢或灌木叢。天空是藍色的，雲彩稀疏，有些雲朵在天空中飄浮。整體來說，這張照片呈現出一種寧靜而遼闊的海景。
./dataset/IMG20220313131544.jpg,這張照片展示了一片廣闊的稻田，稻田綠意盎然，排列整齊。稻田的後方是連綿的山脈，山脈上雲霧繚繞，遠處的山峰在薄霧中若隱若現。天空湛藍，雲層稀疏，散佈在天空中，為整幅畫面增添了幾分清新和寧靜。稻田的邊緣有一條道路，道路旁邊設有鐵欄杆，欄杆的設計簡單而現代。道路和欄杆的顏色與稻田形成鮮明對比，使得整幅畫面更加生動。整體來說，這張照片呈現出一種寧靜而美麗的鄉村風景。
./dataset/IMG20220315145639.jpg,這張照片展示了一條沿海公路，公路兩側設有護欄。護欄外側是陡峭的山崖，山崖上長滿了綠色的植被。公路的路基較高，護欄內側則是平坦的路面。護欄上有一些橙色的標誌，可能用於警示駕駛員注意安全。遠處是無垠的海洋，海面波濤洶涌，天空則是陰沉的灰色，似乎有著濃厚的雲層。整體環境看起來比較荒蕪，但卻也充滿了自然的美。
./dataset/20240515_183314.jpg,這張照片顯示了一個城市街景。照片的左側是藍色的天空，右側可以看到一些建築物和路燈。一盞路燈在照片的中央偏右位置發出黃色的光。背景中可以看到一些建築物，包括一棟高樓和一些低層建築。建築物上有一些廣告牌，顯示出不同的文字和圖案。照片的右側還有一些交通標誌和電線。整體來說，這張照片捕捉到了一個城市街景的瞬間，天空已經開始變暗，顯示出日落的景象。
./dataset/line_1548394003155.jpg,這張照片展示了一條鋪設有方磚的步道，兩旁種植了高大的樹木。樹木的枝葉茂盛，有些樹葉已經開始轉黃，顯示出秋天的氣息。步道兩側的樹木排列整齊，形成了一條綠蔭大道。步道的盡頭可以看到一些建築物，建築物的外牆顏色為白色，窗戶排列規律。步道的邊緣有綠色的草地和一些矮小的灌木。整體環境看起來非常清靜，適合散步或休閒。
./dataset/13274_632087950224364_8692510268907875417_n(1).jpg,一羣孩子圍成一圈，似乎在聽一位老師或導師講解。老師或導師站在圈子的中心，手持一本書或文件，正在向孩子們講述內容。孩子們都傾身向前，聚精會神地聽講。背景中可以看到一堵石牆和一扇門，門邊有綠色的植物。孩子們的衣著各不相同，有穿著運動鞋的，有穿著牛仔褲的，有穿著格子褲的。孩子們的年齡似乎在十歲左右。
./dataset/20240129_151722.jpg,這張照片展示了一個自然景觀，前景是一個綠色的池塘，池塘中央有一個石頭，石頭上有一頭牛的雕像。池塘的對岸有一座木製的涼亭，涼亭上有幾個人在觀賞景緻。涼亭後方是茂密的樹木和山丘，山丘上有一些建築物。天空晴朗，陽光照射在池塘和樹木上，產生了光線的折射效果。池塘兩側有圍欄，圍欄外邊有一些遊客在走動。
./dataset/20230730_191328.jpg,這張圖片顯示了一片深藍色的天空，天空中有一些雲朵。在圖片的左上角，可以看到一些樹葉和植物的枝條，這些植物的葉子和枝條在水面上形成了倒影。水面上的倒影使得樹葉和枝條的影像與天空中的影像相結合，形成了一種有趣的視覺效果。整體來說，這張圖片給人一種靜謐和寧靜的感覺。
./dataset/IMG20220316140946.jpg,這張照片展示了一個湖泊的景色。湖水靜靜地反射著天空和周圍的綠樹。湖邊有一片草地，草地上散落著一些石頭。遠處可以看到一些樹木和建築物，背景是多雲的天空。湖的對岸有一些樹木和建築物，遠處還可以看到山丘。整體感覺平靜而寧靜。
./dataset/1529165743944.jpg,這張照片中，兩位年輕人站在一棟建築前，背景是藍天和綠樹。建築的設計獨特，有著三角形的屋頂和大面積的玻璃窗。建築前的草地上，有許多畢業生，他們穿着畢業服，頭戴學士帽，似乎正在慶祝畢業。兩位年輕人站在前景，面帶微笑，舉起手指比出勝利的姿勢。地上散落著幾件物品，可能是他們的畢業紀念品。照片的氛圍歡樂而喜慶。
./dataset/IMG20220315123741.jpg,這張照片展示了一間日式風格的餐廳或休息室。室內裝潢採用傳統日式設計，包括榻榻米地板、障子紙拉門和木製家具。牆壁上掛有日文標誌，顯示餐廳提供咖啡和茶等飲品。照片中有兩位客人坐在桌子旁，似乎在休息或等待服務。牆角有一盆綠色植物，增添了一絲自然氣息。照片右側有一張告示牌，上面有插圖和文字，但無法辨識全部內容。整體氛圍平靜而溫馨，適合休閒和交流。
./dataset/IMG_20200517_130920_780.jpg,這張照片展示了一張餐廳的餐桌，桌面上有幾樣物品。可以看到一個黑色的石鍋，裡面似乎裝有食物，但無法辨識具體是什麼。在石鍋的旁邊，有一個小碗，裡面裝有紅色的醬汁，還有一雙筷子放在碗裡。在小碗的後方，有一個空盤子，盤子上沒有食物。在盤子的後方，有一個透明的玻璃杯，裡面裝有深色的飲料，並且有檸檬片和一些其他配料漂浮在上面。在玻璃杯的後方，有一個透明的塑料瓶，裡面裝有水。在塑料瓶的後方，有一個黑色的紙巾盒，裡面有紙巾。在紙巾盒的後方，有一個黃色的紙袋，上面有中文標籤，但無法辨識具體內容。在紙袋的後方，有一個黑色的電器，可能是空調或加熱器。在照片的左側，有一個人的部分身體，只能看到他的手臂和部分身體。
./dataset/20230916_115441.jpg,這張照片展示了一片廣闊的山景。天空湛藍，雲朵稀疏，散佈在天空中。山丘上覆蓋著茂密的綠色植被，遠處的山脈層疊疊疊，形成了一幅壯麗的自然風景畫。近處可以看到一些建築物和樹木，建築物的屋頂是灰色的瓦片，樹木則是濃密的綠葉。整體來說，這張照片呈現出一種寧靜而美麗的自然風景。
./dataset/1517922659094.jpg,這張照片中，一個人正舉著一個黃色的東西，似乎在吃東西。背景是淺色的牆壁和木製的傢俱。
./dataset/20240707_181306.jpg,這張照片展示了一片藍天，天空中有一些稀疏的雲朵。照片的右側有一棟建築，建築外牆有許多玻璃窗，反射出藍色的天空。建築的頂部有一些鐵架，可能是建築施工的裝置。建築的右側還有一個燈柱，燈柱上有兩個燈頭。建築的後方可以看到一些綠色的樹葉。整體來說，這張照片呈現了一個晴朗的天氣，建築和自然景觀相得益彰。
./dataset/IMG20220108153954.jpg,這張圖片展示了一個展覽或展示的展板。展板的背景是深紫色，上面有一個簡化的白色線條圖像，圖像中有一個戴着眼鏡的男性側身站立的簡筆畫。展板上用白色和粉紅色的字體寫著一些文字，內容涉及奇幻、推理、時間流逝等主題，並提到APUJAN 2022春夏時裝系列《迷宮喧囂》的部分參考書單。展板上還寫有推薦人詹朴的名字，並提到他是一位時裝設計師，熱愛閱讀，以服裝轉譯文學典故、奇幻想像與時間的故事。展板的右下角列出了幾本書名，這些書名與奇幻、推理、時間流逝等主題相關。展板的設計風格簡潔，重點突出，主要內容是對APUJAN 2022春夏時裝系列《迷宮喧囂》的介紹和推薦書單。
./dataset/20240717_184953.jpg,這張照片顯示了一個城市街景，天空中有一朵雲彩，雲彩的顏色從底部的橙色漸變到頂部的白色。照片的右側可以看到一些建築物和一些建築燈，燈光已經亮起，顯示出天色已晚。建築物的顏色主要是藍色和白色，建築物的頂部有一些綠色的標誌。照片的左側是藍色的天空，沒有雲彩。照片的右側還可以看到一些樹木。
./dataset/IMG20220307171410.jpg,這張照片展示了一片城市景觀。天空湛藍，雲朵稀疏，散佈在天空中。地面上可以看到一些建築物，建築物的外觀風格各異，有些是現代建築，有些則是舊式建築。建築物之間有幾輛停車的汽車，車輛的顏色和型號各不相同。建築物的前面有一條馬路，馬路兩側有幾輛停車的汽車。建築物的後方還有一些綠色的植被。整體來說，這張照片呈現了一個典型的都市景象。
./dataset/IMG20220312141003.jpg,這張照片展示了一條沿海的道路，道路兩側種植了幾棵樹，樹木的樹冠較為茂盛。道路的右側有一個護欄，護欄外是海岸線，海浪輕拍著海岸。遠處可以看到一些建築物和山丘，天空晴朗，陽光充足，整體環境非常寧靜。道路上有幾輛車在行駛，車輛的顏色和型號各不相同。道路的鋪設材料為磚塊鋪成的路面，看起來比較堅固。
./dataset/IMG20220304163550.jpg,這張照片展示了一座現代建築風格的教堂。教堂的設計獨特，建築外觀呈三角形，頂部有一個十字架。教堂的牆面由玻璃和鋼構組成，反射出陽光，呈現出金黃色的光澤。教堂前方有一片綠色的草地，背景中可以看到一些樹木和遠處的建築物。天空晴朗，陽光從左側照射過來，給教堂投下了一道光線。道路兩側有樹木，樹葉茂盛。整體環境看起來非常寧靜。
./dataset/IMG20211016222307.jpg,這幅圖畫是一幅素描，畫在一本綁綵紙的白紙上。圖畫中有一個玉米棒，玉米粒細緻地表現出來，並用陰影表現出深度和質感。在玉米棒的左側，有三顆葡萄，葡萄的種子和果肉都用細緻的筆觸表現出來。整幅畫的背景簡單，沒有其他細節，突出了玉米棒和葡萄的主題。整體風格簡潔，注重細節表現。
./dataset/IMG20220317150920.jpg,這張照片展示了一片沙灘，海浪拍打在海岸邊。天空多雲，陰沉，但仍然有陽光透出。沙灘上有一些腳印，遠處可以看到幾個人在沙灘上活動。背景中有一些建築物，可能是酒店或度假村。沙灘上散落著一些石頭和雜物。海浪看起來比較大，海面有些波濤洶湧。
./dataset/IMG20220304151253.jpg,這張照片展示了一個公園的場景。照片中有一條狹窄的步道，兩旁是茂盛的樹木，樹葉濃密，遮擋了大部分的陽光。步道的盡頭有一個高大的白色建築物，建築物的頂部似乎有一些設備。步道兩側的樹木和建築物之間有一些行人，他們在步道上行走。背景中可以看到更多的樹木和一些建築物，整個場景看起來非常寧靜和綠意盎然。
./dataset/1527003042207.jpg,這張照片中，一個人站在沙灘上，背後有風力發電機。他穿着一件白色T恤，肩上背著背包，頭髮是短髮，表情看不清楚。背景中還有一些模糊的人影，似乎在沙灘上活動。天空是藍色的，風力發電機在遠處顯得非常突出。
./dataset/20240623_184812.jpg,這張照片顯示了一個城市街景。照片的左側是天空，天空中有一些雲彩，顏色較為灰暗，可能是在傍晚時分。右側可以看到一些建築物，建築物的牆壁是淺色的，窗戶和陽臺的欄杆是鐵製的。建築物的頂部有一些綠色的樹葉，樹葉在風中搖曳。建築物的右側有一盞亮起的街燈，發出黃色的光。建築物的頂部還有一些鐵製的構件，可能是建築結構的一部分。整體來說，這張照片呈現了一個城市街景的景象。
./dataset/20240727_152619.jpg,這張照片顯示了一個室內的場景，可能是一個會議廳或教室。照片中可以看到一排排的課桌椅，桌椅上坐著一些人，他們似乎在聽講或觀看某個活動。背景中有一個大型的屏幕，屏幕上方有一些照明裝置。牆壁上有一些裝飾，可能是燈飾或裝飾板。場地的設計看起來現代化，牆壁和天花板的顏色較暗，與桌椅的顏色形成對比。
./dataset/11098998_632076660225493_446277693232207163_n(1)(1).jpg,這張照片中有三個人在室內的場所中交流。背景是一個教室，牆壁上掛有時鐘和一些公告板。三個人站成一排，兩個人面對著第三個人，似乎在進行討論。他們的姿態和表情看起來很自然，可能是在進行友好的對話。照片的環境看起來比較簡陋，牆壁有些破舊，地板是水泥地。照片的右側還可以看到一些儲物櫃和椅子。
./dataset/IMG20220315163013.jpg,這張照片展示了一片海岸線的景色。海面寬廣，水色較深，天空布滿了厚重的雲層，顯得有些陰沉。海岸邊有一座小島，島上沒有明顯的建築物。海岸線邊緣有一些植被，包括草類和灌木，地面上鋪滿了綠色的草。照片的右側有一根鐵柱，鐵柱上有一些塗抹的顏色。照片的右下角可以看到一條鐵路護欄。整體來說，這張照片呈現出一種靜謐而略帶憂鬱的氛圍。
./dataset/FB_IMG_1485272716423(1)(1).jpg,這張照片展示了一棟多層建築，建築外牆為米色，窗戶排列規律。建築前有一條水泥路，兩側是綠色的草地。建築的頂部有一個十字架。建築的後方有一棵高大的樹，樹葉茂盛。建築的入口處有幾個人影，但無法辨認其身份。建築的右側有一棟小屋，屋頂為紅色瓦片。建築的前方有一個燈柱。
./dataset/IMG20200628144242.jpg,"這是一尊大理石雕像，雕像上刻有希臘神話中的赫菲斯托斯（Hephaestus）的形象。雕像中的赫菲斯托斯有着濃密的鬍鬚和頭髮，雙手握着工具，似乎正在工作。他赤裸上身，只穿了一條短裙，雙腳踩在一個巨大的錘子上。雕像的底座上刻有赫菲斯托斯的英文名稱""Hephaestus""和羅馬名稱""Vulcanus""，以及中文譯名""赫菲斯托斯 (武爾坎努斯)""。底座的正面還有一塊銘牌，上面寫有赫菲斯托斯的簡介，提到他是火神和鐵匠神，專門為眾神打造神器。雕像位於一個開放的空間，背景是藍天和一些建築物。"
./dataset/IMG20191118162055.jpg,這張照片展示了一個公園的場景。公園內有許多高大的樹木，樹葉茂盛，枝條錯綜複雜。地面上鋪滿了枯黃的草葉，看起來像是秋天的景象。公園內有幾個人在活動，其中一個人坐在長椅上，似乎在休息。背景中可以看到一棟建築物，建築物的外牆是紅磚和白色窗框，建築物的門口處有幾個人在走動。建築物的前面有一個圍欄，圍欄外邊還有一些樹木。公園的環境看起來很寧靜，適合散步和休閒。
./dataset/11156366_632065856893240_1555681807768150259_n(1)(1).jpg,這張照片顯示了一群年輕人聚集在一個室內場所，似乎是在進行某種活動或會議。他們圍繞在桌子旁，桌子上有紙張和筆，其中一個人正在使用手機。背景中可以看到牆上掛有標語，牆邊有窗戶和一些衣物堆放在櫃子上。房間內有吊扇，燈光充足。
./dataset/IMG20220317142101.jpg,這張圖片展示了一片沙灘和海浪。沙灘上的沙子是灰褐色的，海浪輕柔地拍打着海岸線，形成白色的浪花。海面比較寬闊，遠處可以看到一排黑色的建築物，可能是防波堤或燈塔。天空是灰蒙蒙的，沒有明顯的雲層，整體氣氛比較陰沉。沙灘上沒有明顯的腳印或其他人跡。
./dataset/IMG_20201125_161735_241.jpg,這張照片展示了一個城市與自然環境交匯的場景。前景是一片乾涸的河床，河床上散落著一些石頭和雜草，地面上有乾燥的泥土。中景是一片綠色的植被，可能是野草或灌木叢，延伸到背景中。背景則是現代城市的天際線，可以看到多棟高樓建築，建築物的外觀多為現代風格，建築之間有電線橫跨。天空晴朗，呈藍色，沒有雲彩，顯示出一個晴朗的天氣。整體來說，這張照片呈現了城市與自然環境之間的對比。
./dataset/11050702_632084850224674_7815833076220716852_n(1)(1).jpg,這張照片中，一個小男孩站在室內的地板上。他穿着藍色的上衣和牛仔褲，腳上穿著運動鞋。小男孩的頭髮是黑色的，他正看著前方，雙手撐在一個黑色的長條物上。地板是灰色的，上面有白色的斑點。背景中可以看到一扇門和一扇窗戶，窗戶邊緣有鐵網。
./dataset/FB_IMG_1485272705140(1)(1).jpg,這張照片展示了一片綠意盎然的草地，草地上有幾棵高大的樹木，樹葉茂盛，枝條伸展。樹木之間的空隙中可以看到一些低矮的灌木和草叢。背景中還有一些建築物，建築物的牆壁和屋頂在樹木的遮擋下若隱若現。天空晴朗，陽光從樹木之間照射下來，形成斑斕的光影效果。整體環境看起來非常寧靜和自然。
./dataset/20240727_164803.jpg,這張照片顯示了一個室內音樂會場景。場地內有一群音樂家，他們坐在排成一排的椅子上，每個音樂家都手持不同的樂器，似乎正在準備演出或剛剛結束演出。音樂家們穿着正式的黑色服裝，頭髮被整理得整齊。背景是淺色的牆壁，牆壁上有幾盞方形的燈光裝置，發出柔和的光線。場地的地板是深色的，可能是一種木質材料。在場地的右側，有一個黑色的大型設備，可能是音響系統或樂器的存放架。在照片的右側，有一部分人的頭部和手部，他們似乎在用相機拍照。
./dataset/20230721_131201.jpg,這張照片展示了一個現代化的機場內部。建築採用大跨度的白色鋼架結構，頂部有三角形的天篷，內部採用大量的玻璃窗，讓自然光充分進入。機場內部設有餐廳和商店，牆上掛有廣告牌，顯示了餐廳的菜單。機場的二樓有玻璃欄杆，可以看到一樓的機場運營區域，包括飛機停機坪和地面運輸車輛。機場內部人流量適中，乘客在餐廳和商店之間走動。機場外側可以看到飛機和機場的其他設施。
./dataset/IMG20220317142841.jpg,這張圖片展示了一片海岸線的景象。海浪輕柔地拍打着海岸，形成白色的浪花。沙灘上有一些腳印，顯示有人曾經在這裡走過。遠處可以看到一座島嶼，島嶼的輪廓在霧氣中若隱若現。天空是灰蒙蒙的，可能暗示著陰天或霧天。整體來說，這張圖片給人一種寧靜而略帶寂寥的感覺。
./dataset/IMG_20200131_133525_919.jpg,這張圖片展示了一片綠意盎然的森林。樹木茂盛，樹冠濃密，陽光從樹葉間透射下來，形成斑斕的光影效果。地面上鋪滿了綠色的草叢，散落著一些樹枝和雜草。遠處可以看到幾棵樹幹粗壯的樹木，樹幹筆直，樹冠碩大。整體環境靜謐而寧靜，給人一種平和的感覺。
./dataset/1562820372374.jpg,這張照片中有三個人坐在一隻大型的皮卡丘氣球旁邊。皮卡丘氣球是黃色的，有紅色的腮紅和黑色的眼睛，面帶微笑。三個人都面帶微笑，其中一個人比出V字形的手勢。背景中可以看到其他人在活動區域內，牆壁上有一些標誌和裝飾。
./dataset/IMG20220315163006.jpg,這張圖片展示了一片海景。海面寬廣，波紋細微，遠處的海天交界處線條模糊，天空中布滿了層層雲霧，雲層厚重，顏色偏灰，天空的顏色從上到下逐漸變暗。前景中有一些綠色的植被，包括樹葉和草叢，樹葉茂盛，顏色鮮綠，與海面形成鮮明對比。右下角有一塊突出的岩石，岩石表面粗糙，顏色較深。整體感覺是清晨或傍晚時分的海景，氣氛平靜而肅穆。
./dataset/20230814_172045.jpg,這張照片展示了一條城市街道的景象。照片中可以看到一排高大的樹木，樹葉茂盛，遮擋了部分天空。樹木旁邊有一條人行道，鋪設有方磚，並有幾輛停在路邊的汽車。人行道的邊緣有一個白色圍欄，圍欄後方有一些商店和建築物。建築物的外牆是淺色的，窗戶上裝有鐵窗欄。天空中有一些雲彩，陽光從雲隙中透出，投射出斑駁的光影在地面上。整體環境看起來像是在一個現代化的城市區域。
./dataset/line_1527657270248.jpg,一盤放在白色長方形盤子上的豬肉片，豬肉片被切成薄片狀，排列成幾行，每一片豬肉片之間有白色的脂肪層。盤子上還放了一些綠色的香草裝飾。盤子放在一張木質桌面上，桌面上還有一個黑色的圓形盤子和一個鍋子，鍋子裡似乎裝有湯汁。背景中可以看到一個人的部分手臂和腿，以及一張報紙的一部分。
./dataset/IMG20220317145445.jpg,這張照片展示了一個海灘的場景。海浪輕拍著海岸線，波浪逐漸向陸地推進，形成白色的浪花。海面波光粼粼，天空陰沉，雲層厚重，顯示出一種陰鬱的天氣。在海的遠處，可以看到一些遠方的船隻，船隻在海面上劃過一道道痕跡。海灘上有一個小孩，他坐在淺水中，雙手放在膝蓋上，似乎在享受海浪的拍打。小孩的姿態和周圍的環境形成了一幅平靜而寧靜的海灘畫面。
./dataset/20230218_164015.jpg,這張圖片展示了一棵樹的樹冠，樹枝錯綜複雜，樹葉稀疏，樹上開有紅色的花朵。背景是藍色的天空，沒有雲彩。紅色的花朵在樹枝間散落，與藍色的天空形成鮮明的對比。
./dataset/IMG_20200214_133111_395.jpg,這張照片展示了一個位於建築物前的藥局門口，門口聚集了許多人在等待。門口上方有一個大招牌，上面寫著「芳碩藥局」，招牌下方還有一些小廣告和標語。門口前停有幾輛機車，機車上有人坐著。門口外圍有幾個攤位，擺放著一些商品。建築物的外牆是灰色的，窗戶上裝有鐵窗欄。照片中還可以看到一些電線垂掛在建築物之間。地面上有標誌性的白色和紅色標線。照片中還有一些人在門口附近活動，有些人坐在椅子上，有些人則在門口附近走動。
./dataset/1510931349217.jpg,這張圖片顯示了一台電視機，電視機屏幕上播放著一齣動畫節目。電視機的畫面中有一隻藍色的卡通貓咪，貓咪的臉部是白色的，鼻子是粉紅色的，眼睛是閉著的，表情看起來很安詳。背景是一個室內的場景，可以看到一扇開著的門和一扇窗戶，窗戶旁邊有綠色的簾子。電視機的右上角有「CTS HD」的標誌。電視機放在一個黑色的櫃子上，櫃子的底部有一些物品，包括一個裝有紅色物品的籃子。背景的牆上掛著一塊有花卉圖案的簾子。
./dataset/1527823250110.jpg,這張照片中，一個人坐在桌子旁邊，正在吃東西。他穿着一件藍色的T恤，上面寫著“DREAM”。他面前有一個大鍋，鍋裡似乎裝著湯或熱食。桌子上還有一些盤子和碗，其中一個碗裡裝著一些蔬菜。背景是黑色的，有一根垂直的柱子，柱子旁邊有一些煙霧。
./dataset/20240608_161901.jpg,這張照片中，一個人赤裸上身，穿着格子短褲，正在用一部手機自拍。背景中可以看到一張床，床上鋪有條紋床單，床頭櫃上放著一些物品，包括一個時鐘和一些雜物。牆壁上掛有一幅畫，畫框是金色的。照片的右側有一個電風扇。照片的左側有一個插座。
./dataset/1485250957823(1)(1).jpg,這張照片中，一個人正坐在車廂內，頭戴深色連帽外套，手裡拿著一部銀色手機，似乎在看手機螢幕。背景透過車窗可以看到綠色的樹木和一輛停在路邊的機車。車廂內部的天花板是白色的，窗戶邊緣有黑色的邊框。照片右下角有“B612”字樣。
./dataset/20240802_183151.jpg,這張照片顯示了一座高樓大廈，建築外牆由藍色玻璃構成，並有許多小方塊組成。大廈頂部有一個圓形的裝置，可能是天線或天窗。照片的右側可以看到一輛公車，車身上有電子顯示屏，顯示著路線號碼和目的地。背景中還有一些其他的建築物和樹木。天空呈黃色，可能是日落時分。照片的右側還有一輛停在路邊的車輛。
./dataset/IMG20211206125729.jpg,這張照片展示了一條鋪設在山丘上的道路，路邊有木製護欄。路的兩側是茂密的綠樹和灌木，樹葉在微風中輕輕搖曳。天空湛藍，陽光明媚，幾朵雲彩在天空中飄浮。路的盡頭可以看到電線杆和電線，電線杆上掛有電線。照片中有一名穿著粉紅色外套和灰色褲子的女性，她正朝著前方的路走去。路的兩側有樹木和灌木，護欄是木製的，護欄外側是茂密的綠樹和灌木。路的盡頭可以看到電線杆和電線，電線杆上掛有電線。
./dataset/IMG_20180325_154920_160.jpg,這張照片展示了一張餐桌，上面有一個白色陶瓷碗，裡面裝有各種食物，包括玉米、豆腐、海苔、蔬菜等。碗的後方有一個黑色的鍋子，鍋子旁邊有一個小碗，裡面裝有綠色的湯汁。桌面上還有一張菜單，上面列出了多種食物和價格。菜單上有一些漢字和數字，顯示了不同的菜品和價格。照片的右下角有兩個黃色的笑臉表情符號，左下角有數字「1547」。背景中可以看到一些模糊的家具和牆壁。
./dataset/20230706_114950.jpg,這張照片展示了一盤炒飯。炒飯放在一個藍色的盤子上，盤子邊緣有綠色的裝飾圖案。炒飯中可以看到白飯、切碎的蛋塊、小塊的紅蘿蔔丁和綠豆。盤子上還放著一雙黑色的筷子和一個白色的湯匙。盤子放在一個灰色的桌面上，桌面上有一塊綠色的紙張，上面有中文書寫。照片的右下角可以看到一塊木質的桌面。
./dataset/line_1552811455945.jpg,這張圖片展示了一個麵包店的展示櫃，櫃內擺放著各種麵包和糕點。櫃子上層展示的是巧克力夾心的長條麵包，上面撒有糖粉，並裝飾有草莓片。櫃子下層則是金黃色的麵包，表面有皺紋，看起來像是法式麵包或類似類型的麵包。櫃子的左側有一個標籤，上面寫著「品」字樣，可能是店名或品牌名。櫃子的右側有一個小標籤，上面寫著「草莓巧克力包」和價格「$58」。櫃子的後方還可以看到一些其他的麵包，顏色較淺，可能是其他種類的麵包。
./dataset/FB_IMG_1485272671206(1)(1).jpg,這張照片中，有一隻狗正躺在地上，頭部朝向門的方向。狗的毛色是淺棕色和白色相間，脖子上戴着一個綠色的項圈。背景中可以看到一扇門和一扇玻璃門，門是開着的，門的邊緣是紅色的。地面是水泥地，門的另一側似乎是一個室內空間，裡面有些模糊的物品。狗的姿態很安靜，似乎在等待什麼。
./dataset/IMG20220319131052.jpg,這是一幅鉛筆素描畫，畫中是一位女性的側面肖像。畫家使用了豐富的陰影技巧來表現人物的臉部特徵和髮型。女性的頭髮是中長髮，側梳在耳後，髮型自然地垂落。她的臉部特徵細膩，眼睛大而明亮，鼻子修長，嘴巴微張，表情平靜。畫面的右下角有簽名和日期，寫著「2022.3.19 Aozul」。整體畫面以黑白灰為主，表現出一種靜謐和細膩的美感。
./dataset/IMG20220226133103.jpg,這是一幅鉛筆素描，畫中人物側面朝向畫面的右側。人物的頭髮是中長髮，梳成側辮，側辮垂在耳後。人物的臉部特寫，表現出細膩的膚色和自然的神態。畫面的背景是純白色的，突出了人物的輪廓和細節。整體風格簡潔，注重細節表現，人物的臉部特寫表現出細膩的膚色和自然的神態。
./dataset/received_947869388647178(1)(1).jpeg,這張圖片展示了一條被茂密樹木覆蓋的河流。河岸兩側長滿了綠色的樹葉，樹枝延伸到水面上方，形成了一個天然的拱門。河水呈綠色，表面有波紋，反射出周圍的樹木和天空。背景中可以看到更多的樹木和綠色植被，整個場景看起來非常寧靜和自然。
./dataset/IMG20211206131006.jpg,這張照片展示了一個晴朗的天氣，天空湛藍，只有幾朵稀疏的雲彩。地面上鋪設了一條水泥路，路邊有一些木制的路障。路的盡頭有一個紅色的建築物，建築物的牆壁是紅色的，窗戶是白色的。建築物旁邊有一棵樹，樹葉茂盛。遠處可以看到一些樹木和一些建築結構。路的盡頭還有一個白色的電箱和一盞燈。整體環境看起來像是郊區或鄉村地區。
./dataset/20230812_130241.jpg,這張照片中有一杯黃色的飲料，杯子是透明的，杯口有條紋裝飾。杯子放在一個編織的墊子上，墊子放在一個木質的桌面上。背景中可以看到一排書架，書架上堆疊著許多書籍。書架的後方有一個白色的牆面，牆面上掛著幾幅畫作。照片的右上角有一個透明的玻璃杯，杯中沒有任何飲料。
./dataset/IMG20200628144653.jpg,這是一尊宙斯（朱庇特）的雕像，雕像位於一個公園內，背景是藍天和綠樹。雕像由白色大理石雕刻而成，宙斯手持權杖，右手握有一束束的束帶，左腳前伸，右腳後跟，腳上穿著鞋子。他的頭髮和鬍子都比較長，表情嚴肅。雕像的腳下有一隻展翅的鷹，鷹的翅膀完全張開，頭部朝向雕像的右側。雕像底座上有一塊銘牌，上面寫著“宙斯（朱庇特）”以及“ZEUS (JUPITER)”的英語和中文名稱。銘牌下方還有一行小字，寫著“神之王—掌管宇宙、秩序與命運”。雕像的底座是方形的，四個角都有雕刻的裝飾。雕像的後方有一片水域，水面上有幾艘小船。公園內的綠樹成蔭，環境非常優美。
./dataset/20240129_112626.jpg,"這張白板上寫著一些手寫的內容，內容如下：

- AOAZ
- Prompt
- Deploy
- GM
- Sonny
- Price
- Architect
- Sales
- 1 2 3
- Judy
- May
- Mandy
- David
- VP
- GM Jason
- Sales 96.0 Tech
- 11 22 33
- 12 23 34
- 13 24 35
- 14 25 36
- 15 26 37
- 16 27 38
- 17 28 39
- 18 29 40
- 19 30 41
- 20 31 42
- 21 32 43
- 22 33 44
- 23 34 45
- 24 35 46
- 25 36 47
- 26 37 48
- 27 38 49
- 28 39 50
- 29 40 51
- 30 41 52
- 31 42 53
- 32 43 54
- 33 44 55
- 34 45 56
- 35 46 57
- 36 47 58
- 37 48 59
- 38 49 60
- 39 50 61
- 40 51 62
- 41 52 63
- 42 53 64
- 43 54 65
- 44 55 66
- 45 56 67
- 46 57 68
- 47 58 69
- 48 59 70
- 49 60 71
- 50 61 72
- 51 62 73
- 52 63 74
- 53 64 75
- 54 65 76
- 55 66 77
- 56 67 78
- 57 68 79
- 58 69 80
- 59 70 81
- 60 71 82
- 61 72 83
- 62 73 84
- 63 74 85
- 64 75 86
- 65 76 87
- 66 77 88
- 67 78 89
- 68 79 90
- 69 80 91
- 70 81 92
- 71 82 93
- 72 83 94
- 73 84 95
- 74 85 96
- 75 86 97
- 76 87 98
- 77 88 99
- 78 89 100
- 79 90 101
- 80 91 102
- 81 92 103
- 82 93 104
- 83 94 105
- 84 95 106
- 85 96 107
- 86 97 108
- 87 98 109
- 88 99 110
- 89 100 111
- 90 101 112
- 91 102 113
- 92 103 114"
./dataset/20230731_150121.jpg,這張照片展示了一個樓梯，樓梯兩側有鐵製護欄，樓梯下方有一些綠色植物。樓梯的後方是一座高樓建築，建築外牆是淺色的，上面有許多窗戶和空調機。建築的左側有一些樹葉擋住了部分視野。天空是多雲的，顯示出一種陰天的氛圍。整體來說，這張照片呈現了一個城市環境中的樓梯和建築。
./dataset/10384355_632094603557032_968655081150226915_n(1)(1).jpg,這張照片中有一群人，包括兒童和成人，他們似乎是在室內的場所集合。背景中可以看到牆上掛有標語，標語上寫有中文。牆壁上還有一些裝飾，包括一個黑板和一些掛畫。人們都面帶微笑，有些人舉起手指做出不同的姿勢，似乎是在拍照留念。照片的右側有一個穿著藍色衣服的人，他似乎在揮動雙手。照片的左側有一個穿著黑色衣服的兒童，他坐在地上。照片的右側還有一個穿著黑色衣服的成人，他站在兒童的後面。照片的左側還有一個穿著黑色衣服的成人，他站在兒童的後面。照片的右側還有一個穿著黑色衣服的成人，他站在兒童的後面。照片的右側還有一個穿著黑色衣服的成人，他站在兒童的後面。照片的右側還有一個穿著黑色衣服的成人，他站在兒童的後面。照片的右側還有一個穿著黑色衣服的成人，他站在兒童的後面。照片的右側還有一個穿著黑色衣服的成人，他站在兒童的後面。照片的右側還有一個穿著黑色衣服的成人，他站在兒童的後面。照片的右側還有一個穿著黑色衣服的成人，他站在兒童的後面。照片的右側還有一個穿著黑色衣服的成人，他站在兒童的後面。照片的右側還有一個穿著黑色衣服的成人，他站在兒童的後面。照片的右側還有一個穿著黑色衣服的成人，他站在兒童的後面。照片的右側還有一個穿著黑色衣服的成人，他站在兒童的後面。照片的右側還有一個穿著黑色衣服的成人，他站在兒童的後面。照片的右側還有一個穿著黑色衣服的成人，他站在兒童的後面。照片的右側還有一個穿著黑色衣服的成人，他站在兒童的後面。照片的右側還有一個穿著黑色衣服的成人，他站在兒童的後面。照片的右側還有一個穿著黑色衣服的成人，他站在兒童的後面。照片的右側還有一個穿著黑色衣服的成人，他站在兒童的後面。照片的右側還有一個穿著黑色衣服的成人，他站在兒童的後面。照片的右側還有一個穿著黑色衣服的成人，他站在兒童的後面。照片的右側還有一個穿著黑色衣服的成人，他站在兒童的後面。照片的右側還有一個穿著黑色衣服的成人，他站在兒童的後面。照片的右側還有一個穿著黑色衣服的成人，他站在兒童的後面。照片的右側還有一個穿著黑色衣服的成人，他站在兒童的後面。照片的右側還有一個穿著黑色衣服的成人，他站在兒童的後面。照片的右側還有一個穿著黑色衣服的成人，他站在兒童的後面。照片的右側還有一個穿著黑色衣服的成人，他站在兒童的後面。照片的右側還有一個穿著黑色衣服的成人，他站在兒童的後面。照片的右側還有一個穿著黑色衣服的成人，他站在兒童的後面。照片的右側還有一個穿著黑色衣服的成人，他站在兒童的後面。照片的右側還有一個穿著黑色衣服的成人，他站在兒童的後面。照片的右側還有一個穿著黑色衣服的成人，他站在兒童的後面。照片的右側還有一個穿著黑色衣服的成人，他站在兒童的後面。照片的右側還有一個穿著黑色衣服的成人，他站在兒童的後面。照片的右側還有一個穿著黑色衣服的成人，他站在兒童的後面。照片的右側還有一個穿著黑色衣服的成人，他站在兒童的後面。照片的右側還有一個穿著黑色衣服的成人，他站在兒童的後面。照片的右側還有一個穿著黑色衣服的成人，他站在兒童的後面。照片的右側還有一個穿著黑色衣服的成人，他站在兒童的後面。照片的右側還有一個穿著黑色衣服的成人，他站在兒童的後面。照片的右側還有一個穿著黑色衣服的成人，他站在兒童的後面。照片的
./dataset/20231111_172357.jpg,這張照片展示了一間餐廳的內部。牆壁是白色的，天花板上裝有幾盞燈。牆壁上掛有一幅彩色的畫作。餐廳內有幾張木製的桌子和椅子，椅子的椅背是編織的。桌子旁邊有一個吧檯，吧檯上擺放著一些餐具和杯子。吧檯後方有一個櫃子，櫃子上也擺放著一些物品。吧檯旁邊有一個立燈，燈光是開著的。地板是淺色的，可能是大理石或類似材質。照片的右下角有一個人坐在吧檯旁邊。
./dataset/20230721_092622.jpg,這張照片顯示了一個城市街道的景象。天空晴朗，藍天中散佈著幾朵白色的雲朵。照片中可以看到一輛車的後視鏡，車內有兩個人的影子。道路兩側有電線杆和電線，電線杆旁邊有一座高大的電塔。道路旁邊有綠色的樹木和灌木，以及一些建築物。道路中央有一個交通燈，顯示紅燈。道路兩側停有幾輛車，遠處可以看到一些建築物和樹木。
./dataset/IMG_20200205_183155_707.jpg,這張照片顯示了一個室內的展覽場景。場地內有多個展覽區，每個區塊都有標籤和展示板。人們在展覽區內走動，似乎在觀看和交流。場地內的照明較亮，天花板上有幾盞燈。地面上鋪有方磚，牆壁和天花板的構造顯示出鋼架結構。照片中還有一些人佩戴著工作證，可能是在參加某種活動或會議。照片下方有文字和表情符號，顯示出拍照者對照片內容的幽默評價。
./dataset/1552911504493.jpg,這張照片顯示了一個城市的夜景。照片中有一座高樓大廈，建築外牆上裝飾著許多燈光，從上到下發出黃色的光芒。大廈的頂部有一個大型的電子顯示屏，顯示著一些文字。在大廈的前面，有一個較低的建築，建築外牆上也裝飾著燈光，發出黃色的光芒。在照片的左側，有一個燈柱，上面有三個發出白色光芒的燈泡。照片的背景是夜空，天空中沒有月亮。照片的右側有一個較低的建築，建築外牆上裝飾著燈光，發出黃色的光芒。建築的頂部有一些裝飾性的燈光，發出紫色的光芒。照片的前景有一些綠色的植物和一些白色的花盆。
./dataset/IMG_20200205_141424_877.jpg,這張照片展示了一個會議廳的內部。會議廳的後方有一個大屏幕，上面寫著「2020 台灣物理年會」的標語，下方是「Annual Meeting of the Physical Society of Taiwan」的英文標語。會議廳的後方有一個紅色的幕布，上面掛著一個標籤，標籤上寫著「P.S. TAIWAN」的標誌。會議廳的前方有一排座位，座位上坐著一些人，他們似乎在等待會議開始。會議廳的前方還有一排鮮花裝飾，花束包括紅色、黃色和粉色的花朵。
./dataset/IMG20220315163827.jpg,這張照片展示了一片廣闊的海景，天空中布滿了薄薄的雲層，顏色從淺藍到灰白漸變。海面波光粼粼，反射出天空的顏色。前景中有一棵光禿禿的樹木，樹幹筆直，樹枝稀疏，似乎在風中搖曳。樹木後方是茂密的綠色植被，看起來像是海邊的草叢。照片的右側有一個鐵制的護欄，護欄的邊緣有幾處鏽蝕的痕跡。護欄的後方是茂盛的綠草，與海景形成鮮明對比。整體感覺是清晨或傍晚時分，天氣較為涼爽。
./dataset/20230712_193019.jpg,這張照片顯示了一個城市景觀，時間似乎是日落時分。天空中有一些雲彩，顏色從淺藍到粉紅漸變。照片的前景中有一個電風扇，它被放置在窗戶上，反射出窗外的景色。電風扇的葉片在風中旋轉，發出光亮。電風扇的反射影像在窗玻璃上形成了對稱的圖案。背景中可以看到一些建築物，包括一些建築物的屋頂和一些綠色的建築物。遠處還可以看到一些山丘。窗戶的玻璃上有一些塵埃和污漬，這些污漬在照片中清晰可見。
./dataset/1562318822574.jpg,這張照片展示了一台機甲主題的互動遊戲機。機器上顯示了一個穿著機甲裝備的虛擬角色，角色的背景是一個科幻風格的場景，包含藍色的光線和一些機械構件。機器的上方有中文標題「變身動機甲英雄」，下方則有「HERO OF ROBOTS」的英文字樣。機器的右側有一個大大的機甲頭像，頭像下方有黃色的標籤，上面寫著「拍照請看鏡頭」。機器的左側有一個QR碼，機器的底部有一個顯示屏，顯示屏上寫著「請投5幣」。機器的右側還有一個顯示屏，上面有圖案和文字，顯示了遊戲的操作說明和規則。機器的前面有一個操作面板，面板上有數字鍵盤和一些按鈕。
./dataset/IMG20220315172902.jpg,這張照片展示了一間室內的空間，裡面有一個由木頭搭建的梯子，通向一個用布料搭建的帳篷。帳篷的布料上有圖案，圖案中包含一些動物的圖像。帳篷的入口處有一個小桌子，上面放著一盆植物和一個綠色的毛絨玩具。帳篷的內部看起來像是有一個坐墊。帳篷的後方有一扇大窗戶，窗外可以看到一些建築物和綠樹。窗戶旁邊有一個門，門是黑色的。窗戶的邊緣可以看到一些電線。窗戶的外面可以看到一些建築物和綠樹。窗戶的邊緣可以看到一些電線。窗戶的外面可以看到一些建築物和綠樹。窗戶的邊緣可以看到一些電線。窗戶的外面可以看到一些建築物和綠樹。窗戶的邊緣可以看到一些電線。窗戶的外面可以看到一些建築物和綠樹。窗戶的邊緣可以看到一些電線。窗戶的外面可以看到一些建築物和綠樹。窗戶的邊緣可以看到一些電線。窗戶的外面可以看到一些建築物和綠樹。窗戶的邊緣可以看到一些電線。窗戶的外面可以看到一些建築物和綠樹。窗戶的邊緣可以看到一些電線。窗戶的外面可以看到一些建築物和綠樹。窗戶的邊緣可以看到一些電線。窗戶的外面可以看到一些建築物和綠樹。窗戶的邊緣可以看到一些電線。窗戶的外面可以看到一些建築物和綠樹。窗戶的邊緣可以看到一些電線。窗戶的外面可以看到一些建築物和綠樹。窗戶的邊緣可以看到一些電線。窗戶的外面可以看到一些建築物和綠樹。窗戶的邊緣可以看到一些電線。窗戶的外面可以看到一些建築物和綠樹。窗戶的邊緣可以看到一些電線。窗戶的外面可以看到一些建築物和綠樹。窗戶的邊緣可以看到一些電線。窗戶的外面可以看到一些建築物和綠樹。窗戶的邊緣可以看到一些電線。窗戶的外面可以看到一些建築物和綠樹。窗戶的邊緣可以看到一些電線。窗戶的外面可以看到一些建築物和綠樹。窗戶的邊緣可以看到一些電線。窗戶的外面可以看到一些建築物和綠樹。窗戶的邊緣可以看到一些電線。窗戶的外面可以看到一些建築物和綠樹。窗戶的邊緣可以看到一些電線。窗戶的外面可以看到一些建築物和綠樹。窗戶的邊緣可以看到一些電線。窗戶的外面可以看到一些建築物和綠樹。窗戶的邊緣可以看到一些電線。窗戶的外面可以看到一些建築物和綠樹。窗戶的邊緣可以看到一些電線。窗戶的外面可以看到一些建築物和綠樹。窗戶的邊緣可以看到一些電線。窗戶的外面可以看到一些建築物和綠樹。窗戶的邊緣可以看到一些電線。窗戶的外面可以看到一些建築物和綠樹。窗戶的邊緣可以看到一些電線。窗戶的外面可以看到一些建築物和綠樹。窗戶的邊緣可以看到一些電線。窗戶的外面可以看到一些建築物和綠樹。窗戶的邊緣可以看到一些電線。窗戶的外面可以看到一些建築物和綠樹。窗戶的邊緣可以看到一些電線。窗戶的外面可以看到一些建築物和綠樹。窗戶的邊緣可以看到一些電線。窗戶的外面可以看到一些建築物和綠樹。窗戶的邊緣可以看到一些電線。窗戶的外面可以看到一些建築物和綠樹。窗戶的邊緣可以看到一些電線。窗戶的外面可以看到一些建築物和綠樹。窗戶的邊緣可以看到一些電線。窗戶的外面可以看到一些建築物和綠樹。窗戶的邊緣可以看到一些電線。窗戶的外面可以看到一些建築物和綠樹。窗戶的邊緣可以看到一些電線。窗戶的外面可以看到一些建築物和綠樹
./dataset/IMG_20180729_140118_358.jpg,這張照片展示了一片壯麗的自然風景。前景是茂密的綠色植被，包括高大的草叢和一些灌木。這些植物在風中輕輕搖曳，顯示出自然的活力。中景則是山丘和丘陵，上面有建築物和道路，顯示出人類活動的痕跡。背景是遼闊的海洋，海平線遠處可以看到一座小島，島上似乎有建築物。天空湛藍，只有幾朵稀疏的雲彩，整個場景充滿了寧靜和寧靜的氛圍。
./dataset/1529907231522.jpg,這張照片中有兩個人，一男一女。男性穿著深藍色T恤，留著短髮，臉上表情比較中性。女性戴著眼鏡，臉上帶有微笑，看起來比較開心。兩人站在一起，背景似乎是在室內，有燈光和一些模糊的建築物。照片的品質有些模糊，可能是因為手部不穩或是相機的解析度不足。
./dataset/IMG20220220161050.jpg,這張照片展示了一個室內展覽場景。牆上掛有兩幅大型的畫作，畫面內容為港口的風景，畫面中可以看到許多帆船和蒸汽船，背景是高大的建築物，可能是碼頭或倉庫。畫面的色彩以藍色和黃色為主，表現出一種寧靜的海港氛圍。畫作的風格具有印象派的特徵，使用了點彩技法。牆壁上方有幾盞燈光，燈光柔和地照在畫作上。在畫作的下方，有幾個觀眾在觀看，他們的頭部和部分身體在畫作的下方露出來。
./dataset/IMG20220317142921.jpg,這張圖片展示了一片沙灘，沙灘上沒有明顯的腳印或垃圾。海浪輕柔地拍打着海岸線，形成白色的浪花。遠處可以看到一座小島，島上似乎沒有植被，天空陰沉，可能有輕微的霧氣。海面波紋細微，海浪逐漸退去，留下淺淺的水跡。整體氣氛平靜而孤寂。
./dataset/IMG_20201125_191102_433.jpg,這張照片展示了一盤精美的刺身拼盤。盤子是木製的，邊緣有金色裝飾。拼盤上擺放了多種鮮美的魚片，包括金槍魚、三文魚、鯛魚等，魚片被切成薄片，擺放得整齊有序。魚片之間還搭配了幾片青蔥和一些綠葉蔬菜，增加了顏色的對比和視覺的豐富性。魚片的顏色鮮豔，看起來非常新鮮。拼盤的邊緣還擺放了一些蔬菜，如青瓜片和紅蘿蔔絲，增加了拼盤的整體美感。照片的右下角有兩個笑臉表情符號，顯示出拍照者對這道菜的滿意和開心。背景中可以看到一些餐具和桌布，顯示出這是在一個餐廳或家庭聚餐的場景。
./dataset/20240506_223755.jpg,這張照片顯示了一座高聳的建築物，夜晚時分被燈光點綴，呈現出現代都市的氛圍。建築物的頂部有紅色的燈光裝飾，建築物的外觀由許多層疊的窗戶構成，反射出周圍的光線。建築物的周圍有樹木和一些燈光，顯示出城市夜景的氛圍。照片的右側還可以看到一些建築物的樓頂和一些樹木的樹冠。整體來說，這張照片捕捉到了一個現代都市夜景的場景。
./dataset/IMG20200606094745.jpg,這張照片展示了一個戶外活動的場景。照片中可以看到一片綠色的草地，草地上有一些人分散地站立或走動。背景中有一些建築物，建築物的顏色主要是灰白相間，建築物的前面有一些樹木，樹葉茂盛，為場景提供了陰影。在照片的右側，有一個紅色的繩子圍欄，圍欄內聚集了一些人，似乎在等待或觀看某個活動。天空晴朗，陽光充足，整個場景顯得非常明亮。
./dataset/IMG_20220209_000110_322.jpg,這張照片中，一個人站在白色背景前。他穿着一件淺藍色的條紋襯衫，襯衫的袖子捲到肘部。襯衫的領子是開襟的。他還穿著深色的長褲，褲子的口袋是開的，他的雙手插在褲袋裡。他的姿勢是側身站立，頭微微傾向一邊，表情平靜。
./dataset/20230820_181904.jpg,這張照片中，天空中有一道彩虹，從左上方向右下方延伸。天空的顏色從上到下逐漸變暗，從淺灰色到深灰色。在彩虹的下方，可以看到一些樹木的樹冠，樹木的顏色是深綠色。在照片的右側，有一些建築物的屋頂和建築物的邊緣，建築物的顏色是淺黃色和深褐色。建築物的屋頂是紅色的。照片的左側有一片樹林，樹木的顏色是深綠色。整體來說，這張照片展示了一個雨後的景象，天空中有一道彩虹，地面上有建築物和樹木。
./dataset/1565529346811.jpg,這張照片中有兩位年輕人坐在交通工具上。他們似乎在觀看手機。背景中可以看到綠色的樹木和一些建築結構。照片的風格是自然光，顯示出一個晴朗的日子。
./dataset/IMG20220317154814.jpg,這張照片展示了一片海岸線的景色。前景中有一條護欄，護欄的另一側是綠色的植被和一些建築物。遠處可以看到一些建築物，可能是小鎮或村莊。海岸線邊緣有岩石和沙灘，海浪拍打在岩石上，產生了白色的浪花。背景是連綿的山丘，山丘上覆蓋著茂密的綠色植被。天空陰沉，雲層厚重，顯示出一種陰天的氣氛。整體來說，這張照片呈現出一種寧靜而略帶寂寥的海邊風景。
./dataset/1531752993501.jpg,這張照片中有兩個人站在海邊，背對著攝影機，面向大海。他們的腳邊是海浪，海浪拍打在沙灘上，產生了白色的泡沫。兩個人都穿着短褲和T恤，一個穿藍色T恤和藍色短褲，另一個穿黑色T恤和黑色短褲。海面比較平靜，但海浪已經開始拍打到沙灘上。照片的背景是海面，沒有其他明顯的景物。
./dataset/IMG_20171118_194246_283.jpg,"這是一張餐飲消費收據，上面列出了兩位顧客點的餐點和飲品。收據上顯示的日期是2017年11月18日下午7點37分56秒。收據上的條形碼和訂單號碼為E201711180067。總金額為1,140元。

以下是收據上的詳細內容：

- (組)原塊牛排X1，價格為$570
- (組)法式烤雞X1，價格為$570
- (附)時令水果X1，價格為$570
- (附)雞肉沙拉X1，價格為$570
- (附)焗烤蘑菇方塊麵包X2，價格為$570
- (附)鮮蔬雞肉清湯X1，價格為$570
- (附)義式海鮮清湯X1，價格為$570
- (附)百香輕檸沙瓦X2，價格為$570
- (附)布朗尼香草冰X2，價格為$570
- (附)荔枝香彩蝶X2，價格為$570

總計：1,140元"
./dataset/IMG20220311155112.jpg,這張照片展示了一個公園的景象。公園內有許多樹木，樹枝錯綜複雜，樹葉稀疏，顯示出可能是冬季或早春的季節。地面上鋪有水泥步道，兩旁是草地和樹木。背景中可以看到一些建築物，可能是高樓大廈。天空晴朗，陽光充足，樹影斑駁地投射在地面上。公園內沒有明顯的人群活動，顯得非常寧靜。
./dataset/1485250956029(1)(1).jpg,這張照片中有一個小男孩，他穿着一件紅色的衣服，背景是一個木製的櫃子，櫃子上有一些玩具和物品。櫃子的門是用黑色的鉸鏈固定的。櫃子的後面還有一些其他的物品，包括一個籃子和一些書籍。小男孩的頭髮是黑色的，臉上帶有自然的表情。照片的右上角有一個模糊的樹葉。
./dataset/62660_632082390224920_6338992205099789779_n(1)(1).jpg,這張照片展示了一個建築物的外觀，建築物的牆壁上繪有一幅壁畫。壁畫中繪有數位人物，他們似乎在進行某種活動或討論。建築物的牆壁下方有一個停車場，停有一輛機車。背景中可以看到一些建築物和綠樹，顯示出這是一個位於城市或鄉鎮中的場景。建築物的入口處有一個紅色的樓梯，樓梯旁邊停有一輛白色的小型車輛。建築物的牆壁上還有一些綠色的植物裝飾。
./dataset/IMG_20211114_210957_103.jpg,這張照片中，一個人側身站立，背對著攝影機，面向遠處的山景。他頭髮短而黑，穿著淺色上衣，肩上背著背包。背景是藍天和綠色的山丘，山丘上長滿了樹木。在前景中，有一塊木製的欄杆，欄杆上有一塊標誌牌，上面寫著中文。標誌牌的顏色是黃色和黑色，上面有圖案和文字。天空晴朗，只有幾朵雲朵飄浮在遠處。
./dataset/1529165779815.jpg,這張照片中有兩位穿著畢業袍的學生，他們站在一棟現代建築前。這棟建築有三角形的頂部，由玻璃和鋼構組成，建築後方有許多其他穿著畢業袍的人群，似乎是在畢業典禮上。背景中可以看到綠色的樹木和藍色的天空，天氣晴朗。照片中的人們看起來非常開心，有些人還在拍照。
./dataset/IMG20210725163321.jpg,這張照片展示了一條街道的景象。照片中有一棵高大的棕櫚樹，樹幹筆直，樹冠茂盛，樹葉呈綠色。棕櫚樹旁邊有一些綠色的灌木和樹木，樹木的葉子較小，樹幹較粗。街道兩側停有幾輛汽車，車輛顏色各異。街道兩側有建築物，建築物的外牆顏色為紅磚色，窗戶為白色。建築物的樓層較高，有許多窗戶。建築物的頂部有一些陽臺，陽臺上有鐵欄杆。建築物的牆壁上有一些公告板，公告板上貼有一些紙張。街道的地面鋪有磚塊，顏色為灰白色。天空晴朗，有幾朵雲彩，天空為藍色。街道上有一個人，他正朝著建築物的方向走去。
./dataset/20240517_163311.jpg,這張照片顯示了一個城市的街景。天空中有一些雲彩，陽光從雲隙中透出。照片的右側有一棟建築，建築外牆顏色較暗，窗戶排列規整。建築旁邊有一個廣告牌，上面有黃色的字體，字體下方有電話號碼。建築的後方可以看到更多的建築物，包括一棟較高的建築，建築外牆顏色較淺，窗戶排列較多。建築的後方還有一些綠色的樹木。照片的左側有一條鐵路軌道，鐵軌旁邊有一些鐵路設施。照片的右側還有一個鐵路橋樑，橋樑上有鐵路軌道。照片的右側還有一個鐵路橋樑，橋樑上有鐵路軌道。照片的右側還有一個鐵路橋樑，橋樑上有鐵路軌道。照片的右側還有一個鐵路橋樑，橋樑上有鐵路軌道。照片的右側還有一個鐵路橋樑，橋樑上有鐵路軌道。照片的右側還有一個鐵路橋樑，橋樑上有鐵路軌道。照片的右側還有一個鐵路橋樑，橋樑上有鐵路軌道。照片的右側還有一個鐵路橋樑，橋樑上有鐵路軌道。照片的右側還有一個鐵路橋樑，橋樑上有鐵路軌道。照片的右側還有一個鐵路橋樑，橋樑上有鐵路軌道。照片的右側還有一個鐵路橋樑，橋樑上有鐵路軌道。照片的右側還有一個鐵路橋樑，橋樑上有鐵路軌道。照片的右側還有一個鐵路橋樑，橋樑上有鐵路軌道。照片的右側還有一個鐵路橋樑，橋樑上有鐵路軌道。照片的右側還有一個鐵路橋樑，橋樑上有鐵路軌道。照片的右側還有一個鐵路橋樑，橋樑上有鐵路軌道。照片的右側還有一個鐵路橋樑，橋樑上有鐵路軌道。照片的右側還有一個鐵路橋樑，橋樑上有鐵路軌道。照片的右側還有一個鐵路橋樑，橋樑上有鐵路軌道。照片的右側還有一個鐵路橋樑，橋樑上有鐵路軌道。照片的右側還有一個鐵路橋樑，橋樑上有鐵路軌道。照片的右側還有一個鐵路橋樑，橋樑上有鐵路軌道。照片的右側還有一個鐵路橋樑，橋樑上有鐵路軌道。照片的右側還有一個鐵路橋樑，橋樑上有鐵路軌道。照片的右側還有一個鐵路橋樑，橋樑上有鐵路軌道。照片的右側還有一個鐵路橋樑，橋樑上有鐵路軌道。照片的右側還有一個鐵路橋樑，橋樑上有鐵路軌道。照片的右側還有一個鐵路橋樑，橋樑上有鐵路軌道。照片的右側還有一個鐵路橋樑，橋樑上有鐵路軌道。照片的右側還有一個鐵路橋樑，橋樑上有鐵路軌道。照片的右側還有一個鐵路橋樑，橋樑上有鐵路軌道。照片的右側還有一個鐵路橋樑，橋樑上有鐵路軌道。照片的右側還有一個鐵路橋樑，橋樑上有鐵路軌道。照片的右側還有一個鐵路橋樑，橋樑上有鐵路軌道。照片的右側還有一個鐵路橋樑，橋樑上有鐵路軌道。照片的右側還有一個鐵路橋樑，橋樑上有鐵路軌道。照片的右側還有一個鐵路橋樑，橋樑上有鐵路軌道。照片的右側還有一個鐵路橋
./dataset/20240705_174530.jpg,這張照片展示了一座高聳的摩天大樓，建築外觀為藍色玻璃幕牆，建築頂部有一個圓形的天線。大樓位於一個城市環境中，周圍有其他建築物和綠樹。天空中有一些雲彩，但大部分天空是藍色的。照片的右側有一輛停在路邊的車輛，車頂上有一個紅色的標誌。照片的左側有一個紅色的建築物，建築頂部有一些綠色的樹葉。照片的右側還有一個紅色的建築物，建築頂部有一些綠色的樹葉。照片的右側還有一個紅色的建築物，建築頂部有一些綠色的樹葉。照片的右側還有一個紅色的建築物，建築頂部有一些綠色的樹葉。照片的右側還有一個紅色的建築物，建築頂部有一些綠色的樹葉。照片的右側還有一個紅色的建築物，建築頂部有一些綠色的樹葉。照片的右側還有一個紅色的建築物，建築頂部有一些綠色的樹葉。照片的右側還有一個紅色的建築物，建築頂部有一些綠色的樹葉。照片的右側還有一個紅色的建築物，建築頂部有一些綠色的樹葉。照片的右側還有一個紅色的建築物，建築頂部有一些綠色的樹葉。照片的右側還有一個紅色的建築物，建築頂部有一些綠色的樹葉。照片的右側還有一個紅色的建築物，建築頂部有一些綠色的樹葉。照片的右側還有一個紅色的建築物，建築頂部有一些綠色的樹葉。照片的右側還有一個紅色的建築物，建築頂部有一些綠色的樹葉。照片的右側還有一個紅色的建築物，建築頂部有一些綠色的樹葉。照片的右側還有一個紅色的建築物，建築頂部有一些綠色的樹葉。照片的右側還有一個紅色的建築物，建築頂部有一些綠色的樹葉。照片的右側還有一個紅色的建築物，建築頂部有一些綠色的樹葉。照片的右側還有一個紅色的建築物，建築頂部有一些綠色的樹葉。照片的右側還有一個紅色的建築物，建築頂部有一些綠色的樹葉。照片的右側還有一個紅色的建築物，建築頂部有一些綠色的樹葉。照片的右側還有一個紅色的建築物，建築頂部有一些綠色的樹葉。照片的右側還有一個紅色的建築物，建築頂部有一些綠色的樹葉。照片的右側還有一個紅色的建築物，建築頂部有一些綠色的樹葉。照片的右側還有一個紅色的建築物，建築頂部有一些綠色的樹葉。照片的右側還有一個紅色的建築物，建築頂部有一些綠色的樹葉。照片的右側還有一個紅色的建築物，建築頂部有一些綠色的樹葉。照片的右側還有一個紅色的建築物，建築頂部有一些綠色的樹葉。照片的右側還有一個紅色的建築物，建築頂部有一些綠色的樹葉。照片的右側還有一個紅色的建築物，建築頂部有一些綠色的樹葉。照片的右側還有一個紅色的建築物，建築頂部有一些綠色的樹葉。照片的右側還有一個紅色的建築物，建築頂部有一些綠色的樹葉。照片的右側還有一個紅色的建築物，建築頂部有一些綠色的樹葉。照片的右側還有一個紅色的建築物，建築頂部有一些綠色的樹葉。照片的右側還有一個紅色的建築物，建築頂部有一些綠色的樹葉。照片的右側還有一個紅色的建築物，建築頂部有一些綠色的樹葉。照片的右側還有一個紅色的建築物，建築頂部有一些綠色的樹葉。照片的右側還有一個紅色的建築物，建築頂部有一些綠色的樹葉。照片的右側還有一個紅色的建築物，建築頂部有一些綠色的樹葉。照片的右側還有一個紅色的
./dataset/1529166047014.jpg,這張照片中有兩位年輕人站在一起，背景是一座建築物，建築物的設計獨特，有著三角形的屋頂和大面積的玻璃窗。建築物後方有一些穿著畢業服的人群，似乎是在參加畢業典禮。地上散落著幾個背包，兩位年輕人面帶微笑，舉起手指比出勝利的姿勢。背景中還有一些綠樹和藍天，天氣晴朗。
./dataset/IMG20220311210347.jpg,這張照片是在夜晚拍攝的，照片的前景是一段鐵欄杆，鐵欄杆的另一側是水，水面上倒映著橋樑和建築的光線。橋樑的結構非常現代，由多根鋼索支撐，橋樑的頂部有一個大型的白色篷布，篷布下有幾個人在走動。背景中可以看到一些建築物，建築物的外牆上有亮起的燈光，建築物的頂部有幾根高高的燈柱。整體來說，這張照片呈現出一種現代都市夜景的氛圍。
./dataset/IMG20220220161511.jpg,這張照片展示了一個室內展覽場景。牆上掛有三幅大型的畫作，畫面內容是風景畫，描繪了河流邊的風景，有船隻停泊在河邊，遠處可以看到建築物和樹木。畫面色彩柔和，表現出一種寧靜的氛圍。牆壁上方有幾盞燈光，燈光柔和地照在畫作上。在畫作前，有幾位觀眾在觀看和拍照，其中一位觀眾正在用手機拍照。
./dataset/DSC_0003(1)(1).JPG,這張圖片展示了一個夜晚的城市景觀。前景是一個被藍色燈光照射的水池，水面上反射出燈光，形成美麗的光影效果。水池中有幾艘小船，船上有幾個人，似乎在享受夜間的風景。背景中可以看到幾棟建築，建築的窗戶亮著燈光，顯示出城市生活的繁忙與活力。整體氛圍充滿了現代都市的夜間魅力。
./dataset/IMG20220313114253.jpg,這張照片中，一個人站在一個大型的紅色框架前，背景是藍天和大海。框架的邊緣有明顯的鏽蝕痕跡。地面上鋪有碎石，框架的影子投射在地面上。背景中還可以看到幾塊大石頭和幾個人在遠處活動。天空晴朗，沒有雲彩。
./dataset/IMG20220220160155.jpg,這張照片展示了一個室內展覽場景。場景中有三塊大屏幕，屏幕上投影了三幅畫作。最左側的畫作展示了一個廣場，廣場上有許多人物，背景是樹木和建築。中間的畫作展示了一位穿著白色禮服的女性，她坐在草地上，頭戴綠色頭飾，正在閱讀一本書。最右側的畫作展示了一條鄉村小路，兩旁是樹木，遠處有幾棟建築。觀眾坐在黑暗的場館內，觀看這些畫作。場館的天花板上有幾點光源。
./dataset/IMG20220315163341.jpg,這張照片展示了一片壯麗的自然風景。前景是茂密的綠色植被，草地上散落著一些小花和石頭。中景是一片寬闊的湖泊，湖水清澈湛藍，反射著天空的陰沉。遠景是連綿起伏的山脈，山頂被厚重的雲霧籠罩，給整體景色增添了一種神秘的氛圍。天空布滿了厚重的烏雲，暗示著可能即將有雨。整體來說，這張照片呈現出一種寧靜而略帶憂鬱的氣氛。
./dataset/IMG20220317155707.jpg,這張照片展示了一個鐵路線路的景觀。照片中可以看到鐵路軌道和鐵路電纜杆，電纜杆上連接著多根電纜線。背景是海邊，遠處可以看到一些島嶼。天空陰沉，雲層厚重，顯示出一種陰天的氣氛。近處有一些綠色的植被，包括樹葉和灌木。整體環境看起來比較靜謐，沒有明顯的活動或人跡。
./dataset/IMG20220220160814.jpg,這張照片展示了一個室內場景，背景是三塊大型的屏幕，屏幕上投影了克洛德·莫內的畫作。畫作描繪了一幅風景畫，畫中有樹木、山丘和建築物。畫面色彩柔和，表現了自然的寧靜與美麗。在畫作的前方，有幾位觀眾在觀看和拍照，他們的姿態各異，有的在拍照，有的在觀賞。場地的環境較暗，只有畫作和投影的區域被照亮，突出了畫作的細節。
./dataset/IMG20211206130301.jpg,這張照片展示了一片海景。海面波濤洶涌，天空湛藍，陽光從左上角照射下來，形成一道光暈。海邊有一排木製圍欄，圍欄後方是一片草地，草地上長滿了綠色的草和一些白色的野花。遠處可以看到一些建築物和綠色的山丘。海面波浪拍打著海岸線，風景非常壯麗。
./dataset/IMG_0240.JPG,這張照片中，一個人正坐在餐廳裡，頭戴一頂深色的棒球帽，帽檐朝前。他穿着一件灰色的T恤，右手握著一雙筷子，正在用筷子夾取食物。他的左手放在一個黑色的碗上，碗裡似乎裝著一些食物。背景是一面有圓點圖案的牆壁，牆壁的顏色是淺色的。照片的右側還可以看到一些餐具和食物的殘渣。
./dataset/1529165752104.jpg,這張照片中，兩位年輕人站在一棟建築前，背景是藍天和綠樹。建築的設計獨特，有著三角形的屋頂和大面積的玻璃窗。建築前有一群人，他們大多數穿着畢業服，頭戴畢業帽，似乎是在參加畢業典禮。地上散落著一些物品，可能是畢業典禮後的紀念品或個人物品。兩位年輕人面帶微笑，其中一位舉起雙手比出V字形，另一位則比出開心的姿勢。照片的氣氛歡樂，顯得非常喜慶。
./dataset/IMG20211016222323.jpg,這幅圖畫是一幅鉛筆素描，畫在一本螺旋綁的素描本上。圖畫中有一架飛機，飛機的機翼和尾翼都清晰可見，機翼上有一個尖銳的裝置。飛機下方有一個球形的物體，球形物體上有幾個孔洞和一個突出的尖銳部分。球形物體的側面有一個細長的管狀物體，管狀物體的末端有一個小球。球形物體的底部有一個細長的柱狀物體，柱狀物體的末端有一個小球。球形物體的側面還有一個細長的管狀物體，管狀物體的末端有一個小球。球形物體的側面還有一個細長的管狀物體，管狀物體的末端有一個小球。球形物體的側面還有一個細長的管狀物體，管狀物體的末端有一個小球。球形物體的側面還有一個細長的管狀物體，管狀物體的末端有一個小球。球形物體的側面還有一個細長的管狀物體，管狀物體的末端有一個小球。球形物體的側面還有一個細長的管狀物體，管狀物體的末端有一個小球。球形物體的側面還有一個細長的管狀物體，管狀物體的末端有一個小球。球形物體的側面還有一個細長的管狀物體，管狀物體的末端有一個小球。球形物體的側面還有一個細長的管狀物體，管狀物體的末端有一個小球。球形物體的側面還有一個細長的管狀物體，管狀物體的末端有一個小球。球形物體的側面還有一個細長的管狀物體，管狀物體的末端有一個小球。球形物體的側面還有一個細長的管狀物體，管狀物體的末端有一個小球。球形物體的側面還有一個細長的管狀物體，管狀物體的末端有一個小球。球形物體的側面還有一個細長的管狀物體，管狀物體的末端有一個小球。球形物體的側面還有一個細長的管狀物體，管狀物體的末端有一個小球。球形物體的側面還有一個細長的管狀物體，管狀物體的末端有一個小球。球形物體的側面還有一個細長的管狀物體，管狀物體的末端有一個小球。球形物體的側面還有一個細長的管狀物體，管狀物體的末端有一個小球。球形物體的側面還有一個細長的管狀物體，管狀物體的末端有一個小球。球形物體的側面還有一個細長的管狀物體，管狀物體的末端有一個小球。球形物體的側面還有一個細長的管狀物體，管狀物體的末端有一個小球。球形物體的側面還有一個細長的管狀物體，管狀物體的末端有一個小球。球形物體的側面還有一個細長的管狀物體，管狀物體的末端有一個小球。球形物體的側面還有一個細長的管狀物體，管狀物體的末端有一個小球。球形物體的側面還有一個細長的管狀物體，管狀物體的末端有一個小球。球形物體的側面還有一個細長的管狀物體，管狀物體的末端有一個小球。球形物體的側面還有一個細長的管狀物體，管狀物體的末端有一個小球。球形物體的側面還有一個細長的管狀物體，管狀物體的末端有一個小球。球形物體的側面還有一個細長的管狀物體，管狀物體的末端有一個小球。球形物體的側面還有一個細長的管狀物體，管
./dataset/1535710939938.jpg,這張圖片顯示了一隻人類的手，手指輕輕地握著另一隻人類的腳。腳的腳趾被輕輕地彎曲，腳的顏色較深，可能是因為皮膚色素沉着或皮膚病變。背景是一個單色的牆面，顏色較淺。
./dataset/IMG20220307171408.jpg,這張照片展示了一條城市街道的景象。天空湛藍，雲朵稀疏，散佈在天空中。街道兩側是多棟建築，建築物外觀多為現代風格，建築顏色多樣，有粉紅、白色和藍色等。建築物之間有電線橫跨，街道上有幾輛停車的汽車，車輛顏色包括白色、黑色和藍色等。街道兩側還有一些綠植，增添了一些綠意。整體感覺是晴朗的天氣，街道上沒有行人。
./dataset/20240615_162924.jpg,這張照片中，一個人站在鏡子前，鏡子反射出他的身體。他穿着一件深藍色的背心，露出肩膀和胸部。他的頭髮是黑色的，短髮。他用右手舉著一部手機，手機的背面有三個攝像頭。背景中可以看到一扇門和牆壁上的裝飾，裝飾上有一些圖案和文字。地面鋪有白色地磚。
./dataset/IMG20220220161459.jpg,這張圖片展示了一個展覽場景，牆上投影了三幅畫作。最左側的畫作顯示了樹木和山丘，色彩柔和，以藍綠色調為主。中間的畫作則是樹木和天空的近景，天空部分有淡淡的雲彩，色彩較為柔和。最右側的畫作展示了樹木和建築物，建築物位於背景，樹木則在前景，色彩以黃綠色調為主，表現出一種秋天的氛圍。畫作的風格具有印象派的特徵，使用了點彩技法。觀眾在畫作前觀看，畫作上方有幾盞燈光。
./dataset/20240518_174546.jpg,這張照片中，一個人站在鏡子前，鏡子反射出他的全身。他穿着一件深藍色的短袖上衣和一條綠色的短褲。他的雙手舉起，用一部手機自拍。鏡子的邊緣可以看到一些裝飾品，包括幾面小旗子，上面有聖誕樹的圖案。背景中有一扇門和一堵白色的牆壁。
./dataset/IMG20220218064133.jpg,這張照片展示了一個湖泊的景象。湖水表面波光粼粼，反射出天空的陰沉。湖邊有綠色的樹木和灌木，樹木茂盛，樹冠濃密。遠處可以看到一些建築物，建築物的樓層不高，可能是住宅或小型商業建築。建築物後方的天空布滿了厚重的雲層，天空的顏色較暗，顯示出天氣可能不穩定，可能是陰天或即將下雨。前景中有一個鐵製的護欄，護欄後方有一些綠色的灌木。整體感覺是陰鬱的，可能是在一個寒冷或陰沉的天氣。
./dataset/20221227_194622~2.jpg,"這是一張銀行的信用卡帳單，上面顯示了以下信息：

- 姓名：呂俊廷
- 卡號：5241 08XX XXXX 3179
- 預借現金手續費：預借現金金額 x 2.5%
- 帳單結帳日：每月14日
- 帳單繳款截止日：每月30日
- 預借現金總額度：新臺幣80,000元"
./dataset/Screenshot_2018-05-12-09-50-22.jpg,"這張照片展示了一個位於城市街道上的雕像。雕像由三個角色組成，分別是：

1. 左側的男性角色，穿着黃色制服，頭戴黃色帽子，右手舉起，手指指向前方。
2. 中間的男性角色，穿着藍色制服，頭戴黑色帽子，雙臂交叉在胸前，表情自信。
3. 右側的女性角色，穿着粉紅色連身裙，雙手舉起，手指指向前方。

背景中可以看到一些建築物、樹木和路標，顯示出這是在一個城市環境中。雕像下方有一塊銘牌，上面寫有日文。照片的右上角顯示了手機的狀態欄，顯示時間為09:50，電池電量為34%，網絡連接為4G。"
./dataset/1485250883210(1)(1).jpg,這張照片展示了一個標有「新北市歡樂耶誕城」字樣的大型標誌牌，背景是夜晚的環境。標誌牌上寫著「新北市歡樂耶誕城」，下方有「2016」的標誌，並附有英文「Christmasland in New Taipei City」。標誌牌的設計以紅色為主，搭配白色和藍色的圖案，圖案中有聖誕老人、聖誕樹和雪景等元素。背景中可以看到一些建築物的燈光，以及一顆點綴著小燈的樹木。整體氛圍充滿了聖誕節的歡樂氣氛。
./dataset/IMG20220317143005.jpg,這張照片展示了一片沙灘，海浪輕拍著海岸線。遠處可以看到一座小島，島上似乎有植被。天空陰沉，雲層厚重，顯示出一種陰天的氣氛。沙灘上有三個人，他們站在海水中，似乎在拍照或觀看手機。沙灘上有一些腳印，顯示出有人在沙灘上行走過。海浪不斷拍打著海岸線，產生了白色的浪花。整體來說，這張照片呈現出一種平靜而略帶寂寥的海灘氛圍。
./dataset/10646861_632078290225330_3455607590225099655_n(1)(1).jpg,這張照片中，有幾個人站在室內的場所。背景中可以看到一扇大玻璃門和一塊掛鐘，顯示時間為約10點10分。牆上掛有一些標籤和告示。地面上有一個綠色的回收箱。照片中的人們似乎在閒聊或等待某件事情。前排的兩個人，一個穿著灰色外套和黑色褲子，另一個穿著黑色外套和牛仔褲，腳穿紅色的帆布鞋。後排的兩個人，一個穿著黑色外套和牛仔褲，腳穿白色運動鞋。
./dataset/IMG20220304234457.jpg,這張照片拍攝於夜晚，照片的中心是一個建築物，建築物的外牆有一個突出的三角形部分，三角形部分的內部有幾道垂直的線條，看起來像是玻璃窗。建築物的外牆是深色的，而三角形部分的內部發出藍綠色的光。建築物的後方有一些樹木，樹木的葉子在夜色中看不太清楚。背景中還有一些點點的光，可能是遠處的燈光。整體來說，照片的環境非常黑暗，只有建築物和遠處的光點發出微弱的光亮。
./dataset/received_1419991768101083.jpeg,這張照片是在超市內拍攝的。照片中有一名穿著白色上衣和藍色圍裙的男子，他站在蔬菜區附近，似乎在整理貨架或與顧客交流。背景中可以看到各種蔬菜和水果，以及超市的標價牌和廣告。超市的天花板上有許多燈管，並排佈置，燈光充足。超市的牆壁上掛有一些標誌和廣告，顯示了不同的商品信息。
./dataset/20240212_165003.jpg,這張照片展示了一個籃球場，籃球場的地面是藍色的，籃球場的邊緣有紅色的跑道。籃球場的後方有一棟建築物，建築物的牆壁是白色的，建築物的窗戶是方形的。籃球場的兩側有一些樹木，樹木的葉子已經落光，顯示出冬季的景象。籃球場的後方還有一個籃球架，籃球架的網是白色的。籃球場上有兩個人，他們正在籃球場上活動，但他們的具體活動無法辨識。籃球場的後方還有一些橙色的交通標誌，這些標誌可能是用來標示籃球場的邊界。籃球場的後方還有一個綠色的建築物，建築物的牆壁是綠色的，建築物的窗戶是方形的。籃球場的後方還有一些樹木，樹木的葉子已經落光，顯示出冬季的景象。籃球場的後方還有一個籃球架，籃球架的網是白色的。籃球場的後方還有一些橙色的交通標誌，這些標誌可能是用來標示籃球場的邊界。籃球場的後方還有一個綠色的建築物，建築物的牆壁是綠色的，建築物的窗戶是方形的。籃球場的後方還有一些樹木，樹木的葉子已經落光，顯示出冬季的景象。籃球場的後方還有一個籃球架，籃球架的網是白色的。籃球場的後方還有一些橙色的交通標誌，這些標誌可能是用來標示籃球場的邊界。籃球場的後方還有一個綠色的建築物，建築物的牆壁是綠色的，建築物的窗戶是方形的。籃球場的後方還有一些樹木，樹木的葉子已經落光，顯示出冬季的景象。籃球場的後方還有一個籃球架，籃球架的網是白色的。籃球場的後方還有一些橙色的交通標誌，這些標誌可能是用來標示籃球場的邊界。籃球場的後方還有一個綠色的建築物，建築物的牆壁是綠色的，建築物的窗戶是方形的。籃球場的後方還有一些樹木，樹木的葉子已經落光，顯示出冬季的景象。籃球場的後方還有一個籃球架，籃球架的網是白色的。籃球場的後方還有一些橙色的交通標誌，這些標誌可能是用來標示籃球場的邊界。籃球場的後方還有一個綠色的建築物，建築物的牆壁是綠色的，建築物的窗戶是方形的。籃球場的後方還有一些樹木，樹木的葉子已經落光，顯示出冬季的景象。籃球場的後方還有一個籃球架，籃球架的網是白色的。籃球場的後方還有一些橙色的交通標誌，這些標誌可能是用來標示籃球場的邊界。籃球場的後方還有一個綠色的建築物，建築物的牆壁是綠色的，建築物的窗戶是方形的。籃球場的後方還有一些樹木，樹木的葉子已經落光，顯示出冬季的景象。籃球場的後方還有一個籃球架，籃球架的網是白色的。籃球場的後方還有一些橙色的交通標誌，這些標誌可能是用來標示籃球場的邊界。籃球場的後方還有一個綠色的建築物，建築物的牆壁是綠色的，建築物的窗戶是方形的。籃球場的後方還有一些樹木，樹木的葉子已經落光，顯示出冬季的景象。籃球場的後方還有一個籃球架，籃球架的網是白色的。籃球場的後方還有一些橙色的交通標誌，這些
./dataset/IMG_20220209_000110_273.jpg,這張照片中，一個人坐在白色的長方形物體上。他穿着一件白色的短袖T恤和一雙米色的長褲。他的雙手放在褲子的口袋裡，身體稍微傾向一邊，頭部稍微側向一邊，表情比較平靜。背景是純白色的，沒有其他雜亂的元素。
./dataset/IMG_20190907_151647_252.jpg,這張圖片展示了一個展示櫃，櫃子裡有幾個不同形狀和顏色的玻璃容器。從左到右，容器的顏色從淺棕色漸變到深藍色。容器的形狀有圓柱形、長筒形和扁平形等。櫃子的牆面是淺色的，櫃子的底部是木質地板。櫃子的牆面上有標籤，但無法辨識其內容。櫃子的底部有幾個小標籤，可能是用來標示物品的價格或編號。
./dataset/1525269565763.jpg,"這張圖片顯示了一則Instagram貼文，貼文的發佈者是holdchiou。貼文的內容是用繁體中文書寫的，背景是黑色的，文字是白色的。貼文的內容描述了一隻小鴨子的故事，小鴨子因為長得奇怪，常被其他鴨子欺負。小鴨子傷心地離開了媽媽，獨自流浪。小鴨子遇到狂風、暴雨和獵狗，但仍然努力學習，強壯自己。最終，人們發現了小鴨子，發現它雖然不好看，但還挺好吃的。貼文的最後標註了“END”，並附有標籤“#勵志”。貼文下方有5,042個讚，發佈者holdchiou在貼文下方留言說：“抱歉～我也喜歡薑母鴨～～”。"
./dataset/20230928_171348.jpg,這張照片顯示了一個城市街景，天空湛藍，雲朵稀疏。照片中有一棟建築物，建築物的外牆是淺色的，窗戶排列整齊。建築物的頂部有一些電線垂下。建築物的前方有一個路標，上面寫著「新店3」、「106板橋6」等字樣，顯示了方向和距離。路標的顏色主要是綠色和白色，背景中還有一些廣告牌和招牌，顯示出典型的都市環境。
./dataset/IMG20220317125801.jpg,這張照片展示了一片湖泊，湖水靜靜地反射著天空和周圍的景物。湖邊有一片綠色的草地，草地上散落著一些樹枝和小石頭。背景中有一棟現代建築，建築的玻璃幕牆反射出天空和周圍的綠樹。遠處可以看到一些建築物和山丘，山丘上長滿了綠樹。天空中有一些雲彩，但整體天氣似乎比較陰沉。照片的右側有一棵樹的枝條延伸進來，樹葉綠蔥蔥的。整體來說，這張照片呈現出一種寧靜而現代的氛圍。
./dataset/1529165289858.jpg,這張照片展示了一群畢業生在戶外的場景。他們身穿畢業袍，頭戴學位帽，背景是一座高聳的建築物，建築物的設計獨特，頂部呈尖塔狀，由玻璃和鋼鐵構成。建築物後方是綠樹成蔭的公園，天空晴朗，有幾朵雲彩。照片前景中有兩名畢業生站在一起，他們面帶微笑，似乎在拍照留念。背景中還有其他畢業生在活動，有的在拍照，有的在走動。整體氛圍歡樂而喜慶。
./dataset/IMG20220317144541.jpg,這張圖片展示了一片海灘的景象。海浪輕柔地拍打着海岸，形成白色的浪花。天空陰沉，雲層厚重，顯示出一種陰鬱的氣氛。海面波紋細微，遠處可以看到一些建築物的遠景，可能是燈塔或碼頭。沙灘上沒有明顯的腳印或其他人跡，顯得非常寧靜和孤寂。整體感覺是冷清和孤獨的海灘風景。
./dataset/20231104_164624.jpg,這張照片展示了一個街景，太陽正在落山，天空呈現出漸變的黃色和藍色。照片的左側有一根高大的煙囪，煙囪旁邊有幾根電線垂下。照片的右側有一條道路，道路邊緣有樹木和建築物。建築物的屋頂是灰色的瓦片，牆壁是淺色的。道路邊緣有一個標誌，上面寫著「25」，可能是限速標誌。建築物的前面有一些樹木和灌木，樹木的影子投射在地面上。整體來說，這張照片捕捉到了一個靜謐的鄉村或城郊地區的夕陽時刻。
./dataset/IMG20191118162058.jpg,這張照片展示了一個公園的場景。照片中可以看到幾棵樹，樹葉茂盛，綠意盎然。樹下鋪有草地，草地上散落著一些枯葉。背景中有一棟建築物，建築物的外牆顏色為紅磚色，窗戶排列整齊。建築物前面有一個平台，平台上有幾個人在活動。平台的邊緣有一個圍欄，圍欄外邊還有一些樹木。照片的右側有一條小路，小路上有幾個人在行走。整體來說，這張照片呈現了一個平靜的公園環境。
./dataset/IMG_20200731_104622_892.jpg,這張照片展示了一間臥室的內部。牆壁是淺色的，窗戶旁邊有一個木製的置物架。窗戶旁邊的牆壁上有一個開關插座。牆壁上還有一個掛衣桿，但沒有掛任何衣物。臥室的地板是淺色的，床鋪在牆壁的另一側，床頭櫃上放著一些物品。床頭櫃旁邊有一個黑色的椅子，椅子上放著一個黑色的背包。床頭櫃的下方有一個藍色的桶，桶的旁邊有一個紙袋，裡面裝著一些物品。床鋪的邊緣有一個塑料袋，裡面也裝著一些物品。床鋪的邊緣還有一個電風扇。照片的底部有一個藍色的圖標，上面寫著「Bye」和三個哭泣的表情符號。
./dataset/DSC_0036(1)(1).JPG,這張圖片顯示了一個裝有許多小玻璃瓶的裝置。這些小玻璃瓶排列成幾行幾列，每個瓶子都裝有綠色的液體。裝置的內部被紅色和黃色的燈光照亮，使得瓶子中的綠色液體發出閃亮的光芒。裝置的邊緣有一個黑色的框架，框架的頂部有一個紅色的燈光條。裝置的右側有一個銀色的圓形裝置，可能是用於控制裝置運行的設備。背景中可以看到一塊黑色的網狀物體，可能是裝置的保護網。
./dataset/20231117_164042.jpg,這張照片顯示了一個城市街景，太陽從建築物之間照射出來，天空呈黃色。照片中有一座現代建築，建築外牆有玻璃窗，反射出天空的顏色。建築的頂部有幾條弧形的結構。在建築的前方，有一個交通燈，顯示紅色。照片的右側還有一輛停在路邊的車輛。背景中可以看到幾棟建築，建築的窗戶在夕陽的照射下發出黃色的光。照片的右側還有一些樹木，樹葉在夕陽的照射下顯得非常鮮豔。
./dataset/1508575_632084246891401_5713726368672973401_n(1)(1).jpg,這張照片中，有兩位年輕人站在教室裡。前景中的年輕人穿着黑色上衣和牛仔褲，手持一張紙，似乎在進行講述或報告。背景中的另一位年輕人則穿著灰色外套，站在一旁。教室的牆壁上掛著一塊黑板，黑板上寫著中文，內容包括「潭南社區」等字樣。牆壁上還有幾張貼紙和圖案，顯示出教室的裝飾風格。地面上有幾個學生的頭部，他們似乎在聽講述者說話。
./dataset/20231019_134441.jpg,這張照片展示了一片藍天，天空中散佈著幾朵薄雲。照片的右側有一棟現代建築，建築外牆採用玻璃和鋼材構造，窗戶排列整齊。建築的頂部有一個平台，平台上似乎有綠植裝飾。建築的後方還可以看到其他幾棟建築，建築風格各異，有現代感的玻璃建築，也有傳統的建築。建築之間有綠樹成蔭，綠樹與建築形成鮮明對比。整體感覺是現代都市的景象，天空晴朗，氣氛清新。
./dataset/20230805_154926.jpg,"這張圖片展示了一個展示架，上面擺放了幾樣物品。展示架由木頭製成，分為兩層。上層展示了一組貼紙，這些貼紙上印有各種圖案和文字，包括“ALL DAY”、“COFFEE”等字樣。此外，還有一個咖啡杯和碟子，杯身上也印有“ALL DAY”的標誌。在展示架的左側，還有一個透明的塑料袋，裡面裝有幾樣物品，但無法辨識其具體內容。

下層展示架上，從左到右依次擺放了一個透明的玻璃瓶、一束鮮花和一個長方形的盒子。玻璃瓶上印有“ALL DAY”的標誌。鮮花由紅色和白色的小花組成，擺放在一個白色的花瓶中。長方形的盒子上印有“ALL DAY”的標誌，盒子的正面還有一幅插圖，顯示了一個咖啡館的外觀。"
./dataset/IMG20220316111325.jpg,這張照片展示了一盤放在淺藍色盤子上的麵食。麵食上鋪有兩片煎蛋，兩片煎豬排，以及一些切碎的蔬菜。盤子放在一張木質桌面上，桌面上還有一個籐編的籃子、一張白色餐巾紙、一張印有卡通圖案的紙袋、一隻叉子和一杯粉紅色的飲料，飲料杯蓋上有一根吸管。
./dataset/IMG20220317121859.jpg,"這張圖片展示了一塊黑色的石碑，上面刻有中文文字。石碑的左側有大塊的中文書法字體，右側則是詳細的說明文字。說明文字描述了宜蘭縣政府推出的一個藝術裝置設計與施設計畫，該計畫結合了宜蘭河邊的維管束藝術裝置設計與施設計畫、「蘭城之星」都市更新計畫，將宜蘭火車站南側的鐵路局舊宿舍區改造成一個多功能的轉運中心，規劃主題廣場結合公共藝術，保留歷史建築與老樹綠蔭，將原本荒廢的空地搖身一變成為蘭城新亮點。

說明文字還提到，這個廣場的設計角度是希望站在歷史的延伸線上，考量目前休憩廣場與未來轉運站的功能，讓空間成爲有包容力的舞台，邀請各年齡層、各種身分、各種族羣共同和歷史建築、自然場景與藝術裝置互動對話，留下美好回憶。由此定出「記憶片刻風景」主題意象，以藝術裝置呈現出一幅幅屬於人跟場域交織出來的定格故事。

說明文字還提到，這個廣場的設計概念是為了創造一個包容性的廣場，同時考慮到休憩廣場和未來轉運站的功能。人們可以在此與歷史建築、自然環境和藝術裝置互動對話，留下美好回憶。因此，這個廣場的主題意象被稱為「記憶片刻風景」。藝術裝置呈現出一幅幅屬於人跟場域交織出來的定格故事。

說明文字還提到，希望每次改變都能多傳達一分宜蘭城的精神性，希望每一個可能寄身於此的個體都能得到尊重，希望生活的意義能被不斷思考，希望多點笑容、多點想像、多點希望。

說明文字還提到，歡迎大家與藝術裝置合照，藝術裝置供觀賞，請勿碰觸或拍打，以免損毀作品。

說明文字還提到，希望每一個改變都能傳達一分宜蘭城的精神性，希望每一個可能寄身於此的個體都能得到尊重，希望生活的意義能被不斷思考，希望多點笑容、多點想像、多點希望。

說明文字還提到，歡迎大家與藝術裝置合照，藝術裝置供觀賞，請勿碰觸或拍打，以免損毀作品。

說明文字還提到，希望每一個改變都能傳達一分宜蘭城的精神性，希望每一個可能寄身於此的個體都能得到尊重，希望生活的意義能被不斷思考，希望多點笑容、多點想像、多點希望。

說明文字還提到，歡迎大家與藝術裝置合照，藝術裝置供觀賞，請勿碰觸或拍打，以免損毀作品。

說明文字還提到，希望每一個改變都能傳達一分宜蘭城的精神性，希望每一個可能寄身於此的個體都能得到尊重，希望生活的意義能被不斷思考，希望多點笑容、多點想像、多點希望。

說明文字還提到，歡迎大家與藝術裝置合照，藝術裝置供觀賞，請勿碰觸或拍打，以免損毀作品。

說明文字還提到，希望每一個改變都能傳達一分宜蘭城的精神性，希望每一個可能寄身於此的個體都能得到尊重，希望生活的意義能被不斷思考，希望多點笑容、多點想像、多點希望。

說明文字還提到，歡迎大家與藝術裝置合照，藝術裝置供觀賞，請勿碰觸或拍打，以免損毀作品。

說明文字還提到，希望每一個改變都能傳達一分宜蘭城的精神性，希望每一個可能寄身於此的個體都能得到尊重，希望生活的意義能被不斷思考，希望多點笑容、多點想像、多點希望。

說明文字還提到，歡迎大家與藝術裝置合照，藝術裝置供觀賞，請勿碰觸或拍打，以免損毀作品。

說明文字還提到，希望每一個改變都能傳達一分宜蘭城的精神性，希望每一個可能寄身於此的個體都能得到尊重，希望生活的意義能被不斷思考，希望多點笑容、多點想像、多點希望。

說明文字還提到，歡迎大家與藝術裝置合照，藝術裝置供觀賞，請勿碰觸或拍打，以免損毀作品。

說明文字"
./dataset/1528650075853.jpg,這張照片中有兩位穿著畢業袍的年輕人，他們站在一片綠色的草地上。背景中可以看到一些建築物和樹木，建築物的牆面是黃色的，牆頂是灰色的。兩位年輕人站得很近，面帶微笑，看起來非常開心。他們的畢業袍是黑色的，上面有黃色和藍色的裝飾，袍子的前面有校徽。背景中還有一些其他的人，他們似乎在參加一個活動或慶祝儀式。
./dataset/IMG20220312113006.jpg,一張照片中，有一盤食物和一杯飲料。盤子上放著三塊煎餅，煎餅上鋪有番茄片和蛋黃醬。煎餅的外層呈金黃色，內部可以看到番茄和蛋黃醬。盤子是白色的，放在一個黑色的托盤上。托盤放在一張深色的桌子上。桌子旁邊有一杯帶有綠色環和中文標籤的飲料，標籤上寫著「特製紅茶」。背景中可以看到一張磚牆和一些模糊的家具。
./dataset/IMG20220315163220.jpg,這張圖片展示了一片海岸線的景色。海面寬廣，水色較深，天空布滿了厚重的雲層，顯得有些陰沉。海岸邊有一座小島，島上長滿了茂密的綠樹，看起來像是山丘或小山。海岸線的另一側則是茂密的森林，樹木繁茂，綠意盎然。整體感覺是靜謐而肅穆的。
./dataset/10941870_632078446891981_6610403099806766141_n(1)(1).jpg,這張照片中有五位年輕人，他們似乎在室內的場所，可能是學校或社區中心。他們站在一個有大面積玻璃窗的空間裡，窗戶上方有許多小方格。牆壁上有一些標籤和公告，牆角有兩個綠色的垃圾桶。地板是灰色的，有點光亮。五位年輕人中，有四位女性和一位男性。他們都穿着便服，其中一位男性穿著灰色的連帽衫和卡其色的長褲，腳穿著運動鞋。其他四人分別穿著黑色、灰色、藍色和黑色的外套，搭配牛仔褲或運動褲，腳穿著不同的鞋子。他們似乎在進行某種活動或討論，因為他們都面向對方，並且有動作，像是在說話或鼓掌。
./dataset/IMG_20170818_182652(1)(1).jpg,一塊巧克力蛋糕和一塊奶油放在一個白色的盤子上，盤子放在一個木質的桌子上。盤子的右側有一個叉子和一個刀子。桌子的左側有一個木質的杯子和一張白色的餐巾紙。背景中可以看到一張紙和一張黑色的紙。
./dataset/line_1524131818050.jpg,這張照片展示了一間餐廳的內部。照片中有兩個人，一個成年人和一個小孩，坐在桌子旁邊。成年人正在用筷子吃東西，小孩坐在嬰兒車裡，似乎在吃東西。桌上擺放著幾盤菜餚，包括一盤蔬菜沙拉、一盤肉類和一盤湯。牆壁上掛著一些裝飾品，包括植物和燈飾。牆壁上還有一個發光的標誌，上面寫著中文。餐廳的裝潢以深色為主，燈光柔和，營造出溫馨的用餐氛圍。
./dataset/20230707_190615.jpg,這張照片展示了一個室內空間，天花板上懸掛著多盞紅色的燈籠，燈籠的設計風格具有中國傳統特色。燈籠下方是木質的樓梯，樓梯旁邊有紅色的橫幅，上面寫有黃色的中文字。樓梯的側邊有木質的欄杆，欄杆上裝有燈光，使得樓梯區域的照明更加柔和。照片的右側可以看到一扇玻璃門，門外有一塊藍色的標誌牌，上面有白色的文字。整體環境看起來像是商業空間或餐廳的內部裝修。
./dataset/IMG20200205201158.jpg,這張照片展示了一個大型的橫幅，背景是藍色的，上面有白色和黃色的字體。橫幅上寫著「2020 台灣物理學會年會」，並且標明了日期為「February 5-7」。橫幅上還寫著「Welcome」，歡迎來賓。橫幅的左上角有「Taiwan」的標誌，右上角有「PS」的標誌。橫幅下方有一排小字，寫著「主辦單位：台灣物理學會(TPS)」、「承辦單位：國立屏東大學應用物理系」、「贊助單位：科技部自然物理研究推動中心」。背景中可以看到一些建築物的窗戶，以及一些燈光。
./dataset/IMG_20190827_231145_534.jpg,這張照片中，有一隻狗站在馬路邊。狗的毛色是黑色和棕色相間，臉部和耳朵是黑色的，身體的毛色則是棕色的。狗的嘴巴微張，似乎在叫或呼吸。背景中可以看到一些停在馬路邊的機車和自行車，還有幾個人站在機車旁邊。地面是灰色的水泥路面，有一條紅色的邊線。照片的右上角有些模糊，可能是因為攝影時的光線或焦距問題。
./dataset/IMG_20180928_180328_069.jpg,這張圖片的背景是黑色的，上面有白色的文字和數字。文字是中文，內容是「有些時候不敢想那就還是別想了」，數字是「1802」。文字和數字的顏色是白色的，背景是黑色的，整體風格比較簡潔。
./dataset/20230704_184524.jpg,這張照片顯示了一個城市的天際線，時間似乎是日落時分。天空中布滿了層層雲彩，雲層在夕陽的照耀下呈現出金黃色和橙色的光澤。建築物的外牆顏色主要是藍色和白色，建築物的設計風格看起來比較現代化。建築物的頂部有一些管道和天線。照片的右側有一些建築物的陽台和樓梯。整體來說，這張照片捕捉到了一個城市在日落時分的寧靜和美麗。
./dataset/20231104_202647.jpg,這張照片展示了一個戶外活動的場景，時間應該是在夜晚。場景中有一棵大樹，樹上掛著一串串的燈泡，發出柔和的光芒，照亮了整個場景。場景的後方有一個裝飾精緻的拱門，拱門上掛滿了鮮花和綠葉，看起來非常美麗。拱門的後方有一塊寫有“Welcome to our wedding”的布幔，表明這可能是一個婚禮活動。拱門的兩側擺放著一些木製的展示架，上面擺放著相框、花束和其他裝飾品。展示架的後方有一個木製的裝飾牆，牆上也掛著一些裝飾品。場景的前方有一張木製的桌子，上面擺放著一些裝飾品和相框。場景中有幾個人在活動中走動，他們似乎在觀看或參與活動。整體氛圍溫馨而浪漫，燈光和裝飾使得場景非常吸引人。
./dataset/IMG_0241.JPG,這張照片是在夜晚拍攝的，背景是城市街道，有幾棟建築物和一輛停在路邊的車。照片中有十幾位年輕人站在一起，他們大多數都面帶微笑，並排站著，有些人互相擁抱。他們的服裝風格各異，有穿運動服、夾克、毛衣等。背景中可以看到樹木和街燈，樹枝上掛有一些綠葉。整體氛圍看起來很歡樂，像是朋友或團體聚會的場景。
./dataset/20230806_124834.jpg,這張照片中有一杯深色的飲料，放在一個編織的墊子上，墊子放在一個木質的桌面上。飲料杯是透明的，裡面裝滿了深色的飲料，可能是巧克力飲料或可可飲料。杯子上有一根白色的吸管。背景中可以看到一扇大窗戶，窗外有樹木和建築物。窗戶旁邊有一張彩色條紋的沙發。窗戶的對面有一個黑色的背包。窗戶的上方有一個白色的天花板，天花板上有一個方形的燈。
./dataset/20240613_182602.jpg,這張照片顯示了一片藍天，天空中有一些雲彩。照片的右側可以看到一些建築物，包括一棟高樓和一些建築物的頂部。建築物的顏色主要是灰色和白色。照片的右側還有一個燈柱。照片的右側還有一個廣告牌，上面寫著中文。照片的右側還有一個樹木。照片的右側還有一個燈柱。照片的右側還有一個樹木。照片的右側還有一個燈柱。照片的右側還有一個樹木。照片的右側還有一個燈柱。照片的右側還有一個樹木。照片的右側還有一個燈柱。照片的右側還有一個樹木。照片的右側還有一個燈柱。照片的右側還有一個樹木。照片的右側還有一個燈柱。照片的右側還有一個樹木。照片的右側還有一個燈柱。照片的右側還有一個樹木。照片的右側還有一個燈柱。照片的右側還有一個樹木。照片的右側還有一個燈柱。照片的右側還有一個樹木。照片的右側還有一個燈柱。照片的右側還有一個樹木。照片的右側還有一個燈柱。照片的右側還有一個樹木。照片的右側還有一個燈柱。照片的右側還有一個樹木。照片的右側還有一個燈柱。照片的右側還有一個樹木。照片的右側還有一個燈柱。照片的右側還有一個樹木。照片的右側還有一個燈柱。照片的右側還有一個樹木。照片的右側還有一個燈柱。照片的右側還有一個樹木。照片的右側還有一個燈柱。照片的右側還有一個樹木。照片的右側還有一個燈柱。照片的右側還有一個樹木。照片的右側還有一個燈柱。照片的右側還有一個樹木。照片的右側還有一個燈柱。照片的右側還有一個樹木。照片的右側還有一個燈柱。照片的右側還有一個樹木。照片的右側還有一個燈柱。照片的右側還有一個樹木。照片的右側還有一個燈柱。照片的右側還有一個樹木。照片的右側還有一個燈柱。照片的右側還有一個樹木。照片的右側還有一個燈柱。照片的右側還有一個樹木。照片的右側還有一個燈柱。照片的右側還有一個樹木。照片的右側還有一個燈柱。照片的右側還有一個樹木。照片的右側還有一個燈柱。照片的右側還有一個樹木。照片的右側還有一個燈柱。照片的右側還有一個樹木。照片的右側還有一個燈柱。照片的右側還有一個樹木。照片的右側還有一個燈柱。照片的右側還有一個樹木。照片的右側還有一個燈柱。照片的右側還有一個樹木。照片的右側還有一個燈柱。照片的右側還有一個樹木。照片的右側還有一個燈柱。照片的右側還有一個樹木。照片的右側還有一個燈柱。照片的右側還有一個樹木。照片的右側還有一個燈柱。照片的右側還有一個樹木。照片的右側還有一個燈柱。照片的右側還有一個樹木。照片的右側還有一個燈柱。照片的右側還有一個樹木。照片的右側還有一個燈柱。照片的右側還有一個樹木。照片的右側還有一個燈柱。照片的右側還有一個樹木。照片的右側還有一個燈柱。照片的右側還有一個樹木。照片的右側還有一個燈柱。照片的右側還有一個樹木。照片的右側還有一個燈柱。照片的右側還有一個樹木。照片的右側還有一個燈柱。照片的右側還有一個樹木。照片的右側還有一個燈柱。照片的右側還有一個樹木。照片的右側還有一個燈柱。照片
./dataset/20231208_223822.jpg,這張照片是在夜晚拍攝的，天空是深藍色的，可以看到一些星星。地面上有幾盞燈光，燈光下可以看到一些樹木和建築物。建築物的外觀是現代風格，有幾棟樓房和一些建築物的邊緣。地面上有一些人在活動，有幾個孩子在玩球，還有一些人在閒逛或坐著。地面上鋪有磚塊，看起來像是廣場或公園。照片的右側有一個大型的建築物，建築物的外觀是現代風格，有幾棟樓房和一些建築物的邊緣。地面上有一些人在活動，有幾個孩子在玩球，還有一些人在閒逛或坐著。地面上鋪有磚塊，看起來像是廣場或公園。照片的右側有一個大型的建築物，建築物的外觀是現代風格，有幾棟樓房和一些建築物的邊緣。地面上有一些人在活動，有幾個孩子在玩球，還有一些人在閒逛或坐著。地面上鋪有磚塊，看起來像是廣場或公園。照片的右側有一個大型的建築物，建築物的外觀是現代風格，有幾棟樓房和一些建築物的邊緣。地面上有一些人在活動，有幾個孩子在玩球，還有一些人在閒逛或坐著。地面上鋪有磚塊，看起來像是廣場或公園。照片的右側有一個大型的建築物，建築物的外觀是現代風格，有幾棟樓房和一些建築物的邊緣。地面上有一些人在活動，有幾個孩子在玩球，還有一些人在閒逛或坐著。地面上鋪有磚塊，看起來像是廣場或公園。照片的右側有一個大型的建築物，建築物的外觀是現代風格，有幾棟樓房和一些建築物的邊緣。地面上有一些人在活動，有幾個孩子在玩球，還有一些人在閒逛或坐著。地面上鋪有磚塊，看起來像是廣場或公園。照片的右側有一個大型的建築物，建築物的外觀是現代風格，有幾棟樓房和一些建築物的邊緣。地面上有一些人在活動，有幾個孩子在玩球，還有一些人在閒逛或坐著。地面上鋪有磚塊，看起來像是廣場或公園。照片的右側有一個大型的建築物，建築物的外觀是現代風格，有幾棟樓房和一些建築物的邊緣。地面上有一些人在活動，有幾個孩子在玩球，還有一些人在閒逛或坐著。地面上鋪有磚塊，看起來像是廣場或公園。照片的右側有一個大型的建築物，建築物的外觀是現代風格，有幾棟樓房和一些建築物的邊緣。地面上有一些人在活動，有幾個孩子在玩球，還有一些人在閒逛或坐著。地面上鋪有磚塊，看起來像是廣場或公園。照片的右側有一個大型的建築物，建築物的外觀是現代風格，有幾棟樓房和一些建築物的邊緣。地面上有一些人在活動，有幾個孩子在玩球，還有一些人在閒逛或坐著。地面上鋪有磚塊，看起來像是廣場或公園。照片的右側有一個大型的建築物，建築物的外觀是現代風格，有幾棟樓房和一些建築物的邊緣。地面上有一些人在活動，有幾個孩子在玩球，還有一些人在閒逛或坐著。地面上鋪有磚塊，看起來像是廣場或公園。照片的右側有一個大型的建築物，建築物的外觀是現代風格，有幾棟樓房和一些建築物的邊緣。地面上有一些人在活動，有幾個孩子在玩球，還有一些人在閒逛或坐著。地面上鋪有磚塊，看起來像是廣場或公園。照片的右側有一個大型的建築物，建築物的外觀是現代風格，有幾棟樓房和一些建築物的邊緣。地面上有一些人在活動，有幾個孩子在玩球，還有一些人在閒逛或坐著。地面上鋪有磚塊，看起來像是廣場或公園。照片的右側有一個大型的建築
./dataset/IMG20211016222242.jpg,這幅水彩畫展示了一組靜物，包括一個棕色的壺、一個切開的綠色蔬菜（可能是西紅柿）和一個完整的綠色蔬菜（可能是西紅柿）。背景是淡藍色和白色相間的漸變色，給整幅畫面帶來了柔和的氛圍。畫作的風格簡潔而生動，表現了靜物的形狀和顏色。畫紙的邊緣可以看到螺旋綁綁的裝訂線，顯示出這幅畫是用於繪畫的紙張。整體感覺清新自然，表現了作者對靜物的觀察和對色彩的運用。
./dataset/20240101_170315.jpg,這張照片展示了一片天空，天空中布滿了層層疊疊的雲層。雲層從深灰色漸變到淺灰色，並帶有粉紅色的光暈，顯示出日落時分的景象。雲層的形狀不規則，有些部分較厚，有些部分較薄，形成了豐富的層次感。在照片的下方，可以看到一些建築物的屋頂和建築物的邊緣，建築物的顏色為黃色和白色，建築物的屋頂上有一些綠色的植被。建築物的後方還有一些樹木，樹木的葉子已經變黃，顯示出秋天的季節。整體來說，這張照片捕捉到了一個美麗的日落時刻，天空的顏色和雲層的形狀構成了一幅動人的自然畫面。
./dataset/20231019_162954.jpg,這張照片從下往上拍攝，顯示了幾棟建築物和藍天白雲。建築物的外觀為現代風格，有玻璃窗和鋼筋混凝土結構。建築物的頂部有空調機組。天空中有一些雲彩，其中一處有飛機的飛行痕跡。照片的右側有一棵樹的部分樹冠。整體感覺是晴朗的天氣，建築物和樹木在陽光下顯得鮮明。
./dataset/IMG_20200213_084022_029.jpg,這張照片展示了一條街道的景象。街道兩側種植了高大的樹木，樹葉茂盛，綠意盎然。街道上有一輛紅色的車子停在路邊，車牌號碼為「AYJ8779」。路邊有一個行人道，上面有幾個行人，其中一個人穿着紅色外套，戴着口罩。街道的路面上有標誌性的標線，並設有交通燈。照片的右下角有「Good morning」的字樣，並附有黃色的雞蛋圖案。
./dataset/20240516_184450.jpg,這張照片顯示了城市天際線的夜景。照片的左側是深藍色的天空，右側是城市的建築物和燈光。建築物的輪廓在夜色中顯得非常突出，而燈光則在建築物的邊緣發出明亮的光芒。照片的右側還可以看到一些電線和燈柱，燈柱上掛有交通信號燈。整體來說，這張照片捕捉到了城市在夜晚的氛圍。
./dataset/11150465_632091760223983_3575136890666306989_n(1)(1).jpg,這張照片中有七個孩子，他們站在一堵灰色的牆邊。牆面有些斑駁，表面不平整。地面上鋪有一塊彩色的墊子，墊子上有幾種顏色的三角形圖案。孩子們的姿態各異，有的站着，有的蹲着，他們似乎在進行某種活動或遊戲。孩子們的衣著各不相同，有穿著長袖上衣和長褲的，也有穿著短袖上衣和短褲的。他們的鞋子也各不相同，有穿著運動鞋的，也有穿著涼鞋的。背景中沒有其他明顯的建築物或景物。
./dataset/IMG_0241 (1).JPG,這張照片是在夜晚拍攝的，背景是城市街道，有幾棟建築物和一輛停在路邊的車。照片中有十幾位年輕人站在一起，他們大多數都面帶微笑，並排站著，有些人互相擁抱。他們的服裝風格各異，有穿運動服、夾克、毛衣等。背景中可以看到樹木和街燈，樹枝上掛有一些綠葉。整體氛圍看起來很歡樂，像是朋友或團體聚會的場景。
./dataset/IMG_20180901_183358_972.jpg,這張照片顯示了一個餐廳的門口，門上貼有漢堡的廣告。門外有一個小孩，站在門前，似乎在等待進去。門上有一些中文標語，內容是「麥當勞沒開」，並附有兩個驚訝的表情圖標。門的玻璃上反射出室內的燈光和一些廣告牌。門的內部可以看到一些設備和裝飾，但因為照片的焦點在門外，所以看不清晰。
./dataset/11041444_632082346891591_9029786266950186140_n(1)(1).jpg,這幅壁畫繪於一棟建築物的外牆上，畫面中有一棵樹，樹幹為黑色，樹冠為綠色，樹頂有許多枝條。樹的後方有幾位女性和兒童，女性們的臉部表情開朗，兒童們則在樹下玩耍。女性們的衣著各異，有穿著紅色、黃色、粉紅色和灰色的衣服。背景中還有一些模糊的建築物和綠色的山丘。整體畫面色彩鮮豔，表現出一種歡樂和和諧的氛圍。
./dataset/IMG_20200206_083051_329.jpg,這張照片展示了一個鐵路車站的站台。照片中可以看到鐵軌、站台欄杆、鐵軌上方的電纜和鐵軌下方的軌道。站台上方有鐵架結構，鐵軌兩側有建築物。照片左下角有一個顯示器，顯示時間為12點。照片右下角有文字標註，顯示位置為「臺鐵屏東車站」。照片上還有一個表情符號，顯示為微笑的表情。
./dataset/IMG20220220145115.jpg,"這張圖片展示了一個關於塞拉爾（Georges Seurat）的展覽介紹板。展覽板上列出了塞拉爾的生平年表，從1859年出生到1891年逝世。年表中包括了塞拉爾的重要作品和事件，例如：

- 1878年，塞拉爾在法國美術學校接受傳統的學院派訓練。
- 1879年，塞拉爾參加了第四屆印象派畫家聯展，受到莫內和畢沙羅作品的影響。
- 1884年，塞拉爾在巴黎美術學院接受傳統的學院派訓練。
- 1884-1886年，塞拉爾獨立工作，與保羅·西格拉克建立友誼，發展分色主義，並成為點彩派技法的先驅。
- 1884年，塞拉爾的代表作《阿尼埃爾浴場》遭到巴黎沙龍的拒絕。
- 1884年，塞拉爾的第一件重要作品《阿尼埃爾浴場》被拒於沙龍。
- 1884年，塞拉爾的首次重要作品《阿尼埃爾浴場》被拒於沙龍。
- 1884年，塞拉爾的首次重要作品《阿尼埃爾浴場》被拒於沙龍。
- 1884年，塞拉爾的首次重要作品《阿尼埃爾浴場》被拒於沙龍。
- 1884年，塞拉爾的首次重要作品《阿尼埃爾浴場》被拒於沙龍。
- 1884年，塞拉爾的首次重要作品《阿尼埃爾浴場》被拒於沙龍。
- 1884年，塞拉爾的首次重要作品《阿尼埃爾浴場》被拒於沙龍。
- 1884年，塞拉爾的首次重要作品《阿尼埃爾浴場》被拒於沙龍。
- 1884年，塞拉爾的首次重要作品《阿尼埃爾浴場》被拒於沙龍。
- 1884年，塞拉爾的首次重要作品《阿尼埃爾浴場》被拒於沙龍。
- 1884年，塞拉爾的首次重要作品《阿尼埃爾浴場》被拒於沙龍。
- 1884年，塞拉爾的首次重要作品《阿尼埃爾浴場》被拒於沙龍。
- 1884年，塞拉爾的首次重要作品《阿尼埃爾浴場》被拒於沙龍。
- 1884年，塞拉爾的首次重要作品《阿尼埃爾浴場》被拒於沙龍。
- 1884年，塞拉爾的首次重要作品《阿尼埃爾浴場》被拒於沙龍。
- 1884年，塞拉爾的首次重要作品《阿尼埃爾浴場》被拒於沙龍。
- 1884年，塞拉爾的首次重要作品《阿尼埃爾浴場》被拒於沙龍。
- 1884年，塞拉爾的首次重要作品《阿尼埃爾浴場》被拒於沙龍。
- 1884年，塞拉爾的首次重要作品《阿尼埃爾浴場》被拒於沙龍。
- 1884年，塞拉爾的首次重要作品《阿尼埃爾浴場》被拒於沙龍。
- 1884年，塞拉爾的首次重要作品《阿尼埃爾浴場》被拒於沙龍。
- 1884年，塞拉爾的首次重要作品《阿尼埃爾浴場》被拒於沙龍。
- 1884年，塞拉爾的首次重要作品《阿尼埃爾浴場》被拒於沙龍。
- 1884年，塞拉爾的首次重要作品《阿尼埃爾浴場》被拒於沙龍。
- 1884年，塞拉爾的首次重要作品《阿尼埃爾浴場》被拒於沙龍。
- 1884年，塞拉爾的首次重要作品《阿尼埃爾浴場》被拒於沙龍。
- 1884年，塞拉爾的首次重要作品《阿尼埃爾浴場"
./dataset/20230730_204423.jpg,這張圖片顯示了一棵樹在夜晚的景象。樹木的樹幹和枝葉在黑暗中顯得模糊，但樹葉在月光或微弱的光源下微微發亮。背景是深色的夜空，有幾朵雲彩飄浮。整體氛圍顯得靜謐而神秘。
./dataset/1529165016722.jpg,這張照片顯示了兩位年輕人站在一座三角形建築前，建築的設計獨特，頂部有十字架。背景中可以看到許多穿著畢業袍的人，他們似乎正在參加畢業典禮。建築的周圍是綠色的草地和樹木，天空晴朗，陽光明媚。建築的設計風格與周圍的自然環境形成鮮明對比。照片中還有一些氣球，增加了慶祝的氛圍。
./dataset/IMG20220317145924.jpg,這張圖片展示了一片海岸線的景象。海浪輕拍著沙灘，形成白色的浪花。沙灘上沒有明顯的腳印或垃圾，看起來非常乾淨。遠處的海面上有一座小島，島上沒有植被，看起來像是岩石構成的。天空陰沉，雲層密布，整體氣氛略顯陰鬱。海浪不斷拍打著海岸線，產生了輕微的聲音。
./dataset/IMG20220315163142.jpg,這張照片展示了一片茂密的森林景象。前景中，有幾種不同的植物，包括一些高大的草本植物和樹葉茂盛的樹木。樹葉在微風中輕微搖曳，顯示出自然的動態。背景中，可以看到一排樹木，樹冠茂密，遮擋了部分天空。遠處，可以模糊地看到一片水域，可能是湖泊或海洋。天空呈灰白色，雲層厚重，顯示出一種陰沉的天氣。整體來說，這張照片呈現出一種寧靜而略帶憂鬱的自然風景。
./dataset/line_1521266827478.jpg,這張照片展示了一間服飾店內的展示櫃。櫃子上擺放著多種顏色的褲子，包括藍色、紅色、灰色、卡其色和深藍色。櫃子上標有不同尺寸的標籤，例如32、34、36、38、40等。櫃子上還貼有標籤，分別標示了褲子的款式，例如「SLIM FIT STRAIGHT」和「REGULAR FIT STRAIGHT」。櫃子的後方掛著一些襯衫，襯衫的顏色有藍色和黑色。櫃子的牆壁上還掛有一張展示圖，圖中展示了不同款式的褲子。
./dataset/20240212_172344.jpg,這張照片顯示了一片天空，天空的顏色從左側的深藍漸變到右側的淺黃，表明可能是日出或日落時分。天空中有一些薄雲，雲層較薄，沒有明顯的積雲或雷雨雲。照片的右側可以看到一些建築物，建築物的顏色主要是白色和灰色，建築物的頂部有一些綠色的樹葉。建築物的設計看起來像是住宅樓，樓上有許多窗戶。照片的右上角有一棵樹的樹冠，樹葉是深綠色的。整體來說，這張照片捕捉到了一個平靜的時刻，天空和建築物之間形成了和諧的景觀。
./dataset/IMG20220220161048.jpg,"這張圖片展示了一個展覽現場，牆上投影了兩幅畫作。左側的畫作顯示了兩艘帆船，船帆為藍色，背景是黃色和紫色的漸變色，表現出一種平靜的海面和天空。右側的畫作則是一艘單獨的帆船，背景是灰白色調，表現出一種靜謐的海景。兩幅畫作的風格類似，都採用了點彩技法，色彩鮮明且富有層次感。

牆上投影的畫作旁邊有一段文字，描述了這些畫作的風格和色彩。文字提到過去這些畫作的風格曾引發爭議，但現在人們已經理解了這些風格和色彩背後的原因，現在看起來格外動人和和諧。文字還標註了畫作的作者為保羅·席涅克（Paul Signac）。"
./dataset/20240313_125539.jpg,這張圖片顯示了一片灰暗的天空，雲層密布，幾乎遮蓋了整片天空。在雲層的間隙中，可以看到一束光線穿透雲層，形成幾道光線，這些光線在雲層的間隙中形成了幾道光束。光線的亮度較高，與周圍的灰暗雲層形成鮮明對比。光線的來源似乎是太陽，因為它在雲層的間隙中發出明亮的光芒。整體來說，這張圖片給人一種陰沉、陰鬱的感覺。
./dataset/1529165020535.jpg,這張照片中有兩位年輕人站在一棟三角形建築前。建築的設計獨特，頂部有一個十字架。背景中可以看到許多穿著畢業袍的人，他們似乎正在參加畢業典禮。建築後方有茂密的綠樹，天空晴朗，陽光明媚。照片前景中的兩位年輕人，一位穿著白色T恤和綠色短褲，另一位穿著畢業袍，袍子上有金色的裝飾。他們面帶微笑，似乎在慶祝畢業。
./dataset/1549433889665.jpg,這張照片中有五個人和兩隻狗。他們站在一條鄉村道路上，背景是一些樹木和一棟紅色的建築物。照片中的人們面帶微笑，站在一起，似乎是在合影。他們的衣著各異，有穿牛仔褲、運動鞋的，也有穿外套和運動服的。兩隻狗一隻是黑色的，另一隻是黃色的，都站在他們的前面。背景中還有一輛停在路邊的車子。整體來說，這是一張在鄉村地區拍攝的親密合影照片。
./dataset/IMG_20190318_143944_496.jpg,一隻白色的小狗正咬著一個綠色的恐龍玩具。恐龍玩具的嘴巴張開，露出白色的假牙和紅色的舌頭。小狗的嘴巴張開，似乎在咬住恐龍玩具的頭部。背景中可以看到幾個人的腳和一塊灰色的地板。
./dataset/IMG_20210425_153258_132.jpg,這張照片展示了一間健身房的內部。健身房內有多種健身器材，包括重量訓練機器和力量訓練器材。牆壁上掛有鏡子，鏡子反射出部分健身器材和正在健身的人。天花板上裝有方形的燈光，提供充足的照明。地面上鋪有灰色的地板，牆壁和天花板都是淺色的。照片中可以看到幾個人在使用健身器材，他們正在進行不同的運動。照片的右下角有一個標籤，上面寫著「@CITYFITNESS.TW」。
./dataset/IMG20200218145724.jpg,這張照片展示了一個公園的景觀。前景中有一個小池塘，池塘中有一些鯉魚在游動。池塘的邊緣種植了一些綠色的灌木和開花的植物，花色為紅色。池塘的對岸有一排樹木和灌木，樹木後方是幾棟現代建築，建築外牆為玻璃和鋼筋結構。建築的後方是晴朗的天空。公園內還有一些遊人，他們坐在長椅上或在樹下休息。整體環境看起來非常寧靜和美麗。
./dataset/20230720_191215.jpg,這張圖片展示了一間餐廳的內部。牆壁和檯面採用了木質裝修，牆壁上掛有日文書寫的標語。餐廳內有幾張長木桌，桌上擺放了餐具和酒瓶。牆上掛有幾盞圓形的燈籠，燈籠上也寫有日文。牆邊有一扇木製的門，門上也掛有日文標語。地板是木質的，牆邊有一個掛衣架。整體裝修風格呈現出傳統日式風格。
./dataset/11133855_632076186892207_7999180660867777456_n(1)(1).jpg,這張照片中有五位年輕人站成一排，他們似乎在一個室內空間，背景中可以看到一扇大窗戶和一些鐵網。這些年輕人穿着不同的外套，有穿黑色、灰色和紅色的。他們的姿態各異，有些人雙手合十，有些人雙手交握，還有一個人用手掩住臉。他們的神態看起來比較嚴肅，可能是在參加某種活動或會議。
./dataset/IMG_E0009.JPG,這張照片中，一個人站在戶外，背景是藍天和一棟高樓。這個人穿着深色的夾克和內搭的深色T恤，頭髮是黑色的，略顯凌亂。他面向前方，表情看不清楚，但看起來比較平靜。背景中的高樓建築是現代風格，建築的頂部有一些圓形的裝飾。照片的前景是模糊的綠色植被。
./dataset/IMG_20200928_155621_452.jpg,"這張圖片顯示了一輛車的內部，特別是前排乘客座位的側面。車內的座椅上有一個貼紙，貼紙上有一個卡通形象，形象是一個圓形的臉，臉上帶有兩隻眼睛和一個微笑的嘴巴，臉上還有一個手指向右上方的箭頭。貼紙的背景是白色，邊緣有黑色的邊框。貼紙下方有一個小的貼紙，上面寫著一些文字，但因為角度和距離的原因，無法完全辨識。

在圖片的中間部分，有一個藍色的方框，方框內有文字，文字是繁體中文，內容為：「第一次搭計程車可以不用在意跳表的頻率😂😂😂」，這段文字的意思是說第一次搭計程車時，可以不用太在意計程表的頻率變化。

在圖片的右下角，有一個紫色的方框，方框內有文字，文字也是繁體中文，內容為：「瑞昱半導體股份有限公司」，這段文字的意思是說這張圖片可能與瑞昱半導體股份有限公司有關。

整體來說，這張圖片主要展示了車內的座椅和一個貼紙，以及與計程車相關的文字描述。"
./dataset/IMG_20180615_111033_702.jpg,這張照片中，一個人站在一扇門前。他穿着一套黑色的西裝，搭配紅色領帶，看起來非常正式。背景是一扇裝飾有圓形裝飾的門，門的兩側有花卉裝飾。門的牆壁是淺色的，門的裝飾是深色的圓形。照片的照明較暗，但人物的面部和上半身仍然清晰可見。
./dataset/20230709_184647.jpg,這張照片顯示了一個城市天際線的景象。照片的右側可以看到一些建築物，建築物的顏色主要是白色和淺藍色，窗戶排列整齊。天空中有一些雲彩，雲彩的顏色從淺灰色到深灰色不等，部分雲彩被陽光照射，呈現出黃色和橙色的光澤。陽光從照片的右側照射過來，形成了光線和陰影的對比。整體來說，這張照片捕捉到了一個城市在日落時分的景象。
./dataset/20230805_175444.jpg,這張照片中，天空是藍灰色的，雲層稀疏，有幾朵白色的雲朵。照片的前景是幾棵樹，樹葉茂盛，綠色的樹葉在風中輕微搖曳。其中一棵樹的樹冠比較高大，樹葉呈扇形，看起來像是棕櫚樹。另一棵樹的樹葉比較細長，看起來像是常綠樹。照片的右側有一棵樹的樹冠比較茂密，樹葉緊密地簇擁在一起。整體來說，這張照片呈現出一種平靜的自然景象。
./dataset/20240316_172738.jpg,這張圖片顯示了一片藍色的天空，天空中布滿了細小的雲朵，這些雲朵散發出柔和的白色和灰色調。在圖片的右側，有一棟建築物的部分結構，建築物的外牆是淺色的，並可以看到一些窗戶和建築結構的細節。建築物的頂部有一個鐵梯。整體來說，這張圖片呈現出一種平靜的天際線景象。
./dataset/IMG20220313134816.jpg,這張照片展示了一片廣闊的農田，田地裡種植著綠油油的作物，可能是稻田。田地的後方是連綿的山丘，山丘上植被茂盛，遠處可以看到一些建築物，可能是農村或鄉鎮的建築。天空中雲層稀疏，有幾朵雲朵飄浮在空中，天空的顏色是藍色的，帶有一絲雲霧。照片的前景是一條道路，道路邊緣有一個護欄，護欄上有一些裝飾性的花朵圖案。整體來說，這張照片呈現出一種寧靜的鄉村風景。
./dataset/FB_IMG_1485272668261(1)(1).jpg,一隻狗正躺在地上，頭部稍微抬起，眼睛半閉，似乎在休息或打盹。狗的毛色是淺棕色，脖子上戴着一個綠色的項圈。狗的前爪伸展在身前，後腿則稍微彎曲。背景中可以看到一扇門和一塊灰色的地毯。有一隻手伸出來，手指張開，似乎在等待狗的反應。
./dataset/IMG20220317121708.jpg,這張照片展示了一個戶外的場景。照片中有兩個人物，他們正走在一個有鐵架構的場地內。這兩個人物分別攜帶著一個手提包和一個行李箱。背景中可以看到一些建築物和樹木，建築物的頂部有鐵架結構。場地內還有一些懸掛的環狀物體。照片上方有一塊標牌，上面寫著「寂寞上場了」。照片的右側有一個穿著藍色衣服、頭戴紅色帽子的人，正在推著一個行李箱。照片的左側有一個人，穿著棕色外套和藍色褲子，攜帶著一個棕色的手提包。地面是鋪設的磚塊，兩側有綠色的草地。
./dataset/IMG20220313112621.jpg,這張圖片展示了一片沙灘，沙灘上有一些淺色的沙子，沙灘邊緣有一條小溪，溪水清澈，流動緩慢。背景是藍色的海面，海面波光粼粼，反射著陽光。天空是晴朗的藍色，沒有明顯的雲彩。海邊有一些黑色的岩石，散落在沙灘上。整體環境看起來非常寧靜和美麗。
./dataset/1516339480359.jpg,這張圖片顯示了一台電視機，電視機屏幕上播放著一齣動畫節目。動畫節目中有一個藍色的貓型角色和一個戴著帽子的男孩角色。藍色的貓型角色正側著身，臉上露出驚訝的表情，而男孩角色則背對著觀眾，似乎在和貓型角色說話。電視機的右上角顯示了頻道標誌和頻道名稱。電視機前方的桌面上有一個綠色的瓶子。背景是室內環境，可以看到一扇窗戶和窗簾。
./dataset/IMG20220317155710.jpg,這張照片展示了一片鐵路線的景觀。鐵軌延伸至遠處，兩旁是茂密的綠色植被。鐵軌上方有幾根電纜線，電纜線的另一端連接到鐵路旁的電杆上。電杆上還掛有電線，電線垂掛在空中。背景是灰蒙蒙的天空，似乎有陰雲密布，天氣可能有些陰沉。遠處可以看到一片水域，可能是湖泊或海洋。照片的前景有一些樹枝和綠葉，顯得非常生動。整體來說，這張照片呈現了一種靜謐的鄉村風景，鐵路線與自然環境相融合。
./dataset/IMG_0243.JPG,這張照片中有兩個人坐在餐廳裡。前景中的人穿着灰色的長袖T恤和卡其色的褲子，頭戴一頂深色的帽子，正在用筷子夾著一塊巧克力和棉花糖的甜點。他面前的盤子上還有其他幾塊類似的甜點。背景中的人穿着黑色的上衣，頭髮短而黑，正在吃東西。兩個人坐在黑色的桌邊，桌上還有其他盤子和餐具。背景的牆壁是米色的，上面有幾何圖案的裝飾。
./dataset/IMG20220317144609.jpg,這張圖片展示了一片海岸線的景象。海浪輕柔地拍打着海岸，形成白色的泡沫。天空布滿了厚重的雲層，顏色偏暗，顯示出一種陰沉的天氣。遠處可以看到一些建築物和燈塔，燈塔位於海岸線的盡頭，與海浪形成對比。整體感覺是靜謐而肅穆的。
./dataset/IMG20220317144621.jpg,這張照片展示了一片海岸線，沙灘上有一些腳印。海浪輕拍著海岸，形成白色的浪花。遠處可以看到一些建築物和綠色的山丘，天空中有一些雲彩，但整體天氣似乎有些陰沉。照片中有兩個人在沙灘上行走，他們似乎在享受這片寧靜的海岸風景。
./dataset/1539522427004.jpg,這張照片展示了一條崎嶇的山徑，山徑兩側有鐵索護欄，用來保護遊客安全。山徑的路面上鋪有石塊，兩側是茂密的樹木和植被。天空陰沉，雲層厚重，顯示出一種陰鬱的氣氛。山徑的盡頭隱約可以看到一些樹木和岩石，遠處的山景在霧氣中若隱若現。
./dataset/20240721_180029.jpg,"這張白板上寫著一些數學和統計的內容，包括：

- 'Pclass' = '3' => 80%
- 'Pclass' = '3' => 60%
- 'train' = '3'
- 'early stopping'

此外，白板上還有一些圖形和箭頭，似乎在描述某種趨勢或過程。有一個綠色的曲線圖，標註了'early stopping'，這可能是指在訓練模型時，當模型開始過度擬合時，提前停止訓練以避免過度擬合。白板上還有一些點和箭頭，可能代表數據點和方向，但具體意義不詳。"
./dataset/IMG_20210521_121013_945.jpg,一盤放在木桌上的麵條，麵條放在一個藍色的花邊盤子中。盤子上有白色的花朵圖案。盤子中有一堆麵條，麵條看起來是煮熟的，表面有油光。盤子上還有一雙黑色的筷子，筷子放在麵條上。盤子下方的木桌是淺色的，表面有木紋。盤子的邊緣有白色的花邊裝飾。盤子上的文字是中文，寫著「終於可以吃到正常一點的食物」。
./dataset/IMG_20210801_143022_357.jpg,"這張圖片展示了一個電路圖，標題為「Scan 電路操作」。電路圖中包含幾個主要元件和信號，如下：

1. 左側電路圖：
   - T1、T2、T3、T4、T5、T6、T7、T8 等元件，這些似乎是場效應電晶體（FET）。
   - CK1、CK2、CK3、CK4、CK5 等信號線，這些可能是時鐘信號。
   - S1、S2、S2(N-1) 等元件，這些可能是開關或選通元件。
   - BT、P、VGH 等元件，這些可能是其他元件或電壓源。

2. 右側電路圖：
   - CK4 設為「Low」，S1 輸出為「Low」。
   - CK1、CK2、CK3、CK5 等信號線，這些可能是時鐘信號。
   - S1、S2、S2(N-1) 等元件，這些可能是開關或選通元件。
   - P 等元件，這些可能是其他元件或電壓源。

電路圖中還包含了一些波形圖，顯示了不同信號的時間波形，這些波形圖可能用於描述電路的時序行為。"
./dataset/IMG_20201119_153529_551.jpg,這張照片展示了一間咖啡館的內部。咖啡館的裝潢風格簡約現代，天花板上懸掛著幾根白色鐵管，鐵管上掛有幾盞燈光。牆壁上有一個展示架，上面擺放著幾盆綠色植物，增添了一絲自然的氛圍。咖啡館內有幾張圓形桌子和幾把椅子，桌子旁邊有幾個人在閒聊或工作。牆壁上有一塊黑板，上面寫著一些字。照片的右下角有一台開啓的筆記型電腦，屏幕上顯示著一些程式碼。照片的左下角有一個標籤，標籤上寫著「ERC CAFE 中和春嶺店 阿達阿永咖...」，顯示了咖啡館的名稱和位置。
./dataset/20240615_162927.jpg,這張照片中，一個人站在鏡子前，鏡子反射出他的全身。他穿着一件深藍色的背心和一條綠色的短褲。他的手臂自然垂下，右手舉起，手指輕輕撐著一部手機，似乎正在拍照。背景中可以看到一扇門和牆壁，牆壁上掛著幾面小旗子，上面有聖誕樹的圖案。門的顏色是深色的，門邊有一個把手。牆壁是白色的，門的側邊有一個開關和一個插孔。
./dataset/IMG20220108130436.jpg,這是一幅用鉛筆繪製的肖像畫，畫中人物為一位男性。畫家通過細膩的筆觸表現了人物的面部特徵，包括濃密的眉毛、深邃的眼睛、挺拔的鼻樑和鬍鬚。人物的頭髮略顯凌亂，散落在頭頂和兩側。畫作的背景簡單，沒有其他細節，突出了人物的面部特徵。整體風格簡潔而真實，表現了人物的神韻。
./dataset/11146271_632070006892825_1208349256353032373_n(1)(1).jpg,這張照片展示了一個室內場景，似乎是一個教室或會議室。牆壁上掛有一塊紅色的標語牌，上面寫著中文，內容為「信義鄉女大第二十四期傳統技藝編練研習班」。場地內有多名學生，他們似乎正在參與某種活動或遊戲。部分學生在活動中，有的在走動，有的在坐著，還有一名學生坐在地上。場地內還有幾臺吊扇，牆壁上貼有一些海報和通知。場地的一角堆放了一些行李和物品。
./dataset/20230820_181324.jpg,這張照片中，可以看到一場雨過天晴後的景象。天空中有一道明亮的彩虹，從左下角延伸到右上角，橫跨整個視野。彩虹的兩端幾乎接觸到地平線，顯示出彩虹的全貌。天空的顏色較為灰暗，可能是剛剛下過雨，雲層較厚。照片的右側有一棟建築，建築外牆是磚塊砌成的，窗戶和陽臺結構清晰可見。建築的顏色是淺色調，與天空形成鮮明對比。建築的左側有一棵樹，樹葉茂盛，部分遮擋了建築的一角。整體來說，這張照片捕捉到了雨後彩虹的美麗景象。
./dataset/20231019_134457.jpg,這張照片展示了一座建築物，建築物上方有中文標誌，寫著「金北市立內湖高級工業職業學校」。建築物為白色，有多個窗戶，建築物後方有幾棟建築和綠樹，天空藍色，雲朵稀疏。
./dataset/IMG20211016222136.jpg,這幅畫作是一幅水彩畫，畫面由多個色塊組成。上半部分以綠色為主，從淺綠到深綠，色塊之間有自然的漸變。下半部分則以藍色和紫色為主，色塊之間的邊界比較清晰。畫面中央有兩個相連的色塊，一個是橙色，另一個是黃色，兩者之間有漸變的色彩過渡。整體感覺色彩鮮豔，構圖簡潔，表現出一種抽象的美感。右側邊緣有一些深色的斑點，可能是畫家在創作過程中留下的筆跡。畫作右上角有手寫的日期和簽名。
./dataset/20230706_192642.jpg,這張照片顯示了一個城市夜景。照片的左側有一道明亮的光束，可能是建築物反射的光線。右側有一棵樹，樹葉在光線的照射下呈現出橙色的光斑。樹的後方有一棟建築物，建築物的窗戶和門口處有燈光亮起。建築物的頂部有一個電線杆，電線杆上掛著一盞燈。照片的右側還有一輛停在路邊的車輛。整體來說，這張照片捕捉到了城市夜景的氛圍，燈光和建築構成了夜間的城市景觀。
./dataset/20230820_163606.jpg,這張照片展示了一片廣闊的海面，海面波光粼粼，反射著天空的陰沉色彩。天空中布滿了厚重的雲層，雲層的顏色從深灰到淺灰漸變，顯示出一種沉悶的氣氛。海的對岸可以看到一些建築物和橋樑，建築物的輪廓在陰沉的天空下顯得模糊。遠處還有一些船隻在海面上航行，船隻的輪廓在海面上若隱若現。整體來說，這張照片給人一種寧靜卻略帶憂鬱的感覺。
./dataset/received_1410196075747319.jpeg,這是一盤炒麵，擺盤在一個方形的白色盤子上。炒麵中包含有細長的麵條，上面撒有切碎的肉末、豆芽、切絲的紅蘿蔔、青菜葉和一些碎黃色的蛋花。炒麵的表面還撒有一些黑色的調味粉，可能是胡椒粉或其他調味料。盤子的邊緣可以看到一些醬汁，可能是醬油或調味汁。盤子放在一個深色的木質桌面上，右上角還有一個白色的碗，碗中似乎裝有黃色的醬汁。
./dataset/1529166179728.jpg,這張照片中有六位畢業生，他們穿着黑色的畢業袍和帽子，頭上戴著畢業帽，臉上帶着微笑，似乎是在慶祝畢業。他們站在一棟建築物前，這棟建築物的設計獨特，頂部有尖塔，建築的玻璃窗反射著陽光。背景中可以看到綠色的樹木和藍色的天空，天氣晴朗。照片的右側有一個捧花，可能是畢業生的紀念品。照片的左側還可以看到其他幾位畢業生，他們也穿着畢業服，似乎正在拍照或準備拍照。
./dataset/1516339643989.jpg,這張照片中，有一隻穿著綠色恐龍造型雨衣的狗。狗的毛色為棕色，雨衣上有尖尖的綠色裝飾，看起來像是恐龍的鱗片。背景是一個室內環境，地上鋪有淺色的地板，後方有一個展示櫃，櫃子上擺放著各種容器和食品。照片左上角有兩個圓形的頭像和文字，顯示用戶名為“chen_chen_lee”，並標註了“35分鐘前”。照片右下角有相機和訊息的圖示，顯示這是從手機截取的圖片。
./dataset/IMG20220313132650.jpg,這張照片展示了一片廣闊的綠色稻田，稻田的邊緣有一排鐵絲網圍欄，圍欄的後方是連綿的山丘，山丘上植被茂盛，遠處的天空布滿了厚重的雲層，天空的顏色較暗，似乎預示著可能即將下雨。前景是一條水泥路，路邊有幾個鐵製的護欄。整體環境看起來像是農村地區，氣氛平靜而寧靜。
./dataset/IMG20211206125445.jpg,這張照片展示了一片藍天，天空非常清澈，沒有雲彩。照片的前景有一些樹木和一些建築物。建築物的外牆是淺色的，建築物的頂部有一些突出的柱子。建築物前面有一個鐵製的圍欄，圍欄上掛有一塊標牌，上面寫有「新竹市環境保護局 環保教育館」的字樣。照片的右側還有一輛停在路邊的汽車。照片的左側可以看到一些建築物的一部分，建築物的外牆是淺色的，上面有一些窗戶。照片的左側還有一些樹木，樹木的葉子在微風中輕輕搖曳。
./dataset/20230813_133717.jpg,"這張照片展示了一個城市街景。照片的左側有一棟建築，建築外牆是黃色的，上面有幾個開窗，窗戶上裝有鐵柵欄。建築的外牆上掛有幾個招牌，招牌上有中文文字。招牌的顏色主要是黃色和紅色。建築的頂部有一些電線和電力設備。

照片的右側可以看到幾根電線，電線延伸到照片的右側邊緣。背景中可以看到藍天和雲朵，雲朵蓬鬆，佔據了大部分的天空。照片的右側邊緣還有一棟高樓，樓頂有一些綠色植物。整體來說，這張照片呈現了一個晴朗天氣下的城市街景。"
./dataset/IMG_20211223_025059_865.jpg,這張圖片顯示了一本書的內頁，內容為中文文字。文字排版為左右對稱，每頁的上半部分和下半部分都包含有文字。文字內容涉及對生命意義、自我實現、追求幸福等哲學性話題的討論。文字的風格和內容顯示出這是一本哲學或心理學類的書籍。頁碼在左下角，頁碼為「一」。
./dataset/IMG20220415144451.jpg,這張照片顯示一個人的下半身，他穿着白色襯衫、深藍色長褲和黑色皮鞋。他的手腕上戴著一塊黑色錶帶的手錶。背景是灰色的方磚地面。
./dataset/IMG_20210704_010317_805.jpg,這張圖片顯示了一碗麵條，碗裡的麵條看起來是乾麵，碗邊有一雙筷子。圖片的背景是深色的，可能是木頭桌子。在圖片的中央，有數字「0102」，下方有一行中文文字「值得紀念的一天」，並附有一個微笑的表情符號。
./dataset/20240208_214138.jpg,這張圖片展示了一間書店的內部。書店的樓層較高，樓梯間有木質的樓梯和欄杆。書架上擺放著許多書籍，書籍的封面顏色多樣，書籍的標籤上寫有中文和英文。書架上有一塊標籤，上面寫著「中文學習」和「CHINESE LEARNING」。書店的天花板上有燈光照明，牆壁上有一些裝飾和標籤。書店的環境整潔，書籍排列有序。
./dataset/1528036889155.jpg,這張照片中有三個人坐在電影院的座位上。他們似乎是在觀看電影，因為背景中可以看到電影院的座位和屏幕。照片中的人們都面帶微笑，其中一個人在比出V字形的手勢。他們的周圍是空的座位，顯示他們可能是在觀看一部只有他們幾個觀眾的電影。照片的氛圍看起來很輕鬆和愉快。
./dataset/IMG20220315163009.jpg,這張圖片展示了一片廣闊的海景。海面波紋細微，遠處的海天交界處線條清晰。天空中雲層稀疏，顏色偏灰，可能預示著天氣變化。前景中，一側有茂密的綠色植被，樹葉在微風中輕搖。右側還有一塊突出的岩石，與海面形成對比。整體氛圍平靜而寧靜，透露出一種孤獨和寧靜的感覺。
./dataset/received_947869005313883(1)(1).jpeg,這張照片展示了一個公園的場景。照片中有一棵樹，樹幹粗壯，樹葉茂盛，綠意盎然。樹下是鋪設的水泥地面，地面上有樹蔭的影子。背景中可以看到幾棟建築物，建築物的牆壁是淺色的。在建築物的後方，有一個透明的電話亭。照片的右側還有一隻狗，它在樹蔭下閒適地走動。整體環境看起來很寧靜，陽光從樹葉間透下來，給整個場景帶來了溫暖的感覺。
./dataset/IMG_20210103_152046_254.jpg,這張照片是從車內拍攝的，鏡頭對準前方的道路。可以看到車輛停在路邊，前方有一輛銀色的車輛。道路兩側有樹木和建築物，遠處有山丘和藍天。天空中有一些雲彩，陽光從雲隙中透出，形成光束。車窗上有一些反光和污漬。照片底部有三個微笑的表情符號。
./dataset/20230814_170107.jpg,這張照片中，天空藍色，雲朵蓬鬆，主要由白色和灰色組成，雲層厚重，部分遮擋了陽光。照片的右側有一棟建築物，建築物的外牆顏色較深，窗戶和陽臺結構清晰可見。建築物的頂部有一部分樹葉，樹葉綠色，葉片茂密。照片的左側沒有明顯的建築物或樹木。
./dataset/12049672_901341439956652_8965602709708319412_n(1)(1).jpg,這張照片展示了一群人在室內表演舞蹈。背景中有一塊寫有“KAVI AZ”的布條，布條上方有幾個裝飾性的圖案。表演者們穿着統一的服裝，包括白色T恤、紅色圍巾和黑色褲子，頭上戴著紅色的頭巾。他們的動作同步，雙臂舉起，表情充滿活力。觀眾坐在前面，觀看表演。背景中可以看到一些電扇和窗戶。
./dataset/IMG20220311154839.jpg,這張照片展示了一個公園的場景。公園內有幾棵高大的樹木，樹葉茂盛，綠意盎然。樹下鋪有灰色的石板路，路邊有一些綠色的灌木和小樹。在公園的一角，有一塊石碑，上面寫著「城市光廊」的標語，並附有英文字樣「URBAN SPOTLIGHT」。石碑旁邊有一個坐著的人，他戴著一頂帽子，正在使用手機。背景中可以看到一些建築物，建築物的外牆是白色的，建築物的頂部有幾根高高的燈柱。天空晴朗，陽光充足，整個場景顯得非常明亮和開闊。
./dataset/20230712_193412.jpg,這張照片展示了一個城市的夕陽景色。天空從上到下由深藍色漸變到黃色，雲層稀疏，有幾朵雲彩在天空中飄浮。地平線附近可以看到一些建築物，建築物的頂部有一些設備，如衛星天線和煙囪。建築物的顏色較暗，可能是由於夕陽的光線照射不夠強烈。建築物的窗戶中有一部分發出微弱的光亮，顯示出室內還有人活動。照片的前景有一些建築物的屋頂和一些管道，這些管道可能是空調或排煙管道。整體來說，這張照片捕捉到了一個城市在夕陽時刻的靜謐和美麗。
./dataset/11013215_632066320226527_8668100809442272402_n(1)(1).jpg,這張照片顯示了一群學生在室內聚集的情景。背景牆上掛有一塊紅色的標語牌，上面寫有中文文字。牆壁上還貼有一些公告和圖片。房間內有三盞吊扇，天花板是白色的。學生們圍繞在桌子旁，似乎在進行討論或活動。學生們的樣貌和服裝各不相同，有穿著運動服、外套和毛衣的。房間的環境看起來像是學校或社區中心的教室。
./dataset/11133649_632060490227110_2179381470902027223_n(1)(1).jpg,這張照片中，有五位年輕人坐在室內的椅子上，似乎在進行一場討論或會議。他們坐在一排，背對著一扇大窗戶，窗戶旁邊有幾個掛在牆上的標語。牆上還有一個紅色的布條，上面寫著中文。牆壁上掛有一些彩色的布條和圖片，可能是學校或社區中心的裝飾。地板是淺色的，牆壁是白色的。照片中的人們表情自然，似乎在相互交流。
./dataset/20240129_152345.jpg,這張照片展示了一片綠意盎然的自然風景。前景中，有茂密的樹木和一些高大的草本植物，樹木的葉子在陽光下閃耀。中景部分，可以看到一些圍欄和種植區，種植區內有綠色的植物。背景中，遠處是連綿的山脈，山脈上有一些建築物，其中一座高聳的建築特別顯眼，可能是城市中的標誌性建築。天空晴朗，有幾朵雲彩飄浮在空中，整體氣氛非常寧靜和美麗。
./dataset/IMG20200328135705.jpg,這張照片展示了一個綠意盎然的園林景觀。前景中，樹枝錯綜複雜，葉子稀疏，顯露出一些樹幹。樹葉的顏色從淺綠到深綠不等，有些葉子已經開始轉黃。背景中，可以看到一些建築物，建築物的牆壁是淺色的，窗戶和門框是深色的。建築物後方有一些綠色的植被和灌木，還有一條小路蜿蜒而過。整體來說，這張照片呈現出一種自然與建築相融合的氛圍。
./dataset/20240602_165729.jpg,這是一本中文書籍的圖片，書頁上顯示的是第271頁。書頁上有一個標題「前推法」，並附有圖表和文字說明。圖表中包含幾個步驟，分別標註為「1. 開始專案相關內容」、「2. 主管/客戶討論期限」、「3. 與主管/客戶討論專案完成日」、「4. 取得共識」。每個步驟旁邊都有相應的圖示和文字說明。書頁上還有一些綠色的標籤，標籤上寫有「說明」、「步驟」、「執行」、「了解現況」等字樣。書頁的右上角標註了頁碼「271」。書頁的左側邊緣有一個指紋，顯示有人正在翻閱書頁。書頁的背景是白色的，書的封面和封底沒有顯示在圖片中。
./dataset/IMG_20180815_132759_105.jpg,這幅圖畫是一幅素描，描繪了一座教堂。教堂的建築風格獨特，尖頂上有一個十字架。教堂的牆壁和屋頂使用了三角形的結構，並以細線條表現出建築的細節。教堂的門口處有幾個人物，他們似乎在進出教堂。背景中可以看到一些樹木，顯示出教堂位於一個開闊的場地。整體畫面以黑白色調呈現，表現出一種沉靜和肅穆的氛圍。
./dataset/IMG20220425151640.jpg,這張照片展示了一個鐵路車站的站台。站台兩側是鐵軌，鐵軌上方有電纜線路。站台的地面鋪有水泥，邊緣有黃色的防滑條。站台兩側有燈柱和路牌，路牌上標有方向和號碼。背景中可以看到一些建築物和綠樹，天空晴朗，有幾朵雲。站台看起來比較空曠，沒有乘客或列車。
./dataset/20230806_165857.jpg,這張照片展示了一個城市公園的景觀。照片中可以看到一條鋪設有方磚的步道，兩旁種植了綠色的灌木和樹木。樹木茂盛，枝葉繁茂，為公園提供了良好的遮蔭。背景中可以看到一些建築物，建築物的外牆顏色為淺色，建築物的窗戶和門口處有招牌，顯示出商業活動的痕跡。天空是灰白色的，可能是陰天或清晨時分。整體環境看起來非常整潔和安靜，適合散步和休閒。
./dataset/1510931347355.jpg,這張圖片顯示了一台電視機，電視機屏幕上播放著一齣動畫節目。動畫節目中有一隻藍色的貓型機器人，名叫哆啦A夢，他正躺在地上，臉上露出不滿的表情。他的身邊有一隻白色的小貓，頭上戴着一頂紅色的帽子。背景是一個室內的場景，有粉紅色的門和書架。電視機的右上角顯示了頻道和節目的標誌。電視機放在一個黑色的桌子上，桌子後方有一塊灰色的布簾。
./dataset/IMG20220304152146.jpg,這張照片展示了一條鋪設好的道路，兩旁種植了高大的樹木。道路兩側的樹木枝繁葉茂，樹幹粗壯，樹冠遮蓋了大部分天空。道路的兩側有綠色的草地，草地邊緣有紅磚鋪成的小路。道路的盡頭可以看到一些建築物，建築物的外牆是白色的，窗戶是方形的，建築物的設計簡潔現代。天空晴朗，陽光照射在樹葉和地面上，形成了斑斕的光影效果。道路兩側沒有明顯的行人或車輛，環境非常寧靜。
./dataset/20240505_104435.jpg,這張照片展示了一間室內空間，可能是餐廳或咖啡廳。照片中可以看到一個現代風格的座位區，座位區的牆壁上鋪有白色和黑色的幾何圖案地磚。座位區的牆壁上有一排黑色的長椅，長椅的後方有一個黑色的長方形裝飾板。在座位區的前方有一張木製的圓桌，桌面上放著一些餐具和杯子。在圓桌的後方有一個長形的座位區，座位區的牆壁上有一個裝飾性的圓形裝飾品。在座位區的後方有一個玻璃門，門外可以看到一個開放式的空間，裡面有幾張桌子和椅子，還有一些植物裝飾。整體空間的裝修風格現代簡約，燈光柔和。
./dataset/20240413_181529.jpg,這張照片中，一個人站在鏡子前，鏡子反射出他的全身。他穿着一件橄欖綠的長袖T恤和灰色的短褲，雙臂自然垂下，右手輕輕撐在鏡子上。背景是一個室內環境，牆壁是白色的，地面上鋪有白色的方磚。牆上掛有一些小旗子，旗子上寫有中英文。牆角有一個門，門上有一些標誌和按鈕。門的另一側有一個開關和一個插座。門的後方有一個洗手池，洗手池上方有一個水龍頭。洗手池旁邊有一個黃色的警告標誌，上面寫有中英文。照片的右上角有一個銀色的水龍頭。
./dataset/IMG20220119015041.jpg,"這張圖片顯示了一張方格紙上的手繪圖。圖中有幾個不同的圖案和文字。圖案包括：

1. 一些類似於時鐘的圖形，上面寫著「The Hour」。
2. 一個類似於兔子耳朵的圖形。
3. 一個類似於雲朵的圖形。
4. 一個類似於心形的圖形。
5. 一個類似於圓形的圖形，上面寫著「The Hour」。

這些圖案似乎是隨意地排列在方格紙上，並沒有特定的排列方式。"
./dataset/20230729_111913.jpg,這張圖片展示了一棵樹的樹冠。樹葉茂盛，呈深綠色，葉片寬大，葉緣光滑。樹幹粗壯，樹枝分叉多，樹冠寬廣，遮蓋了大部分天空。背景中可以看到一些建築物的屋頂，表明這棵樹可能位於一個城市或鄉村的住宅區。整體感覺是自然與建築的融合。
./dataset/IMG_20171118_203820_725.jpg,這張照片顯示了一張餐桌，上面擺放著幾樣食物。可以看到一塊烤得金黃的雞腿，上面有烤焦的痕跡，表面看起來有些油光。雞腿旁邊有一個叉子，叉子的尖端插入雞腿中。在雞腿的後方，有一個小碗，碗裡裝著一塊巧克力蛋糕，蛋糕上有一層奶油。在巧克力蛋糕的後方，有一個小碟子，碟子裡裝著一塊巧克力蛋糕。在巧克力蛋糕的後方，有一個透明的玻璃杯，裡面裝著黃色的飲料。在巧克力蛋糕的後方，有一個小碟子，碟子裡裝著一塊巧克力蛋糕。在巧克力蛋糕的後方，有一個透明的玻璃杯，裡面裝著黃色的飲料。在巧克力蛋糕的後方，有一個透明的玻璃杯，裡面裝著黃色的飲料。在巧克力蛋糕的後方，有一個透明的玻璃杯，裡面裝著黃色的飲料。在巧克力蛋糕的後方，有一個透明的玻璃杯，裡面裝著黃色的飲料。在巧克力蛋糕的後方，有一個透明的玻璃杯，裡面裝著黃色的飲料。在巧克力蛋糕的後方，有一個透明的玻璃杯，裡面裝著黃色的飲料。在巧克力蛋糕的後方，有一個透明的玻璃杯，裡面裝著黃色的飲料。在巧克力蛋糕的後方，有一個透明的玻璃杯，裡面裝著黃色的飲料。在巧克力蛋糕的後方，有一個透明的玻璃杯，裡面裝著黃色的飲料。在巧克力蛋糕的後方，有一個透明的玻璃杯，裡面裝著黃色的飲料。在巧克力蛋糕的後方，有一個透明的玻璃杯，裡面裝著黃色的飲料。在巧克力蛋糕的後方，有一個透明的玻璃杯，裡面裝著黃色的飲料。在巧克力蛋糕的後方，有一個透明的玻璃杯，裡面裝著黃色的飲料。在巧克力蛋糕的後方，有一個透明的玻璃杯，裡面裝著黃色的飲料。在巧克力蛋糕的後方，有一個透明的玻璃杯，裡面裝著黃色的飲料。在巧克力蛋糕的後方，有一個透明的玻璃杯，裡面裝著黃色的飲料。在巧克力蛋糕的後方，有一個透明的玻璃杯，裡面裝著黃色的飲料。在巧克力蛋糕的後方，有一個透明的玻璃杯，裡面裝著黃色的飲料。在巧克力蛋糕的後方，有一個透明的玻璃杯，裡面裝著黃色的飲料。在巧克力蛋糕的後方，有一個透明的玻璃杯，裡面裝著黃色的飲料。在巧克力蛋糕的後方，有一個透明的玻璃杯，裡面裝著黃色的飲料。在巧克力蛋糕的後方，有一個透明的玻璃杯，裡面裝著黃色的飲料。在巧克力蛋糕的後方，有一個透明的玻璃杯，裡面裝著黃色的飲料。在巧克力蛋糕的後方，有一個透明的玻璃杯，裡面裝著黃色的飲料。在巧克力蛋糕的後方，有一個透明的玻璃杯，裡面裝著黃色的飲料。在巧克力蛋糕的後方，有一個透明的玻璃杯，裡面裝著黃色的飲料。在巧克力蛋糕的後方，有一個透明的玻璃杯，裡面裝著黃色的飲料。在巧克力蛋糕的後方，有一個透明的玻璃杯，裡面裝著黃色的飲料。在巧克力蛋糕的後方，有一個透明的玻璃杯，裡面裝著黃色的飲料。在巧克力蛋糕的後方，有一個透明的玻璃杯，裡面裝著黃色的飲料。在巧克力蛋糕的後方，有一個透明的玻璃杯，裡面裝著黃色的飲料。在巧克力蛋糕的後方，有一個透明的玻璃杯，裡面裝著黃色的飲料。在巧克力蛋糕的後方，有一個透明的玻璃杯，裡面裝著黃色的飲料。在巧克力蛋糕的後方，有一個透明的玻璃杯，裡面裝著黃色的飲料。在巧克力蛋糕的後方，有一個透明的玻璃杯，裡面裝著黃色的飲料。在巧克力蛋糕的後方，有一個透明的玻璃杯，裡面裝著黃色的飲料。在巧克力蛋糕的後方，有一個透明的玻璃杯，裡面裝
./dataset/IMG20220309152623.jpg,這兩幅畫作被掛在牆上，每幅畫作都裝在一個淺色的木框中。每幅畫作的主題都是圍繞著一群穿着白色上衣和藍色短褲的人物，這些人物頭戴尖頂帽，手舉著旗幟。左側的畫作背景是綠色的草地，右側的畫作背景則是粉紅色的地面，上面有彩色的紙屑和一些綠色的三角形旗幟。兩幅畫作的風格鮮明，色彩豐富，人物排列有序，表現出一種歡樂的氛圍。
./dataset/IMG20220317121721.jpg,這張照片展示了一個公園或遊樂場的場景。照片中有一個穿著藍色長裙、頭戴紅色帽子的雕像，雕像手持一個紅色和黃色相間的包，並拖著一個藍色的行李箱。雕像位於公園的入口處，入口上方有一個橫幅，上面寫著中文，內容為：「人生總有許多巧合，兩條平行線也可能會有交會的一天」。橫幅的顏色為深藍色，字體為金色。公園的背景中可以看到一些綠色的樹木和一些建築物，建築物的顏色為綠色和灰色。公園的地面上鋪有灰色的磚塊，公園的邊緣有一個綠色的圍欄。公園的入口處還掛著一些環狀的裝飾品。
./dataset/IMG20220304164345.jpg,這張照片中，有一隻棕色的狗坐在灰色的地面上。狗的毛色是淺棕色，耳朵立起，脖子上綁了一條白色和藍色相間的圍巾。地面上散落著一些枯葉。狗的尾巴微微翹起，身體稍微傾向一邊，看起來像是在等待某個指令或注意著什麼。背景是灰色的地面，沒有其他明顯的景物。
./dataset/received_947869508647166(1)(1).jpeg,這張照片展示了一棵開滿粉紅色花朵的樹，樹枝上掛滿了粉紅色的花朵，背景是一片綠色的樹叢和一堵紅磚牆。紅磚牆下方有一塊草地，草地上散落著幾塊石頭。背景中還可以看到一些建築物的部分。整體環境看起來像是在一個公園或庭院裡。
./dataset/1528557866328.jpg,這張照片中有三個人站在一起，背景是一個建築物，建築物上有中文標語。照片中的人們看起來是在慶祝畢業典禮。最前面的年輕人穿着畢業袍，懷裏抱着一束花，看起來非常開心。他的兩旁是兩位成年人，他們看起來像是他的家人。背景中可以看到其他人在參加畢業典禮，有些人也穿着畢業袍。照片的氛圍非常歡樂和喜慶。
./dataset/20230814_171635.jpg,這張照片顯示了一個城市街景。天空中有一些雲彩，陽光從雲隙中透出，照耀在樹葉上。樹木茂盛，樹冠遮蓋了大部分的天空。樹的後方可以看到一棟建築物，建築物的窗戶和陽台清晰可見。建築物的顏色是淺色的，可能是米色或黃色。建築物的窗戶排列規整，有許多個。建築物的後方還有一些其他建築物的輪廓，但因為角度和距離的原因，無法辨識細節。照片的右側有一輛車的部分視野，車子停在建築物的前面。整體來說，這張照片捕捉到了一個晴朗天氣下的城市街景。
./dataset/IMG20220315164821.jpg,這張照片展示了一片海景，遠處可以看到一些島嶼和建築物。海面上有幾艘船隻，天空中有一些雲彩，雲層較薄，天空呈淡藍色。前景中有一些綠色的植被和一塊鐵製的護欄。照片的右側有一些樹葉，遮擋了一部分視野。整體感覺是清晨或傍晚時分的海景。
./dataset/IMG20220309120712.jpg,這張照片展示了一個現代化的公園或廣場。公園內有一條蜿蜒的水道，水道兩側鋪設了灰色的混凝土路面。水道兩側種植了幾棵樹，樹木的樹幹較細，樹冠尚未完全長成。公園的建築物以白色為主，建築風格簡潔現代，建築物的外牆上有一些開窗。背景中可以看到一些建築物，建築物的外牆顏色較深，與前景的白色建築形成對比。天空晴朗，陽光充足，整個場景顯得非常明亮。
./dataset/20240615_205332.jpg,"這是一張書的封面，封面上有以下內容：

- 左上角有「Dr. Sheheryar Bamuri」的標題。
- 中間有大字「決策」，下方有小字「決策的關鍵」。
- 右側有「Decisive Mind」的英文字樣。
- 封面的右側有一個橙色的折價標籤，上面寫著「79折」。
- 封面的右側還有一個黑色的剪影圖案，圖案中有一個人舉著旗子。
- 封面的右側還有一些文字，包括「從改變生活的重大選擇到每天要面對的日常決定」、「如何擺脫總是想要選擇方便的發懶人性」、「告別一事無成，成為更高效的自己」等。
- 封面的右側還有一些推薦人的名字，包括「孫憶文」、「朱楚文」、「陳鳳馨」、「孔胡綸」、「孫憶文」、「朱楚文」、「陳鳳馨」、「孔胡綸」、「孫憶文」、「朱楚文」、「陳鳳馨」、「孔胡綸」、「孫憶文」、「朱楚文」、「陳鳳馨」、「孔胡綸」、「孫憶文」、「朱楚文」、「陳鳳馨」、「孔胡綸」、「孫憶文」、「朱楚文」、「陳鳳馨」、「孔胡綸」、「孫憶文」、「朱楚文」、「陳鳳馨」、「孔胡綸」、「孫憶文」、「朱楚文」、「陳鳳馨」、「孔胡綸」、「孫憶文」、「朱楚文」、「陳鳳馨」、「孔胡綸」、「孫憶文」、「朱楚文」、「陳鳳馨」、「孔胡綸」、「孫憶文」、「朱楚文」、「陳鳳馨」、「孔胡綸」、「孫憶文」、「朱楚文」、「陳鳳馨」、「孔胡綸」、「孫憶文」、「朱楚文」、「陳鳳馨」、「孔胡綸」、「孫憶文」、「朱楚文」、「陳鳳馨」、「孔胡綸」、「孫憶文」、「朱楚文」、「陳鳳馨」、「孔胡綸」、「孫憶文」、「朱楚文」、「陳鳳馨」、「孔胡綸」、「孫憶文」、「朱楚文」、「陳鳳馨」、「孔胡綸」、「孫憶文」、「朱楚文」、「陳鳳馨」、「孔胡綸」、「孫憶文」、「朱楚文」、「陳鳳馨」、「孔胡綸」、「孫憶文」、「朱楚文」、「陳鳳馨」、「孔胡綸」、「孫憶文」、「朱楚文」、「陳鳳馨」、「孔胡綸」、「孫憶文」、「朱楚文」、「陳鳳馨」、「孔胡綸」、「孫憶文」、「朱楚文」、「陳鳳馨」、「孔胡綸」、「孫憶文」、「朱楚文」、「陳鳳馨」、「孔胡綸」、「孫憶文」、「朱楚文」、「陳鳳馨」、「孔胡綸」、「孫憶文」、「朱楚文」、「陳鳳馨」、「孔胡綸」、「孫憶文」、「朱楚文」、「陳鳳馨」、「孔胡綸」、「孫憶文」、「朱楚文」、「陳鳳馨」、「孔胡綸」、「孫憶文」、「朱楚文」、「陳鳳馨」、「孔胡綸」、「孫憶文」、「朱楚文」、「陳鳳馨」、「孔胡綸」、「孫憶文」、「朱楚文」、「陳鳳馨」、「孔胡綸」、「孫憶文」、「朱楚文」、「陳鳳馨」、「孔胡綸」、「孫憶文」、「朱楚文」、「陳鳳馨」、「孔胡綸」、「孫憶文」、「朱楚文」、「陳鳳馨」、「孔胡綸」、「孫憶文」、「朱楚文」、「陳鳳馨」、「孔胡綸」、「孫憶文」、「朱楚文」、「陳鳳馨」、「孔胡綸」、「孫憶文」、「朱楚文」、「陳鳳馨」、「孔胡綸」、「孫憶文」、「朱楚文」、「陳鳳馨」、「孔胡綸」、「孫憶文」、「朱楚文"
./dataset/IMG20220317143403.jpg,這張照片中，一個人站在海邊，腳邊是海浪拍打的沙灘。他穿着一件深色的外套和淺色的牛仔褲，腳上沒有穿鞋。背景是海浪和遠處的島嶼，天空中有一些雲彩。海浪看起來比較平靜，但已經開始形成波峯。遠處的島嶼在海平面上若隱若現，天空則是灰蒙蒙的，可能暗示著天氣有些陰沉。
./dataset/20240517_163313.jpg,這張照片顯示了一片城市景觀。天空中有一些雲彩，陽光從雲隙中透出，形成光線。照片的右側有一棟建築，建築外牆顏色為淺色，窗戶和門窗的框架為深色。建築頂部有一些綠色的遮陽篷。建築旁邊有一個鐵製的圍欄，圍欄的顏色為淺藍色。建築後方還可以看到其他幾棟建築，建築的顏色和風格各不相同。照片的左側是天空，天空中有一些雲彩，陽光從雲隙中透出，形成光線。
./dataset/received_947869631980487(1)(1).jpeg,這張照片展示了一棵開滿粉紅色花朵的樹，樹枝上掛滿了粉紅色的花瓣，樹葉是綠色的。樹的後方有一條小路，兩旁是綠色的草地和一些樹木。小路的兩側有磚牆，牆上有一些磚塊的縫隙。照片的右側有一個紅磚建築的部分，建築的牆壁是紅色的，牆上有一些斑點。背景中可以看到一些綠色的樹葉和天空。
./dataset/IMG20220304201029.jpg,這張照片展示了一條鋪設有方磚的小路，兩旁種植了綠色的灌木和樹木。小路兩側的燈光柱發出明亮的光線，照亮了小路。遠處可以看到一些建築物，建築物的窗戶發出微弱的光亮。夜空是深邃的黑色，只有燈光和建築物的光亮為這片區域帶來了光亮。整體環境看起來像是在一個公園或社區的步道上。
./dataset/IMG20220304163600.jpg,這張照片展示了一座現代建築風格的教堂，建築外形為三角形，頂部有一個十字架。教堂的外牆主要由玻璃和鋼構組成，反射出夕陽的光芒，呈現出金黃色調。教堂前方有一片綠色的草地，草地上散落着幾棵樹木，樹葉在微風中輕輕搖曳。教堂後方是更多的樹木和一些建築物，遠處的天空是藍色的，沒有雲彩。道路兩側有樹蔭，樹枝垂下，遮擋了部分陽光。照片中還有一個穿著紅色上衣的人，正從教堂前經過。
./dataset/IMG20220314203518.jpg,一盤食物擺放在紙盤上，紙盤放在一個有書法風格圖案的桌布上。紙盤上有一隻大蝦，蝦的頭部朝向紙盤的左側，蝦的尾部朝向紙盤的右側。蝦的頭部和尾部之間有兩根竹签串著，竹签的另一端插入蝦的身體。蝦的身體上有一些調味料。紙盤的右側有四根竹签串著一些小塊的食物，這些食物看起來像是烤製的蘑菇和雞肉。這些食物上也有些調味料。整體看起來像是燒烤或串燒的食品。
./dataset/20240714_223417.jpg,這張白板上寫著一些程式碼和數學運算。白板上寫著兩個字典：`d1` 和 `d2`，每個字典包含幾個鍵值對。`d1` 包含鍵值對 `'a': 6` 和 `'b': 7`，而 `d2` 包含鍵值對 `'a': 7`，`'c': 20` 和 `'d': 4`。此外，白板上還寫著一個 `for` 迴圈，用來計算 `d2` 中每個鍵的值乘以 `d1` 中對應鍵的值，並將結果累加到 `sum` 變數中。最後，白板上還寫著一個 `if` 條件語句，以及一個返回值的語句，計算 `d1` 中的鍵值對總和減去 `d2` 中的鍵值對總和。
./dataset/IMG20220622174913.jpg,這是一幅用鉛筆繪製的肖像畫，畫中人物為一位女性。她有長髮，頭髮齊齊地垂在兩側，並帶有前額的瀏海。她的臉部特寫表現出細膩的線條和層次感，眼睛大而明亮，鼻子挺拔，嘴巴微張，表情平靜。她穿著一件黑色的衣服，領口處有一條黑色的帶子。畫面右下角有簽名和日期，日期為2022年6月22日，簽名為“Aaron”。整體畫面以黑、白、灰色調呈現，表現出一種簡潔而真實的風格。
./dataset/received_1577644125665313.jpeg,"這張照片展示了一張木桌上的餐點。桌上有兩種不同的餐點擺放：

1. 左側的餐點：一個鐵鍋裡裝有烤肉，上面淋有醬汁，搭配一些蔬菜，如西兰花和土豆塊。鐵鍋放在一個木製托盤上，托盤上還放有兩小碟蔬菜沙拉，一碟是生菜和番茄，另一碟是生菜和黃瓜。

2. 右側的餐點：一個鐵鍋裡裝有類似披薩的食物，表面撒有香料，放在一個木製托盤上。托盤上還放有兩小碟蔬菜沙拉，一碟是生菜和番茄，另一碟是生菜和黃瓜。此外，還有一個裝有黃色醬汁的玻璃罐，可能是醬汁或調味料。

桌上還有一個裝有黃色醬汁的玻璃罐，可能是醬汁或調味料。整體擺盤風格簡約，食物色調豐富，看起來非常美味。"
./dataset/IMG20220317125755.jpg,這張照片展示了一片湖泊，湖水清澈，反射出天空和遠處的建築。湖邊有綠色的草地和樹木，樹枝上長滿了綠葉。遠處有一座現代建築，建築的外牆由多個三角形構成，反射出天空的藍色和白色的雲朵。建築後方是連綿的山丘，山丘上長滿了綠樹。天空中有一些雲彩，但整體天氣比較陰沉。照片的右上角有一片樹枝，樹枝上長滿了綠葉。
./dataset/IMG20220317142731.jpg,這張照片展示了一片沙灘，沙灘上有一些腳印。海浪輕拍著海岸線，形成白色的浪花。遠處可以看到一些建築物和綠色的山丘，天空中雲層密布，天色略顯陰沉。海面波濤洶涌，但波浪不高。沙灘上只有幾個人，他們似乎在享受海邊的風景。
./dataset/1529166209676.jpg,這張照片展示了一群畢業生在戶外的場景。他們身穿黑色的畢業袍，胸前佩戴着畢業證書和徽章，頭戴畢業帽。背景中有一座現代建築，建築的設計獨特，由多個三角形構成，頂部高聳，玻璃窗反射著天空。建築周圍是綠色的樹木和草地，天空晴朗，有幾朵雲彩。照片中還有一些旁觀者，他們中有些人撐著雨傘，似乎是在等待或觀看某個活動。地面上鋪有水泥，整個場景充滿了慶祝的氣氛。
./dataset/IMG_20210805_204411_397.jpg,這張圖片展示了一位女性，她坐在戶外的草地上，頭部仰起，似乎在享受大自然的氛圍。背景是模糊的自然景觀，可能是一片田野或草地。圖片的右上角有標籤“#HighlySensitive”，左下角有文字“高敏感族的潛藏特質是與生俱來的一種天賦”，右下角有“-心靈-”的標籤，左下角有“@poplady.mag”的標籤。整體風格帶有感性與沉思的氛圍。
./dataset/20230805_155544.jpg,一罐裝有深色飲料的玻璃罐子放在木質桌面上。罐子的蓋子是銀色的，罐子的邊緣有斑點裝飾。罐子的蓋子上插著一根白色的吸管。背景中可以看到一扇鐵網門和一株植物。
./dataset/IMG_20200220_215542_413.jpg,這張圖片展示了一包金黃色的巧克力包裝，上面有“Lindt”和“LINDOR”的標誌，以及“ASSORTED”的字樣。包裝上還有一個巧克力流動的圖案，並寫有“RESISTIBLY SMOOTH ASSORTED CHOCOLATE TRUFFLES”的文字。包裝的底部標註了“NET WT 6 OZ (168g)”。背景中可以看到一張寫有數學公式和圖形的紙張。此外，包裝上還有一個藍色的框，框內寫有“工作之餘還有超貴的巧克力”並附有三個微笑的表情符號。
./dataset/IMG20220304164341.jpg,這張照片中，有一隻棕色的狗坐在灰色的地面上。狗的毛色是棕色，耳朵尖尖的，脖子上戴着一個藍色的項圈，項圈上掛著一個紅色的東西。地面上散落著一些枯葉。狗的姿態是後腿跪地，前腿伸直，頭部朝向照片的右側。
./dataset/IMG20220309152828.jpg,這張圖片展示了一個室內空間，牆壁上掛有幾件藝術品。左側的圓形裝置由多個小方格組成，每個小方格內都有不同的圖案或圖像，背景色為綠色。右側牆壁上掛有一幅四格的畫作，每格中都有不同的人物圖像。牆壁下方有一個木製的裝置，形狀類似一個小船，船頭部分有一個小窗戶，窗戶內有一個穿太空服的人物圖像。地面為白色，牆壁為白色，空間內部裝修簡潔。
./dataset/IMG20220122131933.jpg,這是一幅用鉛筆繪製的肖像畫，畫中人物為一位留有鬍鬚的男性。畫家使用了細膩的筆觸來表現人物的面部特徵，包括眉毛、眼睛、鼻子和嘴巴等細節。人物的頭髮是短而凌亂的，鬍鬚濃密且有形狀。畫作的背景簡單，主要集中在人物的臉部和上半身。畫作右下角有簽名和日期，寫著「2022.1.22 Aaron」。整體風格寫實，表現出人物的真實感。
./dataset/10408707_632081723558320_553556166406357162_n(1)(1).jpg,這張照片中，一個人站在一個有柱子的陽台前。他穿着一件黑色的連帽外套，外套上掛著一個寫有中文的名牌。他的雙手舉起，做出開心的姿勢。背景中可以看到一些樹木和一輛停在陽台邊的黑色汽車。陽台的欄杆上掛著一個粉紅色的氣球。背景的遠處可以看到一些山丘和綠樹。
./dataset/20240506_211539.jpg,這張照片顯示了一個街頭的場景。照片中可以看到一排停在路邊的機車，機車前後排排整齊。機車旁邊有一個建築物，建築物的招牌上寫著「DEVILCAS」和「獅子林」等字樣。招牌上還有其他廣告和標語，但因為角度和距離的原因，無法完全辨識所有內容。建築物的門口處有一些人，似乎在進出建築物。建築物的外牆上還有一些廣告牌，顯示了不同的商品或服務。照片的右側是一條道路，路面看起來比較寬敞。照片的左側有一輛黃色的車子停在建築物的門口處。整體來說，這張照片展示了一個城市街頭的日常景象。
./dataset/IMG20210829110337.jpg,這張照片展示了一條城市街道的景象。街道兩側種植了茂盛的樹木，樹蔭下有幾個人在閒逛。道路兩側停滿了許多機車，機車停在人行道邊緣。道路旁邊有一排建築物，建築物外牆為紅色，窗戶排列整齊。天空晴朗，有幾朵雲彩，顯示出一個晴朗的天氣。道路中央有交通標誌和路燈，路燈杆上掛有黃色的標誌牌。整體環境看起來非常平靜，人們在享受著晴朗的天氣。
./dataset/IMG_20211117_002419_884.jpg,這張照片中，一個人正舉著一個黃色的東西，可能是食物。背景是淺色的牆壁，牆壁上有一條淺色的線條。這個人的頭髮是淺色的，頭髮的後方有幾根比較長的頭髮。這個人的臉部表情看起來有點不開心，嘴巴張開，露出一點牙齒。
./dataset/IMG20220220160812.jpg,這張照片展示了一個室內展覽場景。牆上投影了三幅畫作，畫面中是風景畫，有樹木、建築和遠山。牆壁是黑色的，頂部有幾盞燈。牆前有幾位觀眾，他們在觀看和拍照。其中一位穿著紅色外套的女士正在用相機拍照。其他觀眾則在觀看畫作。
./dataset/IMG_20180530_130940_141.jpg,這張照片展示了一桌的火鍋餐點。桌上有兩種不同的鍋底，分別是清湯和麻辣湯。桌上擺放了多樣的食材，包括生菜、金針菇、白菜、豆腐、肉片、海鮮等。此外，還有一些調味料和醬料，如蒜泥、醬油等。桌面上還有一盤切好的豬肉片，準備放入鍋中烹煮。桌邊有兩雙筷子和兩個空碗，準備供客人使用。照片右下角有文字標註，顯示這家店名為「肉多多火鍋-台中中科店」。
./dataset/20231104_165139.jpg,這張照片顯示了一群人在戶外的場景。背景中可以看到一些建築物和樹木，環境看起來像是在一個公園或戶外活動場地。人們似乎在聚集在一起，可能是在參加一個活動或聚會。照片中的人們都穿着便服，有些人攜帶了包袋。照片的右側有一個標有“MOMA”的包袋。照片的左側有一棵樹，樹枝延伸到畫面的上方。陽光從樹葉間照射下來，給整個場景帶來了溫暖的氛圍。
./dataset/IMG_0252.JPG,這張照片中，一群身穿迷彩軍裝的士兵們坐在一起，背景是一個簡陋的宿舍環境。士兵們頭戴迷彩帽，面帶微笑，似乎在進行合影。宿舍內有上下鋪的床鋪，鋪有綠色的被褥。牆壁上掛有一些文件和布告，牆角堆放著一些軍用裝備。士兵們的軍裝上可以看到編號，顯示他們可能是同一個軍隊或單位的成員。照片中還有一位戴著眼鏡的士兵，他坐在前排，面帶微笑。
./dataset/20230705_190937.jpg,這張照片展示了一道精緻的料理。盤子是白色的，邊緣有黑色的邊框。盤子中央有一道由橙色的食材鋪成的底層，可能是烤過的南瓜或類似蔬菜。在這層底料上，有兩塊黑色的食材，可能是海苔或烤過的豆腐，上面撒有綠色的香草和一些黃色的調味料。盤子的左側插有一個小圓形的標籤，上面有中文和圖案。盤子的右側可以看到一些紙張，上面寫有“TAIER”等字樣。盤子放在一個木質的桌面上，桌面上還有一些其他餐具和紙張。
./dataset/20230721_093319.jpg,這張照片顯示了一輛停在路邊的車，車窗外可以看到藍天和雲朵。天空中布滿了蓬鬆的白色雲朵，陽光從雲隙中透出，照耀在雲朵上。遠處可以看到一些建築工地，有幾座高樓和一些正在建設中的建築物。建築工地上有幾台塔吊，顯示出正在進行建設的活動。車輛停在一個有護欄的路邊，護欄外邊是建築工地。車窗反射出一些車輛的影像。
./dataset/10441528_632066746893151_6193429990219181349_n(1)(1).jpg,這張照片中，有幾個年輕女性在室內活動。背景牆上掛有許多照片和標語，牆壁上還有一些彩色的裝飾。這些女性似乎在進行一項活動，其中一位女性正在指向別人的方向，可能是在進行指揮或指示。所有女性都面帶微笑，看起來非常開心和投入。
./dataset/1519624464437.jpg,這張照片中有三個小孩，他們站在一個玻璃欄杆前。背景似乎是一個室內場景，可能是一個博物館或展覽館。照片的右側有一個小孩，穿著淺色的毛衣和紅色的褲子，面帶微笑，舉起右手。中間的小孩穿著黃色的外套，頭髮較長，面帶微笑，舉起右手。最左邊的小孩穿著深色的衣服，面帶微笑，舉起右手。背景中可以看到一些模糊的展品和燈光。照片的左側有一塊黑色的牆面，牆面上有一些反光。照片的右側有一塊玻璃欄杆，欄杆後面可以看到一些模糊的展品和燈光。照片的右側有一塊玻璃欄杆，欄杆後面可以看到一些模糊的展品和燈光。照片的右側有一塊玻璃欄杆，欄杆後面可以看到一些模糊的展品和燈光。照片的右側有一塊玻璃欄杆，欄杆後面可以看到一些模糊的展品和燈光。照片的右側有一塊玻璃欄杆，欄杆後面可以看到一些模糊的展品和燈光。照片的右側有一塊玻璃欄杆，欄杆後面可以看到一些模糊的展品和燈光。照片的右側有一塊玻璃欄杆，欄杆後面可以看到一些模糊的展品和燈光。照片的右側有一塊玻璃欄杆，欄杆後面可以看到一些模糊的展品和燈光。照片的右側有一塊玻璃欄杆，欄杆後面可以看到一些模糊的展品和燈光。照片的右側有一塊玻璃欄杆，欄杆後面可以看到一些模糊的展品和燈光。照片的右側有一塊玻璃欄杆，欄杆後面可以看到一些模糊的展品和燈光。照片的右側有一塊玻璃欄杆，欄杆後面可以看到一些模糊的展品和燈光。照片的右側有一塊玻璃欄杆，欄杆後面可以看到一些模糊的展品和燈光。照片的右側有一塊玻璃欄杆，欄杆後面可以看到一些模糊的展品和燈光。照片的右側有一塊玻璃欄杆，欄杆後面可以看到一些模糊的展品和燈光。照片的右側有一塊玻璃欄杆，欄杆後面可以看到一些模糊的展品和燈光。照片的右側有一塊玻璃欄杆，欄杆後面可以看到一些模糊的展品和燈光。照片的右側有一塊玻璃欄杆，欄杆後面可以看到一些模糊的展品和燈光。照片的右側有一塊玻璃欄杆，欄杆後面可以看到一些模糊的展品和燈光。照片的右側有一塊玻璃欄杆，欄杆後面可以看到一些模糊的展品和燈光。照片的右側有一塊玻璃欄杆，欄杆後面可以看到一些模糊的展品和燈光。照片的右側有一塊玻璃欄杆，欄杆後面可以看到一些模糊的展品和燈光。照片的右側有一塊玻璃欄杆，欄杆後面可以看到一些模糊的展品和燈光。照片的右側有一塊玻璃欄杆，欄杆後面可以看到一些模糊的展品和燈光。照片的右側有一塊玻璃欄杆，欄杆後面可以看到一些模糊的展品和燈光。照片的右側有一塊玻璃欄杆，欄杆後面可以看到一些模糊的展品和燈光。照片的右側有一塊玻璃欄杆，欄杆後面可以看到一些模糊的展品和燈光。照片的右側有一塊玻璃欄杆，欄杆後面可以看到一些模糊的展品和燈光。照片的右側有一塊玻璃欄杆，欄杆後面可以看到一些模糊的展品和燈光。照片的右側有一塊玻璃欄杆，欄杆後面可以看到一些模糊的展品和燈光。照片的右側有一塊玻璃欄杆，欄杆後面可以看到一些模糊的展品和燈光。照片的右側有一塊玻璃欄杆，欄杆後面可以看到一些模糊的展品和燈光。照片的右側有一塊玻璃欄杆，欄杆後面可以看到一些模糊的展品和燈光。照片的右側有一塊玻璃欄杆，欄杆後面可以看到一些模糊的展品和燈光。照片的右側有一塊玻璃欄杆，欄杆後面可以看到一些模糊的展品和燈光。照片的右側有一塊玻璃欄杆，欄杆後面可以看到一些模糊的展品和燈光。照片的右側有一塊玻璃欄杆，欄杆後面可以看到一些模糊的展品和燈光。照片的右側有一塊玻璃欄杆，欄杆後面可以看到一些
./dataset/20230916_205743.jpg,這張圖片展示了一個室內的日本風景園林。園林中有一座木製的橋樑，橋樑的兩端有木製的欄杆。橋樑的後方是一片沙地，沙地上散落著幾塊岩石。沙地的後方有一個小山丘，山丘上種植了各種綠植，包括樹木和灌木。在沙地的後方還有一座傳統的日式建築，建築的牆壁上裝有紙簾。建築的後方是建築的玻璃窗戶，可以看到室內的燈光。整體環境看起來非常平靜和安靜。
./dataset/20240116_200650.jpg,這張照片顯示了一個舞台表演的場景。舞台上有幾位表演者，他們似乎正在進行表演。舞台的背景是紫色的，並有幾束聚光燈照射在表演者身上。舞台的左側有一個大型的鐵架結構，可能是用來支撐舞台設備或裝飾的。舞台的右側有一個黑色的設備，可能是攝影機或錄影機，用來記錄或轉播表演。整體氛圍看起來像是在一個室內的活動場所，可能是音樂會或演藝活動。
./dataset/IMG20220611202556.jpg,這幅圖是一幅素描畫，畫中是一位女性的頭像。畫家使用了細緻的筆觸來表現人物的面部特徵，包括眉毛、眼睛、鼻子和嘴巴等。畫家還仔細地描繪了人物的頭髮，頭髮被編成一側的辮子垂在頸部。畫作的背景是純白色的，突出了人物的面部特徵。畫的右下角有簽名和日期，寫著「2022.6.11 Aaron」。
./dataset/20240602_164553.jpg,這張圖片顯示了一本書的某頁，頁碼為181。頁面上有許多方框和箭頭，似乎是一種圖表或流程圖。方框內有中文文字，描述了某個過程或步驟。文字內容涉及習慣的建立與改進，例如如何建立有效習慣、如何克服行動阻力、如何提高吸引力等。每個方框都標有步驟號碼，從1到4，並用箭頭連接不同的方框，表示流程的順序。頁面的右側有一個綠色的邊框，邊框內有文字，描述了如何使用App追蹤習慣的進度。頁面的左側有一個標題，標題為「如何破除吃宵夜的壞習慣」，這似乎是一本關於改進生活習慣的書籍。
./dataset/IMG20220313132457.jpg,這張照片展示了一條鄉間道路，道路兩側是綠意盎然的稻田。道路旁邊有一排護欄，護欄外邊是種植著稻苗的田地。遠處可以看到一些樹木和建築物，背景是連綿的山丘，山丘上布滿了茂密的樹木。天空中雲層密布，天色略顯陰沉。道路兩側還有一些行人和自行車，似乎在享受這片寧靜的鄉間風景。
./dataset/IMG20200628134220.jpg,"這張圖片顯示了一張白紙，上面用鋼筆寫了一段英文。文字內容如下：

""Many years had passed and nothing out of the ordinary happened.""

這段文字的意思是：“許多年過去了，沒有發生什麼不尋常的事情。”"
./dataset/20240616_113333.jpg,這張照片中，有兩個人坐在室內的餐桌旁。前面的成年人穿着粉紅色的長袖上衣，頭部稍微傾向一邊，似乎在與坐在她前面的兒童互動。兒童穿着白色短袖上衣和紫色短褲，正在吃東西，並且面帶微笑。桌上有一些餐具和飲料，包括一個透明的杯子和一個帶有卡通圖案的紙杯。背景中可以看到一扇窗戶，窗戶旁邊有一張木質桌子。
./dataset/20230610_161342.jpg,這張圖片展示了一片美麗的海灘景色。海灘的沙子非常細膩，呈淺灰色，與海浪拍打的白色泡沫形成鮮明對比。海浪輕柔地拍打着海岸線，形成一道道白色的浪花。海面清澈湛藍，遠處可以看到一些白色的雲朵，雲朵在藍天的映襯下顯得非常美麗。天空中有一些薄薄的雲層，但整體來說天氣晴朗。海灘的邊緣與海面交界處，可以看見一些遠處的島嶼或岩石，這些島嶼或岩石在海水中若隱若現。整體來說，這張圖片呈現出一種寧靜而美麗的海灘風景。
./dataset/FB_IMG_1485272677056(1)(1).jpg,這張照片展示了一張餐桌，上面擺放了幾道菜餚。可以看到一盤沙拉，沙拉中包含玉米、番茄和一些絲狀的配料。沙拉旁邊有一個白色的碗，裡面裝有奶油湯，湯中還有一些麵包塊。在沙拉的後方，有一個白色的盤子，裡面裝有炸薯條。在沙拉的前面，有一個黃色的小碗，裡面裝有醬汁。在沙拉的左側，有一個透明的玻璃杯。在沙拉的右側，有一個白色的碗，裡面裝有麵包。在沙拉的後方，有一個穿著深色衣服的人，他正在用筷子吃東西。桌布上寫著「Welcome」。
./dataset/IMG20220317160341.jpg,這張照片展示了一條沿海公路的景觀。公路邊緣有一個混凝土護欄，護欄下方是鋪設的水泥路面。護欄後方是一片海岸線，海岸邊有岩石和碎石，海浪拍打在岩石上，產生了白色的浪花。遠處可以看到一塊綠色的山丘，山丘上長滿了綠色的植被。天空是灰蒙蒙的，顯示出陰天的天氣。公路邊緣還有一個橙色的交通錐，錐子的底部有一個小洞。
./dataset/11133744_632073656892460_7496758168566430164_n(1)(1).jpg,這張照片中，有四名年輕女性站在室內的一個角落，似乎正在進行某種活動或討論。背景牆上掛有幾張照片和一些標語，牆壁上還貼有一些紙張，可能是通知或公告。牆壁的顏色是白色的，地板是淺色的。窗戶是玻璃的，外面可以看到一些綠色的植物。女性們都面帶微笑，似乎在相互交流。
./dataset/IMG_20200213_084530_680.jpg,這張照片展示了一條被樹木環繞的道路。道路兩側種植了高大的樹木，樹冠茂密，形成了一個天然的綠色隧道。路面上有幾輛車停在路邊，車輛顏色包括白色和紅色。道路中央有一輛紅色的巴士，車身上有黃色的標誌。道路兩側還有一些行人，他們在樹蔭下行走。路邊設有路燈和交通標誌。整體環境看起來非常寧靜，陽光從樹葉間透射下來，形成斑斕的光影效果。
./dataset/line_1552901817271.jpg,這張照片展示了一個現代城市的廣場。廣場上有一些行人，他們在廣場上行走或站立。廣場的建築物設計現代，有高樓大廈和低層建築。高樓大廈的外牆是玻璃和鋼材構成，反射出周圍的天空和建築。低層建築則有H&M的標誌，顯示這是一個商業區。廣場兩側有一些樹木，樹枝在前景中顯得比較突出。廣場的地面鋪有方磚，整體環境看起來整潔而現代。背景中還有一些顯示屏，顯示著不同的內容。
./dataset/IMG20220317144547.jpg,這張照片展示了一片海岸線，海浪輕拍著沙灘。天空陰沉，雲層密布，顯示出一種陰鬱的氣氛。海面上有幾處波浪，但整體波浪較為平靜。沙灘上散落著一些腳印，顯示有人在沙灘上行走。遠處可以看到一些建築物和樹木，建築物的外觀現代，樹木則是棕櫚樹。整體來說，這張照片呈現出一種寧靜而略帶寂寥的海灘景象。
./dataset/20230805_175534.jpg,這張照片展示了一個公園的景觀。照片中可以看到多棵樹木，包括高大的棕櫚樹和一些葉片茂盛的常綠樹。樹木之間有綠色的草地，草地旁邊有一條小路，路邊有樹木和灌木。背景中可以看到一些建築物，可能是住宅或商業建築。天空是明亮的，顯示出晴朗的天氣。整體環境看起來非常寧靜和綠意盎然。
./dataset/IMG20220220155248.jpg,這張照片展示了一個室內展覽場景。場地內有許多觀眾坐在地上，觀看前方的展覽內容。展覽的背景牆上掛有大尺寸的展覽圖片和標語，圖片中包含黑白照片和彩色插圖，內容涉及歷史人物和文化元素。展覽牆上寫有“LE CHAT NOIR”的標語，這是一句法語，意為“黑貓”。展覽牆的設計風格帶有濃厚的歷史和文化氛圍，展覽內容可能與法國文化或歷史相關。場地內的燈光柔和，觀眾們靜靜地觀看展覽，場地的建築結構包括木質天花板和鋼筋混凝土柱。
./dataset/IMG_20200215_150320_043.jpg,這張照片顯示了一張餐廳的桌子，上面放著麥當勞的餐點。餐點包括一份麥香雞漢堡、一包薯條和一包醬料。漢堡的包裝上寫著「McChicken Burger」，薯條的包裝上寫著「Chicken McNuggets」。桌面上還有一個帶有麥當勞標誌的白色塑料杯。背景中可以看到其他餐桌和椅子，以及部分客人的腳。
./dataset/DSC_0005(1)(1).JPG,這張照片展示了一座橋樑，橋樑上和橋樑周圍掛滿了五顏六色的燈飾，主要以紫色和白色為主。橋樑的欄杆和橋樑本身都點綴著這些燈飾，反射在水面上，形成美麗的光影效果。橋樑兩側有樹木，樹枝上也掛滿了燈飾，增加了整體的氛圍。橋下有遊船，遊船上有乘客，似乎在享受夜間的景緻。整體來說，這是一個夜間照明非常美麗的景點。
./dataset/IMG_20211225_194423_677.jpg,這是一幅用鉛筆繪製的肖像畫，畫中人物為男性，頭髮濃密，略顯凌亂，鬍子濃密，鬍鬚的形狀為鬍鬚。畫中人物的臉部特寫，表現出一種沉思或堅毅的表情。背景簡單，沒有其他細節，突出了人物的面部特徵。整體風格簡潔，注重細節表現，人物的輪廓和細節都表現得非常精緻。
./dataset/1529166208151.jpg,這張照片展示了一群畢業生在戶外慶祝畢業的場景。他們身穿學士服，頭戴學士帽，面帶微笑，似乎在拍照留念。背景中有一座高聳的建築，建築的設計獨特，頂部呈尖塔狀，由玻璃和鋼構組成，建築前有許多畢業生和觀眾聚集，有些人撐著雨傘。天空晴朗，有幾朵雲彩，綠樹成蔭，環境非常美麗。
./dataset/IMG_20210423_185352_634.jpg,這張照片中，一群身穿迷彩軍裝的士兵們坐在一起，背景是軍營的環境。他們面帶微笑，似乎在拍照留念。照片中有幾個士兵戴著口罩，而其他人則沒有戴。照片的右下角有幾個哭泣的表情符號。士兵們的軍裝上可以看到編號，但無法辨識具體的編號。士兵們的姿態各異，有坐著的，有站著的，表情看起來很開心。
./dataset/IMG20220313112235.jpg,這張照片展示了一個位於海岸邊的景觀。照片中有一個紅色的三角形框架，框架的頂部指向天空，底部則支撐在幾塊岩石上。框架的顏色鮮豔，與周圍的自然景觀形成鮮明對比。背景是藍色的天空和一望無際的海洋，海面波光粼粼，遠處還可以看到一些小島。海岸邊的地面鋪滿了碎石和沙子，邊緣有一些綠草。整體環境非常寬廣，天空晴朗，氣氛平靜。
./dataset/1529165694385.jpg,這張照片中有兩位穿著畢業袍的學生，他們站在一棟建築物前，背景是藍天和綠樹。建築物的設計獨特，有高聳的尖頂和玻璃窗。照片中還可以看到其他穿著畢業袍的人群，他們似乎在參加畢業典禮。背景中還有一些觀眾，他們有的撐著傘，有的拍照。整體氛圍歡樂而喜慶。
./dataset/IMG20220317145856.jpg,這張圖片展示了一片海岸線的景象。海浪輕拍著沙灘，形成白色的浪花。沙灘上散落著一些小石子和貝殼。遠處的海面上有一座小島，島上似乎沒有植被，呈現出光禿禿的樣子。天空陰沉，雲層厚重，整體氣氛略顯陰鬱。海面波濤洶涌，但浪花不高，顯示出風力較小。沙灘的顏色較深，可能是由於沙子的成分或天氣原因。整體來說，這是一幅靜謐而略顯孤寂的海景圖。
./dataset/20240128_130608.jpg,這張照片展示了一間室內空間，可能是餐廳或咖啡廳。空間內有一張長方形的木桌，桌邊有幾張木製的椅子。牆壁上鋪有磚塊，牆面顏色為淺色。牆邊有一個玻璃門，門外可以看到一些綠植和建築物。門前有一個鐵製的柵欄，柵欄上掛有幾盞燈飾。牆角有一個黑色的扶手，扶手旁邊有一個燈飾。地面鋪有深色的地板。整體環境看起來現代且舒適。
./dataset/20240322_115805.jpg,這張照片中，有一隻毛色為深灰色的卷毛狗，正站在室內的地板上。地板是淺色的方磚，邊緣有一塊較深色的石頭。狗的頭部朝向攝影者，耳朵垂下，尾巴向上翹起。在狗的後方，可以看到一雙穿著淺色褲子和黑色鞋子的腳。在狗的前方，有一個綠色的包，包的邊緣有一條黑色的帶子。照片的右下角有一隻手指，似乎在指向狗。
./dataset/IMG20220312141008.jpg,這張照片展示了一條沿海的道路，道路兩側有護欄。道路旁邊有一棵樹，樹葉茂盛。道路的另一側是海岸線，海浪拍打著海岸。天空晴朗，藍天中有一些雲朵。遠處可以看到一些建築物和山丘。道路上有幾輛車在行駛。整體環境看起來非常寧靜和美麗。
./dataset/IMG20220303232051.jpg,這張照片展示了一個夜晚的城市公園景觀。照片中有一條小河，河面反射著周圍的燈光。河兩岸種植了許多樹木，樹木的枝葉在夜色中顯得深邃而幽靜。河的對岸可以看到一些建築物，建築物的窗戶發出溫暖的光線，與周圍的黑暗形成對比。建築物的外牆上有一些招牌，但由於夜間的照明不足，無法辨識招牌上的文字。照片的遠處還有一座橋，橋上似乎有行人經過。整體來說，這張照片呈現出一個寧靜而美麗的城市夜景。
./dataset/IMG20220313112745.jpg,這張圖片展示了一片沙灘，沙灘上散落著一些石頭。遠處可以看到海浪拍打在海岸邊，海面波光粼粼。天空晴朗，藍天中有一些薄雲。在遠處的海邊，可以看到一些樹木和一些建築物。沙灘上沒有明顯的遊人，顯得非常寧靜。背景中還可以看到一些建築物和遠處的山脈。整體來說，這張圖片呈現出一種平靜而寧靜的海灘風景。
./dataset/IMG20220220155937.jpg,這張圖片展示了一個室內展覽場景。三幅大型畫作被投影在牆壁上，畫作風格為印象派，色彩鮮豔，充滿了自然的光線和色彩。最左側的畫作中，一位女士站在畫架前，似乎正在繪畫。中間的畫作展示了一位穿著白色衣服的女士，頭戴草帽，手持一束鮮花，背景是茂盛的花叢。最右側的畫作則是花園的景觀，有許多鮮花和樹木，遠處可以看到階梯和一些人物。觀眾們坐在地上，背對著畫作，似乎在欣賞這些藝術作品。場館的天花板是黑色的，並有幾點光源。
./dataset/20240413_171807.jpg,這張照片顯示了一個城市街景，時間似乎是傍晚或清晨，太陽接近地平線，天空呈現漸變的黃色和灰色。照片中有一個紅色的交通燈，顯示紅色燈號。在交通燈的右側，有一個顯示紅色的倒計時器，顯示數字「22」。照片的左側有一個大型建築物的屋頂，屋頂上有一些鐵架結構。在建築物的後方，可以看到一些建築物的屋頂和一些樹木。照片的右側還有一個顯示紅色的交通燈。照片的右上角有一個藍色的路牌，上面有白色的文字，但無法辨識其內容。照片的右側還有一個顯示紅色的交通燈。照片的右側還有一個顯示紅色的交通燈。照片的右側還有一個顯示紅色的交通燈。照片的右側還有一個顯示紅色的交通燈。照片的右側還有一個顯示紅色的交通燈。照片的右側還有一個顯示紅色的交通燈。照片的右側還有一個顯示紅色的交通燈。照片的右側還有一個顯示紅色的交通燈。照片的右側還有一個顯示紅色的交通燈。照片的右側還有一個顯示紅色的交通燈。照片的右側還有一個顯示紅色的交通燈。照片的右側還有一個顯示紅色的交通燈。照片的右側還有一個顯示紅色的交通燈。照片的右側還有一個顯示紅色的交通燈。照片的右側還有一個顯示紅色的交通燈。照片的右側還有一個顯示紅色的交通燈。照片的右側還有一個顯示紅色的交通燈。照片的右側還有一個顯示紅色的交通燈。照片的右側還有一個顯示紅色的交通燈。照片的右側還有一個顯示紅色的交通燈。照片的右側還有一個顯示紅色的交通燈。照片的右側還有一個顯示紅色的交通燈。照片的右側還有一個顯示紅色的交通燈。照片的右側還有一個顯示紅色的交通燈。照片的右側還有一個顯示紅色的交通燈。照片的右側還有一個顯示紅色的交通燈。照片的右側還有一個顯示紅色的交通燈。照片的右側還有一個顯示紅色的交通燈。照片的右側還有一個顯示紅色的交通燈。照片的右側還有一個顯示紅色的交通燈。照片的右側還有一個顯示紅色的交通燈。照片的右側還有一個顯示紅色的交通燈。照片的右側還有一個顯示紅色的交通燈。照片的右側還有一個顯示紅色的交通燈。照片的右側還有一個顯示紅色的交通燈。照片的右側還有一個顯示紅色的交通燈。照片的右側還有一個顯示紅色的交通燈。照片的右側還有一個顯示紅色的交通燈。照片的右側還有一個顯示紅色的交通燈。照片的右側還有一個顯示紅色的交通燈。照片的右側還有一個顯示紅色的交通燈。照片的右側還有一個顯示紅色的交通燈。照片的右側還有一個顯示紅色的交通燈。照片的右側還有一個顯示紅色的交通燈。照片的右側還有一個顯示紅色的交通燈。照片的右側還有一個顯示紅色的交通燈。照片的右側還有一個顯示紅色的交通燈。照片的右側還有一個顯示紅色的交通燈。照片的右側還有一個顯示紅色的交通燈。照片的右側還有一個顯示紅色的交通燈。照片的右側還有一個顯示紅色的交通燈。照片的右側還有一個顯示紅色的交通燈。照片的右側還有一個顯示紅色的交通燈。照片的右側還有一個顯示紅色的交通燈。照片的右側還有一個顯示紅色的交通燈。照片的右側還有一個顯示紅色的交通燈。照片的右側還有一個顯示紅色的交通燈。照片的右側還有一個顯示紅色的交通燈。照片的右側還有一個顯示紅色的交通燈。照片的右側還有一個顯示紅色的交通燈。照片的
./dataset/20230826_150758.jpg,這張照片展示了一座現代風格的拱橋，橋樑的設計獨特，橋身呈弧形，兩側有白色欄杆。橋上有一條單行道，兩側設有護欄。橋下是河流，兩岸種植了綠樹。背景中可以看到一排高樓大廈，建築風格現代，建築物之間有綠化帶隔開。天空藍白相間，雲層稀疏，天氣晴朗。橋上可以看到兩個人在行走，他們的背影朝向遠方。
./dataset/IMG20220314195048.jpg,這是一張夜間的市場照片。照片中可以看到一條長廊，兩側是商店，上面掛有各種標誌和招牌，顯示出不同的商品和服務。長廊的頂部掛有彩色的燈飾，營造出一種歡樂的氛圍。地面鋪有黑白相間的地磚，長廊兩側的商店門口都關閉著，只有少數幾家店鋪的門口還亮著燈光。照片中可以看到幾位行人，他們在長廊中行走，似乎在尋找或觀看店鋪中的商品。照片右側有一塊標誌，上面寫著「廁所」和「垃圾桶」的指示，並有一個箭頭指向前方。整體來說，這張照片展示了一個夜間的市場，充滿了商業活動的氣氛。
./dataset/IMG20220316141306.jpg,這張圖片展示了一個湖泊的景色。湖水靜靜地反射著天空和周圍的綠樹。遠處可以看到一些樹木和建築物，建築物後方有山丘。天空中雲層密布，但仍有部分陽光透出，使得整個場景既陰沉又明亮。前景是綠色的草地和一些岩石，草地邊緣有幾棵樹。整體感覺是平靜而寧靜的自然景觀。
./dataset/IMG20220425151645.jpg,這張照片展示了一個鐵路車站的月台。月台上鋪有水泥地面，邊緣有黃色的防滑條。月台兩側有鐵軌，鐵軌上方有電纜線路。月台旁邊有幾根燈柱和一些標誌牌，標誌牌上寫有「A線」、「B線」等字樣。背景中可以看到一些建築物和綠樹，天空晴朗，有幾朵雲。月台上沒有乘客，看起來比較空蕩。
./dataset/20231215_163755.jpg,這張照片展示了一個城市街景，天空中布滿了雲彩，陽光從雲層間透出，形成美麗的光線。照片的左側可以看到一排建築物，建築物的外觀有些舊，窗戶上裝有鐵窗欄。右側有一棟高樓，樓體結構清晰。照片的前景中有一個交通號誌，顯示的時間是23點。地面上有一些樹木和一些交通標誌，顯示出這是一個繁忙的城市路口。
./dataset/line_1551176151158.jpg,這張圖片顯示了兩盤飯。上面一盤飯放在一個白色的圓形盤子上，裡面有炒飯，炒飯上有一個綠色的星星形狀的餐具。下面一盤飯放在一個白色的長方形盤子上，裡面也是炒飯，炒飯上可以看到一些綠色的蔥花和肉絲。兩盤飯都放在一個淺色的木桌上。
./dataset/20240721_155837.jpg,這張照片顯示了一位在健身房內的男子。他赤裸上身，穿着黑色的運動褲和一雙白色的運動鞋，頭戴一頂黑色的棒球帽。他正在使用手機自拍，手機是金色的。背景中可以看到多種健身器材，包括紅色的重量訓練機和白色的健身器材。健身房的地板是灰色的，牆壁上有一面大鏡子，鏡子反射出部分健身房的內部。地上還有一個白色的水壺。
./dataset/IMG20211016222250.jpg,這幅水彩畫展示了幾種蔬菜。畫面中有一個大大的白色蔬菜，可能是大白菜或蘿蔔，上面有綠色的葉子。在它前面有一個綠色的圓形蔬菜，可能是青瓜。在畫面的右側，有一個紅色的圓形蔬菜，可能是番茄。在番茄的前面，有三個小圓形的蔬菜，可能是小番茄或櫻桃番茄。整幅畫作的背景是淡色的，並沒有特別的背景元素。畫面的右上角有一點淡淡的紫色調。整體感覺清新自然，色彩柔和。
./dataset/IMG20220317135023.jpg,這張照片展示了一個位於沙灘上的建築物。建築物的外觀為黃色，前面有一個寬闊的沙灘，沙灘上散落著幾棵棕櫚樹。建築物的後方是綠意盎然的山丘，山丘上布滿了茂密的樹木。建築物的入口處有一些人在進出，建築物的前面還有一些遊客在沙灘上活動。天空陰沉，雲層密布，整體氣氛略顯陰鬱。
./dataset/IMG20220313114254.jpg,這張照片中，一個人站在一個大型的紅色框架前，背景是藍天和大海。框架的邊緣是不規則的，看起來像是由鋼筋混凝土構成。框架的後方有幾個人在活動，遠處可以看到海邊的景觀。地面上有一些石頭和碎石，天空非常晴朗，沒有雲彩。照片的右下角有一塊大石頭，人站在石頭前面。
./dataset/1554172210966.jpg,這張照片展示了一輛停在停車場的藍色捷豹車。車子停在一個標有「B5-E」的車位上。車子的車牌號碼是「AXC1255」。車子的車身是藍色的，車頭部分有捷豹的標誌。車子的輪圈是黑色的，車子停在一個標有「148」的車位上。背景中可以看到其他幾輛車停在不同的車位上，停車場的牆壁上標有「B5-D」和「B5-E」的標誌。停車場的天花板上有燈管和一些管道。
./dataset/IMG_20181220_004700_079.jpg,"這張圖片顯示了一台電腦螢幕，螢幕上顯示了一個MATLAB的程式碼和一個圖表。程式碼部分顯示了MATLAB的編輯器界面，其中包含了一些程式碼，例如`for i=1:nmax`和`plot(v,E)`等指令。圖表部分顯示了一個名為`Figure 1`的圖表，圖表的X軸標籤為`v(w=1) N=30`，Y軸標籤為`energy E`，圖表顯示了一組線條，這些線條可能代表了不同條件下的能量變化。螢幕下方有一個藍色的字幕，上面寫著「終於終於跑跑出來了」，並附有三個大笑的表情符號。電腦鍵盤部分也清晰地顯示出來，顯示了F6到F12鍵以及一些其他鍵，如Backspace、Insert、Home等。"
./dataset/20240727_164954.jpg,這張照片顯示了一群人在室內音樂廳的舞台上合影。背景是木質的牆面和天花板，天花板上有幾盞燈光。舞台上擺放著樂器和樂譜架，顯示這是一個音樂表演的場景。人們穿着正式的黑色服裝，似乎是一支樂隊或合唱團的成員。他們面帶微笑，似乎在慶祝或紀念某個活動。
./dataset/1528649974107.jpg,這張照片中有兩位畢業生，他們穿着黑色的畢業袍和帽子，帽子上掛著藍色的流蘇。他們蹲在一片綠色的草地上，背景中可以看到一些建築物和許多其他的人群。背景中的人群似乎在參加一個活動，有些人正在拍照，有些人則在閒逛。照片的右側有一個大型的建築物，建築物的牆面是黃色的，上面有許多細小的孔洞。天空是白色的，可能是多雲的天氣。
./dataset/IMG_20190614_034807_618.jpg,這張圖片顯示了一塊灰色的天花板，天花板由多個方格組成，每個方格之間有細線隔開。在圖片的中央，有一行中文文字，寫著「天花板都在滴水……」。文字的顏色是白色，背景是灰色的天花板。文字的字體是簡體中文，字體大小相對較大，位於圖片的中央位置。
./dataset/20230124_142147.jpg,這張照片展示了一個室內場景，可能是一個購物中心或飯店的大廳。照片中可以看到一些裝飾，包括一個以兔子為主題的裝飾牌，上面有中國傳統的紅色和金色元素。裝飾牌上還有一些中國傳統的符號。此外，還有一棵紅色的假楓樹，增加了節日的氛圍。地面上鋪有大理石地板，牆壁和天花板則是現代風格的裝修。照片中還有一些人，他們似乎在使用手機或在休息。照片的右側有一個金色的立柱，可能是用來支撐裝飾或隔離區的。
./dataset/20230721_113652.jpg,這張照片展示了一片海景，海面寬廣，水色清澈，遠處可以看到一些貨櫃碼頭和貨櫃船。碼頭上有多個紅色的貨櫃吊臂，正在運作。天空晴朗，藍天白雲，遠處還可以看到一些山丘。照片的前景有一個黑色的邊框，可能是攝影時的相機或鏡頭邊緣。海面上還有一些小船和浮標。
./dataset/IMG20220311155115.jpg,這張照片展示了一個公園的場景。照片中可以看到幾棵樹，樹木的枝葉在陽光下投射出斑駁的樹影。公園內有一條水泥步道，步道兩旁種植了綠色的灌木和草叢。在步道的一側有一座小屋，小屋的建築風格簡單，牆壁為淺色，門窗為深色。背景中還可以看到幾棵高大的棕櫚樹，遠處有幾棟高樓建築。天空晴朗，陽光充足，整個場景顯得非常寧靜和安靜。
./dataset/1526815311766.jpg,這張圖片顯示了一棵樹的樹冠，從樹冠的下方向上看。陽光從樹冠的間隙中照射下來，形成了一個明亮的光斑。樹葉在陽光的照射下呈現出鮮明的剪影效果，樹冠的葉片細長，排列緊密。背景是藍色的天空，陽光在樹葉間形成光斑和光暈，給整張圖片帶來了動感和生動的感覺。
./dataset/11133894_632078273558665_5888411711195613462_n(1)(1).jpg,這張照片中有四個人站在室內的場所。背景中可以看到一扇帶有玻璃窗的門，門上掛著一個鐘表。地板是灰色的，表面有斑點。四個人的姿勢各不相同，其中一個人側身站立，另兩個人則是背對著。他們的衣著風格各異，有穿著運動鞋的，也有穿著牛仔褲的。照片的右側有一個綠色的櫃子，櫃子上放著一些物品。
./dataset/20230720_191211.jpg,這張圖片展示了一間餐廳的內部。牆壁和天花板是淺黃色的，牆壁上裝有木質的裝飾板。牆壁上掛有幾張寫有日文的紙張。天花板上掛有幾盞圓形的燈籠，燈籠上寫有日文。牆壁上有一扇木製的門，門上掛有幾張寫有日文的紙張。牆壁上有一個木製的櫃子，櫃子上放有幾瓶酒。牆壁上有一個木製的窗戶，窗戶上掛有幾張寫有日文的紙張。牆壁上有一個木製的桌子，桌子上放有幾盤餐具和幾張紙。牆壁上有一個木製的椅子，椅子上放有幾張紙。
./dataset/IMG20220314203537.jpg,一盤紙盤上放著串燒食物，包括一隻大蝦和四串串燒，串燒上串有蘑菇和圓形的肉丸。串燒表面有烤痕，顯示已經烤過。紙盤放在一張有圖案的桌布上。
./dataset/IMG20220220145844.jpg,"這張照片展示了一個展覽場景。照片的左側有一塊大屏幕，上面顯示著一段中文和英文的引言，引言內容是莫內的名言，提到繪畫應當表現真實，而不是單純的視覺所見。屏幕的背景是莫內的畫作，畫作中有一艘帆船和倒映在水面上的光線。

在屏幕的右側，有一個展覽空間，空間內有幾位觀眾正在觀看展覽。其中一位穿著黃色上衣和格子褲的女士站在屏幕前，似乎在閱讀屏幕上的文字。另一位穿著黑色外套的女士則站在她身邊，兩人似乎在討論展覽內容。在展覽空間的前方，有一張展示的畫作，畫作上是巴黎街景的圖案，圖案的顏色和風格與莫內的畫作風格相似。

展覽場館的環境較暗，突出了屏幕和展覽空間的亮點，使得觀眾能夠專注於展覽內容。"
./dataset/20240602_161951.jpg,"這張圖片顯示了一本書的第79頁，頁面內容為一張表格，表格的標題為「Part 2 行動計畫」。表格分為兩欄，左欄標題為「標記」，右欄標題為「待辦事項」。表格中列出了幾個待辦事項，包括：

1. 整理文件
2. 完成月度報告
3. 健身
4. 寫作新部落格文章
5. 開發新客戶
6. 學習Python
7. 回覆電子郵件
8. 寫出一個統計程式碼，並帶入工作資料驗算

每項待辦事項旁邊都有個別的附註，例如：
- 完成月度報告：有點急迫的壓力，覺得自己需要去做。
- 寫作新部落格文章：有個想寫的題目，很想要寫出來分享分享。
- 開發新客戶：工作上需要做一個統計計畫，更想馬上學會一個解決辦法。
- 學習Python：前一個任務完成到一半，衍生出下一個任務進度。
- 寫出一個統計程式碼，並帶入工作資料驗算：完成「學習Python」後，就從這個項目往下瀏覽（這時候就會同時顧及到新增的行動），看看有沒有比前一個「寫作新部落格文章」更想做的事情？

頁面右下角標有「Step 6」，指示這是行動計畫中的第6步驟。"
./dataset/20231109_195631.jpg,這是一張電表的照片。電表的外殼是金屬質感的，表面有數字顯示器，顯示器上寫有「18919」。電表的正面標有「kWh」，表示單位為千瓦時。電表上還標有「E-31型」，表示電表的型號。電表的側邊有數字和單位的標籤，顯示電壓為「110/220V」，頻率為「60Hz」。電表的右側有一個透明的塑料袋，袋上寫有「6032006」。電表的左側連接有紅色和黑色的電線。電表的右側有一個鎖頭，鎖上寫有「5-1」。電表放置在一個木質表面上。
./dataset/IMG_20210711_015954_765.jpg,這張照片中，一個人站在灰色背景前，身穿一件白色的短袖T恤。他留有黑色的短髮，臉上有一些小瑕疵。他的姿態是側身，面向前方，表情比較平靜。照片的風格比較簡潔，主要突出了人物的側面和上半身。
./dataset/IMG20220317154811.jpg,這張照片展示了一片海岸線的景色。海岸邊有一條石子路，路邊有綠色的植被。海浪拍打在海岸邊，形成白色的浪花。遠處可以看到一些建築物，可能是海邊的居民區或度假村。背景是連綿的山丘，山丘上長滿了綠色的植被。天空陰沉，雲層厚重，顯示出天氣可能有些陰沉。照片的前景有一個護欄，護欄的另一側是綠色的植被和石子路。
./dataset/received_947869421980508(1)(1).jpeg,這張照片展示了一個公園的景觀。照片中可以看到幾棵開滿粉紅色花朵的樹木，樹葉茂盛，樹枝上掛滿了粉紅色的花瓣。地面上散落著許多粉紅色的花瓣，形成了一條花毯。公園的地面鋪有磚塊，兩側有綠色的草地。背景中可以看到一堵紅磚牆，牆邊有一些樹木。天空陰沉，可能是陰天。公園的環境看起來非常寧靜，適合散步和休閒。
./dataset/20230124_142151.jpg,這張照片顯示了一個室內場景，可能是一個購物中心或飯店大廳。照片中可以看到幾個穿著冬季外套的人，他們似乎在等待或排隊。背景中有一個大型的裝飾品，可能是節日裝飾，上面有紅色的圖案。大廳內有燈光照明，環境看起來很明亮。地上有一個標誌牌，上面寫著「請將行李放在這裏」，指示旅客將行李放在指定區域。此外，還有一個顯示屏，上面顯示了某些信息，但內容不清晰。大廳內還有植物裝飾，增加了室內的氛圍。
./dataset/FB_IMG_1516604510366.jpg,這張圖片展示了一幅美麗的夜空景象。天空中布滿了星星，並有綠色和紫色的極光在夜空中閃耀。地面上鋪滿了雪，有一棵孤獨的樹矗立在雪地上，樹的後方可以看到一些建築物的剪影。整體氛圍非常寧靜，呈現出一種自然的美。
./dataset/FB_IMG_1485272620947(1)(1).jpg,這張照片展示了一個公園的場景。照片中可以看到幾棵樹，樹蔭下有幾個人在活動。背景中有一條馬路，馬路兩側有建築物。建築物的外觀是現代風格，有許多窗戶。公園的地面鋪有石板，邊緣有綠色的草地。照片的右側有一個石制的長椅，長椅上沒有坐人。照片的左側有一個小孩在推著嬰兒車，小孩和嬰兒車都朝向照片的右側。照片的左側還有一個穿著深色衣服的人，他似乎在推著嬰兒車。照片的右側還有一個穿著淺色衣服的人，他似乎在走動。照片的右側還有一個穿著深色衣服的人，他似乎在走動。照片的右側還有一個穿著淺色衣服的人，他似乎在走動。照片的右側還有一個穿著深色衣服的人，他似乎在走動。照片的右側還有一個穿著淺色衣服的人，他似乎在走動。照片的右側還有一個穿著深色衣服的人，他似乎在走動。照片的右側還有一個穿著淺色衣服的人，他似乎在走動。照片的右側還有一個穿著深色衣服的人，他似乎在走動。照片的右側還有一個穿著淺色衣服的人，他似乎在走動。照片的右側還有一個穿著深色衣服的人，他似乎在走動。照片的右側還有一個穿著淺色衣服的人，他似乎在走動。照片的右側還有一個穿著深色衣服的人，他似乎在走動。照片的右側還有一個穿著淺色衣服的人，他似乎在走動。照片的右側還有一個穿著深色衣服的人，他似乎在走動。照片的右側還有一個穿著淺色衣服的人，他似乎在走動。照片的右側還有一個穿著深色衣服的人，他似乎在走動。照片的右側還有一個穿著淺色衣服的人，他似乎在走動。照片的右側還有一個穿著深色衣服的人，他似乎在走動。照片的右側還有一個穿著淺色衣服的人，他似乎在走動。照片的右側還有一個穿著深色衣服的人，他似乎在走動。照片的右側還有一個穿著淺色衣服的人，他似乎在走動。照片的右側還有一個穿著深色衣服的人，他似乎在走動。照片的右側還有一個穿著淺色衣服的人，他似乎在走動。照片的右側還有一個穿著深色衣服的人，他似乎在走動。照片的右側還有一個穿著淺色衣服的人，他似乎在走動。照片的右側還有一個穿著深色衣服的人，他似乎在走動。照片的右側還有一個穿著淺色衣服的人，他似乎在走動。照片的右側還有一個穿著深色衣服的人，他似乎在走動。照片的右側還有一個穿著淺色衣服的人，他似乎在走動。照片的右側還有一個穿著深色衣服的人，他似乎在走動。照片的右側還有一個穿著淺色衣服的人，他似乎在走動。照片的右側還有一個穿著深色衣服的人，他似乎在走動。照片的右側還有一個穿著淺色衣服的人，他似乎在走動。照片的右側還有一個穿著深色衣服的人，他似乎在走動。照片的右側還有一個穿著淺色衣服的人，他似乎在走動。照片的右側還有一個穿著深色衣服的人，他似乎在走動。照片的右側還有一個穿著淺色衣服的人，他似乎在走動。照片的右側還有一個穿著深色衣服的人，他似乎在走動。照片的右側還有一個穿著淺色衣服的人，他似乎在走動。照片的右側還有一個穿著深色衣服的人，他似乎在走動。照片的右側還有一個穿著淺色衣服的人，他似乎在走動。照片的右側還有一個穿著深色衣服的人，他似乎在走動。照片的右側還有一個穿著淺色衣服的人，他似乎在走
./dataset/IMG20220313114242.jpg,這張照片中，一個人站在一個巨大的紅色框架前。框架的邊緣有明顯的磨損痕跡。背景是藍天和大海，海邊有一些散落的岩石和綠色的草地。遠處可以看到幾個人在海邊活動，其中一個人似乎在跑步。照片的右側有一塊大石頭，前面還有一塊小石頭。照片的左側有一個穿著黑色外套、白色T恤和藍色牛仔褲的人，他站在地上，雙手插在口袋裡，面帶微笑。照片的左下角有一個影子，可能是攝影師的。
./dataset/11141384_632052510227908_1277821198924300652_n(1)(1).jpg,這張照片中有五位年輕人站在一起，似乎在室內的空間裡。他們的姿態和表情看起來很自然，可能是在進行某種活動或討論。背景中可以看到牆上掛著一張寫有中文的標語，標語的內容是「少吃一點，多幾分鐘」，這句話通常用來提醒人們注意健康和節制。牆邊還有一些雜物，包括一張桌子和一些書籍或文件。照片的右側有一扇大窗戶，讓室內有充足的自然光。
./dataset/20240101_170311.jpg,這張照片展示了一片天空，天空中布滿了層層雲霧。雲層從深灰色漸變到淺灰色，並帶有粉紅色的光暈，可能是日出或日落時分。雲層的形狀不規則，有些部分較厚，有些部分較薄。在照片的右側，可以看到一些建築物的屋頂和牆壁，建築物的顏色為黃色和白色。建築物的牆壁上有一些窗戶，窗戶的邊框為白色。建築物的頂部有一些綠色的樹木。整體來說，這張照片捕捉到了一個美麗的天空景象，並結合了建築物和自然元素。
./dataset/IMG20220425151647.jpg,這張照片展示了一個鐵路車站的站台。站台鋪設了水泥地面，邊緣有黃色的防滑條。站台上設有幾根燈柱，燈柱上掛有標誌牌，顯示了站台的編號和方向。站台兩側是鐵軌，鐵軌上方有電纜線路。背景中可以看到一些建築物和綠樹，天空中有一些雲彩。站台的建築風格和設施顯示出一定的現代化特徵。
./dataset/20230709_185013.jpg,這張照片顯示了一個城市建築的側面，背景是天空和雲層。太陽從建築物後方照射出來，產生了強烈的光線和陰影效果。建築物的外牆是淺色的，有幾層樓，窗戶排列整齊。天空中有一些雲彩，被太陽的光線染成了黃色和橙色。照片的右側有一些建築物的細節，包括樓梯和一些建築結構。整體感覺是日落時分的城市景象。
./dataset/1526815300494.jpg,這張照片中有四個人站在沙灘上，背景是海灘和遠處的天空。其中三個人穿着畢業袍，而另一個人則穿着短袖上衣和短褲。他們都赤腳站在沙灘上，沙灘上有一些水跡。背景中可以看到遠處的海灘和天空，天空的顏色漸變，從近處的黃色到遠處的藍色。照片的光線來自於左上方，可能是太陽。
./dataset/11014823_632065240226635_1445512991665359780_n(1)(1).jpg,這張照片展示了一間教室或會議室的內部。房間內有數十名學生，他們似乎正在參加一個活動或會議。學生們站在桌子旁，桌子上有幾張紙和一支筆。房間的牆壁上掛有標語，標語上寫著中文，內容為「信義鄉婦女大學第二十四屆傳統技藝編織研習班」。房間內有三盞吊扇，牆壁上還有幾個開關和插座。窗戶上掛有簾子，窗戶旁邊有幾個開關。房間的地板是淺色的，牆壁是白色的。
./dataset/IMG20220317113743.jpg,這張照片中，可以看到一個人的左手放在膝蓋上，手肘撐在膝蓋上。背景中有一張藍色的盤子，盤子上有一些剩餘的食物，包括一些蔬菜和一塊橙色的東西，可能是胡萝卜。盤子上還有一個叉子。盤子放在一個淺色的木桌上。桌子的邊緣可以看到一個黑色的鐵藝裝飾品。照片的左上角有一個透明的塑料袋，袋子上有一些污漬。照片的左下角可以看到這個人的牛仔褲，褲子上有一個破洞。
./dataset/IMG20210829110446.jpg,這張照片展示了一個現代建築的外觀。建築物為多層樓，外牆為玻璃和鋼材構成，呈現出現代化設計風格。建築前有一片廣闊的廣場，廣場鋪設有灰色磚塊，廣場上種植了幾棵綠樹，樹木的枝葉茂盛，為廣場帶來了綠意。廣場上還設有幾根高大的柱子，柱子上似乎裝有燈具或裝飾物。廣場上有一些行人，他們在廣場上行走或停留，廣場的環境看起來非常寬敞和明亮。天空中雲層稀疏，陽光充足，整體氛圍非常開朗。
./dataset/20230820_180955.jpg,這張照片中，可以看到一間建築物的側面，建築物的牆面是紅色和白色相間的磚塊。建築物的窗戶是方形的，窗戶邊緣有鐵欄杆。建築物的頂部有一個突出的陽台，陽台上有一些設備。天空中有一道彩虹，彩虹的顏色從左到右依次為紅、橙、黃、綠、藍、靛、紫。天空的顏色較為灰暗，可能剛剛下過雨。照片的左側有一棵樹的部分樹枝。照片的右側有一隻鳥在飛翔。
./dataset/20240602_162848.jpg,"這是一本中文書籍的圖片，書頁上有一個圖表，圖表中有幾個方框和箭頭，指示著某種流程或步驟。方框內有中文文字，描述了不同步驟的內容。例如：

- 第一個方框：幾點幾分：推進了A任務的想法，接下來可以做什麼
- 第二個方框：幾點幾分：推進了B任務，產生了什麼疑慮
- 第三個方框：幾點幾分：繼續推進A任務的想法，接下來可以做什麼
- 第四個方框：幾點幾分：又產生了什麼新想法

此外，還有一些綠色的圓形標籤，上面寫著「5分鐘」，可能代表時間單位。書頁右下角有頁碼「88」。書頁的邊緣有標籤，標籤上寫著「Step 1」、「Step 2」、「Step 3」等，顯示這是書中的某個步驟或章節。書頁的右側有一個綠色的邊框，邊框內有文字，可能是書的標題或副標題。"
./dataset/IMG20220220160030.jpg,這張照片展示了一個室內展覽場景。三塊大屏幕投影了同一幅畫作，畫中兩位女性坐在小船上，背景是河流和綠樹。畫面的風格是印象派，色彩柔和，表現了自然的光線和氛圍。觀眾坐在黑暗的場館內，專注地觀看屏幕上的畫作。場館的天花板上有一些小孔，可能是燈光裝置。
./dataset/IMG20220315163218.jpg,這張圖片展示了一片海景。海面寬廣，波浪平靜，天空布滿了厚重的雲層，顏色偏灰，顯示出一種陰沉的天氣。在海的遠處，可以看到一塊突出的岩石或島嶼，岩石的顏色較深，與周圍的海面形成對比。前景中，可以看到茂密的樹木和植被，這些樹木和植被看起來非常茂盛，綠色鮮豔。整體來說，這張圖片給人一種靜謐而略帶憂鬱的感覺。
./dataset/20240322_115807.jpg,這張照片中，有一隻灰色的泰迪犬，它被綁在一個綠色的包上，包上有一些圖案。泰迪犬的腳被綁在一個棕色的皮鞋上。泰迪犬的腳和皮鞋之間有一條藍色的繩子。背景是鋪有方磚的地面，一邊是淺色的方磚，一邊是深色的方磚。
./dataset/IMG20220317121646.jpg,"這張圖片展示了一塊展覽的介紹牌，上面有中文和日文的內容。內容描述了一個藝術裝置的設計概念和故事背景。以下是詳細描述：

### 中文部分
- **標題**：向左走先生先生 向右走小姐小姐
- **內容**：
  - 空間絮語：寂寞隨時上場，為每一個相遇安排曲折情節，靜待秘密花開後，平行線交會的可能浮現。在確定的現象背後，是那看不見的「無常」，讓故事更加美麗。
  - 設計概念：《向左走．向右走》的男女主角，各有自己習慣的方向。他們將搭上不同的班車，就此錯過，還是會沿著這裡的環形步道走一圈再度相遇？繪本的故事線理進場域的動線中，空間因此產生更多人文的想像。
  - 歡迎大家與藝術裝置合照，藝術裝置僅供觀賞，請勿碰觸或拍打，以免損毀作品。

### 日文部分
- **標題**：語り続ける空間
- **內容**：
  - 語り続ける空間：さみしさはいつでも姿をあらわし、さまざまな偶然の出会いや处置、曲折、事情をもたらします。秘密の花が開くのを静かに待っていると、やがて平行線の交わるところが見えてくるかもしれません。日に見える現象の背後に存在するのは、目に見えない「無常」。それが物語をひときわ美しいものにしているのです。
  - デザイン・コンセプト：《向左走．向右走》の主人公の男女は、それぞれの慣れずしたんだ方向があります。彼らは別のバスに乗り、擦れ違い、偶然の出会いがあっても戻りしたところで再び出会うのでしょうか？ 絵本のストーリーラインは、場所の動線に嵌め込まれ、空間が人文的な想像を生み出す。

這塊介紹牌提供了藝術裝置的設計概念和故事背景，並提醒觀眾僅供觀賞，不要碰觸或拍打。"
./dataset/20240609_160919.jpg,這張照片顯示了一片藍天，天空中有一些雲朵。照片的前景是幾根電線，這些電線從左上角延伸到右上角。電線的下方有一棟建築物，建築物的外牆是淺色的，窗戶是深色的。建築物的頂部有一些尖頂狀的設計。建築物的右側有一個招牌，招牌上有中文文字。建築物的左側有一個黑色的煙囪。照片的右側還有一棟建築物，這棟建築物的外牆是深色的，窗戶是白色的。建築物的頂部有一些鐵架結構。照片的左側有一個招牌，招牌上有中文文字。
./dataset/IMG20220314194546.jpg,這張照片展示了一條夜間的街道。照片中可以看到一排商店，招牌上寫有中文，顯示出當地的商業氛圍。招牌上寫有“三景羊肉羹”等字樣，顯示這裏可能是一家賣羊肉湯的餐廳。店面前停有幾輛機車和自行車，顯示出當地居民的交通方式。街道兩側的建築物上掛有各種招牌和廣告，顯示出當地的商業活動。照片的右側停有一輛白色轎車，車牌號碼為AT58179。整體來說，這張照片呈現出一個繁忙的夜間街景，充滿了當地的商業和生活氣息。
./dataset/20230826_150606.jpg,這張照片展示了一片廣闊的戶外景觀。天空湛藍，雲朵稀疏，散佈在天空中。地平線遠處可以看到一些建築物，可能是住宅或商業大樓。前景中有一座現代化的橋樑，橋樑上有車輛行駛。橋樑兩側有綠樹成蔭，橋下有一片綠地，綠地上有幾個人在活動。橋樑的欄杆是白色的，構造簡單而現代。整體環境看起來非常清新，陽光明媚，氣氛愉悅。
./dataset/20240208_220715.jpg,這張照片展示了一間書店的內部。照片的右側有一個木質的展示櫃，櫃子上擺滿了各種雜誌和書籍。這些雜誌和書籍的封面顏色豐富，內容涉及軍事、航空、汽車和機車等主題。櫃子的左側有一塊標牌，上面寫著“軍武/航空/汽車/機車”等字樣，顯示了這裏的雜誌和書籍類型。櫃子的後方可以看到一些書架，上面也擺放著書籍。書店的地板是淺色的木質地板，牆壁和天花板則是深色的木質裝飾。照片的左側有一個小告示牌，上面有中文和圖案，但無法辨識其具體內容。
./dataset/1529165012636.jpg,這張照片中有兩位年輕人站在一起，背景是一座現代建築，建築的設計非常獨特，像是一座尖塔。建築的外牆由玻璃和鋼構組成，呈現出三角形的結構。建築的頂部有一個十字架。背景中還可以看到一些穿著畢業袍的人，他們似乎正在參加畢業典禮。地面上鋪有水泥，兩側有綠色的草地。天空晴朗，陽光明媚，氣氛歡樂。
./dataset/IMG20220317132821.jpg,這張照片展示了一個現代建築與自然環境相結合的場景。前景是一片水域，水面上有幾塊岩石和一些綠色植物。水邊有一條木質的棧道，延伸到建築物前。建築物的外牆由玻璃和鋼構組成，呈現出幾何圖形的設計，反射出周圍的環境。建築物後方有一棟高樓，建築物和高樓之間有一些綠樹。天空是多雲的，整體氣氛平靜。
./dataset/IMG20220316140146.jpg,這張圖片展示了一條由石頭鋪成的小徑，小徑蜿蜒曲折，延伸至遠處。小徑兩旁是綠色的草地，草地上散落著一些枯葉。小徑的兩側還有一些樹木，樹葉已經落光，顯示出冬季或早春的景象。遠處可以看到一些樹木和灌木，樹枝上沒有葉子。天空是灰蒙蒙的，可能有陰天或輕微的霧氣。整體環境看起來比較靜謐，像是公園或自然景區。
./dataset/IMG20220304235016.jpg,這張圖片顯示了一座建築物在夜晚的景象。建築物的外牆有一個突出的部分，這個部分被藍色的燈光照亮，形成一個鮮明的光線效果。建築物的背景是黑暗的，只有遠處的樹木和一些微弱的光點，可能是其他建築物或燈光。整體環境看起來比較昏暗，只有建築物的那部分被照亮。
./dataset/IMG20220311205808.jpg,這張照片是在夜晚拍攝的，背景中有一座大型的橋樑結構，橋樑上有幾道光束從橋頂發射出來，形成光束效果。橋樑的兩側有幾座建築物，建築物的頂部有燈光裝飾。橋樑下方有一條道路，道路上有幾輛車輛停在路邊。橋樑兩側有人行道，人行道上有幾個人在行走。照片的前景是一些行人在人行道上行走，其中一個人戴著帽子，穿著淺色的衣服。照片的右側還有一個綠色的欄杆。整體來說，這張照片展示了一個夜晚的城市景觀，燈光和建築構成了一個美麗的夜景。
./dataset/20230921_171535.jpg,這張照片展示了一幅美麗的日落景象。太陽位於地平線附近，幾乎要落山，天空被染成了柔和的橙色和粉紅色。雲層散佈在天空中，部分遮擋了太陽，但仍然可以看到太陽的光芒。地平線後方可以看到一些建築物的輪廓，可能是城市建築。前景中有一片茂密的樹林，樹木的綠色與背景的天空形成鮮明對比。整體氛圍平靜而寧靜，給人一種平和的感覺。
./dataset/IMG20220316160057.jpg,這張照片展示了一片海岸線的景象。海面波濤洶涌，天空布滿了厚重的雲層，顯得有些陰沉。海岸邊有一片綠意盎然的植被，種植著一些開白色小花的植物。在植被的後方，可以看到一塊鋪設好的磚石小路，小路的盡頭有一個紅白相間的警示牌。遠處的海岸線陡峭，植被茂密，山體上覆蓋著綠色的植被。整體環境顯得比較荒蕪，但自然景觀豐富。
./dataset/line_1525243332981.jpg,"這是一張綠色背景的名片，上面有以下信息：

- 上方有中文文字：「踢·生活」
- 中間有一個白色圖案，由幾條水平和垂直的線條組成。
- 下方有英文文字：「T-Life」
- 再往下有中文文字：「Hostel + Guesthouse」
- 最下方有聯絡資訊：
  - 電話：+886 989 610 980
  - 網站：www.TLifeHostel.com
  - 電子郵件：T.Life.Hostel@gmail.com
  - Facebook：www.facebook.com/T.Life.Hostel"
./dataset/IMG_20171111_013628_830.jpg,這張圖片中，一隻狗坐在車內，張開嘴巴，露出齒齦，似乎在叫喊或發出聲音。狗的耳朵向後傾斜，表情看起來很激動或興奮。狗的前爪放在車的方向盤上，彷彿在駕駛。車內的環境看起來像是停車場或道路邊緣，背景模糊，但可以看出有樹木和建築物。車窗上有一些水滴，可能表示天氣較潮或剛下過雨。在圖片的右側，有藍色的字體標註「飆車車P」。
./dataset/IMG20220315155219.jpg,這張照片展示了一條蜿蜒的公路，兩旁是茂密的綠樹和植被。公路的兩側有護欄，保護著路邊的邊坡。遠處可以看到山丘和山腳下的樹木，天空中布滿了厚重的雲層，給整體景色帶來了一種陰沉的氛圍。公路的路面上有雙黃線，標誌著雙向行車道。路邊有一些綠色的植物和幾塊大石頭，增加了景觀的自然美。整體來說，這是一幅自然與道路並存的風景畫。
./dataset/20230916_225136.jpg,這張照片展示了一個室內的廣場，夜晚時分。廣場上有一個大型的紅色充氣玩偶，形狀像是一隻動物，擺放在廣場中央。廣場兩側有餐廳，餐廳外設有遮陽傘和桌椅，燈光點綴在餐廳外牆和天花板上，營造出溫馨的氛圍。背景中可以看到一棟建築，建築外牆有拱形窗戶和柱子，建築上掛有彩色的裝飾畫。建築的一側有一個大型的彩色塗鴉牆，上面繪有卡通形象。廣場地面鋪有圖案地磚，整體環境看起來像是購物中心或娛樂場所。
./dataset/22317_632066536893172_6314694451387112522_n(1)(1).jpg,這張照片顯示了一個室內場景，似乎是一個會議或活動的場所。照片中有十幾個人圍成一圈，似乎在進行討論或交流。他們大多數都穿着便服，有穿黑色T恤的，也有穿牛仔外套的。背景中可以看到一塊紅色的橫幅，上面寫著中文，內容涉及某種活動或會議的名稱。場所內有天花板吊扇，牆壁上掛有窗簾，牆角有一張桌子，上面散落著一些物品。照片的右側有一個白板，上面寫著一些字。
./dataset/1534474159866.jpg,這張照片中有兩個人。前景中的人正在自拍，背景中的人正騎著一輛自行車。背景中的人戴著眼鏡，穿著灰色T恤和牛仔褲，腳上穿著運動鞋。自行車是橙色的，車把上有一個籃子。背景中可以看到一些建築物和一些模糊的物品，但無法辨識具體內容。
./dataset/DSC_0008(1)(1).JPG,這張照片顯示了一個夜晚的場景，主要是一個大型的燈籠裝置。這個燈籠裝置色彩鮮豔，主要以紅色為主，上面有精緻的花卉圖案和一些文字。燈籠的頂部有一個突出的雞頭造型，雞頭的顏色為黃色和橙色，並有紅色的冠羽。燈籠的後方有幾個人影，他們似乎在觀看或拍照。背景中可以看到一些燈光和建築物的輪廓，但因為是夜晚，這些細節不是很清楚。照片的右側有一個大型的紅色燈箱，上面有中文文字，但因為角度和照明的原因，無法辨識全部內容。照片的左側和右側有較多的黑暗區域，顯示出夜間的環境。
./dataset/20240713_182628.jpg,這張照片顯示了一片藍天，天空中有一些稀疏的雲朵。照片的右側有一棟建築物，建築物的頂部有一個廣告牌，廣告牌上有一些文字和圖案。建築物的牆面是灰色的，上面有許多方形的窗戶。建築物的右側還有一個燈柱，燈柱上掛著一個禁止左轉的交通標誌。照片的右側還可以看到一些建築物的屋頂和一些樹葉。
./dataset/20230730_204652~2.jpg,這張圖片顯示的是夜晚的天空。天空中有一個明亮的光源，可能是月亮，周圍被雲層部分遮擋。雲層看起來很厚，有些部分被照亮，顯示出雲層的層次感。圖片的左側和右側可以看到樹的樹冠，樹冠在黑暗的背景下顯得非常黑。整體來說，這張圖片捕捉到了一個靜謐而神秘的夜空景象。
./dataset/20231202_170253.jpg,這張照片展示了一條街道的景象。天空中布滿了粉紅色和灰色的雲彩，顯示出日落時分的景象。街道兩側是建築物，建築物的顏色有淺綠、淺藍和白色等。建築物的外牆上有一些陽台和窗戶，窗戶上裝有鐵欄杆。電線杆上掛著許多電線和電纜，電線杆旁邊有一棵樹，樹葉在微風中搖曳。街道上有一盞燈，燈光已經亮起，為街道帶來了一絲溫暖。整體來說，這張照片捕捉到了一個城市街區在日落時分的氛圍。
./dataset/1549434859974.jpg,這張照片中有四個人站在一個欄杆前，背景是城市的景觀和綠色的山丘。從左到右，第一個人穿著淺藍色襯衫和白色長褲，第二個人穿著藍色上衣和灰色長褲，第三個人穿著淺藍色牛仔外套和牛仔褲，第四個人穿著黑色連帽衫和黃色背心。他們都站在一個有雕刻的欄杆前，欄杆下方有魚的圖案。背景中可以看到城市的建築和遠處的山丘。
./dataset/IMG20220309152221.jpg,這張圖片展示了一個游泳池的場景。游泳池的水是清澈的藍色，池底鋪有方磚，磚塊之間有黑色的縫隙。游泳池的兩側有兩條黑色的邊線。在游泳池的中央，有一名游泳者正在游泳，他穿着黑色的泳褲，雙臂伸展，雙腿向後踢動，似乎正在進行蛙泳。游泳者周圍的水面上有一些波紋，顯示出他正在游動。背景是完全黑暗的，使得游泳池和游泳者成為了視覺焦點。
./dataset/IMG20211016222119.jpg,"這幅畫是一幅水彩畫，畫面中有一隻大魚，魚的形狀簡潔，用線條勾勒出來。魚的頭部和身體佔據了畫面的大部分空間。魚的頭部有一張開的嘴，露出幾顆尖牙，魚的身體上有一些細小的線條，可能是表示魚鱗或魚皮的紋理。魚的尾部向右側延伸，尾部的線條較為細長，末端有幾條細線，可能是表示魚尾的細節。

在魚的下方，有一個小人形，這個小人形的頭部和身體都比較簡潔，沒有細節。小人形的頭部有一個圓形的臉，臉上沒有眼睛和嘴巴，只有兩條線條表示眉毛。小人形的身體是直立的，雙手舉起，雙腳向後伸展，似乎在與魚互動。

在魚的右側，有一些小的圖案，這些圖案可能是魚的魚鰭或魚的其他細節。這些圖案的線條比較細，顏色較淺，與魚的顏色形成對比。

整體來看，這幅畫的風格比較簡潔，用線條和顏色表現出魚和小人形的形狀和細節。畫面的顏色比較柔和，主要以淡黃色和淡藍色為主，這些顏色給畫面帶來了一種平靜的感覺。"
./dataset/20230610_161340.jpg,這張圖片展示了一片廣闊的沙灘，沙子細膩，顏色為淺灰色。沙灘的邊緣與清澈的藍綠色海水相接，海水波光粼粼，反射著陽光。天空中雲層稀疏，主要由白色和淺灰色的雲朵組成，部分雲朵在陽光照射下呈現出柔和的藍色。在遠處，可以看到一艘小船在海面上航行，船體很小，幾乎與海面的藍綠色顏色相融合。整體來說，這張圖片呈現出一種寧靜而美麗的海灘風景。
./dataset/11147092_632071173559375_3354250968229489058_n(1)(1).jpg,這張照片中，有一群人聚集在室內，似乎是在進行某種活動或討論。背景中可以看到一扇大窗戶，窗簾是灰色的。牆壁上掛有一些標語，內容是中文。人們站成一排，面朝同一方向，似乎在聽取某個人的講話或指示。最前面的女性手持一張紙，可能是在記錄或分發資訊。其他人則在傾聽，表情各異，有微笑的，有思考的。地上有一些行李和衣物，顯示出這可能是一個臨時的集合點或活動場地。
./dataset/20240514_014018.jpg,這張照片中，一個人側著頭，面向鏡頭。他有黑色的短髮，臉上有一些細小的皺紋和痣。背景中可以看到一張白紙，上面有黑色的剪影圖案，圖案包括幾棟建築和一隻飛鳥。這個人穿着一件黑色的上衣。
./dataset/IMG_20220201_175406_193.jpg,這張照片中，一個人的側臉和部分臉部被捕捉到。他戴著圓框眼鏡，鏡片反射出一些東西。背景是單色的，可能是牆壁，並沒有其他明顯的細節。照片的調色風格是單色的，可能經過了濾鏡處理，使得整體顏色較為柔和。
./dataset/20230805_175053.jpg,這張照片中，有一棵樹的樹枝和樹葉，樹葉在陽光的照射下閃爍著光點。背景中可以看到一些建築物，建築物的窗戶反射出陽光，使得窗戶呈現出光斑的效果。天空是藍色的，有幾朵雲。照片的右側有一些綠色的樹葉，樹葉在風中輕微搖曳。照片的左側有一個建築物的陽臺，陽臺的邊緣可以看到一些建築物的細節。整體來說，這張照片捕捉到了一個晴朗天氣下的城市公園或綠地的場景。
./dataset/20230511_213859.jpg,一張餐桌上有幾盤菜和一碗白飯。餐桌上有一個不鏽鋼鍋，鍋中似乎沒有食物。鍋旁邊有一個白色塑料勺子。在鍋的前面，有一個裝有綠色蔬菜的盤子，蔬菜包括豆角和蓮藕片。在鍋的右側，有一個盤子，裡面有炒飯。在鍋的後面，有一個盤子，裡面有炒雞翅。在鍋的左側，有一個盤子，裡面有炒麵。在鍋的前面，有一個盤子，裡面有炒蛋和番茄。在鍋的右側，有一個盤子，裡面有炒飯。在鍋的後面，有一個盤子，裡面有炒雞翅。在鍋的左側，有一個盤子，裡面有炒麵。在鍋的前面，有一個盤子，裡面有炒蛋和番茄。在鍋的右側，有一個盤子，裡面有炒飯。在鍋的後面，有一個盤子，裡面有炒雞翅。在鍋的左側，有一個盤子，裡面有炒麵。在鍋的前面，有一個盤子，裡面有炒蛋和番茄。在鍋的右側，有一個盤子，裡面有炒飯。在鍋的後面，有一個盤子，裡面有炒雞翅。在鍋的左側，有一個盤子，裡面有炒麵。在鍋的前面，有一個盤子，裡面有炒蛋和番茄。在鍋的右側，有一個盤子，裡面有炒飯。在鍋的後面，有一個盤子，裡面有炒雞翅。在鍋的左側，有一個盤子，裡面有炒麵。在鍋的前面，有一個盤子，裡面有炒蛋和番茄。在鍋的右側，有一個盤子，裡面有炒飯。在鍋的後面，有一個盤子，裡面有炒雞翅。在鍋的左側，有一個盤子，裡面有炒麵。在鍋的前面，有一個盤子，裡面有炒蛋和番茄。在鍋的右側，有一個盤子，裡面有炒飯。在鍋的後面，有一個盤子，裡面有炒雞翅。在鍋的左側，有一個盤子，裡面有炒麵。在鍋的前面，有一個盤子，裡面有炒蛋和番茄。在鍋的右側，有一個盤子，裡面有炒飯。在鍋的後面，有一個盤子，裡面有炒雞翅。在鍋的左側，有一個盤子，裡面有炒麵。在鍋的前面，有一個盤子，裡面有炒蛋和番茄。在鍋的右側，有一個盤子，裡面有炒飯。在鍋的後面，有一個盤子，裡面有炒雞翅。在鍋的左側，有一個盤子，裡面有炒麵。在鍋的前面，有一個盤子，裡面有炒蛋和番茄。在鍋的右側，有一個盤子，裡面有炒飯。在鍋的後面，有一個盤子，裡面有炒雞翅。在鍋的左側，有一個盤子，裡面有炒麵。在鍋的前面，有一個盤子，裡面有炒蛋和番茄。在鍋的右側，有一個盤子，裡面有炒飯。在鍋的後面，有一個盤子，裡面有炒雞翅。在鍋的左側，有一個盤子，裡面有炒麵。在鍋的前面，有一個盤子，裡面有炒蛋和番茄。在鍋的右側，有一個盤子，裡面有炒飯。在鍋的後面，有一個盤子，裡面有炒雞翅。在鍋的左側，有一個盤子，裡面有炒麵。在鍋的前面，有一個盤子，裡面有炒蛋和番茄。在鍋的右側，有一個盤子，裡面有炒飯。在鍋的後面，有一個盤子，裡面有炒雞翅。在鍋的左側，有一個盤子，裡面有炒麵。在鍋的前面，有一個盤子，裡面有炒蛋和番茄。在鍋的右側，有一個盤子，裡面有炒飯。在鍋的後面，有一個盤子，裡面有炒雞翅。在鍋的左側，有一個盤子，裡面有炒麵。在鍋的前面，有一個盤子，裡面有炒蛋和番茄。在鍋的右側，有一個盤子，裡面有
./dataset/IMG_20180729_134018_431.jpg,這張照片展示了一片山區的風景。前景中有一個由綠色竹子構成的護欄，護欄旁邊有一些野花和高大的草本植物。護欄後方是茂密的山丘，山丘上長滿了綠色的植被。遠處可以看到一座山頂，山頂上有一座電塔。天空晴朗，有幾朵薄雲漂浮在藍色的天空中。整體感覺非常清新自然。
./dataset/20240116_200652.jpg,這張照片顯示了一個舞台表演的場景。舞台上有多位表演者，他們似乎正在進行一個活動或表演。舞台背景是紫色調的，並有幾束聚光燈照射在表演者身上。舞台的左側有一個大型的鐵架結構，可能是用來支撐舞台設備或裝飾的。舞台前方有一些設備，可能是攝影機或錄音設備。整體氛圍看起來像是在一個室內的活動場所，可能是音樂會、演講或其它形式的表演。
./dataset/IMG20211016222333.jpg,這幅水彩畫作展示了一組水果和蔬菜的圖案。畫面左上角有一個黃色的圓形物體，可能是蘋果或梨。下方有兩個紅色的圓形物體，可能是番茄。再往下有一個綠色的圓形物體，可能是青蘋果。畫面右側有一個藍色的圓形物體，可能是青椒。畫面右側還有一個黃色的長條形物體，可能是黃椒。整幅畫作使用了柔和的色彩和水彩技法，表現出水果和蔬菜的質感和形狀。背景色調較為柔和，主要以淺色為主，使得水果和蔬菜的顏色更加鮮豔。整體畫風簡潔而生動。
./dataset/FB_IMG_1485272711807(1)(1).jpg,這張照片中，一個人在戶外的草地上行走。他穿着深色的長袖上衣和深色的長褲，腳上穿著藍色的運動鞋。背景中可以看到一些建築物和高大的樹木，建築物的顏色為紅色和灰色，樹木茂盛，樹葉呈綠色。地面是鋪設的水泥路面，兩側有綠色的草地。照片的右側還有一個黑色的燈柱。照片的右下角有一部分被截斷的藍色物品。
./dataset/20230731_151342.jpg,這張照片顯示了一棵樹的樹冠，樹冠的葉子在風中輕微搖曳。太陽從樹冠上方照射下來，產生了光線和光斑的效果。背景是灰白色的天空，樹的右側有一棟建築物的部分結構。照片的攝影角度是從下往上拍攝的，使得樹冠在視覺上佔據了主要部分。
./dataset/IMG20220220155934.jpg,這張照片展示了一個室內展覽場景。牆上掛有三幅大型的畫作，畫作的風格是印象派風格，色彩鮮豔，充滿了自然的生動感。最左側的畫作中有一位穿著白色衣服的女性，她站在畫架旁，似乎正在繪畫。中間的畫作展示了一位穿著白色禮服的女性，頭戴草帽，手持一束鮮花，背景是色彩豐富的花園。最右側的畫作則是花園的景觀，充滿了鮮豔的花朵和綠葉。觀眾們坐在黑暗的空間裡，專注地觀看這些畫作。
./dataset/1529907230231.jpg,這張照片中有兩個人，一男一女。男性穿著深藍色T恤，留有短髮，臉部表情比較中性。女性戴著眼鏡，留有短髮，臉上帶有微笑。兩人站在一起，背景似乎是在室內，有燈光和建築結構。照片的品質有些模糊，可能是因為相機的解析度或相機的焦距問題。
./dataset/IMG20220502205614.jpg,這是一幅用鉛筆繪製的肖像畫，畫中是一位女性。她的頭髮是黑色的，垂落在肩上，頭髮的細節表現得非常細膩。她戴著一對耳環，耳環的形狀是圓形的。她的表情看起來有些憂鬱，雙手撐在臉頰上，手指輕輕地觸碰著臉頰。她的臉部特寫表現得非常細膩，從眉毛到鼻樑再到嘴巴，每個細節都表現得非常真實。背景是純白色的，沒有其他雜亂的元素，使得整幅畫的焦點集中在這位女性的臉上。整體風格簡潔而真實，表現出一種靜謐的氛圍。
./dataset/20240711_185327.jpg,這張照片顯示了一個城市街景。照片的上半部分有一個藍色的招牌，上面有黃色的中文字，招牌掛在建築物的外牆上。招牌下方有幾根電線橫跨天空。照片的下半部分可以看到一些樹木和一些建築物，建築物的窗戶亮起了燈光，顯示出天色已晚。天空中有一些雲彩，顏色從淺藍到深藍漸變，顯示出日落時分的景象。照片的右側有一個紅色的招牌，上面有白色的文字。照片的左側有一個黃色的招牌，上面有紅色的文字。照片的右側還有一個燈光，顯示出街道上有照明設施。照片的右側還有一個建築物，建築物的窗戶亮起了燈光。照片的右側還有一個建築物，建築物的窗戶亮起了燈光。照片的右側還有一個建築物，建築物的窗戶亮起了燈光。照片的右側還有一個建築物，建築物的窗戶亮起了燈光。照片的右側還有一個建築物，建築物的窗戶亮起了燈光。照片的右側還有一個建築物，建築物的窗戶亮起了燈光。照片的右側還有一個建築物，建築物的窗戶亮起了燈光。照片的右側還有一個建築物，建築物的窗戶亮起了燈光。照片的右側還有一個建築物，建築物的窗戶亮起了燈光。照片的右側還有一個建築物，建築物的窗戶亮起了燈光。照片的右側還有一個建築物，建築物的窗戶亮起了燈光。照片的右側還有一個建築物，建築物的窗戶亮起了燈光。照片的右側還有一個建築物，建築物的窗戶亮起了燈光。照片的右側還有一個建築物，建築物的窗戶亮起了燈光。照片的右側還有一個建築物，建築物的窗戶亮起了燈光。照片的右側還有一個建築物，建築物的窗戶亮起了燈光。照片的右側還有一個建築物，建築物的窗戶亮起了燈光。照片的右側還有一個建築物，建築物的窗戶亮起了燈光。照片的右側還有一個建築物，建築物的窗戶亮起了燈光。照片的右側還有一個建築物，建築物的窗戶亮起了燈光。照片的右側還有一個建築物，建築物的窗戶亮起了燈光。照片的右側還有一個建築物，建築物的窗戶亮起了燈光。照片的右側還有一個建築物，建築物的窗戶亮起了燈光。照片的右側還有一個建築物，建築物的窗戶亮起了燈光。照片的右側還有一個建築物，建築物的窗戶亮起了燈光。照片的右側還有一個建築物，建築物的窗戶亮起了燈光。照片的右側還有一個建築物，建築物的窗戶亮起了燈光。照片的右側還有一個建築物，建築物的窗戶亮起了燈光。照片的右側還有一個建築物，建築物的窗戶亮起了燈光。照片的右側還有一個建築物，建築物的窗戶亮起了燈光。照片的右側還有一個建築物，建築物的窗戶亮起了燈光。照片的右側還有一個建築物，建築物的窗戶亮起了燈光。照片的右側還有一個建築物，建築物的窗戶亮起了燈光。照片的右側還有一個建築物，建築物的窗戶亮起了燈光。照片的右側還有一個建築物，建築物的窗戶亮起了燈光。照片的右側還有一個建築物，建築物的窗戶亮起了燈光。照片的右側還有一個建築物，建築物的窗戶亮起了燈光。照片的右側還有一個建築物，建築物的窗戶亮起了燈光。照片的右側還有一個建築物，建築物的窗戶亮起了燈光。照片的右側還有一個建築物，建築物的窗戶亮起了燈光。照片的右側還有一個建築物，建築物的窗戶亮起了燈光。照片的右側還有一個建築物，建築物的窗戶亮起了燈
./dataset/IMG20220314141554.jpg,這張照片展示了一間餐廳內部的景象。餐廳的裝潢以淺色木質和白色為主，牆壁和天花板都採用了木質材料，營造出溫馨的氛圍。餐廳內有幾張木製桌椅，桌面上放著一杯飲料和一張紙巾。在餐廳的後方，有幾個人坐在長椅上，似乎在進行談話。餐廳的門口處有一塊綠色的指示牌，上面寫著「EXIT」。整體來說，這間餐廳的環境看起來很舒適，適合休閒聚餐。
./dataset/IMG20220313133603.jpg,這張照片中，一個人站在一條鋪有柏油路面的道路上，背景是廣闊的綠色稻田和遠處的山脈。天空湛藍，雲朵稀疏，散佈在天空中。道路兩側有護欄，護欄外是稻田，稻田的邊緣有建築物。遠處的山脈被薄薄的雲霧覆蓋，山脈的顏色較深，與藍天形成對比。照片中的人穿着黑色外套、藍色牛仔褲和白色運動鞋，雙手插在口袋裡，面帶微笑。
./dataset/20240316_172501.jpg,這張圖片顯示了一片藍色的天空，天空中有一些薄薄的雲層。在圖片的左上角和右上角可以看到樹葉的部分，樹葉是深綠色的，葉片細長，看起來像是棕櫚樹的葉子。天空的顏色從上到下逐漸變暗，從淺藍色轉為深藍色。整體感覺是晴朗的天氣，但雲層的存在暗示著可能有風或即將有風。
./dataset/IMG20220317155703.jpg,這張照片展示了一片鐵路旁的景觀。照片中可以看到鐵軌和鐵路電纜杆，電纜杆上掛有電纜線。鐵軌旁邊有一些綠色的植物和樹木，樹葉茂盛。背景中可以看到一片水域，可能是湖泊或海洋。天空陰沉，雲層厚重，顯示出一種陰天的天氣。照片的右側有一部分鐵路設備的邊緣。整體來說，這張照片呈現了一個鐵路與自然環境相接的場景。
./dataset/IMG_20201123_001156_995.jpg,這張照片中，一個人站在戶外，背景是藍天和遠處的山景。這個人頭髮是黑色的，側頭望向遠方，表情看不清楚。他穿著灰色的上衣，肩上掛著一個背包。照片的右側有一塊木製的告示牌，上面寫著中文。背景中的樹木茂盛，顯示出一個自然環境。
./dataset/IMG20220226133136.jpg,這張照片展示了一個繪畫工作區。桌面上有一張畫架，上面放著一幅用鉛筆繪製的肖像畫。畫中人物有長髮，側頭看向畫面的右側。桌面上還有一台筆記型電腦，屏幕上顯示著與畫架上相同的肖像畫。電腦旁邊有一個削筆器、一盒鉛筆、一張白紙、一塊橡皮擦和一支鉛筆。桌面上還有一些繪畫工具，包括顏料、畫筆和一個小型的白色花瓶，花瓶裡插著幾枝乾燥的植物。背景中可以看到一臺電風扇和牆上的插座。整體環境看起來像是在一個室內的繪畫工作室。
./dataset/20231104_202656.jpg,這張照片展示了一個戶外活動的場景。照片中可以看到一棵大樹，樹上掛著一串串的燈飾，燈光在夜晚的樹幹上投射出斑斕的光線。場地內有一個木製的展示牆，上面掛滿了多張照片，照片上是不同的人和動物的相片，這些照片被夾在木板上，形成了一個相片牆。展示牆的上方有一個霓虹燈標語，寫著「Better Together」，意為「一起更好」。在展示牆的下方，有一個木製的桌子，桌子上擺放著一些裝飾品，包括花瓶、蠟燭和一些小物件。桌子旁邊有一位女性，她正站在桌子旁，似乎在整理或擺放桌上的物品。整體氛圍溫馨而浪漫，似乎是一個慶祝活動或婚禮的場景。
./dataset/20231208_230132.jpg,這張照片展示了一個夜晚的場景。天空非常黑暗，只有幾顆星星閃爍。地平線附近有一些樹木，樹木的後方可以看到一些建築物，建築物的外牆是淺色的。建築物前面有許多燈光，這些燈光可能是路燈或建築物的照明。地面上有一些人，他們似乎在散步或休息。整體來說，這張照片捕捉到了一個城市或城鎮的夜景。
./dataset/20231208_224147.jpg,這張照片是在夜晚拍攝的，天空非常黑暗，只有幾顆星星在閃爍。照片的右側有一些建築物，建築物的外牆是淺色的，建築物的頂部有一些尖銳的構造。建築物前面有一些樹木，樹木的葉子在夜色中顯得比較暗淡。建築物前面還有一些燈光，這些燈光在黑暗的背景中發出明亮的光芒。建築物前面還有一些帳篷，帳篷的邊緣在夜色中顯得比較暗淡。建築物前面還有一些人，這些人看起來比較小，因為他們在夜色中顯得比較暗淡。
./dataset/20230214_211736.jpg,這張照片展示了一間餐廳的內部。餐廳的天花板是白色的，上面有木質的橫樑。牆壁是淺色的，有一幅掛畫。餐廳的地板是木質的，呈深色。餐廳內有幾張木製的餐桌和椅子，桌子上有餐具和水杯。有幾個人在餐廳內，其中一個人坐在桌子旁邊，似乎在用餐。餐廳的環境看起來很寬敞，有自然光從上方照射進來。
./dataset/IMG_20201130_165257_818.jpg,這張照片展示了一棟現代建築，建築外牆以玻璃和鋼材構成，反射出天空和周圍的綠樹。建築前有一條鋪設磚塊的小路，兩旁種植了綠色灌木和樹木，樹木上開有紅色的花。照片的前景中有一根高高的白色杆子，杆子上有一個顯示時間的電子顯示器，顯示時間為16:49。在建築的入口處，有一名穿著深色西裝的男子正在行走。照片的左上角有一棵樹的樹枝。
./dataset/IMG20220220161501.jpg,這張照片展示了一個室內展覽場景。牆上掛有三幅大型的畫作，畫面內容是風景畫，表現了樹木和自然景觀。畫作的風格類似印象派，色彩柔和，表現了光線和氣氛。牆壁是黑色的，頂部有幾盞燈光，燈光柔和地照在畫作上。在畫作前，有幾位觀眾，他們似乎在觀看和欣賞這些畫作。其中一位觀眾背對著攝影機，正在用手機拍照。場地的環境比較昏暗，突出了畫作的亮點。
./dataset/1528557916805.jpg,這張照片顯示了一個畢業典禮的場景。照片中有三個人站在一起，背景是一個建築物，上面有中文標語，標語上寫著「中正大學107年畢業典禮」。照片中，中間的年輕人穿着畢業袍，手持一束花和一個紅色的禮物盒，兩旁是他的家人，分別是一位年長的女性和一位年長的男性。背景中可以看到許多其他人在場，似乎是在畢業典禮上。
./dataset/IMG20220315163351.jpg,這張照片展示了一片壯麗的自然風景。前景是綠色的草地和一些雜草，草地上散落著一些石塊。中景是藍色的湖泊，湖水清澈，反射著天空的陰沉。遠景是連綿的山脈，山頂被雲霧籠罩，山體綠意盎然，植被茂盛。天空布滿了厚重的雲層，顯得有些陰沉。整體氣氛靜謐而肅穆，給人一種平靜而深邃的感覺。
./dataset/1528992865443.jpg,這張照片中有兩位男士站在室內，背景牆上掛著金色的「CONGRATS」氣球字樣，氣球下方還有幾顆星星裝飾。兩位男士都穿着正式的服裝，其中一位穿著藍色西裝外套和紅色領帶，另一位穿著黑色西裝外套。他們站在一個有圓形圖案的地毯上，牆頂有幾盞燈光。
./dataset/1550238547839.jpg,這是一張展示一個裝飾精美的甜點的照片。甜點是一個圓形的糕點，底部是金黃色的餅皮，上面鋪滿了紅色的草莓和藍色的藍莓，草莓和藍莓上撒有白色的糖粉。糕點的邊緣有一圈凸起的裝飾，增加了視覺上的層次感。糕點被放置在一個白色的方形托盤上，托盤的邊緣有波浪形的裝飾。糕點的左側有一條粉紅色的絲帶，絲帶打結在托盤的左側，增加了甜點的裝飾效果。背景是一個淺色的桌面。
./dataset/IMG20220315164827.jpg,這張照片展示了一個海濱景觀。前景中有一個鐵欄杆，欄杆後方是茂密的綠樹。遠處可以看到一片廣闊的海面，海面上有一些小島或岩石。天空中布滿了層層雲霧，雲層較薄，透出一些藍色的天空。海面反射著天空的顏色，呈現出一種寧靜的藍色調。照片的右側還可以看到一些建築物和道路，顯示出這是一個有人居住的地區。整體來說，這張照片呈現出一種平靜而寧靜的海濱風景。
./dataset/1529004415140.jpg,這張照片中有六位年輕人站在一起，背景是一面深色的木質牆壁，牆壁上用金色的氣球拼出了「CONGRATS」的字樣，氣球下方還有幾個金色的星星裝飾。六位年輕人穿着正式的西裝，表情開心，面帶微笑，其中兩位年輕人還比出V字形的手勢。他們站在一個有環形圖案的地毯上，牆壁上方有幾盞燈光。
./dataset/1529682902565.jpg,這張照片中有三位畢業生，他們穿着黑色的畢業袍，上面有黃色的邊緣和徽章。他們站在一片綠色的草地上，背景中可以看到其他畢業生和觀眾。背景中還有一些彩色的氣球。照片的氛圍歡樂，顯然是一場畢業典禮。
./dataset/1562318819272.jpg,這是一張展示在遊樂場的互動遊戲機的照片。遊戲機的機身是藍色和白色的，機頂有“機甲戰鬥”的標語。機身的玻璃門內有一個虛擬的機甲角色，角色穿着藍色和黃色的機甲裝備，手持一把紅色的傘。機身的右側有操作說明和安全守則的圖示，圖示上寫有“請投5幣”等字樣。機身的下方有一個顯示屏，顯示屏上有一些圖案和文字。機身的右側有一個手柄，手柄上有一個指紋識別器。機身的左側有一個QR碼和一些圖案。機身的後方有一些其他遊樂設施的廣告。
./dataset/20230806_164719.jpg,這張圖片展示了一片樹木的樹冠，樹冠的葉子在微風中輕微搖曳。背景是多雲的天空，雲層厚重，顏色從淺灰色到深灰色不等，有些地方已經開始散發出一些光亮，可能是陽光穿透雲層的結果。樹木的樹冠佔據了圖片的下部，而天空則佔據了上部。整體來說，這張圖片給人一種平靜而略帶憂鬱的感覺。
./dataset/IMG20220315151810.jpg,這張照片展示了一條沿海的公路，道路兩側是茂密的植被和陡峭的山崖。道路邊緣設有護欄，護欄上有一些綠色的植物。道路旁邊有一根電線杆，電線杆上連接著幾根電線。遠處是無垠的海洋，天空中布滿了厚重的雲層，天空顏色較暗，顯示出一種陰沉的天氣。整體環境看起來比較荒涼，沒有明顯的人類活動跡象。
./dataset/IMG20220317121556.jpg,這張照片展示了一個戶外的場景。照片中有一個裝飾性的行李箱，顏色為藍色和灰色，上面有紅色的條紋。行李箱放在一個鋪有灰色磚塊的地面上，地面上有白色的標誌線。背景中有一個有遮蓋的走道，走道上方有一塊標語牌，上面寫著中文。走道的牆壁上繪有色彩鮮豔的壁畫，壁畫內容包括樹木、房屋和一些抽象的圖案。走道的兩側有樹木和綠化帶，遠處可以看到一些建築物和道路。天空陰沉，顯示出天氣可能有些陰沉。
./dataset/IMG_20201129_213226_723.jpg,這張圖片展示了一間室內空間。空間內有一張單人床，床頭靠牆，床頭櫃上放著一些物品。床的旁邊有一張桌子，上面放著一雙拖鞋。牆壁上有一台空調機，牆邊還有一個小型冰箱。窗戶前有一塊落地窗簾，簾子是淺色的。地板是淺色的，牆壁是白色的。在圖片的右下角，有一個表情圖案，表情圖案上寫著「準社畜生活生活」。
./dataset/20240703_184720.jpg,這張照片顯示了一個城市街景。照片中有一個交通號誌，號誌顯示紅燈。號誌上方有一個路牌，上面寫著「民權東路」，並標註方向箭頭指向左側。背景中可以看到一些建築物，包括一棟高樓和一棟低層建築。天空中有一些雲彩，顏色略帶粉紅，可能是日落時分。照片的右側還有一個廣告牌，上面寫著一些廣告信息。照片的右下角有一棵棕櫚樹。
./dataset/20230719_182833.jpg,這張圖片展示了一個室內的角落。牆壁是淺色的，上面掛有一幅畫，畫中是一位穿著和服的女性，頭戴帽子，背景是花卉圖案。牆壁下方是木質地板，地板上鋪有一塊有圖案的地毯。牆角有一個木製的桌子，桌子上放著一些物品，包括一盒餐巾紙、一罐醬油和一個透明的玻璃杯。桌子的邊緣有一個黑色的物品，可能是手機或小裝置。
./dataset/20231203_165319.jpg,這張圖片展示了一間室內空間，可能是餐廳或咖啡廳。空間內有幾張桌子和椅子，桌子是白色大理石紋理的，椅子是白色的金屬框架。牆壁上有一些裝飾植物，增加了綠意。牆壁上有一個透明的玻璃門，門後面可以看到更多的植物和裝飾。牆壁上還有一個藍色的霓虹燈牌，上面寫著「SELECT」。天花板上有管道和燈具，地板是淺色的。空間的設計風格簡潔現代，採光良好。
./dataset/FB_IMG_1485272684837(1)(1).jpg,這張照片展示了一個戶外活動場景。照片中有兩名參與者正在進行攀爬活動。他們分別站在兩根高高的木樁上，使用繩索和安全帶進行攀爬。兩名參與者都穿着安全帽和護具，確保安全。背景是一片樹木茂盛的公園，天空晴朗，陽光明媚。地面上可以看到一些樹木的樹根和一些散落的樹枝。照片右下角有兩個人在拍照，他們似乎在記錄這場活動的精彩時刻。
./dataset/20230703_091110.jpg,這張照片顯示了一架停在機場跑道上的飛機。飛機的尾翼上有一個綠色的圓形標誌，標誌內有一個星形圖案。飛機的機身主要是白色，機翼和尾翼的後緣部分是綠色的。飛機停在一個寬闊的機場跑道上，跑道兩側是綠色的草地和一些建築物。天空晴朗，藍天中有一些薄雲。照片是從一個室內的窗戶拍攝的，窗戶的框架是淺棕色的。窗戶外邊可以看到飛機和機場的景觀。
./dataset/IMG20201118203130.jpg,這張照片展示了一個魚缸，魚缸內有幾隻活的龍蝦。龍蝦們被綁在魚缸的玻璃上，魚缸的底部有水，魚缸的後方有一個網狀物，可能是用來隔離龍蝦的。魚缸的底部有一層藍色的光線，使得整個魚缸看起來有點冷光。魚缸的前面有一塊木板，木板上放著一個透明的塑料袋，裡面有一個木勺。魚缸的後方有一張中文的菜單，上面寫著一些字。魚缸的後方還有一個鐵管，鐵管的後方有一個黑色的物體。魚缸的後方還有一個白色的物體，可能是魚缸的支架。魚缸的後方還有一個白色的物體，可能是魚缸的支架。魚缸的後方還有一個白色的物體，可能是魚缸的支架。魚缸的後方還有一個白色的物體，可能是魚缸的支架。魚缸的後方還有一個白色的物體，可能是魚缸的支架。魚缸的後方還有一個白色的物體，可能是魚缸的支架。魚缸的後方還有一個白色的物體，可能是魚缸的支架。魚缸的後方還有一個白色的物體，可能是魚缸的支架。魚缸的後方還有一個白色的物體，可能是魚缸的支架。魚缸的後方還有一個白色的物體，可能是魚缸的支架。魚缸的後方還有一個白色的物體，可能是魚缸的支架。魚缸的後方還有一個白色的物體，可能是魚缸的支架。魚缸的後方還有一個白色的物體，可能是魚缸的支架。魚缸的後方還有一個白色的物體，可能是魚缸的支架。魚缸的後方還有一個白色的物體，可能是魚缸的支架。魚缸的後方還有一個白色的物體，可能是魚缸的支架。魚缸的後方還有一個白色的物體，可能是魚缸的支架。魚缸的後方還有一個白色的物體，可能是魚缸的支架。魚缸的後方還有一個白色的物體，可能是魚缸的支架。魚缸的後方還有一個白色的物體，可能是魚缸的支架。魚缸的後方還有一個白色的物體，可能是魚缸的支架。魚缸的後方還有一個白色的物體，可能是魚缸的支架。魚缸的後方還有一個白色的物體，可能是魚缸的支架。魚缸的後方還有一個白色的物體，可能是魚缸的支架。魚缸的後方還有一個白色的物體，可能是魚缸的支架。魚缸的後方還有一個白色的物體，可能是魚缸的支架。魚缸的後方還有一個白色的物體，可能是魚缸的支架。魚缸的後方還有一個白色的物體，可能是魚缸的支架。魚缸的後方還有一個白色的物體，可能是魚缸的支架。魚缸的後方還有一個白色的物體，可能是魚缸的支架。魚缸的後方還有一個白色的物體，可能是魚缸的支架。魚缸的後方還有一個白色的物體，可能是魚缸的支架。魚缸的後方還有一個白色的物體，可能是魚缸的支架。魚缸的後方還有一個白色的物體，可能是魚缸的支架。魚缸的後方還有一個白色的物體，可能是魚缸的支架。魚缸的後方還有一個白色的物體，可能是魚缸的支架。魚缸的後方還有一個白色的物體，可能是魚缸的支架。魚缸的後方還有一個白色的物體，可能是魚缸的支架。魚缸的後方還有一個白色的物體，可能是魚缸的支架。魚缸的後方還有一個白色的物體，可能是魚缸的支架。魚缸的後方還有一個白色的物體，可能是魚缸的支架。魚缸的後方還有一個白色的物體，可能是魚缸的支架。魚缸的後方還有一個白色的物體，可能是魚缸的支架。魚缸的後方還有一個白色的物體，可能是魚缸的支架。魚缸的後方還有一個白色的物體，可能是魚缸的支架。魚缸的後方還有一個白色的物體，可能是魚缸的支架。魚缸的後方還有一個白色的物體，可能是魚缸的支架。魚缸的
./dataset/20240328_172336.jpg,這張照片顯示了一座建築物的側面，建築物的外牆是淺色的，窗戶排列規則。建築物的頂部有一些突出的結構，可能是陽台或露台。建築物的後方有一片樹木，樹木的葉子在微風中輕輕搖曳。天空中有一些雲彩，陽光從雲隙中透出，形成了一道光束，照射在建築物的側面。照片的右側有一個紅色的交通燈，顯示紅燈亮著。照片的左側可以看到一些建築物的屋頂，屋頂上有一些綠色的植物。照片的右側還有一輛停在馬路邊的車輛。
./dataset/20230708_125640.jpg,這張圖片展示了一個竹籠，裡面有三個形狀可愛的包子。這些包子被設計成豬的模樣，每一個包子的表面都有兩隻粉紅色的耳朵和一個小鼻子，看起來非常可愛。包子的顏色是白色的，表面光滑，看起來非常新鮮。竹籠放在一個透明的玻璃桌面上，背景是一個簡單的白色牆壁。竹籠的邊緣有一些細小的裂縫，顯示出使用時間較長的痕跡。
./dataset/12187669_901341533289976_6385997350178512912_n(1)(1).jpg,這張照片展示了一場室內活動，舞台上有一群人正在表演。背景中有一塊寫有“KAVIAZ”的橫幅，橫幅上繪有樹木和動物的圖案。舞台上有八個人，他們都穿着紅色和白色相間的上衣，下身是黑色褲子，腳上沒有穿鞋。他們的動作一致，雙手交叉放在胸前，似乎在進行同步的動作或舞蹈。舞台下方有觀眾在觀看表演。背景中可以看到一些吊扇和玻璃窗。
./dataset/IMG_20180315_162644_095.jpg,這張照片顯示了一個燒烤爐，爐子上鋪有金屬網，網上放了四塊生肉。肉質鮮紅，表面有油光。燒烤爐的底部似乎有炭火。照片的右下角有兩個可愛的表情符號，並附有藍色的中文字「報到到完開吃吃」。背景中可以看到一個人的部分身體，他穿着白色襯衫，雙手交叉放在胸前。
./dataset/IMG20220221182259.jpg,這張圖片展示了一盤食物，盤子是黑白條紋的。盤子上有一個小碗，裡面裝有黃色的醬汁，可能是蛋黃醬。在醬汁的旁邊，有一塊切開的番茄，上面有紫色的蔥絲。在醬汁的後方，有一小盤綠色的葉菜，可能是菠菜。在醬汁的左側，有一塊切開的煮蛋，蛋黃部分外露。在醬汁的前方，有一塊炸物，可能是炸雞塊，外皮金黃酥脆。盤子的邊緣還有一塊番茄。盤子放在一個淺色的木紋桌面上。
./dataset/IMG20200626172838.jpg,這張照片展示了一個海灘的場景。太陽位於天空的上方，發出耀眼的光芒，並在海面上投射出閃爍的光線。海灘上有一些人在活動，他們的影子在沙灘上投射出來。海浪輕拍著海岸線，天空中有一些雲朵，雲朵的形狀和顏色變化多端。海灘的沙子看起來很細膩，反射著陽光。整體氛圍非常平靜和安靜，似乎是在一個晴朗的天氣。
./dataset/IMG20220317142556.jpg,這張圖片顯示了一片沙灘，沙子上散落著許多腳印。在沙子的中央，有人用腳印拼寫出「LOVE」這個詞。沙灘上還散落著幾雙鞋子，其中一雙靠近左上角。沙子的顏色是淺灰色，腳印和鞋子的顏色與沙子相近，使得這些元素在沙灘上比較難以辨認。沙灘的表面比較平坦，沒有明顯的起伏或岩石。
./dataset/IMG_20201128_012309_295.jpg,這張圖片展示了一片樹木的枝葉，樹葉在風中輕輕搖曳。樹葉的顏色從綠色到紅色不等，顯示出不同的生長階段。樹枝上掛有一些松果，表明這是一棵松樹。背景是藍天和遠處的山脈，山脈在遠處的霧氣中若隱若現，遠山的顏色較淺，近處的山脈顏色較深，顯示出層次感。整體感覺非常清新，自然的氛圍非常濃厚。
./dataset/IMG20220304121042.jpg,這張照片展示了一片海景，海面寬廣，水色為淺藍綠色。在海的遠處，可以看到幾座風力發電機矗立在海岸邊，風力發電機的塔架高聳，風車葉片在風中緩緩旋轉。海岸邊有一些樹木和植被，遠處還有一些小船在海面上航行。照片的前景有一個白色的欄杆，欄杆的另一側是陸地，陸地上有一些建築物和樹木。天空是灰蒙蒙的，可能有點霧霾。
./dataset/20240613_194610.jpg,這張照片顯示了一座高樓大廈在夜晚的景象。大廈的頂部有一個綠色的燈光裝飾，並在建築物的側邊可以看到一些建築施工的塔吊。照片的右側有一部分建築物的外牆，顯示出許多窗戶和一些裝飾性的裝置。整體來說，這張照片捕捉到了城市夜景的氛圍。
./dataset/IMG20220313112721.jpg,這張圖片展示了一片沙灘和海景。沙灘上鋪滿了細膩的沙子，沙子的顏色是淺灰色，沙灘上有一些細小的石子和貝殼散落。海面寬廣，海水從淺藍色漸變到深藍色，遠處的海天交界處有一層薄薄的雲層，天空則是清澈的藍色，沒有明顯的雲彩。海浪輕輕拍打在沙灘上，產生細微的浪花。整體環境非常寧靜，沒有明顯的人類活動跡象。
./dataset/IMG20220315225250.jpg,這張照片顯示了一個室內環境，照片的焦點是一個掛在天花板上的燈泡。燈泡發出明亮的光線，照亮了周圍的空間。天花板是白色的，上面有幾條縫隙，可能是為了散熱或裝飾。燈泡的線索是用繩子懸掛的，線索的另一端似乎固定在天花板上。照片的右側有一個電風扇的部分，電風扇的葉片是白色的，正在運轉。電風扇的顏色是黑色的。照片的左側有一個圖案，圖案是用線條繪製的，看起來像是一種抽象的圖案，可能是裝飾用的。照片的右側有一個黑色的區域，可能是牆壁或家具。
./dataset/IMG20220317144709.jpg,這張圖片展示了一片沙灘，沙灘上有一些腳印。背景中可以看到一排綠色的山丘，山丘上長滿了茂密的樹木。天空中有一些雲彩，但大部分天空是明亮的。沙灘的遠端有一些建築物，建築物的顏色是黃色和藍色。沙灘的邊緣有一些樹木，看起來像是海岸邊的植被。整體來說，這張圖片呈現了一個自然的海岸景觀。
./dataset/20230729_112328.jpg,這張圖片展示了一片藍色的天空，天空中漂浮著一些蓬鬆的白色雲朵。在圖片的右側，有一棵樹的樹冠部分，樹葉是綠色的，看起來非常茂盛。樹葉在風中輕微搖曳。整體來說，這張圖片給人一種平靜和寧靜的感覺。
./dataset/IMG20220314140017.jpg,這張照片展示了一家星巴克的店內陳列。櫃台上擺放著多款星巴克的咖啡豆產品，包括「CAFE VERONA」、「PIKE PLACE ROAST」等。此外，櫃台上還擺放著多個不同款式的馬克杯，這些馬克杯上印有不同圖案，例如城市風景圖案和簡約圖案。櫃台下方則擺放著多個星巴克的儲物鐵盒，鐵盒上有星巴克的標誌。櫃台上還有一張小卡片，上面寫著「16OZ」等字樣，可能與馬克杯的容量有關。櫃台上還有一些其他商品，但無法辨識其具體內容。
./dataset/1527003187487.jpg,這張照片中，一個人站在森林裡，背對著攝影機。他穿着一件藍色的上衣，頭髮是黑色的，短髮。他的側臉朝向森林的另一側，似乎在凝視著什麼。背景是茂密的樹林，樹木的樹幹和樹葉在陽光下形成斑斕的光影效果。照片的焦點集中在這個人身上，背景稍微模糊，營造出一種深度感。陽光從樹林間透射下來，給整個場景帶來了柔和的光線效果。
./dataset/IMG_20170818_181301_020(1)(1).jpg,一張木桌上有幾道菜。前方有一碗白飯，上面放著一雙筷子。在白飯的後方，有一個小碗，裡面有綠葉蔬菜。再後方，有一個藍色的鍋子，裡面裝著帶有黃色醬汁的蔬菜。在鍋子的後方，有一個大碗，裡面裝著帶有紅色蔬菜的飯。在大碗的後方，有一個小碗，裡面裝著帶有綠色蔬菜的飯。在大碗的右側，有一個盤子，盤子上放著一塊帶有紅色蔬菜的飯。在盤子的右側，有一個杯子，裡面裝著透明的飲料。在杯子的後方，有一個手機。在桌子的左側，有一張白紙，上面寫著「Café Meal MUJI」。
./dataset/DSC_0002(1)(1).JPG,這張照片展示了一個夜晚的公園景觀。照片中有一座紅色的橋，橋上似乎有人行走。橋的兩側有樹木，樹木的葉子在夜色中顯得格外鮮明。橋下有一條河流，河面上反射著橋和周圍建築的光線，形成了一種美麗的倒影效果。背景中可以看到一棟建築物，建築物的窗戶發出點點光亮，顯示出建築內部的照明。整體來說，這張照片捕捉到了一個寧靜而美麗的夜晚公園場景。
./dataset/20230820_163855.jpg,這張照片展示了一個臨海的公園景觀。天空陰沉，雲層厚重，似乎即將下雨。公園內有幾棵樹，樹葉已經脫落，顯示出秋天的景象。公園的地面鋪設有石板路，兩側有綠化帶，種植了灌木和草本植物。公園的盡頭有一排欄杆，欄杆後方是海邊，海邊停泊著幾艘船隻。欄杆後方還有一些遊客撐著雨傘，似乎在等待天氣轉好。遠處可以看到一些建築物，建築物的外觀顯示出現代化的風格。公園的燈柱上有一對鳥兒停歇。整體來說，這是一個適合休閒散步的地方，但當天氣不佳時，遊客們會選擇在公園內避雨。
./dataset/20240517_163212.jpg,這張照片顯示了一座現代建築，建築外牆為米色，窗戶排列規整。建築的頂部有幾層樓層，窗戶較多，建築的外牆上有一些裝飾性的柱子和橫梁。建築的底層有幾個門口，門口上方有招牌，招牌上寫有中文。建築的右側有一個鐵製的欄杆，欄杆的顏色為藍色。照片的左側有一片天空，天空中有一些雲朵，陽光從照片的左上角照射過來，使得建築的上半部分有些發亮。照片的右側有一個樹枝，樹枝上有一些葉子。照片的右下角有一個鐵製的結構，可能是建築的一部分。照片的左下角有一個建築的頂部，建築的顏色為紅色。
./dataset/IMG_20210621_120745_175.jpg,這是一張顯示Abbott Panbio™ COVID-19抗原快速檢測試劑盒的照片。試劑盒的顏色為白色，上面有Abbott的標誌和Panbio™的標識。試劑盒的底部標有“15 min”，表示等待時間為15分鐘。試劑盒的上部標有“C”和“T”，分別代表控制線和測試線。試劑盒的底部有一個小窗口，顯示了檢測結果。試劑盒放置在一個粉紅色的表面上。照片中還添加了兩個笑臉帶汗滴的表情符號，並附有中文文字“可以放心了”，表示檢測結果為陰性。
./dataset/20230721_131520.jpg,這張照片展示了一個機場的內部景象。透過大面積的玻璃窗，可以看到機場的停機坪和飛機。停機坪上有多架飛機停靠，機身上有不同航空公司的標誌。背景中可以看到機場的控制塔和一些建築物。天空晴朗，藍天上有幾朵雲，遠處還可以看到一些山丘。機場內部的建築結構清晰，有玻璃窗和鋼架構成的框架。機場內部的環境看起來很明亮，陽光充足。
./dataset/received_1425366990896894.jpeg,這張圖片展示了一杯飲料，杯子是透明的，內裝淺色的飲料。杯子上有黑色的字體，寫著「DUCKLING」和「natural & fresh」。杯子上蓋有蓋子，蓋子上插著一根黑色的吸管。杯子放在一張木紋桌面上，背景是藍色的牆壁。
./dataset/IMG_20200215_143413_038.jpg,這張照片顯示一個人坐在車廂內，雙腳交叉，雙腳穿著深色的皮鞋，雙腿穿著深藍色的牛仔褲。腳邊有一個棕色的包，包的繩子垂在前面。車廂的地板是灰色的，牆壁是白色的，車廂內有一個銀色的扶手。
./dataset/IMG_20210626_135523_963.jpg,這張圖片顯示了一群人在戶外活動。背景中可以看到一些建築物和電線杆。前景中有幾個人，其中一個人戴著帽子，另一個人戴著口罩，還有一個人穿著綠色的背心。他們似乎在進行某種活動或討論，周圍有一些物品，如輪椅和籃子。圖片右下角有一段文字，內容是「就跟Dirac delta function function 在積分上有貢獻這件事事一樣詭異🤔」。這段文字可能是對圖片中某個情況的評論或描述。
./dataset/IMG20220221185654.jpg,這張照片展示了一個位於室內的攤位。攤位的外觀是一個木製的箱子，箱子上貼有標籤和紅色的符籤。標籤上寫有「台北市」、「3」等字樣，顯示了攤位的位置和編號。箱子的前面有一個透明的玻璃窗，窗內可以看到一些食物，可能是夜市小吃。攤位的上方掛有彩色的布簾，布簾上有不同的圖案和顏色。攤位的右側有一張紙，上面寫有文字，可能是攤位的菜單或說明。攤位的左側還掛有一些紅色的符籤，符籤上寫有「福」字，可能是用於祈福或裝飾。整體來說，這是一個典型的夜市攤位，提供當地小吃。
./dataset/IMG20220317144537.jpg,這張照片展示了一片海岸線。海浪輕柔地拍打着海岸，形成白色的浪花。天空陰沉，布滿了厚重的雲層，顯示出一種陰鬱的氣氛。海岸線的沙灘上有一個人影，他似乎在遠處的沙灘上行走。海的另一側可以看到一些建築物的遠景，可能是海邊的設施或建築。整體來說，這張照片呈現出一種寧靜而略帶孤寂的氛圍。
./dataset/1527003413788.jpg,這張照片中，一個人站在森林裡，背景是模糊的樹木。這個人有黑色的短髮，側頭望向一邊，表情看不清楚。他穿著一件藍色的T恤，T恤上寫著「DON'T」的字樣。背景中的樹木看起來很茂密，樹幹粗壯，樹葉綠色。照片的風格比較自然，可能是在使用相機拍攝的。
./dataset/20231105_172317.jpg,這張圖片顯示了一片漸變的天空，從上到下由深藍色逐漸轉為淺藍色，最後變成接近白色的顏色。在天空的中間偏左位置，有一條細長的白色痕跡，可能是飛機飛過時留下的航線。在圖片的右下角，可以看到一些建築物的剪影，包括一些建築物的屋頂和圍欄。整體來說，這張圖片捕捉到了一個靜謐的天空景象，並帶有一絲現代都市的元素。
./dataset/1529166183140.jpg,這張照片中有五位畢業生，他們穿着黑色的畢業袍和帽子，站在一棟建築物前。這棟建築物有三角形的屋頂，屋頂上有一個十字架，建築物的外牆是玻璃和鋼構造。背景中可以看到綠色的樹木和藍色的天空。照片中的人們面帶微笑，似乎是在慶祝畢業。
./dataset/1510733800810.jpg,這張照片中，一個人坐在餐廳的桌子旁，桌上有一杯帶吸管的飲料。他穿着一件印有“LE LIFE SURPRISE YOU”字樣的灰色T恤，正在使用一部手機。背景中可以看到餐廳的裝潢，包括木質天花板和牆壁上的裝飾。照片的右側有一張紙，可能是餐牌或收據。
./dataset/20230806_143204.jpg,這張圖片展示了一個室內的角落。牆壁是白色的，上面掛有一幅畫框，畫框內有一幅插畫，插畫的風格簡潔，主要以黑、白、黃色為主。畫框的邊框是黑色的，插畫的右上角有一個小方塊，裡面有幾何圖形。牆壁的左側有一盞燈，燈光是白色的，燈頭是圓形的，燈罩是半透明的。牆壁的右側有一扇門，門是深色的，門框是黑色的。門的上方有一個木製的橫樑，橫樑的顏色是深棕色。牆壁的下方有一張白色的桌子，桌子上也有一幅畫框，畫框的邊框是黑色的，畫框內的插畫是淺色的，插畫的右下角有一個小方塊，裡面有幾何圖形。
./dataset/IMG20220316105119.jpg,這張照片展示了一個城市的景觀。前景中有一個灰色的欄杆，欄杆外是一片綠地，綠地上有一些樹木和建築物。綠地旁邊有一條道路，道路上停有幾輛車。遠處可以看到一些建築物，建築物的顏色主要是白色和灰色，建築物的設計風格各不相同。天空中有一些雲彩，但整體天氣比較陰沉。照片的右上角有一個白色的光斑，可能是陽光或鏡頭反光。照片的左下角有一個模糊的紅色圓形，可能是鏡頭的反光或照片的瑕疵。
./dataset/FB_IMG_1485272615897(1)(1).jpg,這張照片中，一個人坐在街道邊緣的欄杆上，穿著深色的外套和褲子，腳上穿著運動鞋。他手中拿著一盒香菸，腳邊有一個紙袋，裡面似乎裝著一些東西。背景中可以看到一輛黃色的計程車和一些商店的招牌，招牌上有中文標誌。照片的右側有一隻手伸出來，似乎在給坐在欄杆上的人遞東西。
./dataset/20240602_162620.jpg,這張圖片顯示了一本書的一部分內容，頁碼為85。書的頁面主要由文字組成，文字是中文，並包含一些標題和註釋。頁面左上角標註了「Part 2 行動計畫」，右上角標註了頁碼「85」。頁面左側有一個綠色的圓圈，圈內寫著「實戰 QA」。頁面右側有幾個綠色的方框，方框內有文字，這些方框可能是用來強調或標註特定的內容。頁面的內容涉及一些問題和解答，似乎是在討論如何處理工作中的問題，特別是關於完成月度報告的問題。頁面的右側還有一些圈起來的問題，這些問題可能是讀者需要回答或思考的問題。
./dataset/IMG20220127212212_03.jpg,這張照片展示了一個夜晚的城市景觀。照片的前景是茂密的植被和一些建築物，前景的植物在燈光的照射下顯得鮮明。背景是城市的夜景，可以看到許多發光的建築物和燈光，遠處的建築物在夜空中顯得格外突出。天空是深色的，可能有雲層遮蓋，但並沒有明顯的星星或月亮。整體感覺是靜謐而寧靜的夜景。
./dataset/IMG20220308145837.jpg,這張照片展示了一片寬闊的水域，水面上反射著陽光，閃爍著光亮。水的對岸有一片綠色的植被，看起來像是樹木或灌木叢。天空非常藍，幾乎沒有雲彩，陽光從左上角照射過來，形成了光線的光暈效果。前景中有一個鐵製的護欄，護欄的顏色是深藍色，護欄的下方是混凝土的結構。整體來說，這張照片呈現出一種寧靜而寬廣的自然景觀。
./dataset/IMG_20180308_161032_296.jpg,這是一張手機來電畫面的截圖。畫面上方顯示來電者名稱為「Your Dream」，下方顯示來電來源為「work」。畫面中央有一行字，寫著「is calling calling calling you you」，顯示來電者正在重複呼叫。畫面下方有兩個按鈕，一個是紅色的「Decline」按鈕，另一個是綠色的「Accept」按鈕，分別代表「拒絕」和「接受」來電。背景為深色漸變，沒有其他圖案或文字。
./dataset/IMG_20180208_142020_533.jpg,這張圖片的背景是黑色的，上面有白色的文字「結束啦啦～」，文字右側有四個彩色的爆炸圖案，分別是黃色、橙色、藍色和紫色。爆炸圖案的下方有幾條彩色的線條。
./dataset/20240626_121619.jpg,這張照片中，天空非常藍，雲朵蓬鬆，形狀不規則，主要集中在照片的右側。照片的左側是藍色的天空，沒有雲朵。照片的右側還可以看到一些建築物，建築物的顏色是淺灰色和橙色。建築物的頂部有一些綠色的樹葉。照片的右側還有一根電線。照片的右側還有一棵樹，樹葉茂盛。
./dataset/11081036_632065413559951_7109343805778426697_n(1)(1).jpg,這張照片中，一群年輕人圍繞在桌子旁。桌子上有幾張紙，其中一張紙上似乎寫著什麼。前景中，一位穿著迷彩外套的年輕人正彎腰傾身，似乎在查看或操作桌子上的東西。周圍的其他人則圍觀著，表情各異，有微笑的，有好奇的，有沉思的。背景中可以看到一些裝飾品，可能是教室或會議室的一部分。
./dataset/IMG20220220151329.jpg,"這張照片展示了一個展覽場景。照片中有幾個孩子坐在地上，背對著攝影機，他們正在觀看一張巨大的畫作。這幅畫作是法國畫家克勞德·莫內（Claude Monet）的作品，題目是《奧賽碼頭》（Le Bassin d'Argenteuil）。畫作中表現了海灘上的場景，有沙灘、海浪、天空和一些人物。畫面上方有一段英文和中文的字幕，英文寫道：“It's terrible how the light runs out. Colour, any colour, lasts a second, sometimes 3 or 4 minutes at most.” 中文翻譯為：“光線的流逝讓人惶恐。任何色彩，任何顏色，只持續一秒，有時最多3到4分鐘。” 展覽場館的牆壁是黑色的，牆上還有一塊顯示屏，上面有莫內的名字和一些相關的說明文字。"
./dataset/IMG_20180330_153240_531.jpg,這張照片展示了一片綠色的草地，草地上散落着一些石板路。背景中有一棵大樹，樹葉茂盛，枝葉向天空伸展。樹的後方有一座大型的黃色建築物，建築物的外牆由許多小方塊組成，排列成規則的幾何圖案。建築物的後方還有一些其他的樹木，樹葉已經開始轉紅，顯示出秋天的氣息。天空晴朗，陽光充足，整個場景顯得非常明亮和開闊。照片中還可以看到幾個人在草地上活動，他們的姿態和動作各不相同，似乎在享受這片綠地的氛圍。
./dataset/20230729_111754.jpg,這張圖片展示了一棵樹的樹冠，樹葉茂盛，綠意盎然。樹冠的右側佔據了大部分視野，樹葉在微風中輕微搖曳。背景是多雲的天空，雲層厚重，顏色從淺灰色到深灰色不等，天空的顏色較為灰暗。整體感覺是自然的、平靜的，可能是在一個陰天或清晨或傍晚時分拍攝的。
./dataset/IMG_20181226_183008_510.jpg,"這張照片展示了一張餐桌，上面鋪有紫色桌布。桌上擺放了幾樣物品，包括：

1. 一瓶綠色瓶裝的飲料。
2. 一瓶黑色瓶裝的飲料。
3. 一瓶綠色瓶裝的飲料，上面有中文標籤。
4. 一個透明玻璃水壺。
5. 一個黑色托盤，托盤上有三個小碗，碗內裝有不同顏色的東西，可能是食物。
6. 一張白色餐巾紙。
7. 一雙黑色筷子。
8. 一個透明玻璃杯。

背景中可以看到一些木製椅子和一扇門。桌上的物品排列整齊，似乎準備好供人食用。"
./dataset/IMG20220317105807.jpg,"這是一間室內空間，看起來像是一家咖啡館或餐廳。牆壁是白色的，上面有黑色的中文書法字樣。天花板上掛有幾盞燈，燈光柔和。牆壁上有一張掛畫，畫中有一個女人的側臉，背景是雪景。牆壁上還有一個裝飾性的鹿角圖案。

空間內有幾張桌子和椅子。桌子是木製的，椅子也是木製的，顏色是淺棕色。有一張圓形的玻璃桌，桌邊有一個藍色的坐凳。牆壁上有一個櫃子，櫃子是藍色的，櫃門是開關式的。櫃子旁邊有一個裝飾性的籐編屏風。

櫃台是大理石紋理的，櫃台上有一些物品，包括一個紅色的容器和一些杯子。櫃台後面有一個吧檯，吧檯上有一些調理用具。櫃台後面的牆壁上有一個紅色的三角形標誌。櫃台後面的牆壁上還有一個白色的門。

空間內有幾個人，他們坐在桌子旁邊，似乎在聊天或等待服務。地板是六邊形的磚塊，顏色是灰白相間。空間的裝修風格簡潔現代，採光良好。"
./dataset/DSC_0037(1)(1).JPG,這張圖片顯示了一個廁所的內部。廁所的牆壁和地板是黑色的，牆壁上有一個紅色的照明區域，裡面有一個白色的廁所。廁所的門是開著的，門的邊緣有一個銀色的把手。廁所的牆壁上還有一個控制面板，上面有幾個按鈕和顯示器。廁所的牆壁上還有一個鏡子，鏡子的邊緣有一個銀色的框架。廁所的牆壁上還有一個洗手池，洗手池的邊緣有一個銀色的框架。廁所的牆壁上還有一個洗手池，洗手池的邊緣有一個銀色的框架。廁所的牆壁上還有一個洗手池，洗手池的邊緣有一個銀色的框架。廁所的牆壁上還有一個洗手池，洗手池的邊緣有一個銀色的框架。廁所的牆壁上還有一個洗手池，洗手池的邊緣有一個銀色的框架。廁所的牆壁上還有一個洗手池，洗手池的邊緣有一個銀色的框架。廁所的牆壁上還有一個洗手池，洗手池的邊緣有一個銀色的框架。廁所的牆壁上還有一個洗手池，洗手池的邊緣有一個銀色的框架。廁所的牆壁上還有一個洗手池，洗手池的邊緣有一個銀色的框架。廁所的牆壁上還有一個洗手池，洗手池的邊緣有一個銀色的框架。廁所的牆壁上還有一個洗手池，洗手池的邊緣有一個銀色的框架。廁所的牆壁上還有一個洗手池，洗手池的邊緣有一個銀色的框架。廁所的牆壁上還有一個洗手池，洗手池的邊緣有一個銀色的框架。廁所的牆壁上還有一個洗手池，洗手池的邊緣有一個銀色的框架。廁所的牆壁上還有一個洗手池，洗手池的邊緣有一個銀色的框架。廁所的牆壁上還有一個洗手池，洗手池的邊緣有一個銀色的框架。廁所的牆壁上還有一個洗手池，洗手池的邊緣有一個銀色的框架。廁所的牆壁上還有一個洗手池，洗手池的邊緣有一個銀色的框架。廁所的牆壁上還有一個洗手池，洗手池的邊緣有一個銀色的框架。廁所的牆壁上還有一個洗手池，洗手池的邊緣有一個銀色的框架。廁所的牆壁上還有一個洗手池，洗手池的邊緣有一個銀色的框架。廁所的牆壁上還有一個洗手池，洗手池的邊緣有一個銀色的框架。廁所的牆壁上還有一個洗手池，洗手池的邊緣有一個銀色的框架。廁所的牆壁上還有一個洗手池，洗手池的邊緣有一個銀色的框架。廁所的牆壁上還有一個洗手池，洗手池的邊緣有一個銀色的框架。廁所的牆壁上還有一個洗手池，洗手池的邊緣有一個銀色的框架。廁所的牆壁上還有一個洗手池，洗手池的邊緣有一個銀色的框架。廁所的牆壁上還有一個洗手池，洗手池的邊緣有一個銀色的框架。廁所的牆壁上還有一個洗手池，洗手池的邊緣有一個銀色的框架。廁所的牆壁上還有一個洗手池，洗手池的邊緣有一個銀色的框架。廁所的牆壁上還有一個洗手池，洗手池的邊緣有一個銀色的框架。廁所的牆壁上還有一個洗手池，洗手池的邊緣有一個銀色的框架。廁所的牆壁上還有一個洗手池，洗手池的邊緣有一個銀色的框架。廁所的牆壁上還有一個洗手池，洗手池的邊緣有一個銀色的框架。廁所的牆壁上還有一個洗手池，洗手池的邊緣有一個銀色的框架。廁所的牆壁上還有一個洗手池
./dataset/IMG20220220161229.jpg,這張照片展示了一個室內場景，三塊大屏幕顯示著一幅山景畫。畫面中有一座山，山頂被雪覆蓋，山腳處有綠色的植被。天空被渲染成橙色和黃色，彷彿是日出或日落時的景象。畫面的左側有一小塊綠色的草地和一塊岩石。在屏幕的下方，有幾個觀眾坐在地上觀看這幅畫，他們的頭部和部分身體在畫面的左側可以看到。場館的天花板是黑色的，上面有幾點光點，可能是裝飾或照明設備。
./dataset/IMG20220315163337.jpg,這張照片展示了一片壯麗的自然風景。前景是綠色的草地和一些雜草，草地上散落著一些石塊。中景是一片藍綠色的湖泊，湖水清澈，反射著天空的顏色。遠景是連綿的山脈，山頂被雲霧籠罩，顯得朦朧而神秘。天空中雲層厚重，給整體景色增添了一絲肅穆的氣氛。整體來說，這張照片呈現出一種寧靜而壯麗的自然美。
./dataset/20230826_150926.jpg,這張照片展示了一條河流，河面上有一座現代化的橋樑。橋樑兩端有高大的橋墩支撐，橋樑上鋪有鋼筋混凝土，橋面寬闊，可以通行汽車和行車。橋樑的設計風格現代，橋樑兩側有綠樹成蔭，橋下是寬闊的河面，河水清澈見底。遠處可以看到一些建築物，建築風格現代，建築群後方有藍天和雲朵，天空晴朗，氣氛清新。整體環境優美，自然與城市景觀相得益彰。
./dataset/20221106_165846.jpg,這張照片展示了一個公園的場景，時間是日落時分。天空中布滿了雲彩，陽光從雲層間透出，散發出金黃色的光芒。公園內種植了幾棵樹，樹木的樹幹筆直，樹冠茂盛。公園的地面鋪設了草地和水泥路，路邊有幾排樹木和灌木。公園內有很多人在活動，有些人坐在草地上，有些人則在散步或聊天。背景中可以看到一些建築物和遠處的海景，海面上有幾艘船。整體氛圍非常平靜和美麗。
./dataset/IMG20220311155825.jpg,這張照片展示了一個公園的場景。前景是一片草地，草地上有一些樹木和灌木，樹木修剪成圓形。背景中有一個大型的白色建築物，建築物的頂部有黃色的支柱。遠處可以看到幾棟高樓建築，建築物的設計風格現代。天空晴朗，沒有雲彩，陽光明媚。照片的右下角有一條黑色的水管。
./dataset/10491140_632080123558480_974855326617795162_n(1)(1).jpg,這張照片展示了一間教室的內部。教室的牆壁是淺藍色的，牆上有一塊黑板，黑板上寫著中文。黑板上方有一個粉紅色的標籤，上面也寫著中文。教室裡有幾個孩子，他們似乎在活動或遊戲。其中一個孩子坐在桌子旁，似乎在寫作或繪畫。桌子是長條形的，桌子旁邊有幾張白色的椅子。教室的窗戶是大面積的，可以讓進來充足的自然光。窗戶旁邊有一個電風扇。地板是灰色的，上面有小石子的紋理。教室的牆壁上有一些裝飾和標籤，但無法辨識其內容。
./dataset/20240505_102554.jpg,這張照片展示了一間餐廳內部的景象。照片中可以看到一排排的酒瓶擺放在玻璃展示櫃裡，展示櫃位於牆邊，牆面是深色的。展示櫃上方有一盞燈光，燈光照射在酒瓶上，使得酒瓶的顏色和標籤更加清晰。展示櫃的後方有一扇大玻璃窗，窗外可以看到一些綠植和建築物。窗戶旁邊有一個吧檯，吧檯上有一些餐具和裝飾品。吧檯後方的牆面是淺色的，牆上有一些裝飾畫。吧檯旁邊有一些座位，座位上坐著幾個人，他們似乎在用餐或聊天。整體來說，這間餐廳的裝潢風格現代，燈光柔和，環境舒適。
./dataset/IMG_20180715_231029_165.jpg,這張圖片顯示了一台MacBook Air筆記型電腦，屏幕上正在播放一場足球賽事。屏幕左上角顯示了比賽時間為09:08，比賽兩隊分別是法國和克羅埃西亞，比分为0-0。屏幕右上角顯示了比賽的電視台信息，為3台。屏幕下方的廣告牌上顯示了“Hisense”品牌。圖片下方有一行文字，寫著“冠軍賽跟風一下”，並附有兩個小人跑步的圖案。
./dataset/1552912257241_1.jpg,這張照片展示了一位年輕男子站在一個露臺上，他側身面向一側，雙臂交叉在胸前，似乎在凝視遠方。他穿着一件淺藍色的襯衫，頭髮是黑色的，短髮。露臺上鋪有木質地板，兩旁種有幾棵樹，樹上掛有燈飾，發出溫暖的黃光。背景中可以看到一些建築物和綠樹，遠處還有一些行人。整體環境看起來像是在一個現代城市的高樓頂層，天色已經漸暗，但燈光已經點亮，營造出一種寧靜而優雅的氛圍。
./dataset/20231118_144227.jpg,這張照片展示了一幅掛在牆上的壁畫。壁畫的主題是中國傳統文化，畫面中有一位手持長杖的老者，頭戴金色冠冕，身穿黃色長袍，坐在岩石上，背景是藍色的天空和綠色的樹葉。壁畫的左側有一個小男孩，頭戴厨师帽，身穿綠色圍裙，手持鍋鏟，面帶微笑。小男孩的上方有文字，寫著「歡迎光臨中和南勢角夜市」。壁畫的右側有許多小字，內容涉及當地的風土人情和美食。壁畫的左下角有一張小紙條，上面寫著「歡迎光臨中和南勢角夜市」。壁畫的右下角有一個星巴克的標誌。
./dataset/20230721_093023.jpg,這張照片顯示了一個晴朗的天氣，天空藍色，雲朵稀疏。照片中有一輛車的後視鏡和車窗反射，可以看到車內的後座和駕駛座。車窗外是一片綠色的草地，草地邊緣有幾塊花壇，種植了紅色和綠色的植物。背景中有一個標有“OPPO智能製造中心”的綠色標誌牌，標誌牌前有一個雕像，雕像的顏色是金色的。雕像的後方有一個廣告牌，上面有中文和英文的廣告內容。廣告牌的顏色是藍色和紅色。照片的右側有一個路標，顯示了限速30公里。照片的左側有一個紅色的卡通人物雕像，雕像的顏色是金色的，頭上有一個紅色的愛心。背景中還有一些綠色的圍牆和建築物。
./dataset/IMG20220315164100.jpg,這張圖片展示了一片廣闊的海景。海面波光粼粼，反射著天空的藍色。天空中有一些薄雲，雲層稀疏，天空的顏色從淺藍漸變到深藍。海的邊緣可以看到一些綠色的植被，可能是海岸邊的植物。在海的上方，有一條電線橫跨畫面，從左上角延伸到右上角。電線的顏色是黑色的，與背景形成對比。整體來說，這張圖片呈現出一種寧靜而遼闊的海景。
./dataset/20230721_093021.jpg,這張照片顯示了一個從車窗內向外看的景觀。車窗上有一些反光，可以看到車內的座椅和部分車窗框架。照片中可以看到一片綠色的草地，草地邊緣有一排圍欄，圍欄後面有一些建築物和樹木。在草地的中央，有一個裝飾性的雕塑，雕塑上有三個動物形象，分別是紅色的兔子、白色的兔子和黃色的兔子，並標有「2023」的年份。背景中有一個大型的廣告牌，上面寫有中文文字，內容涉及中國式現代化和民族復興等主題。天空晴朗，藍天中有一些雲朵。
./dataset/12043223_901336199957176_4472476089475072071_n(1)(1).jpg,這張照片中有幾個人在活動中。前景中有一個穿著紅色背心和白色T恤的女孩，背心上有黑色和紅色的條紋，頭上戴著一頂黑色的帽子，帽子上有一條紅色的帶子。她的雙手握拳，似乎在做動作。背景中有幾個人，他們也穿著類似的服裝，頭上戴著紅色的頭帶。照片的背景有些模糊，但可以看出是在室內，牆壁上掛著一些裝飾品。
./dataset/received_10208518859981345.jpeg,這張照片中有一群人站在一起，背景是一個餐廳的入口。入口處有燈籠和燈飾，燈籠上寫著中文。餐廳的門口上方有中文標語，門口處還有一些樹木和裝飾燈。照片中的人們面帶微笑，有些人舉起手指比出不同的姿勢。照片的時間是在夜晚，燈光較暗，但餐廳的燈光和燈飾使得場景顯得比較明亮。
./dataset/1526815317402.jpg,這張照片展示了一條城市中的小河，兩側種植了綠樹和草叢。河岸邊有石頭圍欄，河邊設有步道，供人行走。河面上有一座小橋，橋上有人行走。背景中可以看到一些建築物，建築物的外牆顏色多樣，有白色、灰色和藍色等。照片的右側有一塊禁止進入的標誌牌。整體環境綠意盎然，顯得非常寧靜。
./dataset/20240218_174334.jpg,這張照片中，天空是藍色的，雲朵稀疏。照片的右側有一棵棕櫚樹，樹葉茂盛，樹幹粗壯。樹的後方還有一棵樹，樹葉較為茂密。照片的左側是藍色的天空，沒有其他明顯的景物。
./dataset/IMG20200218182230.jpg,這張照片展示了一個大型的機械裝置，位於室內的展示區。裝置的外形類似於機械手臂或機械人的一部分，主要顏色為金黃色和黑色。機械裝置的前部裝有四個不同顏色的燈光，分別為藍色、綠色、紅色和黃色。裝置的底座是黑色的，安裝在一個木製的展示台上，展示台的底層鋪有綠色的仿真草皮。背景中可以看到一些其他展示品和裝飾，包括一個迷彩風格的背包和一些裝飾品。背景的建築物和天花板上有一些燈光和裝飾，顯示出室內的環境是一個購物中心或展覽場地。
./dataset/IMG20220220145606.jpg,這張圖片展示了一個展覽的介紹板，上面有中文和英文的內容。展覽名稱為「THE SOUND OF COLOUR」，意為「色彩的旋律」。介紹板上提到了視覺和聽覺之間的聯覺現象，即人們在看到某種顏色時，可能會不自主地聯想到特定的音樂或聲音。展覽還提到印象派畫家如何通過抽象的色彩和形狀來表現現實世界，模糊了真實與抽象之間的界限。介紹板上還有一個色輪，顯示了不同顏色對應的頻率，例如黃色對應440赫茲，紅色對應415赫茲等。最後一段文字強調了觀者的個人感知是他們的真實體驗。
./dataset/1528557893472.jpg,這張照片顯示了一群人在畢業典禮上合影。背景中有一個橫幅，上面寫著「東海大學107年畢業典禮」，顯示這是一場在東海大學舉行的畢業典禮。照片中有許多成年和年輕人，他們都面帶笑容，似乎在慶祝畢業。其中一位年輕人穿着畢業袍，手持花束和紅包，可能是新畢業的學生。其他人則穿着便服，看起來像是學生的家人或朋友。背景中可以看到其他參加畢業典禮的人群，他們也似乎在拍照或慶祝。整體氛圍歡樂而喜慶。
./dataset/IMG20220311210327.jpg,這張照片是在夜晚拍攝的，照片中有一座橋樑，橋樑的結構由多根鋼索支撐，橋樑上有一個大型的白色帆狀建築物，建築物的頂部有幾束光線照射出來。橋樑的兩側有建築物，建築物的外牆上有發光的字樣。橋樑的下方是水面，水面反射出橋樑和建築物的影像。橋樑的欄杆是白色的，欄杆的另一側有一條道路。整體環境在夜晚的照明下顯得非常明亮。
./dataset/IMG_20210422_185547_113.jpg,這幅畫中，有五名士兵在行進。他們都穿着綠色迷彩服，頭戴綠色頭盔，手持步槍。他們的姿態一致，步伐穩健，顯得非常有紀律性。畫面的背景是一片綠色的樹林和遠處的山丘，天空是灰蒙蒙的，可能暗示著陰天或清晨時分。士兵們的前方有一面紫色的旗幟，旗幟上有一個白色的圖案。整體畫面給人一種莊嚴和肅穆的感覺。
./dataset/11061740_632075216892304_7262861409413504330_n(1)(1).jpg,這張照片顯示了一群人圍成一圈站在室內的場景。他們似乎在進行某種活動或討論。背景中可以看到一扇大窗戶，窗戶旁邊有幾扇門，門上裝有鐵網。牆壁上掛有一些標誌和黑板，黑板上寫有中文。場地的地面是灰色的，天花板上掛有幾盞燈和一些裝飾物。人們的衣著多樣，有穿外套、夾克和運動鞋的。
./dataset/20230820_181743.jpg,這張照片展示了一片藍天，天空中布滿了蓬鬆的雲朵，雲朵的顏色從淺黃到白色不等，有些地方還帶有淡淡的藍色。在照片的下方，可以看到一棟建築物，建築物的外牆顏色為黃色，窗戶排列整齊，建築物的頂部有一排鐵欄杆。建築物的後方還可以看到一些建築物的頂部。照片的右下角有一棵樹，樹葉茂盛。整體來說，這張照片呈現了一種平靜的氛圍。
./dataset/20230805_155250.jpg,這張圖片展示了一個展示架，上面陳列了多樣的商品。展示架由木頭製成，共有兩層。上層展示了一些小物件，包括一個咖啡杯、一些小圓形標籤和一些透明塑料袋中的小物件。這些標籤上寫有“ALL DAY”和“SAVOR”等字樣。下層展示了一個白色花瓶，裡面插著一束乾燥的紅色和白色花朵。花瓶兩旁各有一個小玻璃瓶，瓶身上寫有“ALL DAY”字樣。花瓶和玻璃瓶的後方有一個灰色的展示盒，上面有“ALL DAY”的標誌和一張展示店鋪的圖片。展示架的左側還有一些紙箱，紙箱上也寫有“ALL DAY”的字樣。背景牆是白色的，牆上有一塊粉紅色的紙張。
./dataset/1527003493558.jpg,這張照片中有三個人，他們都戴着頭盔，似乎是在騎機車。前景中的人正在微笑，背景中有兩個人，他們也戴著頭盔，其中一個人正在比出勝利的手勢。照片的背景是一條鄉間道路，兩旁有樹木和電線杆，天空晴朗，有幾朵雲。
./dataset/IMG20220309121136.jpg,這張照片中，一個人站在戶外，背景是建築物的一部分。他留有短黑髮，臉上帶有一個白色的口罩，口罩的帶子垂在左耳上。他穿着一件黑色的外套和一件白色的衣服，上面有黑色的英文字母。背景中可以看到一扇門和一堵牆，牆上有一些標誌和標語。陽光從上方照射下來，形成了一些光斑。
./dataset/IMG20220317151515.jpg,這張照片展示了一片沙灘，沙灘上有一些腳印。海浪拍打在沙灘上，形成白色的浪花。遠處可以看到幾艘船隻，天空陰沉，雲層厚重。沙灘上有幾個人，他們似乎在沙灘上行走或活動。沙灘的遠端有一些建築物和樹木。整體氣氛比較靜謐，可能是在一個陰天的時刻。
./dataset/IMG20220309123053.jpg,這張照片展示了一個現代建築風格的公園景觀。照片中有一座大型的白色建築結構，建築物的設計風格獨特，由多個不規則的柱子和梁構成，形成了一個開放式的空間。建築物的後方有一個水池，水池的邊緣是淺色的混凝土，水池中有一些樹木和植被。建築物的周圍鋪設了灰色的混凝土地面，地面平整，並設有幾條步道。背景中可以看到一些建築物和樹木，天空晴朗，藍天無雲。整體環境看起來非常現代化，並且設計注重與自然的融合。
./dataset/IMG20220220162905.jpg,這張照片展示了一個室內展覽場景。場景中有幾個大型屏幕，屏幕上投影了印象派畫家的作品，這些畫作色彩鮮豔，表現了光線和色彩的變化。觀眾們坐在黑暗的環境中，觀看這些投影畫作。有些觀眾在拍照，而其他人則在靜靜地觀看。場地的照明較暗，以突出屏幕上的畫作。
./dataset/IMG_20180727_111726_952.jpg,這是一張展示Ducati 959 Panigale的圖片。這輛機車以紅白兩色為主，車身標有Ducati的標誌和車型名稱。車頭裝有透明擋風玻璃，車尾裝有尾燈和尾部燈光。車架為黑色，車輪為黑色輪圈，搭配黑色輪胎。車身側面有金色的減震器。車尾裝有雙管排氣管。整體設計流線型，適合高速行駛。背景為純白色，突顯出機車的顏色和設計。
./dataset/1513347903181.jpg,"這張圖片來源於Instagram，用戶名為draw.ttshow.tw。圖片內容是一幅卡通插畫，描述了一隻兔子和一隻豚鼠的互動。兔子坐在窗邊，看著窗外的豚鼠。豚鼠的表情從平靜轉為驚恐，最後變得非常驚嚇，張開嘴露出牙齒，似乎在尖叫。兔子的表情從好奇轉為驚訝，最後變得非常擔心。圖片中還有一些中文文字，描述了豚鼠的驚恐和兔子的反應。圖片下方有用戶的互動數量，顯示有5,062個讚。此外，還有一些其他用戶的帳號名稱和連結，如@twodeerman和@pet.ttshow.tw。"
./dataset/11122444_632054960227663_1190275637078120020_n(1)(1).jpg,這張照片中，有幾個年輕人聚集在一起。他們似乎在一個室內場所，可能是學校或辦公室。背景中可以看到一些牆上的海報和櫃子。照片中有幾個年輕人站在一起，其中一個人正在使用手機。他們的姿態和表情看起來比較隨意，可能是在閒聊或等待某件事情。照片的環境看起來比較簡單，沒有特別的裝飾。
./dataset/IMG20200628145326.jpg,這張照片展示了一個廣闊的公園景觀。前景是一片鋪設有方磚的廣場，廣場邊緣種植了綠色的灌木和一些開花的紅色植物。中景是一個大型的噴泉，噴泉中有許多白色的雕像，這些雕像似乎表現出馬和騎士的主題。背景中可以看到一些建築物，建築物的設計風格類似於歐洲古典建築，頂部有圓頂。天空晴朗，藍天中有一些稀疏的雲朵。整體環境看起來非常寬敞和整潔，適合遊覽和休閒。
./dataset/IMG20220311155204.jpg,這張照片展示了一個公園的景象。公園內有許多樹木，樹枝上沒有茂密的葉子，顯示出可能是秋天或冬天的季節。樹木之間的空地鋪有沙土，地上散落著一些枯葉。遠處可以看到一些綠色的灌木和樹叢，以及一些建築物的邊緣。天空晴朗，陽光充足，照耀在公園內，使得整個場景顯得非常明亮。照片中還有一個穿著紅色上衣的人在遠處行走。
./dataset/20230826_155727.jpg,這張照片展示了一幅美麗的自然風景。照片中有一條寬闊的河流，河水清澈見底，反射著天空的藍色。河岸兩側是茂密的綠樹，遠處可以看到連綿的山脈，山頂上有一些建築物。天空湛藍，雲朵稀疏，散佈在天空中，給整幅畫面帶來了清新和寧靜的感覺。照片的構圖使得河流和山脈成為了視覺的焦點，而建築物則隱藏在遠處的山後，為整幅畫面增添了一絲現代城市的痕跡。
./dataset/IMG20220220160914.jpg,這張照片展示了一個室內展覽場景。牆上投影了三幅大型的畫作，畫面內容是樹木和遠處的建築，色彩鮮豔，充滿了自然的生動感。牆壁是黑色的，頂部有幾盞燈光，燈光柔和地照在畫作上。在畫作前，有兩位觀眾，他們似乎在拍照或觀看畫作。前景中還有幾位觀眾，他們的頭部和上半身部分出現在畫面中。整體環境昏暗，突出了畫作的色彩和細節。
./dataset/IMG20220317145428.jpg,這張圖片展示了一片海面，海浪輕柔地拍打着海岸。天空陰沉，布滿了厚重的雲層，給整體的氛圍帶來了一種沉悶的感覺。遠處可以看到一些遠離海岸的船隻，以及一些建築物的遠景。海面的顏色較深，波紋細微，顯示出風平浪靜的狀態。海邊的岩石在遠處若隱若現。
./dataset/IMG20220315145639~2.jpg,這張圖片展示了一條沿海公路，道路兩側設有護欄。護欄外側是陡峭的山崖，山崖上長滿了綠色的植被。護欄內側是公路，路面上鋪有黑色的柏油路面，邊緣有白色和黃色的標誌線。護欄上有一些橙色的標誌燈，用於警示駕駛員。遠處是無垠的海洋，海面波光粼粼，天空則是灰蒙蒙的，雲層密布。整體環境看起來比較荒涼，但景色壯麗。
./dataset/IMG20220304201117.jpg,這張照片展示了一條鋪設有方磚的步道，步道兩側種植了綠色植物。步道兩側設有燈柱，燈光照亮了步道，使得整條步道在夜晚顯得明亮。背景中可以看到一些建築物，建築物的窗戶發出暖黃色的光，與周圍的黑暗形成對比。步道的盡頭可以看到更多的建築物，建築物的外牆發出較亮的光。整體環境看起來像是在一個公園或城市綠地，夜間的氛圍非常平靜。
./dataset/20230217_113905.jpg,這張照片展示了一棵開滿粉紅色花朵的樹，樹枝上開滿了粉紅色的花朵，背景是一棟現代建築，建築外牆有藍色和白色的方格裝飾。建築前面有一排樹木，樹葉茂盛。建築的樓梯旁邊有綠色的灌木。天空晴朗，藍天無雲。照片的右下角有一個人，他正側身站立，面向建築。
./dataset/IMG20220315122751.jpg,這張照片展示了一個戶外的休閒空間。空間內有幾張黑色的戶外桌椅，桌椅旁邊有幾把白色和棕色的椅子。地上鋪有灰色的石板，兩側有綠色的草地。背景中可以看到一棟建築，建築外牆是淺色的，窗戶是方形的。建築旁邊有一棵樹，樹葉已經脫落，顯示出秋天的季節。地上散落著一些紅色的葉子。照片的左側有一張木製的長椅，長椅上貼有兩張紙，紙上印有紅色和白色的字樣，並有一個QR碼。照片的右側有一個小型的石頭房子模型，模型旁邊有一些綠植。照片的左側還有一個黑色的柱子，柱子上貼有紙張。照片的右側有一個木製的建築，建築外牆是深色的，窗戶是方形的。建築旁邊有一棵樹，樹葉已經脫落，顯示出秋天的季節。地上散落著一些紅色的葉子。照片的左側有一張木製的長椅，長椅上貼有兩張紙，紙上印有紅色和白色的字樣，並有一個QR碼。照片的右側有一個小型的石頭房子模型，模型旁邊有一些綠植。照片的左側還有一個黑色的柱子，柱子上貼有紙張。
./dataset/20240101_170016.jpg,這張照片展示了一片天空，天空中布滿了層層雲霧，雲層在夕陽的照耀下呈現出柔和的粉紅色和黃色。雲層的形狀不規則，有些部分較為厚重，而另一些部分則比較稀疏。在照片的下方，可以看到一些建築物的屋頂和建築結構，建築物的顏色從淺黃色到白色不等，建築物的設計風格看起來比較現代。建築物的後方還有一些樹木，樹木的葉子在夕陽的照射下顯得鮮豔。整體來說，這張照片給人一種平靜而美麗的感覺。
./dataset/IMG20220315122745.jpg,這張照片展示了一個建築物的入口。入口處有一塊木製的牌匾，上面寫著「檢察長宿舍」的中文文字。牌匾的右側有一個QR碼。入口處的牆壁是灰色的磚塊砌成，門是開放的，可以看到裡面有一隻狗在活動。建築物的外牆是木製的，屋頂是瓦片鋪成的。背景中可以看到一些樹木和建築物。
./dataset/IMG20220304150323.jpg,這張照片展示了一個公園的景觀。照片中可以看到一條鋪設好的石板小路，兩旁種植了高大的樹木，樹木的枝葉茂盛，為公園提供了蔭蔽。小路的盡頭有一些建築物，建築物的外牆是淺色的，建築物的設計簡單現代。在小路的盡頭還有一些樹木的樹樁，可能是最近進行了樹木修剪或移除。照片的右側有一個橙色的交通錐，可能用來標示某個區域或進行施工。照片的左側還有一些樹木的樹樁，顯示出公園的建設或維護活動。照片的右側還有一個燈柱，燈柱上掛有標誌牌，可能提供公園的資訊或指引。照片的右側還有一個建築物，建築物的外牆是淺色的，建築物的設計簡單現代。照片的右側還有一個建築物，建築物的外牆是淺色的，建築物的設計簡單現代。照片的右側還有一個建築物，建築物的外牆是淺色的，建築物的設計簡單現代。照片的右側還有一個建築物，建築物的外牆是淺色的，建築物的設計簡單現代。照片的右側還有一個建築物，建築物的外牆是淺色的，建築物的設計簡單現代。照片的右側還有一個建築物，建築物的外牆是淺色的，建築物的設計簡單現代。照片的右側還有一個建築物，建築物的外牆是淺色的，建築物的設計簡單現代。照片的右側還有一個建築物，建築物的外牆是淺色的，建築物的設計簡單現代。照片的右側還有一個建築物，建築物的外牆是淺色的，建築物的設計簡單現代。照片的右側還有一個建築物，建築物的外牆是淺色的，建築物的設計簡單現代。照片的右側還有一個建築物，建築物的外牆是淺色的，建築物的設計簡單現代。照片的右側還有一個建築物，建築物的外牆是淺色的，建築物的設計簡單現代。照片的右側還有一個建築物，建築物的外牆是淺色的，建築物的設計簡單現代。照片的右側還有一個建築物，建築物的外牆是淺色的，建築物的設計簡單現代。照片的右側還有一個建築物，建築物的外牆是淺色的，建築物的設計簡單現代。照片的右側還有一個建築物，建築物的外牆是淺色的，建築物的設計簡單現代。照片的右側還有一個建築物，建築物的外牆是淺色的，建築物的設計簡單現代。照片的右側還有一個建築物，建築物的外牆是淺色的，建築物的設計簡單現代。照片的右側還有一個建築物，建築物的外牆是淺色的，建築物的設計簡單現代。照片的右側還有一個建築物，建築物的外牆是淺色的，建築物的設計簡單現代。照片的右側還有一個建築物，建築物的外牆是淺色的，建築物的設計簡單現代。照片的右側還有一個建築物，建築物的外牆是淺色的，建築物的設計簡單現代。照片的右側還有一個建築物，建築物的外牆是淺色的，建築物的設計簡單現代。照片的右側還有一個建築物，建築物的外牆是淺色的，建築物的設計簡單現代。照片的右側還有一個建築物，建築物的外牆是淺色的，建築物的設計簡單現代。照片的右側還有一個建築物，建築物的外牆是淺色的，建築物的設計簡單現代。照片的右側還有一個建築物，建築物的外牆是淺色的，建築物的設計簡單現代。照片的右側還有一個建築物，建築物的外牆是淺色的，建築物的設計簡單現代。照片的右側還有一個建築物，建築物的外牆是淺色的，建築物的設計簡單現代。照片的右側還有一個建築物，建築物的外牆是淺色的，建築物的設計簡單現代。照片的右側還有一個建築物，建築
./dataset/IMG20220304163918.jpg,這張照片展示了一個公園的景色。照片中可以看到一條蜿蜒的小路，兩旁種植了各種樹木和灌木。樹木的葉子已經開始凋零，顯示出秋天或冬天的季節。小路兩側的樹木有些已經脫落了大部分的葉子，而另一些樹木的葉子仍然茂盛。地面上可以看到一些枯葉。遠處可以看到一些建築物和圍欄，顯示出公園的邊界。天空晴朗，陽光照射在地面上，形成了一些陰影。公園的環境看起來非常寧靜和安靜。
./dataset/IMG20220317144253.jpg,這張照片展示了一片沙灘，沙灘上散落著幾個人。遠處可以看到海浪拍打著海岸，海浪看起來比較平靜。沙灘的後方是連綿的山丘，山丘上長滿了綠色的植被。天空中有一些雲彩，但整體天氣看起來比較晴朗。沙灘上有一個背包和一塊布料，可能是野餐或露營的裝備。沙灘上的人們似乎在享受海邊的風景，有些人站在海邊，有些人則在沙灘上走動。整體來說，這張照片呈現了一個閒適的海灘氛圍。
./dataset/IMG_20210122_070011_816.jpg,這張照片顯示了一輛客車的內部。車廂內有許多座位，座位上鋪有藍色的坐墊。車廂的天花板上裝有電視屏幕，顯示器顯示的是乘客的背影。車廂內的乘客大多數都坐在座位上，有些乘客在看電視，有些則在休息或閉目養神。車廂的內部裝飾以暖色調為主，窗簾是淺色的。車廂的前方可以看到駕駛員的位置，駕駛員的座位上方也裝有電視屏幕。車廂的後方有幾個座位，座位上沒有乘客。車廂的側面有大面積的玻璃窗，透過玻璃窗可以看到外面的景觀。車廂的內部裝飾和設備看起來比較現代化。
./dataset/20230805_175208.jpg,這張照片展示了一棵樹，樹的樹冠非常茂盛，樹幹粗壯，樹枝延伸出許多細長的枝條。樹葉綠色鮮豔，陽光從樹葉間透射下來，形成斑斕的光影效果。樹的後方可以看到一些建築物，建築物的窗戶反射出陽光。樹的周圍是綠色的草地和鋪設的磚塊地面。整體環境看起來像是公園或綠化區。
./dataset/20230808_160000.jpg,這張照片展示了一個城市公園的景觀。照片的左側有一棟現代建築，建築外牆以白色為主，搭配藍色的玻璃窗，窗戶排列規律。建築前有一個鐵製的結構，可能是裝飾或照明設施。建築後方有幾棵棕櫚樹，樹幹粗壯，葉子茂盛。公園內種植了各種綠色植物，包括蕨類植物和高大的草本植物，這些植物生長茂盛，綠意盎然。地面上鋪有石頭，石頭之間有泥土和枯葉。整體環境看起來非常綠化，與現代建築形成鮮明對比。
./dataset/IMG20220316135754.jpg,這張照片展示了一條街道的景象。街道兩側種植了高大的樹木，樹木的枝葉已經脫落，顯示出冬季或早春的季節。道路兩側的建築物風格不同，一側是現代建築，另一側則是具有傳統建築風格的建築。天空陰沉，雲層密布，顯示出天氣較為陰沉。道路旁邊有一個行人道，一位行人正在行走。道路邊緣有一個橙色的交通锥，可能用來標示道路施工或維護區域。整體環境看起來比較靜謐，沒有明顯的交通活動。
./dataset/20230707_174901.jpg,這張圖片展示了一間餐廳的內部。餐廳的牆壁是白色的，天花板上裝有幾盞燈。餐廳的裝潢以木色和紅色為主，牆壁上有一扇大玻璃窗，窗外可以看到一些綠色植物。餐廳內有幾張桌子和椅子，桌子是木製的，椅子有紅色的坐墊和靠背。地面上鋪有灰色的地磚。餐廳的環境看起來乾淨整潔，佈局合理。
./dataset/1531474877960.jpg,這張照片中，一個人坐在車廂內，頭靠在手臂上，閉著雙眼，似乎在休息或睡覺。他穿着一件黑色的皮夾克，裡面搭配了一件深色的毛衣。車廂的座椅是米色的，背景中可以看到車廂的內部裝潢。
./dataset/20240212_172244.jpg,這張照片顯示了一個日落時分的景象。天空從左上角開始，漸漸變暗，直到右下角，天空呈現出柔和的黃色和橙色。雲層在天空中散發出柔和的光線，形成層層疊疊的雲霧。照片的右側可以看到一些建築物，建築物的頂部有幾棵樹，樹葉在夕陽的照耀下顯得鮮豔。建築物的顏色從淺藍到白色不等，建築物的窗戶排列整齊。整體來說，這張照片捕捉到了一個平靜而美麗的時刻。
./dataset/IMG20220317142839.jpg,這張照片展示了一片沙灘，海浪輕拍著海岸線。沙灘上散落著幾個人，他們似乎在享受海邊的氛圍。遠處可以看到幾棟建築物，建築物的設計現代，可能是酒店或度假村。天空陰沉，雲層密布，顯示出天氣可能有些陰沉。沙灘上還有一些腳印，顯示有人在沙灘上行走或玩耍。海浪不斷拍打著海岸線，產生了輕微的浪花。整體來說，這張照片呈現了一個平靜的海灘場景。
./dataset/received_1419041474862779.jpeg,這張照片中，一位年輕男子坐在餐廳的桌子旁，他穿着一件白色T恤，手腕上戴著一塊黑色的手錶。他正用雙手拿著一部手機，似乎在看手機螢幕。桌上有一杯深色的飲料，杯子是透明的，可以看到裡面的液體。背景中可以看到餐廳的裝潢，包括天花板上的鐵網和牆壁上的裝飾。牆壁上掛有一些標語和圖片，顯示出餐廳的風格。在照片的後方，還有一位穿著黃色上衣的女子，她坐在另一張桌子旁，似乎在用筷子吃東西。
./dataset/IMG20220317142811.jpg,這張圖片展示了一片海灘的景象。海浪輕柔地拍打着海岸線，形成細小的白色泡沫。海面波光粼粼，反射出天空的顏色。遠處有一座小島，島上似乎沒有植被，呈現出光禿禿的樣子。天空陰沉，沒有明顯的雲層，整體氣氛比較靜謐。海灘的沙子看起來比較細膩，顏色較淺。海浪逐漸向陸地推進，形成一層層的波紋。
./dataset/IMG20220318163928.jpg,"這張照片展示了一個城市街景。照片中可以看到幾棟高樓建築，其中一棟特別高聳，建築外牆為玻璃構造，反射出天空的顏色。建築的頂部有一些天線和設備。建築的顏色以藍色和白色為主。

在建築之間，有一條馬路，馬路上有幾輛車輛和一輛藍色的小貨車停在馬路邊。馬路兩側有樹木，樹木的葉子已經開始轉黃，顯示出可能是秋天的季節。馬路旁邊還有一些標誌和交通燈，顯示出這裡是一個交通繁忙的地區。

天空是灰蒙蒙的，可能是在陰天或傍晚時分拍攝的。整體來說，這張照片呈現出一個現代城市的街景，建築高聳，交通繁忙，環境整潔。"
./dataset/20240613_182528.jpg,這張照片顯示了一片藍天，天空中布滿了蓬鬆的雲朵。雲朵的形狀不規則，有些部分較為厚重，而另一些部分則比較稀疏。照片的右側可以看到一些建築物和路燈，建築物上有一些廣告牌，上面有中文文字。建築物的顏色主要是灰色和藍色。照片的右下角有一個紅色的交通燈。照片的左側有一個白色的飛機在飛行。照片的右側還有一個禁止左轉的交通標誌。照片的右側還有一個藍色的廣告牌，上面有中文文字。照片的右側還有一個紅色的廣告牌，上面有中文文字。照片的右側還有一個綠色的廣告牌，上面有中文文字。照片的右側還有一個黃色的廣告牌，上面有中文文字。照片的右側還有一個紅色的廣告牌，上面有中文文字。照片的右側還有一個綠色的廣告牌，上面有中文文字。照片的右側還有一個黃色的廣告牌，上面有中文文字。照片的右側還有一個紅色的廣告牌，上面有中文文字。照片的右側還有一個綠色的廣告牌，上面有中文文字。照片的右側還有一個黃色的廣告牌，上面有中文文字。照片的右側還有一個紅色的廣告牌，上面有中文文字。照片的右側還有一個綠色的廣告牌，上面有中文文字。照片的右側還有一個黃色的廣告牌，上面有中文文字。照片的右側還有一個紅色的廣告牌，上面有中文文字。照片的右側還有一個綠色的廣告牌，上面有中文文字。照片的右側還有一個黃色的廣告牌，上面有中文文字。照片的右側還有一個紅色的廣告牌，上面有中文文字。照片的右側還有一個綠色的廣告牌，上面有中文文字。照片的右側還有一個黃色的廣告牌，上面有中文文字。照片的右側還有一個紅色的廣告牌，上面有中文文字。照片的右側還有一個綠色的廣告牌，上面有中文文字。照片的右側還有一個黃色的廣告牌，上面有中文文字。照片的右側還有一個紅色的廣告牌，上面有中文文字。照片的右側還有一個綠色的廣告牌，上面有中文文字。照片的右側還有一個黃色的廣告牌，上面有中文文字。照片的右側還有一個紅色的廣告牌，上面有中文文字。照片的右側還有一個綠色的廣告牌，上面有中文文字。照片的右側還有一個黃色的廣告牌，上面有中文文字。照片的右側還有一個紅色的廣告牌，上面有中文文字。照片的右側還有一個綠色的廣告牌，上面有中文文字。照片的右側還有一個黃色的廣告牌，上面有中文文字。照片的右側還有一個紅色的廣告牌，上面有中文文字。照片的右側還有一個綠色的廣告牌，上面有中文文字。照片的右側還有一個黃色的廣告牌，上面有中文文字。照片的右側還有一個紅色的廣告牌，上面有中文文字。照片的右側還有一個綠色的廣告牌，上面有中文文字。照片的右側還有一個黃色的廣告牌，上面有中文文字。照片的右側還有一個紅色的廣告牌，上面有中文文字。照片的右側還有一個綠色的廣告牌，上面有中文文字。照片的右側還有一個黃色的廣告牌，上面有中文文字。照片的右側還有一個紅色的廣告牌，上面有中文文字。照片的右側還有一個綠色的廣告牌，上面有中文文字。照片的右側還有一個黃色的廣告牌，上面有中文文字。照片的右側還有一個紅色的廣告牌，上面有中文文字。照片的右側還有一個綠色的廣告牌，上面有中文文字。照片的右側還有一個黃色的廣告牌，上面有中文文字。照片的右側還有一個紅色的廣告牌，上面有中文文字。照片的右側還有一個綠色的廣告牌，上面有中文文字。照片的右側還有一個黃色的廣告牌，上面有
./dataset/IMG20220315145639~3.jpg,這張圖片展示了一條沿海公路，道路兩側設有護欄。護欄上裝有橙色的警示燈，護欄外側是陡峭的山崖，山崖上長滿了綠色的植被。道路的另一側是無垠的海洋，海面波光粼粼，天空陰沉，雲層厚重。道路的路面上有標誌線，護欄旁邊還有一些建築物，可能是路邊設施或觀景台。整體環境看起來比較荒涼，但景色壯麗。
./dataset/IMG20220308145834.jpg,這張照片展示了一片寬闊的水域，水面上有綠色的植被。遠處可以看到一些建築物和樹木，天空晴朗，沒有雲彩。前景中有一個白色的欄杆，可能是橋樑的一部分。整體環境看起來非常寧靜。
./dataset/IMG20220315152710.jpg,這張圖片展示了一片遼闊的海景。前景是茂密的綠色植被，包括各種植物和樹木，這些植物看起來非常茂盛，佔據了整個前景。中景是無邊無際的海洋，海面波光粼粼，反射著天空的藍色。遠景是藍天，天空中有一些薄雲，雲層稀疏，天空的顏色從淺藍到深藍漸變。整體來說，這張圖片呈現出一種平靜而寧靜的氛圍，海景和天空的藍色調相得益彰。
./dataset/20230218_164045.jpg,這張圖片展示了一棵開滿粉紅色花朵的樹，樹枝錯綜複雜，樹幹筆直，樹冠部分的枝條上開滿了粉紅色的花朵，背景是清澈的藍天。整體感覺非常清新自然，陽光從樹葉間透射下來，使得花朵和樹幹的顏色更加鮮豔。
./dataset/11077946_632080850225074_2867019729320378823_n(1)(1).jpg,這張照片中，有一個小男孩站在室內。他頭戴一頂紫色的帽子，帽子上有一個白色的小圓圈。男孩穿着一件黃色的長袖T恤，T恤上印有卡通猴子的圖案和英文字母。他的褲子是豹紋圖案的，腳上穿著綠色的拖鞋。男孩的右手握著一個粉紅色的氣球。背景中可以看到一扇窗戶和一堵白色的牆壁，牆壁上有一個插座。地面鋪有花紋的地磚。
./dataset/1529165657814.jpg,這張照片中有兩位穿著畢業袍的學生，他們站在一棟建築物前。這棟建築物的設計獨特，頂部呈尖塔狀，由玻璃和鋼構組成，背景是藍天和綠樹。照片中還可以看到其他穿著畢業袍的人群，他們似乎正在參加畢業典禮。背景中還有一些人撐著傘，可能是為了遮陽。照片的氣氛歡樂，顯然是一場重要的慶祝活動。
./dataset/IMG20220313133921.jpg,這張照片展示了一個公園或觀景區的場景。照片中可以看到一些遊客在公園內散步或觀賞景觀。背景中有一片綠色的稻田，遠處有連綿的山丘，天空藍色，雲層稀疏。公園內有幾棵樹，樹蔭下有幾個人在休息或拍照。公園地面鋪有碎石，邊緣有一條灰色的護欄。照片的右側有一個大型的環形雕塑，形狀類似於一個拱門，雕塑的顏色是淺色的。照片的右側還有一個穿著白色T恤、藍色牛仔褲和藍色運動鞋的男子，他背著一個彩色的背包，頭戴藍色的棒球帽，正在觀賞景觀。
./dataset/IMG20220220160054.jpg,這張圖片展示了一幅畫作，畫面被分為兩部分。左側的畫面顯示了一個海灘的場景，海灘上有一些遊客，他們在木製的長椅上休息，背景中有一座建築物，建築物的頂部有一些尖塔。右側的畫面則是一個特寫，展示了一位戴著花環和撐著藍色雨傘的女性，她的臉部被模糊處理了。整體畫面的風格是印象派，色彩柔和，表現了光線和氣氛的變化。
./dataset/IMG_20201128_012309_283.jpg,這張圖片展示了一片茂密的森林，山丘上布滿了綠色的樹木。前景中有一棵樹的枝葉，葉子呈淺綠色，部分葉子已經枯萎，顯露出白色的斑點。背景中的山丘被茂密的樹木覆蓋，遠處的山丘在藍色的天空下顯得遙遠而遙不可及。整體感覺非常清新，自然的氛圍非常濃厚。
./dataset/IMG20220313133935.jpg,這張照片展示了一個戶外景點，背景是廣闊的綠色稻田和遠處的山脈。照片中央有一個大型的拱形建築，建築的材料看起來像是水泥或混凝土，表面光滑。建築的兩側有幾棵樹，樹葉茂盛，為這個場景提供了綠色的背景。在建築的前方，有一群人正在活動，他們似乎在拍照或觀賞這個景點。地上鋪有灰色的碎石，形成了一個廣場。天空晴朗，有幾朵雲，顯示出一個晴朗的天氣。
./dataset/10402974_632094923557000_9205936433528002458_n(1)(1).jpg,這張照片中有一群人坐在一堵牆前，牆上繪有藍色背景的圖案，圖案中有一個白色的飛碟和一些星星。牆的下方有一排石階，人們坐在石階上。這些人看起來像是學生，他們的裝備包括背包和運動鞋。背景的牆上還有幾幅插圖，包括仙人掌和飛碟。
./dataset/20230916_223640.jpg,這張照片展示了一座建築在夜晚的景象。建築外牆採用磚石結構，表面有精緻的雕花裝飾。建築的窗戶排列整齊，部分窗戶亮著燈光。建築前有一排綠色的灌木和樹木，樹葉在夜空中顯得格外鮮明。建築的右側有一條鋪有石板的道路，路上有幾個人在行走。建築的左側有一個燈柱，燈光照射在建築上，使建築的外觀更加突出。建築的頂部有幾盞燈光，照亮了建築的上半部分。整體來說，這張照片展示了一個城市夜景中的建築，環境安靜而美麗。
./dataset/IMG20220317121959.jpg,這張照片展示了一個戶外的場地，可能是公園或運動場。場地上方有一個鐵製的圍欄，圍欄上掛有一塊木製的標牌，標牌上寫著中文，內容為「這一站是終點？還是另一個起點？」。標牌的右側有一個卡通人物的圖案。場地的地面鋪有灰色的磚塊，右側有一個黃色的柱子，柱子上掛有兩個藍色的環狀玩具。背景中可以看到一些建築物和樹木，天空晴朗，有幾朵雲。場地的邊緣有一個鐵製的圍欄，圍欄外側有一些綠色的植物。
./dataset/20230916_194640.jpg,這張照片展示了一間餐廳的內部。餐廳的裝潢以深色木質為主，櫃檯和椅子都採用了深色木頭製成，櫃檯上擺放著許多透明的玻璃杯和酒瓶。櫃檯後方有一個吧檯，吧檯上擺放著更多的玻璃杯和酒瓶，吧檯後方有一位穿著白色制服的服務員。吧檯上方掛有一個標有“Hotel”字樣的標誌。餐廳的天花板上掛有幾盞燈，燈光柔和。櫃檯前有一張紅色的皮椅，椅背上有金色的裝飾。櫃檯旁邊有一個平板電腦，顯示著藍色的螢幕。餐廳的牆壁上掛有一些裝飾畫。
./dataset/received_1599885853448597.jpeg,這張照片中有兩個人。前景中的人側頭看向鏡頭，背景中的人則背對著鏡頭，雙手交疊放在桌子上。兩人都坐在室內，窗戶外可以看到樹木和建築物。前景中的人穿著黑色上衣，背景中的人穿著深藍色上衣和牛仔褲。窗戶旁邊有一個黑色的水壺。
./dataset/20240602_165945.jpg,這張圖片展示了一個標題為「高效人生工作法」的書籍封面。封面上有三個圓形圖表，分別標註了99%、33%和50%的數字，可能代表不同的效率指標或進度。書名下方有許多文字，包括一些關鍵詞，如「高動力」、「低壓力」、「卡片盒」、「間歇日記」、「曼陀羅九宮格」、「GTD」、「子彈筆記」等，這些詞彙可能與書籍內容相關，涉及時間管理、生產力提升和工作方法等主題。書的右側有一個紅色圓形標籤，標註了「79折」，表示折扣信息。封面上還有一些小字，可能是作者名稱、出版社信息或其他相關說明。
./dataset/20240725_173800.jpg,這張照片展示了一間日式風格的室內空間。牆壁和天花板採用淺色調，牆壁上有一幅繪有花卉的畫作。門框和窗框採用木製材料，窗戶採用日式推拉門設計，門上裝有細小的窗格。門框上方有一個小型的壁燈。門的另一側有一張桌子，桌布是白色蕾絲花邊，上面放著一些物品，包括一個黑色的容器和一個白色帶有圖案的容器。門的另一側有一張鋪有藍色布料的榻榻米。窗戶旁邊有一個小型的空調機。整體空間採用簡單的裝飾風格，透出一種和諧的氛圍。
./dataset/20240604_073916.jpg,這張照片展示了一個城市街景，前景中有一個大型的廣告牌，上面寫著「ADVANCING AI AND HIGH PERFORMANCE」，下方有「COMPUTEX TAIPEI」的標誌，顯示這可能是台北國際電腦展的廣告。廣告牌的顏色主要是黑色和紫色，背景有現代建築的玻璃幕牆。照片的右側可以看到一些行人和自行車，背景中還有幾輛停車的汽車和一些路標。照片的右側還有一個標誌，上面寫著「TaiNEX 2館」，顯示這可能是台北國際展覽中心的某個展區。照片的左側有一些鐵架結構，可能是建築的一部分。照片的右側還有一些樹木和綠化帶。
./dataset/IMG20211017012702.jpg,這張圖片展示了一個夜景，從高處俯瞰一個城市的景象。天空中有些許雲霧，城市的光點在黑暗中閃爍，形成了一幅美麗的夜景圖。遠處的城市光點較多，而近處的山丘上則有幾個發出光亮的地方，可能是建築物或燈光。整體來說，這張圖片給人一種寧靜而壯麗的感覺。
./dataset/IMG20220315124731.jpg,這張照片展示了一間室內空間，內部裝潢採用傳統日式風格。室內擺設簡單，有一張木製的矮桌和兩張木製的椅子，椅子上鋪有軟墊。地板鋪有榻榻米，牆壁上開有大面積的玻璃窗，窗戶外可以看到一些建築物和綠色植物。窗外的建築物看起來像是住宅或商業建築，窗戶前還設有遮陽傘。整體環境看起來非常寧靜，適合休閒或閱讀。
./dataset/IMG_20210422_185547_112.jpg,"這是一張印有中華民國國旗和印章的文件。文件上寫有「結訓令」，並附有詳細的內容說明。內容包括：

一、結訓人員依法列為後備軍人。
二、後備軍人依法應接受動員、臨時、教育、勤務、點閱各種召集及主管機關之編組管理。
三、後備軍人應對公務有終身保守機密之責任。
四、本結訓令應妥為保管，如有遺失，請向戶籍所在地縣（市）後備指揮部申請補發遺失證明。

文件的右上角有中華民國國旗圖案，印章部分則是紅色的，印章上寫有「陸軍司令部」的字樣。文件底部有「中華民國國」的標註。"
./dataset/DSC_0040(1)(1).JPG,一張照片中，有一個白色的圓形碗，碗內裝有綠色粉末狀物質，可能是抹茶粉。碗內還有一個白色的圓形物體，可能是冰淇淋或蛋糕。碗內還有一個銀色的勺子。碗的周圍有一些模糊的物品，可能是餐具或紙巾。背景是深色的，可能是桌子或檯面。
./dataset/20221113_144823.jpg,這張照片展示了一片寬闊的水域，可能是河流或湖泊。水面上波光粼粼，反射著天空的藍色。遠處可以看到一些建築物，可能是城市建築，建築物的頂部有高聳的塔狀結構。天空晴朗，藍色的天空中散佈著幾朵白色的雲朵。照片的右側有一個碼頭或船隻的部分，碼頭上有一些綠色的植物和一些設備。碼頭的邊緣有塗成綠色和白色的塗料。整體來說，這張照片呈現出一個晴朗的天氣，環境清靜，適合觀賞自然風景。
./dataset/IMG20220317131948.jpg,這張照片展示了一片湖泊，湖水表面波光粼粼，反射出天空和遠處的建築物。湖邊有綠色的植被和樹木，遠處有一座高樓大廈，建築物的外觀為現代風格，建築高度較高。天空多雲，雲層較厚，但亮度尚可。湖面上有幾隻鳥在飛翔或游動。整體環境看起來像是在一個公園或自然保護區內。
./dataset/IMG20220605175259.jpg,這張照片展示了一個戶外運動場景。前景是一條紅色的跑道，跑道兩側是鋪設的磚塊地面。跑道的後方是一片綠色的草地，草地邊緣有一些樹木。在草地的後方，有一個籃球場，籃球場的圍欄是藍色的。籃球場的後方有一棟建築，建築的顏色是黃色，建築的頂部有一些綠色的遮陽棚。建築的後方還有一些其他的建築和樹木。天空是藍色的，有一些雲朵。照片中還可以看到幾個人在運動場上活動，但他們的樣子不清晰。
./dataset/IMG20220305160057.jpg,這是一張書的圖片，書頁上寫著繁體中文。書頁的頁碼是154。書頁的內容是中文文字，文字排列成多行，每行之間有間隔。文字的顏色是黑色，背景是米色。書頁的邊緣有裝訂線。書頁的右上角有一個小的標題，標題的顏色是深色。標題的內容是「你必須有」，下面有一個小的圖案。書頁的左下角有一個小的標題，標題的內容是「子不是」。書頁的左側有一個手指，手指的顏色是膚色。書頁的右側有一個黑色的邊緣。書頁的背景是木質的桌面。
./dataset/1551029498032.jpg,這張照片中有兩位畢業生，他們穿着黑色的畢業袍和帽子，帽子上掛著藍色的流蘇。他們蹲在一片綠色的草地上，背景中可以看到一些建築物和許多其他的人群。背景中的人群似乎在參加一個活動，有些人正在拍照，有些人則在閒逛。照片的右側有一個大型的建築物，建築物的牆面是黃色的，上面有許多細小的孔洞。天空是白色的，可能是多雲的天氣。
./dataset/11146210_632076553558837_1497899046098842992_n(1)(1).jpg,這張照片中有兩個人站在室內的地板上。前面的人穿着黑色的外套和褲子，腳上穿著黑色的運動鞋，雙手叉腰，面帶微笑。後面的人穿着紅色的外套和黑色的褲子，腳上穿著藍色和白色相間的運動鞋，頭部低垂，似乎在看地上。背景中可以看到一些折疊椅和一扇玻璃窗。窗戶外邊可以看到一些綠色的植物。
./dataset/1529216841285.jpg,這張照片展示了一位畢業生與他的朋友在畢業典禮後合影的場景。畢業生身著黑色學士服，頭戴學士帽，手持畢業證書，面帶微笑，向著鏡頭比出V字形的手勢。他的朋友則穿著藍色襯衫和黑色褲子，站在畢業生的旁邊，雙手自然垂放。背景中可以看到其他畢業生和觀眾，他們大多數也穿著畢業服裝，似乎正在參加或觀看畢業典禮。背景建築為一棟現代風格的建築，建築的設計獨特，頂部有一個十字架。建築前方有一片綠色的草地，天空晴朗，陽光明媚。
./dataset/20230714_180837.jpg,這張照片展示了一片城市的天空。天空中布滿了層層疊疊的雲層，從淺灰色到深灰色不等，雲層的形狀不規則，有些部分看起來像羽毛狀。在雲層的下方，可以看到一些建築物的屋頂和建築物的外牆。建築物的外牆顏色為白色，窗戶排列整齊。在建築物的後方，還可以看到一些建築設備，可能是建築施工用的塔吊。照片的右側還有一根電線杆和電線，電線杆上掛有電線。照片的左側有一根高高的燈柱。照片的右下角可以看到一些綠色的樹葉。整體來說，這張照片捕捉到了一個城市在日落時分的景象。
./dataset/20230816_172513.jpg,這張照片顯示了一片天空，天空中有一些薄雲，雲層較薄，沒有遮蔽太陽。地平線附近有一些樹木和建築物。建築物看起來像是一棟多層樓的建築，建築外觀為米色，建築頂部有一些天線。樹木看起來比較茂盛，綠葉茂密。照片的右側有一些建築物的頂部，建築物的顏色較深。整體來說，這張照片呈現了一個晴朗的天氣，但天空中有一些薄雲。
./dataset/20231109_112712.jpg,這張圖片展示了一片布滿蓬鬆雲朵的天空。雲朵密布，形狀不規則，主要為白色，部分雲朵間隙處露出深藍色的天空。在圖片的下方，可以看到兩座現代建築的頂部，建築外牆為深色，窗戶排列整齊。建築的設計風格簡潔，呈現出現代都市的特徵。整體來說，這張圖片表現了一個晴朗但雲層較厚的天氣景象。
./dataset/20240726_120503.jpg,這張照片展示了一座位於山上的建築群。建築群的建築風格具有中國傳統特色，屋頂為紅色瓦片，屋檐上裝飾有精美的雕刻和彩繪。建築群的建築物之間有階梯和道路相連，建築物的頂部有一些雕像和裝飾。建築群的周圍是茂密的樹木和山丘，遠處可以看到一些低矮的山丘和建築物。天空是灰蒙蒙的，可能有霧氣。照片的右側有一些停車場，停有幾輛車。
./dataset/IMG20220220161038.jpg,這張照片顯示了兩個投影屏幕，上面展示了兩幅點彩畫。左側的畫作主要由黃色和藍色的點狀構成，表現出一種抽象的海景。右側的畫作則是點彩技法的典型代表，畫面中有一艘帆船和一座燈塔，背景是漸變的藍綠色，表現出海面的波光粼粼。畫作的風格符合點彩派的特徵，每個點都代表一種顏色，整體效果是色彩豐富且細膩。投影屏幕的右側還有一段文字，上面寫著「真正的畫家會遵守色彩和諧的規則，絕不會濫用色彩而顯得過度裝飾。」這段文字可能是對點彩派風格的描述或評論。投影屏幕的右側還有一個標籤，上面寫著「保羅·席涅克」，這可能是這幅畫的作者。
./dataset/20230805_174927.jpg,這張照片展示了一個城市街景。照片中可以看到幾棵高大的棕櫚樹，樹葉茂盛，樹幹粗壯。背景中有一棟建築物，建築物的外牆是磚塊砌成的，窗戶排列整齊。建築物上掛有廣告牌，廣告牌上有中文和日文的標語，顯示了一個電話號碼。建築物的頂部還有一些綠色的樹葉。天空是多雲的，顏色較淡。照片的右側還有一些綠色的樹木。
./dataset/IMG_20220209_000110_376.jpg,這張照片中，一個人站在純白色的背景前。他留着黑色的短髮，臉上帶着微笑。他穿着一件淺藍色的長袖襯衫，襯衫的袖子挽起，露出手臂。襯衫的領子是開襟的，襯衫的下襬塞進了深藍色的長褲中。他的雙手自然地放在身體兩側，其中一隻手輕輕地放在褲子的口袋上。整體看起來非常乾淨利落，適合正式場合。
./dataset/12190046_901341349956661_2541203614983763942_n(1)(1).jpg,這張照片中，一群年輕人正在室內跳舞。他們都穿着相似的服裝，包括紅色背心和黑色褲子，有些人還戴著頭巾。背景中有一個寫有“KAVI”字樣的布條，布條上繪有卡通人物和藍色的雲朵。舞者們的動作同步，似乎在進行一段編排好的舞蹈表演。地板是深色的，牆壁上有一些鏡子，顯示出他們的反射。
./dataset/IMG20220310220645.jpg,這張圖片展示了一間餐廳或咖啡廳的內部。牆壁上掛有一塊黑板，上面寫著「FLY INN」、「TAIWANE」、「You are here」、「Kaohsiung」、「Fu-Gang Shan」、「Taiwan」、「Main Library」等字樣，並繪製了臺灣的簡圖。餐廳內部裝修簡潔，牆壁和天花板為白色，地板為淺色木紋。餐廳內有多張木桌和鐵製椅子，桌椅排列整齊。牆壁上還設有書架，擺放著一些書籍和裝飾品。餐廳內設有一台電視，牆壁上有一塊藍色的裝飾板。餐廳內的燈光柔和，採用吊燈和嵌入式燈具。餐廳的裝修風格現代簡約，空間寬敞明亮。
./dataset/IMG20220315164107.jpg,這張照片展示了一條沿海的公路，路旁有綠色的植被和電線杆。路標上顯示了向左彎曲的路標，提醒駕駛員前方道路彎曲。道路兩側設有護欄，保護駕駛員的安全。遠處可以看到海面，天空陰沉，可能有陰雨的氣候。路面上有標誌，顯示了方向和距離信息。
./dataset/20230121_160034.jpg,這張照片展示了一個城市街景。照片的右側有一個建築物，建築物的頂部有一個粉紅色的招牌，上面寫著中文。招牌的右側有一個路燈，路燈的後方是藍色的建築物。照片的左側是藍天和雲朵，天空中有一些白色的雲朵。照片的下方有一些行人，他們在人行道上行走。建築物的前面有一些廣告牌，廣告牌上寫著中文。建築物的後方還有一些其他的建築物。
./dataset/IMG20220304114438.jpg,這張照片展示了一個廣闊的空曠區域，可能是停車場或廣場。地面上有清晰的白色標線劃分區域。遠處可以看到幾棵棕櫚樹，樹後有一個藍色帳篷和一些建築物。道路兩側設有交通燈，目前紅燈亮起。道路邊緣有黃黑相間的路障，用於指引行車方向。天空陰沉，天氣似乎有些陰鬱。道路兩側還有一些交通標誌和路障。
./dataset/line_717233136663170.jpg,這張照片中有一個小男孩，他穿着一件紅色的衣服，背景是一個木製的櫃子，櫃子上有一些玩具和物品。櫃子的門是用木頭做的，門上有一個鎖。櫃子的後面還有一些其他的物品，包括一個籃子和一些書籍。小男孩的頭髮是黑色的，臉上帶有自然的表情。照片的右下角有一個反光的區域，可能是鏡子或玻璃。
./dataset/IMG20220317121752.jpg,這張照片展示了一個公園或遊樂場的場景。照片中有一個由塑像組成的裝置，塑像中有兩個人物，一個男人和一個女人。男人牽著一個手提箱，女人牽著一個行李箱，似乎在行走。背景中可以看到一些樹木和建築物，建築物的牆壁上有一些標語。上方有一個標籤，上面寫著「寂寞上場了」。場地的地面鋪有方磚，周圍有圍欄。上方的結構像是一個遮陽棚，有幾根柱子支撐。背景中還有一些遊樂設施，如吊環。
./dataset/20230826_150935.jpg,這張照片展示了一條河流，河面上有一座橋樑。橋樑的設計為現代風格，橋樑下方有幾條道路，橋樑兩側有綠色的植被和樹木。背景中可以看到一些建築物和高樓，天空藍色，雲朵稀疏。河岸兩側有綠色的草地和樹木，環境看起來非常清潔和美麗。
./dataset/IMG20210523100809.jpg,這張照片中，一個人側著臉，面向一間室內空間。背景中可以看到一扇門和一些家具，包括一個櫃子和一些鍋具。牆壁上掛著一個圓形的裝飾品。地面鋪有方磚，牆壁是淺色的。照片的光線較亮，可能是自然光。
./dataset/20231019_134237.jpg,這張照片展示了一片城市景觀。天空湛藍，雲朵稀疏，散佈在天空中。建築物以現代風格為主，玻璃幕牆反射出藍色的天空。建築物的設計現代，層數較多，窗戶排列整齊。建築物後方還有一些綠樹，綠樹與建築形成鮮明對比。建築物的設計與周圍環境相得益彰，呈現出一種現代都市的氛圍。
./dataset/1527003327506.jpg,這張照片中有三個人站在一片樹林中。他們都穿着黑色的畢業袍，其中兩個人的畢業袍上繡有不同顏色的領巾，分別是黃色和橙色。他們站在樹林的空地上，樹木高大，樹幹粗壯，樹葉茂盛。地上散落著一些樹葉和枯枝。背景中可以看到一些樹木和一些建築物的遠景。照片的光線從樹葉間透射下來，形成斑斕的光影效果。
./dataset/20230812_130201.jpg,"這張圖片展示了一個室內的角落。牆壁是白色的，上面掛有一幅裝飾畫，畫面以花卉和葉子為主題，色彩鮮豔，主要以橙色、綠色和黑色為主。畫框是淺木色的。在畫的右側有一塊白色紙張，上面寫著「Touché Amoré」，下面有一行小字，內容是「Szt. Wawrzynek 1, Bad Homburg / Hochtaunus, Deutschland」和「2311」。在牆壁的下方，有一個黃銅色的吊燈，燈頭是半圓形的，燈桿可以調整方向。吊燈的線條從牆壁上垂下來，線條末端連接著燈頭。"
./dataset/20240613_182841.jpg,這張照片顯示了一個城市街景。天空中有一些雲彩，天空的顏色從上到下由淺藍色逐漸轉為白色。照片的右側可以看到一些建築物，建築物的外牆顏色為白色和灰色，建築物上有一些招牌，招牌上有中文和英文的標誌。建築物的頂部有一些窗戶和陽臺。照片的右側還有一個交通燈，顯示紅色的燈號。照片的右側還有一些路標和指示牌，指示牌上有中文和箭頭標誌。照片的右側還有一個高樓，樓頂有一些廣告牌。照片的右側還有一個高樓，樓頂有一些廣告牌。照片的右側還有一個高樓，樓頂有一些廣告牌。照片的右側還有一個高樓，樓頂有一些廣告牌。照片的右側還有一個高樓，樓頂有一些廣告牌。照片的右側還有一個高樓，樓頂有一些廣告牌。照片的右側還有一個高樓，樓頂有一些廣告牌。照片的右側還有一個高樓，樓頂有一些廣告牌。照片的右側還有一個高樓，樓頂有一些廣告牌。照片的右側還有一個高樓，樓頂有一些廣告牌。照片的右側還有一個高樓，樓頂有一些廣告牌。照片的右側還有一個高樓，樓頂有一些廣告牌。照片的右側還有一個高樓，樓頂有一些廣告牌。照片的右側還有一個高樓，樓頂有一些廣告牌。照片的右側還有一個高樓，樓頂有一些廣告牌。照片的右側還有一個高樓，樓頂有一些廣告牌。照片的右側還有一個高樓，樓頂有一些廣告牌。照片的右側還有一個高樓，樓頂有一些廣告牌。照片的右側還有一個高樓，樓頂有一些廣告牌。照片的右側還有一個高樓，樓頂有一些廣告牌。照片的右側還有一個高樓，樓頂有一些廣告牌。照片的右側還有一個高樓，樓頂有一些廣告牌。照片的右側還有一個高樓，樓頂有一些廣告牌。照片的右側還有一個高樓，樓頂有一些廣告牌。照片的右側還有一個高樓，樓頂有一些廣告牌。照片的右側還有一個高樓，樓頂有一些廣告牌。照片的右側還有一個高樓，樓頂有一些廣告牌。照片的右側還有一個高樓，樓頂有一些廣告牌。照片的右側還有一個高樓，樓頂有一些廣告牌。照片的右側還有一個高樓，樓頂有一些廣告牌。照片的右側還有一個高樓，樓頂有一些廣告牌。照片的右側還有一個高樓，樓頂有一些廣告牌。照片的右側還有一個高樓，樓頂有一些廣告牌。照片的右側還有一個高樓，樓頂有一些廣告牌。照片的右側還有一個高樓，樓頂有一些廣告牌。照片的右側還有一個高樓，樓頂有一些廣告牌。照片的右側還有一個高樓，樓頂有一些廣告牌。照片的右側還有一個高樓，樓頂有一些廣告牌。照片的右側還有一個高樓，樓頂有一些廣告牌。照片的右側還有一個高樓，樓頂有一些廣告牌。照片的右側還有一個高樓，樓頂有一些廣告牌。照片的右側還有一個高樓，樓頂有一些廣告牌。照片的右側還有一個高樓，樓頂有一些廣告牌。照片的右側還有一個高樓，樓頂有一些廣告牌。照片的右側還有一個高樓，樓頂有一些廣告牌。照片的右側還有一個高樓，樓頂有一些廣告牌。照片的右側還有一個高樓，樓頂有一些廣告牌。照片的右側還有一個高樓，樓頂有一些廣告牌。照片的右側還有一個高樓，樓頂有一些廣告牌。照片的右側還有一個高樓，樓頂有一些廣告牌。照片的右側還有一個高樓，樓頂有一些廣告牌。照片的右側還有一個高樓，樓頂有一些廣告牌。照片的右側還有一個高樓，樓頂有一些廣告牌。照片的右側還有一個高樓，樓頂有一些廣告牌。照片的右側還有一個高樓
./dataset/IMG20200628144808.jpg,這張照片展示了一個廣闊的廣場，廣場上鋪設著灰色的磚塊。廣場的盡頭有一座建築，建築的正面有許多柱子，頂部有一個圓頂。建築兩側有雕像，雕像後方有綠色的樹木。廣場兩側有欄杆，欄杆上裝有燈柱。廣場上有幾個人，他們有的撐著傘，有的在行走。天空藍色，雲朵稀疏。
./dataset/20240721_174858.jpg,"這張圖片顯示了一塊白板，上面用綠色的筆寫了一些數學或邏輯推導的內容。白板上的文字如下：

```
d['sex'] -> 'male'
d['sex-0'] -> 'male'
d['sex-1'] -> 'male'
```

此外，白板上還有一些手寫的數字和符號，但這些內容與上面的推導內容無關。這些數字和符號似乎是隨便寫的，並沒有明確的意義。"
./dataset/IMG20220317151504.jpg,這張照片展示了一片沙灘，沙灘上有一些腳印。海浪拍打著海岸，海面上有幾艘船。天空陰沉，雲層厚重，整體氣氛略顯陰鬱。沙灘上有幾個人，他們似乎在沙灘上活動，但因為距離較遠，無法辨認他們的具體動作。沙灘的遠端有一些建築物和樹木，但因為距離較遠，無法辨認其細節。沙灘的沙質看起來比較細膩，海浪拍打時會形成一些水花。沙灘上還有一些散落的物品，可能是遊客遺落的東西。
./dataset/IMG20220313133931.jpg,這張照片展示了一個公園的場景。照片中有一個由石頭堆砌成的拱形結構，位於公園的中央。拱形結構的兩側有幾棵樹，樹葉茂盛。背景中可以看到一片廣闊的綠色稻田，遠處有連綿的山丘。天空晴朗，有幾朵雲彩漂浮在空中。公園的地面上鋪有碎石，幾位遊客在公園內活動，有的在休息，有的在觀賞景緻。照片的右側還有一個標誌牌，但無法辨識其內容。
./dataset/20231002_000453.jpg,這張照片中有一張相片，相片上寫著「HAPPY BIRTHDAY Aaron!」，日期為「2023.10.21」。相片中有一個穿著牛仔褲和灰色上衣的人，雙手握拳，面帶微笑。相片的右側寫著「Mioya」。相片被裝在一個透明的塑膠袋中，塑膠袋上有幾顆彩色的貼紙。照片的背景模糊，看不清楚。
./dataset/IMG_20190828_221606_650.jpg,這張照片顯示了一個室內環境，電視機正在播放電影。電視機掛在牆上，顯示的電影畫面中有一個戴著頭盔的角色。電視機前方有一個電視遙控器，遙控器上有幾個紅色的燈光。電視機後方的牆上有一些裝飾品，牆壁是淺色的。電視機下方的桌子上擺放著一些物品，包括一些瓶瓶罐罐和一些小物件。照片的右下角有一個藍色的標籤，上面寫著「Movie time」。
./dataset/20230714_183731.jpg,這張照片展示了一個城市街景，時間似乎是日落時分。天空中布滿了層層雲霧，雲層在夕陽的照射下呈現出金黃色調。照片的前景是一些建築物，包括一棟高樓和一些建築物的外牆。高樓的外牆上有許多窗戶，窗戶上安裝了空調機。建築物的外牆顏色為淺色，與天空形成鮮明對比。在建築物之間，有一根高高的燈柱，燈柱上掛有燈飾。照片的中間部分可以看到一些廣告牌，上面有中文標語，內容涉及商業信息。建築物的後方還有一些低矮的建築物，這些建築物的外牆顏色較深，與前景的建築形成對比。整體來說，這張照片捕捉到了一個城市街景的日落時刻，天空的顏色和建築物的排列構成了一幅美麗的城市風景畫。
./dataset/IMG20191221114609.jpg,這張照片中，有三個人在室內。一位年長的婦女正使用助行器行走，身邊有一位年輕的男性和一位年輕的女性在協助她。年輕的男性站在婦女的後方，似乎在幫助她保持平衡。年輕的女性站在婦女的側邊，似乎在與她說話或提供支持。背景中可以看到一些家具，包括一張木製的椅子和一張桌子，上面放著一些物品。牆上掛著一張掛衣架，上面掛著幾件衣物。牆壁上還有一些裝飾品和擺設。地面是鋪有地磚的。
./dataset/IMG20220309120403.jpg,這張照片展示了一個公園或社區綠地的場景。照片中可以看到幾棵樹，樹木的枝葉已經開始發芽，顯示出春天的氣息。背景中有一棟建築物，建築物的外牆顏色為白色，窗戶排列整齊。建築物的頂部有一個開放式的陽臺，陽臺上有一些綠色植物。建築物的前面有一個水池，水池邊緣有幾塊白色的石塊。水池的後方有一個平台，平台上有一些鐵製的欄杆。地面上鋪有水泥路，兩旁有綠色的草地。天空晴朗，陽光充足，整個場景顯得非常明亮。
./dataset/IMG20220309125209.jpg,這張照片展示了一條繁忙的街道，建築物上掛滿了各種招牌，上面寫著中文。建築物的外牆顏色多樣，有白色、黃色和黑色。招牌上寫著不同的店名和服務項目，例如「鐵板燒」、「美髮沙龍」、「機車修理」等。招牌的顏色和設計風格各不相同，有紅色、藍色、黃色等。街道兩側停有幾輛車輛，包括一輛粉紅色的小型貨車和一輛黑色的SUV。街道上有標誌性的黃色標線，標誌著道路的邊界。建築物的外牆上還有一些廣告牌，顯示了不同的服務和促銷信息。整體來說，這張照片展示了一個典型的商業區，充滿了商業活動和人潮。
./dataset/IMG20220316140132.jpg,這張照片展示了一個公園的景觀。照片中可以看到一條石子小徑，兩旁是綠色的草地和一些散落的石頭。小徑的兩側種植了許多樹木，樹木的葉子已經開始凋零，顯示出秋天的景象。遠處可以看到一些建築物，建築物的外牆是淺色的，建築物的後方還有一個籃球場。天空是灰白色的，顯示出天氣有些陰沉。照片的左側有一棵樹的樹幹，樹幹已經枯萎，樹葉已經掉落。整體來說，這張照片展示了一個秋天的公園景觀。
./dataset/IMG20220316140654.jpg,這張圖片展示了一個湖泊的景色。湖水靜靜地反射著天空和周圍的樹木。湖邊有一些岩石和綠草，岩石之間散落著一些小草和雜草。遠處可以看到一些樹木和建築物，天空中布滿了厚重的雲層，顯得有些陰沉。湖邊的樹木枝葉茂盛，樹幹粗壯，樹冠寬大，為這個景點增添了一絲綠意。整體來說，這是一個自然環境與建築物相結合的場景，給人一種平靜而寧靜的感覺。
./dataset/IMG20220308145830.jpg,這張照片展示了一座橋樑的景觀。橋樑的欄杆是淺灰色的，欄杆下方的橋面是混凝土製成的。橋的另一側是綠色的植被，看起來像是樹木和灌木叢。遠處可以看到一片水域，水面上反射著陽光，顯得波光粼粼。天空是藍色的，沒有雲彩，陽光非常明亮，產生了光暈效果。橋旁有一個路標，上面寫著距離信息，但由於距離太遠，無法辨識清楚。整體來說，這張照片呈現了一個晴朗天氣下的橋樑和周圍自然環境的景象。
./dataset/20230806_124515.jpg,這張照片展示了一個室內的視野，窗外可以看到一條街道。街道兩側有幾棵樹，樹幹粗壯，樹冠茂盛。街道上有幾輛車輛，包括一輛黃色的計程車和一輛白色的小轎車。街道旁邊停有幾輛機車。建築物的外牆是淺色的，窗戶上貼有標誌。窗戶內可以看到室內的裝飾，包括一個彩色條紋的靠枕。窗戶的邊緣有玻璃和窗框，窗戶下方有一塊木製的檯面。窗戶外的環境看起來比較熱鬧，有行人和車輛經過。
./dataset/20240509_213728.jpg,這張照片中，一個人站在室內，背景是灰色的牆面和一扇門。他穿着白色上衣和綠色短褲，雙手舉起，用一部手機自拍。手機的背面有三顆攝像頭。照片的右側有一道光線照射過來，產生了陰影。
./dataset/20221113_144006.jpg,這張圖片展示了一片寬闊的水域，水面上波光粼粼，反射著天空的藍色。遠處可以看到一些建築物，可能是城市建築，建築物的頂部有幾棟高樓。天空湛藍，只有幾朵雲朵飄浮在空中。水邊有一些綠色的植物，植物上開著白色的花朵。整體感覺非常寧靜，自然與城市景觀相結合。
./dataset/IMG20220315122754.jpg,這張照片展示了一棟傳統的建築，建築外牆為深色木板，屋頂鋪有灰色瓦片。建築前有一個廣場，廣場上鋪有灰色磚塊，散落著一些紅色的葉子。廣場上還擺放了幾張椅子，椅子的顏色有白色和棕色。建築的入口處有一個小門，門上掛著一個藍色的簾子。建築的門口處還有一個紅色的販賣機。建築的門口處還有一個小招牌，招牌上寫著中文。建築的門口處還有一個小招牌，招牌上寫著中文。建築的門口處還有一個小招牌，招牌上寫著中文。建築的門口處還有一個小招牌，招牌上寫著中文。建築的門口處還有一個小招牌，招牌上寫著中文。建築的門口處還有一個小招牌，招牌上寫著中文。建築的門口處還有一個小招牌，招牌上寫著中文。建築的門口處還有一個小招牌，招牌上寫著中文。建築的門口處還有一個小招牌，招牌上寫著中文。建築的門口處還有一個小招牌，招牌上寫著中文。建築的門口處還有一個小招牌，招牌上寫著中文。建築的門口處還有一個小招牌，招牌上寫著中文。建築的門口處還有一個小招牌，招牌上寫著中文。建築的門口處還有一個小招牌，招牌上寫著中文。建築的門口處還有一個小招牌，招牌上寫著中文。建築的門口處還有一個小招牌，招牌上寫著中文。建築的門口處還有一個小招牌，招牌上寫著中文。建築的門口處還有一個小招牌，招牌上寫著中文。建築的門口處還有一個小招牌，招牌上寫著中文。建築的門口處還有一個小招牌，招牌上寫著中文。建築的門口處還有一個小招牌，招牌上寫著中文。建築的門口處還有一個小招牌，招牌上寫著中文。建築的門口處還有一個小招牌，招牌上寫著中文。建築的門口處還有一個小招牌，招牌上寫著中文。建築的門口處還有一個小招牌，招牌上寫著中文。建築的門口處還有一個小招牌，招牌上寫著中文。建築的門口處還有一個小招牌，招牌上寫著中文。建築的門口處還有一個小招牌，招牌上寫著中文。建築的門口處還有一個小招牌，招牌上寫著中文。建築的門口處還有一個小招牌，招牌上寫著中文。建築的門口處還有一個小招牌，招牌上寫著中文。建築的門口處還有一個小招牌，招牌上寫著中文。建築的門口處還有一個小招牌，招牌上寫著中文。建築的門口處還有一個小招牌，招牌上寫著中文。建築的門口處還有一個小招牌，招牌上寫著中文。建築的門口處還有一個小招牌，招牌上寫著中文。建築的門口處還有一個小招牌，招牌上寫著中文。建築的門口處還有一個小招牌，招牌上寫著中文。建築的門口處還有一個小招牌，招牌上寫著中文。建築的門口處還有一個小招牌，招牌上寫著中文。建築的門口處還有一個小招牌，招牌上寫著中文。建築的門口處還有一個小招牌，招牌上寫著中文。建築的門口處還有一個小招牌，招牌上寫著中文。建築的門口處還有一個小招牌，招牌上寫著中文。建築的門口處還有一個小招牌，招牌上寫著中文。建築的門口處還有一個小招牌，招牌上寫著中文。建築的門口處還有一個小招牌，招牌上寫著中文。建築的門口處還有一個小招牌，招牌上寫著中文。建築的門口處還有一個小招牌，招牌上寫著中文。建築的門口處還有一個小招牌，招牌上寫著中文。建築的門口處還有一個小招牌，招牌上寫著中文。建築的門口處還有一個小招牌，招牌上寫著中文。建築的門口
./dataset/1520004976909.jpg,這張照片是在夜晚拍攝的，背景中有一棵樹，樹上掛滿了點點的燈光，燈光發出粉紅色的光芒，營造出一種浪漫的氛圍。照片中有幾個人，他們站在樹下，似乎是在參加一個活動或慶祝活動。人們的表情各不相同，有些人面帶微笑，有些人則表情比較嚴肅。照片的前景中有一個穿著黑色外套的人，他正在自拍。背景中還可以看到其他的人群，他們似乎也在享受這個活動。照片的右上角有一個亮光，可能是來自於一盞燈或一束光。整體來說，這張照片捕捉到了一個歡樂的夜間活動場景。
./dataset/20231102_164930.jpg,這張照片展示了一片城市建築的景觀。天空中有一些雲彩，雲朵的顏色從白色到淺灰色漸變，顯示出天氣可能有些陰沉。建築物主要由幾棟現代化的高樓組成，建築外牆以玻璃和鋼材為主，反射出周圍的天空和周邊環境。建築的設計風格現代，窗戶排列整齊，顯示出商業或辦公用途。建築之間有一些綠樹，增加了景觀的生動感。整體來說，這張照片捕捉到了一個現代都市的景象。
./dataset/received_947869028647214(1)(1).jpeg,這張照片顯示了一輛車內的內部情況。車內裝有大型的電視屏幕，電視屏幕上顯示著一棟建築物和一些綠色植物。車內的座椅是灰色的，車窗旁邊有簾子。車內的後排座位上有一個小女孩，她頭髮是黑色的，扎成兩個辮子，頭髮上綁有粉紅色的髮飾。女孩正坐在座位上，頭部稍微傾向一邊。車內的環境看起來比較寬敞，窗戶旁邊有簾子，簾子是淺色的。車內的裝飾和設備看起來比較現代化。
./dataset/10439390_632075666892259_4241436183004269566_n(1)(1).jpg,這張照片顯示了一間教室的內部，牆壁上掛有黑板和一些標語，黑板上寫有中文。教室內有幾位學生，他們似乎在進行一項活動或討論。學生們站成一排，其中一位學生舉起手臂，可能是在進行某種遊戲或活動。教室的牆壁上有一些裝飾，窗戶旁邊有幾張椅子。房間的天花板上掛有吊扇。
./dataset/20231105_173032.jpg,這張圖片顯示了天空和建築物的景象。天空從左上角開始是深藍色，逐漸轉為淺藍色，最後變成接近白色的顏色。在右側的天空中，有一條細長的雲層，從上到下延伸，顏色較淺，與背景的顏色形成對比。建築物位於圖片的左下角和右下角，建築物的外觀是現代風格，有許多窗戶，其中一些窗戶亮著燈光。建築物的頂部有一個天線。整體來說，這張圖片捕捉了日落時分的天空和建築物的景象。
./dataset/1520004038571.jpg,這張照片展示了一個夜晚的場景，背景中有一棟高樓，樓體被燈光照亮，呈現出現代城市的氛圍。前景中有一座橋，橋上掛滿了五顏六色的燈飾，這些燈飾反射在水面上，形成了一種美麗的光澤效果。橋的兩側還有一些樹木，樹葉間也掛有燈飾，增加了整體的節日氣氛。橋下是水體，水面上反射出橋上的燈光，形成了一種動態的視覺效果。整體來說，這張照片呈現出一種歡樂和喜慶的氛圍，可能是節慶活動或夜間遊覽的場景。
./dataset/IMG20220316140457.jpg,這張照片展示了一個公園的景觀。照片中有一條小溪，溪水清澈，兩旁種植了綠色的樹木和灌木。溪流上有一座紅色的拱橋，橋樑兩側有欄杆，欄杆上掛有紅色的燈籠。橋的兩側還有一些石頭堆砌的圍牆。橋的兩側種植了綠色的草和一些開花的植物，花色為粉紅色。橋的遠處可以看到一些建築物，建築物的圍牆是綠色的。照片的右側有一棵樹，樹枝上沒有葉子。照片的左側有一些樹枝垂下來，樹葉已經落光。照片的背景是白色的天空。
./dataset/IMG20200628122622.jpg,這張照片展示了一座雕塑，雕塑中有一個男人站在一張木凳上，他手持工具，似乎在雕刻另一座雕像。這座雕像是一個人類的側身像，雙手抱頭，似乎在沉思。男人的臉部特徵細緻，留有鬍鬚，身穿長袍，表情專注。背景是一個室內環境，牆壁上有一扇帶有格子的玻璃窗，窗戶外邊是白色的。地面是木質地板，散發出溫暖的光澤。
./dataset/20240129_160144.jpg,這張圖片展示了一間裝飾精緻的室內空間。空間內有一個仿古的建築結構，建築的屋頂和柱子都採用了傳統的中式風格，屋頂的邊緣有金色的裝飾，柱子上雕刻有精緻的圖案。建築的前面有一個小橋，橋樑的欄杆上也鑲嵌著金色的裝飾。建築的後方有大面積的玻璃窗，透過玻璃窗可以看到外面的綠樹和植物。建築的兩側有垂落的簾子，簾子上也雕刻有圖案。建築的前面擺放著一些綠植和花卉，包括紫色的蘭花和紅色的花。建築的後方還有一個小池塘，池塘邊有岩石裝飾。建築的前面有一塊石階，石階上也擺放著一些綠植。建築的前面有一塊木製地板，地板上有一個白色的花盆，花盆裡種著一株綠植。建築的後方有一個冰箱，冰箱的前面有一個木製的櫃子。建築的後方還有一個木製的書架，書架上擺放著一些書籍。建築的後方還有一個木製的桌子，桌子上擺放著一些餐具。建築的後方還有一個木製的椅子，椅子上擺放著一些餐具。建築的後方還有一個木製的桌子，桌子上擺放著一些餐具。建築的後方還有一個木製的椅子，椅子上擺放著一些餐具。建築的後方還有一個木製的桌子，桌子上擺放著一些餐具。建築的後方還有一個木製的椅子，椅子上擺放著一些餐具。建築的後方還有一個木製的桌子，桌子上擺放著一些餐具。建築的後方還有一個木製的椅子，椅子上擺放著一些餐具。建築的後方還有一個木製的桌子，桌子上擺放著一些餐具。建築的後方還有一個木製的椅子，椅子上擺放著一些餐具。建築的後方還有一個木製的桌子，桌子上擺放著一些餐具。建築的後方還有一個木製的椅子，椅子上擺放著一些餐具。建築的後方還有一個木製的桌子，桌子上擺放著一些餐具。建築的後方還有一個木製的椅子，椅子上擺放著一些餐具。建築的後方還有一個木製的桌子，桌子上擺放著一些餐具。建築的後方還有一個木製的椅子，椅子上擺放著一些餐具。建築的後方還有一個木製的桌子，桌子上擺放著一些餐具。建築的後方還有一個木製的椅子，椅子上擺放著一些餐具。建築的後方還有一個木製的桌子，桌子上擺放著一些餐具。建築的後方還有一個木製的椅子，椅子上擺放著一些餐具。建築的後方還有一個木製的桌子，桌子上擺放著一些餐具。建築的後方還有一個木製的椅子，椅子上擺放著一些餐具。建築的後方還有一個木製的桌子，桌子上擺放著一些餐具。建築的後方還有一個木製的椅子，椅子上擺放著一些餐具。建築的後方還有一個木製的桌子，桌子上擺放著一些餐具。建築的後方還有一個木製的椅子，椅子上擺放著一些餐具。建築的後方還有一個木製的桌子，桌子上擺放著一些餐具。建築的後方還有一個木製的椅子，椅子上擺放著一些餐具。建築的後方還有一個木製的桌子，桌子上擺放著一些餐具。建築的後方還有一個木製的椅子，椅子上擺放著一些餐具。建築的後方還有一個木製的桌子，桌子上擺放著一些餐具。建築的後方還有一個木製的椅子，椅子上擺放著一些餐具。建築的後方還有一個木製的桌子，桌子上擺放著一些餐具。建築的後方還有一個木製的椅子，椅子上擺放著一些餐具。建築的後方還有一個木製的桌子，桌子上擺放著一些餐具。建築的後方還有一個木製的椅子，椅子上擺放著一些餐具。建築的後方還有一個木製的桌子，桌子上擺放著一些餐具。建築的後方還有一個木製的椅子，椅子上擺
./dataset/1529165620858.jpg,這張照片中有兩位穿著畢業袍的學生，他們站在一棟建築物前。這棟建築物的設計獨特，頂部呈尖塔狀，由玻璃和鋼構組成，看起來像是一座現代建築。背景中可以看到許多其他穿著畢業袍的人，他們似乎正在參加畢業典禮。照片的背景是藍天和綠樹，氣氛歡樂。
./dataset/IMG20211016222145.jpg,這是一幅鉛筆素描，畫中人物側身站立，頭部稍微傾斜，面向右側。人物的頭髮短而齊整，臉部表情平靜，雙眼閉合，嘴巴微張，似乎在思考或沉思。人物穿着一件有領子的上衣，衣領處有兩個小徽章，衣領和袖口有細緻的縫線。人物的右手舉起，手指輕輕觸碰著紙張，似乎在寫作或繪畫。背景簡單，沒有其他細節，突出了人物的側影和表情。整體畫面簡潔，注重人物的神態和動作表現。
./dataset/11156351_632073586892467_1005792411387057714_n(1)(1).jpg,這張照片顯示了一個室內活動場景。背景牆上掛有紅色的橫幅，上面寫有中文文字，內容涉及某種活動或課程的名稱和單位名稱。場地內有幾位年輕人，他們似乎正在參加一個活動或課程。前景中有幾位學生背對著攝影機，他們的注意力似乎集中在前方的講師身上。講師站在前方，似乎正在進行講解或演示。場地內的牆壁和地板都是簡單的顏色，沒有特別的裝飾。
./dataset/IMG20220316171113.jpg,這張圖片展示了一片綠色的草地，草地上有一些低矮的灌木和雜草。在草地的左側，有一棵樹，樹葉茂盛，樹幹粗壯。背景中可以看到一片海面，海面波濤洶涌，海浪拍打在海岸邊。天空是灰蒙蒙的，似乎有點陰沉。整體來說，這是一幅自然風景圖，表現了海邊的風景。
./dataset/IMG_20201204_115318_726.jpg,這張圖片展示了一碗放在木桌上的麵食。碗裡有透明的麵條，上面放了一塊煎蛋，蛋黃部分稍微有點焦。湯汁看起來是淡黃色的，裡面還有一些小塊的紅色調料。碗的外側有兩行字，第一行是「原來八方雲集還有麻油雞麵線線」，第二行是「雞麵線線」，兩行字都帶有笑臉表情圖案。背景中可以看到一臺黑色的鍵盤，鍵盤上寫有「ASUS」的標誌。
./dataset/aTeaQx3_d.jpg,這張圖片展示了一張桌子，上面擺放著一些物品。桌子的左側有一排書籍，書籍的封面有中文標題。書籍的顏色和大小各不相同，從左到右依次是藍色、白色、紅色、橙色、黃色和綠色。書籍的排列有些凌亂，有些書本的封面朝向不同的方向。在書本的右側，有一個黑色的塑料籃子，籃子裡裝著一些彩色的筆。籃子的後方有一個白色的方塊狀物品，可能是電源插座或電源轉換器。在籃子的後方，還有一個白色的方形物品，可能是電器或電子設備。在籃子的後方，還有一個透明的塑料圓筒，圓筒的底部有一個透明的塑料底座。在圓筒的後方，有一個白色的方形物品，可能是電器或電子設備。在圓筒的後方，還有一個白色的方形物品，可能是電器或電子設備。在圓筒的後方，還有一個白色的方形物品，可能是電器或電子設備。在圓筒的後方，還有一個白色的方形物品，可能是電器或電子設備。在圓筒的後方，還有一個白色的方形物品，可能是電器或電子設備。在圓筒的後方，還有一個白色的方形物品，可能是電器或電子設備。在圓筒的後方，還有一個白色的方形物品，可能是電器或電子設備。在圓筒的後方，還有一個白色的方形物品，可能是電器或電子設備。在圓筒的後方，還有一個白色的方形物品，可能是電器或電子設備。在圓筒的後方，還有一個白色的方形物品，可能是電器或電子設備。在圓筒的後方，還有一個白色的方形物品，可能是電器或電子設備。在圓筒的後方，還有一個白色的方形物品，可能是電器或電子設備。在圓筒的後方，還有一個白色的方形物品，可能是電器或電子設備。在圓筒的後方，還有一個白色的方形物品，可能是電器或電子設備。在圓筒的後方，還有一個白色的方形物品，可能是電器或電子設備。在圓筒的後方，還有一個白色的方形物品，可能是電器或電子設備。在圓筒的後方，還有一個白色的方形物品，可能是電器或電子設備。在圓筒的後方，還有一個白色的方形物品，可能是電器或電子設備。在圓筒的後方，還有一個白色的方形物品，可能是電器或電子設備。在圓筒的後方，還有一個白色的方形物品，可能是電器或電子設備。在圓筒的後方，還有一個白色的方形物品，可能是電器或電子設備。在圓筒的後方，還有一個白色的方形物品，可能是電器或電子設備。在圓筒的後方，還有一個白色的方形物品，可能是電器或電子設備。在圓筒的後方，還有一個白色的方形物品，可能是電器或電子設備。在圓筒的後方，還有一個白色的方形物品，可能是電器或電子設備。在圓筒的後方，還有一個白色的方形物品，可能是電器或電子設備。在圓筒的後方，還有一個白色的方形物品，可能是電器或電子設備。在圓筒的後方，還有一個白色的方形物品，可能是電器或電子設備。在圓筒的後方，還有一個白色的方形物品，可能是電器或電子設備。在圓筒的後方，還有一個白色的方形物品，可能是電器或電子設備。在圓筒的後方，還有一個白色的方形物品，可能是電器或電子設備。在圓筒的後方，還有一個白色的方形物品，可能是電器或電子設備。在圓筒的後方，還有一個白色的方形物品，可能是電器或電子設備。在圓筒的後方，還有一個白色的方形物品，可能是電器或電子設備。在圓筒的後方，還有一個白色的方形物品，可能是電器或電子設備。在圓筒的後方，還有一個白色的方形物品，可能是電器或電子設備。在圓筒的後方，還有一個白色的方形物品，可能是電器或電子設備。在圓筒的後方，還有一個白色的方形物品，可能是電器或電子設備。在圓筒的後方，還有一個白色的方形物品，可能是
./dataset/IMG20220317141104.jpg,這張照片展示了一片海岸線，海浪輕拍著沙灘。沙灘上散落著幾位遊客，他們似乎在享受海邊的風景。遠處可以看到一排綠色的山丘，山丘上植被茂盛。天空布滿了厚重的雲層，天空和海面都呈現出灰蒙蒙的顏色，給整體的氛圍帶來了一種沉靜而略顯陰鬱的感覺。海浪不斷地拍打著海岸線，產生出白色的浪花。
./dataset/IMG20220315152715.jpg,這張圖片展示了一片海景。海面寬廣，水色漸變從深藍到淺藍，遠處的海天交界處幾乎沒有分界線，天空布滿了厚重的雲層，雲層的顏色從淺灰到深灰不等，整體天氣看起來有些陰沉。海邊的陸地上長滿了綠色的植被，樹木和灌木叢生，樹枝上沒有葉子，可能是冬季或早春的景象。右側樹叢茂盛，樹葉繁茂，樹枝向右延伸。整體環境看起來比較靜謐，沒有明顯的活動或人跡。
./dataset/IMG20220220155015.jpg,這張圖片展示了一個展覽場景，三塊大屏幕上播放著同一幅畫作的動態影像。畫作內容為一群穿著白色芭蕾舞裙的女童在練習舞蹈，背景是一個室內的舞蹈教室，牆壁上掛有畫作和標語。畫作的風格是印象派，色彩柔和，人物表情自然。畫作的右側有一位老師在指導學生，學生們在老師的指導下進行練習。畫作的左側有一個音樂架，上面放著樂譜。畫作的右側有一個穿著白色衣服的女童背對著觀眾，頭髮梳成馬尾，側邊有一個綠色的蝴蝶結。畫作的左側有一個穿著白色衣服的女童側身對著觀眾，頭髮散落，側邊有一個紅色的蝴蝶結。畫作的中間有一個穿著白色衣服的女童側身對著觀眾，頭髮散落，側邊有一個紅色的蝴蝶結。畫作的右側有一個穿著白色衣服的女童側身對著觀眾，頭髮散落，側邊有一個紅色的蝴蝶結。畫作的右側有一個穿著白色衣服的女童側身對著觀眾，頭髮散落，側邊有一個紅色的蝴蝶結。畫作的右側有一個穿著白色衣服的女童側身對著觀眾，頭髮散落，側邊有一個紅色的蝴蝶結。畫作的右側有一個穿著白色衣服的女童側身對著觀眾，頭髮散落，側邊有一個紅色的蝴蝶結。畫作的右側有一個穿著白色衣服的女童側身對著觀眾，頭髮散落，側邊有一個紅色的蝴蝶結。畫作的右側有一個穿著白色衣服的女童側身對著觀眾，頭髮散落，側邊有一個紅色的蝴蝶結。畫作的右側有一個穿著白色衣服的女童側身對著觀眾，頭髮散落，側邊有一個紅色的蝴蝶結。畫作的右側有一個穿著白色衣服的女童側身對著觀眾，頭髮散落，側邊有一個紅色的蝴蝶結。畫作的右側有一個穿著白色衣服的女童側身對著觀眾，頭髮散落，側邊有一個紅色的蝴蝶結。畫作的右側有一個穿著白色衣服的女童側身對著觀眾，頭髮散落，側邊有一個紅色的蝴蝶結。畫作的右側有一個穿著白色衣服的女童側身對著觀眾，頭髮散落，側邊有一個紅色的蝴蝶結。畫作的右側有一個穿著白色衣服的女童側身對著觀眾，頭髮散落，側邊有一個紅色的蝴蝶結。畫作的右側有一個穿著白色衣服的女童側身對著觀眾，頭髮散落，側邊有一個紅色的蝴蝶結。畫作的右側有一個穿著白色衣服的女童側身對著觀眾，頭髮散落，側邊有一個紅色的蝴蝶結。畫作的右側有一個穿著白色衣服的女童側身對著觀眾，頭髮散落，側邊有一個紅色的蝴蝶結。畫作的右側有一個穿著白色衣服的女童側身對著觀眾，頭髮散落，側邊有一個紅色的蝴蝶結。畫作的右側有一個穿著白色衣服的女童側身對著觀眾，頭髮散落，側邊有一個紅色的蝴蝶結。畫作的右側有一個穿著白色衣服的女童側身對著觀眾，頭髮散落，側邊有一個紅色的蝴蝶結。畫作的右側有一個穿著白色衣服的女童側身對著觀眾，頭髮散落，側邊有一個紅色的蝴蝶結。畫作的右側有一個穿著白色衣服的女童側身對著觀眾，頭髮散落，側邊有一個紅色的蝴蝶結。畫作的右側有一個穿著白色衣服的女童側身對著觀眾，頭髮散落，側邊有一個紅色的蝴蝶結。畫作的右側有一個穿著白色衣服的女童側
./dataset/12046707_901336476623815_3710873324885887170_n(1)(1).jpg,這張照片中有四個人，他們站成一排，雙手舉起，手指交叉。他們都穿着類似風格的服裝，上衣是白色T恤，搭配不同顏色和圖案的背心。最前面的兩個人穿著紅色背心，背心上有黑色和紅色的條紋。最前面的兩個人還戴著頭巾，頭巾上有紅色的織帶。背景中可以看到一些模糊的建築物和燈光。
./dataset/IMG20211016222347.jpg,這幅畫是一幅水彩畫，畫中有一個檸檬，檸檬被切開，露出裡面的果肉和種子。檸檬的顏色是黃色，種子是黑色的。檸檬的邊緣有綠色的葉子。檸檬的後方有一個木製的盒子，盒子是棕色的，裡面有紅色的東西。檸檬的後方還有兩個紅色的東西，可能是番茄。整幅畫的背景是淺藍色的。畫的邊緣有一圈黑色的線條。
./dataset/20240211_114653.jpg,這張照片展示了一條城市街道的景象。街道兩側是建築物，建築物的外牆是淺色的，上面有許多窗戶。街道的盡頭有一棟正在施工的建築，建築外圍圍繞著藍色的鋼架。街道的一側有一棵樹，樹葉已經開始轉黃，顯示出秋天的季節。街道的另一側有一些綠色的植被和一些建築物，建築物的外牆顏色較深。街道的路面上有紅色的邊線標記，並鋪有灰色的水泥。天空非常藍，沒有雲彩，顯示出晴朗的天氣。
./dataset/1528992852884.jpg,這張照片中有六位年輕人，他們站在一起，背景是深色的牆壁，上面用金色的氣球字寫著「CONGRATS」。他們都面帶微笑，其中一位男子在做和平手勢。照片的右側還有一位穿著西裝的男子，他背對著鏡頭。照片的左側有一個藍色的簾子，右側有一個紫色的簾子。地面上鋪著有圖案的地毯。
./dataset/14661_632079353558557_5279061644040050520_n(1)(1).jpg,這張照片中有三個人在室內的場所中。背景可以看到一排白色的隔間，隔間上掛有鐵絲網。隔間後方有一個黑板，黑板上寫有中文。三個人站在黑板前，似乎在討論某件事情。他們都穿着便服，其中一個人手持一個小物件。地面是灰色的，牆壁是白色的。照片的左側可以看到一排抽屜櫃。
./dataset/20231104_184206.jpg,這張照片展示了一個室內活動場景。場地內有一排排白色的椅子，人們坐在椅子上，似乎在等待某個活動的開始。場地的天花板上掛滿了串燈，營造出溫馨的氛圍。場地的牆壁是白色的，地板是淺色的，牆壁上有一扇窗戶。場地的後方有一個講臺，講臺前有幾個人，可能是在準備進行活動。場地的裝飾簡單而現代，燈光柔和，給人一種溫馨和舒適的感覺。
./dataset/IMG_20180903_230501_436.jpg,這張照片中，一位年輕男子坐在室內的沙發上，頭戴一頂黑色的棒球帽，身穿一件深色的短袖T恤和淺色的牛仔褲。他雙手握著一部手機，似乎在看手機螢幕。他的手腕上戴著一塊黑色的手錶。背景中可以看到其他幾個人，他們似乎在進行不同的活動，但他們的動作和姿態無法詳細描述。環境看起來像是室內的咖啡廳或餐廳，有桌子和椅子，牆壁上有一些裝飾。
./dataset/IMG20220423145318.jpg,這張照片展示了一個室內的場景。照片中有一個穿著白色T恤和黑色短褲的人，雙腳伸直，雙手放在頭上，似乎在休息或打盹。他躺在一張棕色的皮質沙發上，沙發的顏色較深，質感光滑。沙發的後方有一張綠色的單人沙發，上面放著一些衣物和紅色的枕頭。沙發的後方牆壁上掛有一些裝飾品，包括一張小的花卉圖案和一個掛鐘。沙發的後方還有一個白色的電風扇，放在一個木製的桌子旁邊。桌子的表面有一些雜物，包括一個小的碗和一些書籍。牆壁的顏色是淺色的，牆上還有一些裝飾品，包括一個掛鐘和一些掛畫。整體來說，這個場景看起來像是家庭的客廳或起居室。
./dataset/IMG20220315163537.jpg,這張照片展示了一片海景，遠處是廣闊的海洋，海面波光粼粼。天空中有一些薄雲，顏色從淺藍到灰白漸變，顯示出天氣晴朗。近處有一片綠色的山丘，山丘上長滿了茂密的樹木和灌木。前景中有一個鐵製的護欄，護欄上有一些綠色的植物和草叢。護欄的另一側是茂密的樹叢和一些高大的草類。整體感覺是自然風景，環境清幽。
./dataset/IMG20220220160051.jpg,這張照片展示了一個展覽場景，三幅畫作被投影在牆壁上，畫作的風格是印象派風格。最左側的畫作中，一位女性坐在沙灘上，沙灘邊有海浪拍打，背景中可以看到幾艘船隻。中間的畫作展示了一條木製的走道，走道兩側有圍欄，背景中有一座建築物，建築物的頂部有法國國旗飄揚。最右側的畫作中，一位女性撐著一把藍色的傘，坐在沙灘上，沙灘上還有其他幾個人物。觀眾們坐在牆壁前，觀看這三幅畫作。
./dataset/IMG20220309121132.jpg,這張照片中，一個人站在戶外，背景是建築物的一部分。他留有短黑髮，臉上有一些小痘痘。他戴著一隻口罩，口罩的顏色是淺黃色。他穿著一件灰色的圓領T恤，外面套著一件黑色的外套。背景中可以看到一扇鐵製的門和一堵白色的牆壁，牆壁上有一個小型的設備。
./dataset/DSC_0004(1)(1).JPG,這張照片展示了一座橋樑，橋樑上掛滿了燈飾，並有「2017」的標語，顯示可能是2017年的慶典。橋樑兩側有行人和車輛經過，橋樑下方的街道上有汽車和計程車行駛。照片右下角有一個人正在用手機拍照。背景中可以看到一些高樓大廈和路燈。
./dataset/1563421677027.jpg,"這是一張匯款申請書，上面有以下信息：

1. **匯款申請書標題**：郵政跨行匯款申請書
2. **匯款日期**：中華民國108年7月16日
3. **匯款人信息**：
   - 姓名：呂俊江
   - 身分證統一編號：F129480202
   - 電話：0932184877
   - 地址：新北市中和區興南路一段三巷三號二樓
4. **匯款人信息**：
   - 姓名：徐丹紅
   - 身分證統一編號：F129541437152
   - 電話：00129541437152
5. **匯款金額**：新臺幣325元整
6. **匯款銀行**：中信銀行中壢分行
7. **匯款帳號**：663442
8. **匯款序號**：0853493
9. **匯款日期及時間**：108/07/17 13:03:21
10. **匯款費用**：30元
11. **匯款人簽名**：呂俊廷
12. **匯款人簽名日期**：108/07/17
13. **匯款人簽名蓋章**：陳冬清
14. **匯款人簽名蓋章日期**：108/07/17
15. **匯款人簽名蓋章蓋章**：儲匯專用章
16. **匯款人簽名蓋章蓋章日期**：108/07/17
17. **匯款人簽名蓋章蓋章蓋章**：陳冬清
18. **匯款人簽名蓋章蓋章蓋章日期**：108/07/17
19. **匯款人簽名蓋章蓋章蓋章蓋章**：儲匯專用章
20. **匯款人簽名蓋章蓋章蓋章蓋章日期**：108/07/17
21. **匯款人簽名蓋章蓋章蓋章蓋章蓋章**：陳冬清
22. **匯款人簽名蓋章蓋章蓋章蓋章蓋章日期**：108/07/17
23. **匯款人簽名蓋章蓋章蓋章蓋章蓋章蓋章**：儲匯專用章
24. **匯款人簽名蓋章蓋章蓋章蓋章蓋章蓋章蓋章日期**：108/07/17
25. **匯款人簽名蓋章蓋章蓋章蓋章蓋章蓋章蓋章蓋章**：陳冬清
26. **匯款人簽名蓋章蓋章蓋章蓋章蓋章蓋章蓋章蓋章日期**：108/07/17
27. **匯款人簽名蓋章蓋章蓋章蓋章蓋章蓋章蓋章蓋章蓋章**：儲匯專用章
28. **匯款人簽名蓋章蓋章蓋章蓋章蓋章蓋章蓋章蓋章蓋章蓋章日期**：108/07/17
29. **匯款人簽名蓋章蓋章蓋章蓋章蓋章蓋章蓋章蓋章蓋章蓋章蓋章**：陳冬清
30. **匯款人簽名蓋章蓋章蓋章蓋章蓋章蓋章蓋章蓋章蓋章蓋章蓋章日期**：108/07/17
31. **匯款人簽名蓋章蓋章蓋章蓋章蓋章蓋章蓋章蓋章蓋章蓋章蓋章蓋章**：儲匯專用章
32. **匯款人簽名蓋章蓋章蓋章蓋章蓋章蓋章蓋章蓋章蓋章蓋章蓋章蓋章蓋章日期**：108/07/17
33. **匯款人簽名蓋章蓋章蓋章蓋章蓋章蓋章"
./dataset/20240112_171634.jpg,這張照片顯示了一個城市街景，天空中有一條飛機的航線。照片的右側有一棟高樓，建築外觀為現代風格，窗戶排列整齊。建築的頂部有一個突出的方形結構，可能是建築的一部分。建築的前面有一些樹木和一些建築物，顯示出城市環境。照片的左側是天空，顏色從上到下逐漸變暗，可能是在日落時分。照片的右下角有一些交通燈和路標，顯示出這是城市中的街道。
./dataset/1529165618928.jpg,這張照片中有兩位穿著畢業袍的學生，他們站在一棟建築物前。這棟建築物有尖頂設計，玻璃窗戶，建築風格現代。背景中可以看到許多其他穿著畢業袍的人，他們似乎在參加畢業典禮。照片的前景中，兩位學生站在一起，其中一位比另一位稍微高一點，兩人都面帶微笑。背景中還有一些人舉著相機拍照。天空晴朗，陽光明媚，綠樹成蔭。
./dataset/IMG20191026144052.jpg,這張照片展示了一個公園的場景。照片中有幾棵高大的樹木，樹葉茂盛，樹幹粗壯。樹木之間的空地上鋪有綠色的草地，草地上散落著幾輛停放的自行車。背景中可以看到一些建築物，遠處的天空晴朗，陽光充足，整個場景顯得非常寧靜和安靜。
./dataset/IMG20220313114237.jpg,這張照片中，一個人站在一個巨大的紅色框架前，背景是藍天和大海。框架的邊緣有明顯的不規則形狀，看起來像是藝術裝置。地面上有一些岩石和碎石，人影的影子投射在地面上。遠處可以看到幾個人在海邊活動，天空晴朗，沒有雲彩。
./dataset/IMG20220317105815.jpg,這張圖片展示了一間室內空間。空間內有一張黃色的搖擺馬椅，擺放在六邊形地板上。搖擺馬椅的顏色為鮮豔的黃色，頭部裝飾有馬鞍和馬鐙。背景中有一張米色的沙發，沙發上鋪有幾塊不同顏色和圖案的抱枕。沙發後方有一扇白色的門，門旁邊有一個帶有圓孔的淺色櫃子，櫃子上擺放了一些裝飾品，包括一個玻璃罐和一些綠植。沙發的後方還有一棵綠色的盆栽植物，放在一個黑色的花盆裡。沙發的前面有一張黑色框架的桌子，桌子旁邊有兩張粉紅色的坐凳。牆壁上掛有一個燈罩，燈罩的顏色為米白色。牆壁上還有一個開關和一個插座。整體空間的裝飾風格簡潔現代，採光良好。
./dataset/IMG20220220160643.jpg,這張照片展示了一個室內場景，背景是三塊大屏幕，屏幕上顯示著一幅海浪和天空的畫面。畫面色彩豐富，表現出海浪的波動和天空的變化。畫面的風格類似印象派的繪畫風格。在畫面的前方，有幾個人在觀看這幅畫，他們的姿態各異，有的站著，有的坐著。場地的環境比較昏暗，只有畫面和一些點光源發出的光亮。
./dataset/FB_IMG_1485272722885(1)(1).jpg,這張照片展示了一片樹木茂盛的地區，天空中有一道淡淡的彩虹。地面上有一片草地，草地上有幾棟小屋。小屋的建築風格簡單，牆壁和屋頂看起來有些破舊。背景中的樹木高大茂密，樹冠幾乎遮蓋了天空。天空的顏色較暗，可能是傍晚或陰天時分。
./dataset/20230820_180303.jpg,這張照片中，天空是灰白色的，雲層較厚，但沒有明顯的雨雲。在照片的左側，有一棵綠色的樹葉，樹葉在風中輕微搖曳。在右側，可以看到一棟建築的一部分，建築的牆面是磚塊砌成的，牆上有一些窗戶和陽台。建築的屋頂部分有遮蓋物，可能是陽台或露台。照片的右上角有一道淡淡的彩虹，彩虹的顏色比較柔和，幾乎是透明的。整體來說，這張照片呈現了一種平靜的天氣景象。
./dataset/20221106_165854.jpg,這張照片展示了一個公園的場景，時間是日落時分。天空中布滿了雲彩，陽光從雲層間透出，散發出金黃色的光芒。公園內種植了許多樹木，樹木的枝葉在微風中輕輕搖曳。公園的地面鋪設了草地和一些綠化帶，還有一些人行道。在公園的遠處，可以看到一些建築物和貨櫃碼頭，顯示出這是一個靠近城市的公園。公園內有很多遊客，他們在散步、聊天或拍照。照片的前景中，有幾個人正在用手機拍照，他們的頭髮和手機清晰可見。整體氛圍非常平靜和美麗，是人們享受日落時光的好地方。
./dataset/IMG_20180913_112514_788.jpg,這張圖片顯示了一個辦公桌，上面有一台顯示器、鍵盤和一台電腦主機。顯示器上顯示的是中文網頁，網頁的標題是「國立中央大學 校園授權軟體服務」。網頁內容包含多個選項和圖片，似乎是關於軟體授權的資訊。顯示器下方有三個可愛的黃色雞蛋表情圖案。桌面上還有一張紙，上面寫著「Fourier Optics Midterm Exam」，日期是2017年11月8日，內容涉及Fourier變換的問題。鍵盤和顯示器之間有一個黑色的線材，顯示器後方有一個藍色的線材。背景中可以看到一扇白色的百葉窗。
./dataset/IMG_20200902_120431_835.jpg,這是一張畢業證書，由國立中央大學頒發。證書的封面是藍色的，裡面頁面是白色，邊緣有黃色的裝飾。證書的左側寫有「National Central University」，右側寫有「國立中央大學」的校徽和校名。證書上寫有畢業生的姓名「呂俊廷」，以及學位名稱「Master of Science」。證書上還寫有畢業時間「民國108年」，即2019年。證書的右側還有一個紅色的印章，印章上寫有「國立中央大學」的校名。
./dataset/IMG20220304143213.jpg,這是一張展示城市街道的圖片。街道兩旁有許多商店和建築物，招牌上寫有中文和英文。街道上停有幾輛車，包括一輛白色轎車和一些機車。路邊有電線杆和電線，電線杆上掛有標誌牌，上面寫有“P 停車”等字樣。街道兩側的建築物上掛有各種招牌，顯示出當地的商業活動和文化特徵。街道上有一些行人和車輛，顯示出一個繁忙的市區景象。
./dataset/IMG20200902115820.jpg,"這是一張國立中央大學的碩士學位證書。證書的封面是白色，邊框是藍色和橙色的。封面左側寫有「國立中央大學」的校名，右側有校徽和校名。證書的內容包括：

- 「碩士學位證書」的標題。
- 「呂俊廷」的姓名。
- 「理學院 光電科學與工程系碩士班」的畢業院系。
- 「理學碩士」的學位名稱。
- 「中華民國 109 年 6 月」的日期。
- 「中華民國 108 年 11 月 18 日」的簽發日期。
- 「校長」的簽名。
- 「校章」的印章。

證書的內容還包括一些英文和繁體中文的說明，例如「Upon the recommendation of the faculty of Department of Optics and Photonics」和「The degree of Master of Science」等。"
./dataset/20240129_151548.jpg,這張照片展示了一片美麗的自然風景。前景是一片開滿黃色花朵的花田，花田的兩側有石階小路，小路上有幾位遊客在行走。背景是一片茂密的森林，森林中間有一些建築物，可能是遊客中心或休息區。遠處可以看到一些建築物和電塔，表明這片區域可能靠近城市。天空晴朗，陽光充足，整個場景充滿了自然的寧靜與美麗。
./dataset/IMG20220315151817.jpg,這張照片展示了一片廣闊的海洋，海面波濤洶涌，遠處的海平線與天空相接，天空中布滿了厚重的雲層，天空顏色較為灰暗。在照片的前景部分，可以看到一些綠色的植被，這些植物長在一個石頭或混凝土的邊緣上，邊緣上有一些裂縫和斑駁的顏色。這些植物看起來像是野草或海邊常見的植物。整體來說，這張照片給人一種靜謐而壯麗的感覺。
./dataset/1555577317990.jpg,這張照片顯示了一群學生和老師們在戶外合影。學生們穿着統一的白色襯衫和黑色背心，搭配黑色褲子和白色襪子，頭上戴著黑色領結。老師們站在學生們後方，穿著正式的服裝，其中一些老師穿著綠色背心。背景中可以看到一些建築物和樹木，顯示這是在一個學校或教育機構的場所。照片右下角標註了日期和時間：2005年11月14日14:29。
./dataset/IMG_20220209_000110_363.jpg,這張照片中，一個人坐在一個木製的矮凳上。他穿着一件淺藍色的長袖襯衫，袖子挽起，搭配深藍色的長褲。他的雙手放在褲子的口袋裡，雙腿交叉，右腿稍微翹起。背景是純白色的，沒有任何雜亂的元素。
./dataset/IMG_20180615_114356_264.jpg,這張照片中有一群人排成多排，背景是一個室內場地，天花板上有圓形的裝飾燈。前排的人們坐在椅子上，手持金色的字母氣球，組成「THU DHHS」的字樣。後排的人們站著，面帶微笑，似乎是在慶祝某個活動或成就。場地的裝飾和氣氛顯示出一種正式而喜慶的氛圍。
./dataset/IMG_20200225_115213_098.jpg,這張照片展示了一個公園的景觀。天空湛藍，沒有雲彩。地面上鋪有綠色的草地，草地上有一些樹木和灌木。樹木的葉子已經長出，顯示出春天的景象。前景中有一排灌木，灌木後方是草地。草地邊緣有一條灰色的路邊石，路邊石旁邊是鋪有方磚的小路。照片的右側有一棵樹，樹枝已經脫落，顯示出冬天或早春的景象。照片的左側有一棵樹，樹葉已經長出，顯示出春天的景象。照片的中央有一棵樹，樹枝已經脫落，顯示出冬天或早春的景象。照片的右側有一棵樹，樹枝已經脫落，顯示出冬天或早春的景象。照片的右側有一棵樹，樹枝已經脫落，顯示出冬天或早春的景象。照片的右側有一棵樹，樹枝已經脫落，顯示出冬天或早春的景象。照片的右側有一棵樹，樹枝已經脫落，顯示出冬天或早春的景象。照片的右側有一棵樹，樹枝已經脫落，顯示出冬天或早春的景象。照片的右側有一棵樹，樹枝已經脫落，顯示出冬天或早春的景象。照片的右側有一棵樹，樹枝已經脫落，顯示出冬天或早春的景象。照片的右側有一棵樹，樹枝已經脫落，顯示出冬天或早春的景象。照片的右側有一棵樹，樹枝已經脫落，顯示出冬天或早春的景象。照片的右側有一棵樹，樹枝已經脫落，顯示出冬天或早春的景象。照片的右側有一棵樹，樹枝已經脫落，顯示出冬天或早春的景象。照片的右側有一棵樹，樹枝已經脫落，顯示出冬天或早春的景象。照片的右側有一棵樹，樹枝已經脫落，顯示出冬天或早春的景象。照片的右側有一棵樹，樹枝已經脫落，顯示出冬天或早春的景象。照片的右側有一棵樹，樹枝已經脫落，顯示出冬天或早春的景象。照片的右側有一棵樹，樹枝已經脫落，顯示出冬天或早春的景象。照片的右側有一棵樹，樹枝已經脫落，顯示出冬天或早春的景象。照片的右側有一棵樹，樹枝已經脫落，顯示出冬天或早春的景象。照片的右側有一棵樹，樹枝已經脫落，顯示出冬天或早春的景象。照片的右側有一棵樹，樹枝已經脫落，顯示出冬天或早春的景象。照片的右側有一棵樹，樹枝已經脫落，顯示出冬天或早春的景象。照片的右側有一棵樹，樹枝已經脫落，顯示出冬天或早春的景象。照片的右側有一棵樹，樹枝已經脫落，顯示出冬天或早春的景象。照片的右側有一棵樹，樹枝已經脫落，顯示出冬天或早春的景象。照片的右側有一棵樹，樹枝已經脫落，顯示出冬天或早春的景象。照片的右側有一棵樹，樹枝已經脫落，顯示出冬天或早春的景象。照片的右側有一棵樹，樹枝已經脫落，顯示出冬天或早春的景象。照片的右側有一棵樹，樹枝已經脫落，顯示出冬天或早春的景象。照片的右側有一棵樹，樹枝已經脫落，顯示出冬天或早春的景象。照片的右側有一棵樹，樹枝已經脫落，顯示出冬天或早春的景象。照片的右側有一棵樹，樹枝已經脫落，顯示出冬天或早春的景象。照片的右側有一棵樹，樹枝已經脫落，顯示出冬天或早春的景象。照片的右側有一棵樹，樹枝已經脫落，顯示出冬天或早春的景象。照片的右側有一棵樹，樹枝已經脫落，顯示出冬天或早春的景象。照片的右側有一棵樹，樹枝已經脫落，顯示出冬天或早春的景象。照片的右側有一棵樹，樹枝已經脫落，顯示出冬天或早春的景象。照片的右側有一棵樹，樹枝已經脫落，顯示出
./dataset/20230806_165428.jpg,這張照片中，太陽從樹木後方照射出來，樹葉在陽光下形成剪影效果。樹木的枝葉茂密，遮擋了大部分的天空。天空中有一些雲彩，雲層較厚，但陽光仍然能夠穿透雲層照射下來。陽光在樹葉間形成光斑，散發出美麗的光效。照片的右側有一部分建築物的屋頂，建築物的顏色較暗，與樹木和天空形成對比。整體感覺是自然與建築的結合，陽光從樹後照射出來，給照片帶來了動感和生機。
./dataset/20240727_153802.jpg,這張照片顯示了一個室內的場景，可能是一個會議廳或教室。照片中可以看到一排排的桌椅，桌椅上坐著一些人，他們似乎在聽講或參加會議。背景中有一個講台，上面放著一些文件和設備。牆壁上有一些方形的裝飾燈，牆壁的顏色是淺棕色。照片的右側可以看到一些人的頭髮和後腦勺，他們似乎在傾聽講話。
./dataset/IMG20220315164104.jpg,這張圖片展示了一片廣闊的海景。海面波濤洶涌，遠處的海天一色，天空中散佈著一些薄雲。海邊的岸邊有一些植被，包括一些高大的草類和灌木。天空的顏色漸變，從藍色到灰色，顯示出天色將近傍晚。電線橫跨在海面之上，可能是附近電力線路的一部分。整體來說，這張圖片呈現出一種寧靜而遼闊的海景。
./dataset/IMG20220316201512.jpg,這張照片展示了一張餐桌，上面擺放著各種食物和餐具。餐桌上有一個黑色的石鍋，裡面有滾燙的湯汁和一些切片的蔬菜。石鍋旁邊有一個紅色的塑料盤子。在石鍋的左側，有一個茶壺和一個小碗，碗裡裝著一個整顆的雞蛋。在石鍋的右側，有一個盤子，裡面有切片的雞肉。在石鍋的後方，有一個盤子，裡面有切片的豬肉。在石鍋的前方，有一個盤子，裡面有切片的蝦仁。在石鍋的左側，有一個盤子，裡面有切片的魚片。在石鍋的後方，有一個小碗，裡面有調味料和一些綠葉蔬菜。在石鍋的左側，有一個小碗，裡面有調味料和一些綠葉蔬菜。在石鍋的右側，有一個小碗，裡面有調味料和一些綠葉蔬菜。在石鍋的左側，有一個小碗，裡面有調味料和一些綠葉蔬菜。在石鍋的右側，有一個小碗，裡面有調味料和一些綠葉蔬菜。在石鍋的左側，有一個小碗，裡面有調味料和一些綠葉蔬菜。在石鍋的右側，有一個小碗，裡面有調味料和一些綠葉蔬菜。在石鍋的左側，有一個小碗，裡面有調味料和一些綠葉蔬菜。在石鍋的右側，有一個小碗，裡面有調味料和一些綠葉蔬菜。在石鍋的左側，有一個小碗，裡面有調味料和一些綠葉蔬菜。在石鍋的右側，有一個小碗，裡面有調味料和一些綠葉蔬菜。在石鍋的左側，有一個小碗，裡面有調味料和一些綠葉蔬菜。在石鍋的右側，有一個小碗，裡面有調味料和一些綠葉蔬菜。在石鍋的左側，有一個小碗，裡面有調味料和一些綠葉蔬菜。在石鍋的右側，有一個小碗，裡面有調味料和一些綠葉蔬菜。在石鍋的左側，有一個小碗，裡面有調味料和一些綠葉蔬菜。在石鍋的右側，有一個小碗，裡面有調味料和一些綠葉蔬菜。在石鍋的左側，有一個小碗，裡面有調味料和一些綠葉蔬菜。在石鍋的右側，有一個小碗，裡面有調味料和一些綠葉蔬菜。在石鍋的左側，有一個小碗，裡面有調味料和一些綠葉蔬菜。在石鍋的右側，有一個小碗，裡面有調味料和一些綠葉蔬菜。在石鍋的左側，有一個小碗，裡面有調味料和一些綠葉蔬菜。在石鍋的右側，有一個小碗，裡面有調味料和一些綠葉蔬菜。在石鍋的左側，有一個小碗，裡面有調味料和一些綠葉蔬菜。在石鍋的右側，有一個小碗，裡面有調味料和一些綠葉蔬菜。在石鍋的左側，有一個小碗，裡面有調味料和一些綠葉蔬菜。在石鍋的右側，有一個小碗，裡面有調味料和一些綠葉蔬菜。在石鍋的左側，有一個小碗，裡面有調味料和一些綠葉蔬菜。在石鍋的右側，有一個小碗，裡面有調味料和一些綠葉蔬菜。在石鍋的左側，有一個小碗，裡面有調味料和一些綠葉蔬菜。在石鍋的右側，有一個小碗，裡面有調味料和一些綠葉蔬菜。在石鍋的左側，有一個小碗，裡面有調味料和一些綠葉蔬菜。在石鍋的右側，有一個小碗，裡面有調味料和一些綠葉蔬菜。在石鍋的左側，有一個小碗，裡面有調味料和一些綠葉蔬菜。在石鍋的右側，有一個小碗，裡面有調味料和一些綠葉蔬菜。在石鍋的左側，有一個小碗，裡面有調味料和一些綠葉蔬菜。在石鍋的右側，有一個小
./dataset/IMG20220313133339.jpg,這張照片展示了一片廣闊的稻田，稻田綠意盎然，種植著幼苗。稻田的邊緣有一條水泥溝渠，溝渠旁邊散落著一些石頭。背景中可以看到連綿的山脈，山脈上雲霧繚繞，遠處還有一些建築物。天空藍白相間，雲層厚重，但並未遮擋住大部分的陽光。整體景色清新寧靜，呈現出農村的自然風光。
./dataset/IMG20210814220547.jpg,這張照片中，一個人站在鏡子前，鏡子反射出他的樣子。他戴著一隻口罩，穿著一件黑色短袖T恤。他用右手拿著一部紅色的智慧型手機，似乎在自拍或查看手機。背景中可以看到一扇黑色的門，門上掛著一串紅綠相間的三角形旗幟，上面有綠色的樹形圖案。門的右側有一個白色的牆壁，牆壁上有一個黃色的警告標誌，標誌上寫著中文。牆壁下方有一個綠色的植物盆栽，放在一個粉紅色的托盤上。牆壁的下方還有一個水龍頭。地面是白色的方磚。
./dataset/IMG20220311204354.jpg,這張照片展示了一個夜晚的城市公園景觀。照片中可以看到一排高樓建築，建築外牆燈光璀璨，反射出夜色的美麗。公園內有幾棵開滿粉紅色花朵的樹木，樹葉在夜色中顯得格外鮮豔。公園內鋪設了石板路，兩旁種植了綠化植物，並設有燈光照明，使得公園在夜晚依然明亮。公園內還設有軌道，可能是輕軌或有軌電車的軌道。整體環境显得非常現代化，同時也保留了自然的美。
./dataset/20240101_170819.jpg,這張照片顯示了一個籃球場，籃球場的顏色為藍色，籃球框位於籃球場的一側。籃球場的邊緣有一條紅色的跑道。籃球場的後方有一棟建築物，建築物的牆壁為白色，窗戶為深色。建築物的頂部有一些綠色的裝飾。籃球場的邊緣有一些綠色的樹木。照片的右上角有一個籃球，籃球在空中飛行。照片的左上角有一片天空，天空的顏色為淡紫色。照片的右下角有一個人，這個人站在籃球場上，他穿着深色的衣服和淺色的鞋子。照片的左下角有一個籃球架，籃球架的顏色為白色。照片的右下角有一個籃球框，籃球框的顏色為白色。照片的右下角有一個籃球架，籃球架的顏色為白色。照片的右下角有一個籃球框，籃球框的顏色為白色。照片的右下角有一個籃球架，籃球架的顏色為白色。照片的右下角有一個籃球框，籃球框的顏色為白色。照片的右下角有一個籃球架，籃球架的顏色為白色。照片的右下角有一個籃球框，籃球框的顏色為白色。照片的右下角有一個籃球架，籃球架的顏色為白色。照片的右下角有一個籃球框，籃球框的顏色為白色。照片的右下角有一個籃球架，籃球架的顏色為白色。照片的右下角有一個籃球框，籃球框的顏色為白色。照片的右下角有一個籃球架，籃球架的顏色為白色。照片的右下角有一個籃球框，籃球框的顏色為白色。照片的右下角有一個籃球架，籃球架的顏色為白色。照片的右下角有一個籃球框，籃球框的顏色為白色。照片的右下角有一個籃球架，籃球架的顏色為白色。照片的右下角有一個籃球框，籃球框的顏色為白色。照片的右下角有一個籃球架，籃球架的顏色為白色。照片的右下角有一個籃球框，籃球框的顏色為白色。照片的右下角有一個籃球架，籃球架的顏色為白色。照片的右下角有一個籃球框，籃球框的顏色為白色。照片的右下角有一個籃球架，籃球架的顏色為白色。照片的右下角有一個籃球框，籃球框的顏色為白色。照片的右下角有一個籃球架，籃球架的顏色為白色。照片的右下角有一個籃球框，籃球框的顏色為白色。照片的右下角有一個籃球架，籃球架的顏色為白色。照片的右下角有一個籃球框，籃球框的顏色為白色。照片的右下角有一個籃球架，籃球架的顏色為白色。照片的右下角有一個籃球框，籃球框的顏色為白色。照片的右下角有一個籃球架，籃球架的顏色為白色。照片的右下角有一個籃球框，籃球框的顏色為白色。照片的右下角有一個籃球架，籃球架的顏色為白色。照片的右下角有一個籃球框，籃球框的顏色為白色。照片的右下角有一個籃球架，籃球架的顏色為白色。照片的右下角有一個籃球框，籃球框的顏色為白色。照片的右下角有一個籃球架，籃球架的顏色為白色。照片的右下角有一個籃球框，籃球框的顏色為白色
./dataset/IMG20220317134823.jpg,這張照片展示了一片廣闊的沙灘，沙灘上沒有明顯的建築物或植被。沙灘的沙子是淺色的，表面有許多腳印和痕跡。在沙灘的遠處，可以看到海浪拍打在海岸邊，海浪看起來比較平靜。在海的對岸，有一座小島，島上沒有植被，看起來像是岩石或沙丘。天空是灰蒙蒙的，沒有明顯的陽光，可能是在陰天或清晨時分拍攝的。沙灘上有一些標誌，可能是用來標示游泳區或危險區域的旗幟。在沙灘的遠處，可以看到幾個人在活動，但他們的樣子和活動內容無法辨識。
./dataset/14663_632087766891049_2161943290144041439_n(1)(1).jpg,這張照片中有五個人圍在一起，似乎在討論某件事情。他們站在一個石板路上，背景是一些綠色植物和一些建築物。其中一個人手持一本藍色的文件夾，其他人則圍繞在他身邊，似乎在聽取他的說法。照片的氛圍看起來比較正式，可能是在進行工作會議或討論。
./dataset/20230805_155524.jpg,這張照片中，有一杯冰咖啡放在一個木質桌面上。杯子是透明的玻璃杯，杯底有棕色的咖啡渣。杯子上有一根白色的吸管。杯子放在一個有斑點的白色和棕色的杯墊上。背景中可以看到一扇玻璃門，門外有一輛停在室內的白色車子。門的玻璃上有一些網狀的裝飾。門的另一側可以看到一些雜物和裝飾品。
./dataset/20181_632063643560128_621594163824218226_n(1)(1).jpg,這張照片中有四個人坐在室內的椅子上，背景是一面牆，牆上有一些標籤和標語。牆邊有一些消防器材，如滅火器。四個人都面帶微笑，似乎在參加某種活動或會議。他們的坐姿和表情看起來很開心和積極。
./dataset/11150431_632074360225723_7373090648725224278_n(1)(1).jpg,這張照片中有一群年輕人，他們站在教室裡，背景牆上掛著一塊紅色的橫幅，上面寫著中文。橫幅上寫著「信義鄉婦女大學第二十四期傳統技藝編織研習班」，以及「主辦單位：信義鄉公所 承辦單位：信義鄉潭南社區發展協會」。這些年輕人看起來是學生，他們面帶微笑，擺出不同的姿勢，有些人舉起手指，有些人比出V字形，還有人舉起卡片。他們的衣著風格各異，有穿運動服的，有穿襯衫的，有穿T恤的。地面上鋪著灰色的地毯，牆壁上掛著一些裝飾品和標語。
./dataset/11009900_632075123558980_2703656695755317738_n(1)(1).jpg,這張照片中，有六位年輕人站在室內的一個空間裡。他們似乎在進行某種活動或討論。背景中可以看到一塊黑板，上面寫著中文，黑板旁邊有幾張掛圖。牆壁上有一些窗戶，窗戶旁邊有鐵製的柵欄。牆壁的顏色是白色的，但有些地方已經有些斑駁。地上鋪著灰色的地毯，牆角處有一些折疊的椅子。照片的左側有一個人的部分身體出現在畫面中，但無法辨識其身份。
./dataset/line_1528991792193.jpg,這張照片顯示了一個夜晚的場景，從一個高處俯瞰城市。前景是一個鐵欄杆圍成的平台，平台的地面鋪有方磚。遠處可以看到城市的建築和一些發光的燈光，這些燈光散發出微弱的光芒，使得城市在黑暗中若隱若現。天空是深色的，沒有明顯的星星或月亮。照片的右側有一些建築物的招牌，但因為距離和照明不足，無法辨識具體的招牌內容。整體來說，這張照片給人一種靜謐而孤獨的感覺。
./dataset/IMG20220220163406.jpg,這張照片展示了一個室內展覽場景。場景中有多個大型屏幕，屏幕上播放著歷史畫作的影像。這些畫作描繪了巴黎街頭的場景，畫中人物穿着當時的服裝，背景是歐洲古典建築。觀眾們坐在地上，背對著攝影機，聚精會神地觀看屏幕上的影像。展覽場館的天花板上有一些木質結構，燈光柔和，營造出一種沉靜的氛圍。
./dataset/1539522424597.jpg,這張照片展示了一片山區的景色。照片的前景是一塊岩石，岩石上有一條用鐵索和鐵柱組成的鐵索橋，橋的一端懸掛在岩石上。橋的另一端延伸到山區的另一側，遠處可以看到茂密的森林和山丘。天空中布滿了厚重的雲層，雲層低垂，給整片山區帶來了一種陰沉的氣氛。遠處的山丘被濃密的樹木覆蓋，山丘之間有薄薄的雲霧飄浮，增加了景觀的層次感。整體來說，這張照片呈現出一種自然的壯麗和一種略顯陰鬱的氣氛。
./dataset/1551029111633.jpg,這張照片中，一位年輕男子坐在室內的沙發上，頭戴一頂黑色的棒球帽，帽檐朝前。他穿着一件深藍色的V領短袖T恤和一雙淺色的牛仔褲，手腕上戴著一塊黑色的腕錶。他雙手握著一部手機，似乎在看手機螢幕。背景中可以看到其他幾個人，他們坐在不同的位置，似乎在進行不同的活動。環境看起來像是咖啡廳或餐廳，有木質的桌椅和一些裝飾品。
./dataset/IMG20220425151624.jpg,這張照片展示了一個鐵路車站的月台。月台上有一個木製的長椅，供乘客休息。月台的兩側是鐵軌，鐵軌上方有電纜線，顯示這是一個電氣化鐵路車站。月台的頂部有一個鐵製的屋頂，提供遮蔽。背景中可以看到一些建築物和綠樹，顯示車站位於一個城市區域。月台的地面有些許裂縫和斑駁的痕跡，顯示出一些使用痕跡。照片的右側有一個紅色的消防栓。
./dataset/IMG20220316141415.jpg,這張照片中，一個人站在戶外，背景是綠色的草地和一些岩石。他留着黑色的短髮，臉上帶有自然的微笑，露出白色的牙齒。他穿着一件深藍色的牛仔外套，裡面是一件白色的衣服，上面有黑色的英文字母。他的口袋裡似乎有一個白色的口罩。背景中還有一些樹木和綠色的植物。天空是灰白色的，可能是在陰天。
./dataset/20221231_164215.jpg,這張圖片展示了一張木質桌面上的餐點。桌面上有一個木製托盤，托盤上放著一個黑色邊緣的圓形碗，碗內裝有帶有塊狀物質的濃稠湯汁。碗的旁邊有一個白色的湯匙和一張白色的餐巾紙。在托盤的左側，還有一個裝有茶葉的茶壺和一個茶杯，茶杯內有茶葉和茶湯。茶壺和茶杯的外觀為紅色和白色，上面有花卉圖案。背景中可以看到部分木質地板和一個木製的盒子。
./dataset/IMG20220127212210_02.jpg,這張照片展示了一個夜晚的城市景觀。照片的前景是黑暗的樹木和灌木叢，其中有一個發光的燈光。背景是城市的夜景，可以看到許多發光的建築物和燈光，這些燈光散發出柔和的光芒，形成了一個光點連綿的景象。天空是深色的，沒有明顯的雲層。整體來說，這張照片捕捉到了一個城市在夜晚的靜謐和美麗。
./dataset/IMG20220717184806.jpg,這張照片展示了一座現代建築，建築的外觀為三角形，頂部較尖，側面有一個大面積的玻璃窗。建築的顏色為淺棕色，與背景的綠色草地形成鮮明對比。建築前方有一片寬闊的綠草地，幾個人坐在草地上休息。背景中可以看到一些樹木和一些建築物，天空為白色，可能是傍晚時分。建築的設計風格獨特，與周圍環境形成鮮明的對比。
./dataset/20240615_162942.jpg,這張照片中，一個人站在鏡子前，鏡子反射出他的全身。他穿着一件藍色的背心和一條綠色的短褲，雙手自然垂放在身體兩側，右手拿着一部手機，似乎在自拍。背景中可以看到一扇門和一堵牆，牆上貼有一些標籤。
./dataset/IMG_20201128_012309_290.jpg,這張圖片展示了一片壯麗的山景。天空湛藍，陽光從上方照射下來，形成一道明亮的光線。前景中有一棵樹的枝葉，葉子呈綠色，葉片細長。背景中可以看到連綿起伏的山脈，山脈上植被茂盛，遠處的山峰被薄薄的雲霧所籠罩，增加了景緻的層次感。整體感覺非常清新和寧靜。
./dataset/line_1513577812308.jpg,一盤放在木質桌面上的餐點。餐盤是白色的，裡面裝著一盤湯，湯裡有幾塊類似豆腐的食材，表面撒有芝麻。湯的顏色是淡黃色，看起來像是用雞湯或豬骨湯熬製的。在湯的右側，有一片黃色的葉子，可能是生菜。在湯的左側，有一塊白色的物體，可能是豆腐或麵條。在餐盤的右側，有一小塊白色的物體，可能是豆腐或麵條。餐盤的右側還有一個透明的塑料袋，裡面裝著一些綠色的蔬菜。背景中還有一個紅色的塑料盒，裡面裝著一些綠色的蔬菜。
./dataset/IMG20220314135300.jpg,這張照片展示了一棟現代建築，建築外牆上有一幅色彩鮮豔的像素化圖案，圖案由藍、紅、黃、綠等色塊組成，形成了一種幾何圖形的視覺效果。建築的入口處設有大面積的玻璃窗，門口上方有幾塊廣告牌，上面寫有中文廣告語。建築的入口處有幾位行人，他們似乎在進行交流或行走。建築的設計風格現代，採用了大量的玻璃和鋼結構，建築的頂部有一些裝飾性的裝置，可能是裝飾或照明設備。建築的右側有一個由白色貨櫃組成的結構，可能是建築的一部分或臨時設施。背景中可以看到藍天和雲朵，表明這張照片是在白天拍攝的。
./dataset/20230806_144023.jpg,這張圖片展示了一個畫廊的內部。牆壁上掛有三幅畫作。最左側的畫作色彩鮮豔，畫中繪有三隻裝飾有繩索的羊，背景是山景和落日。中間的兩幅畫作是黑白的，風格簡潔，表現了山巒的圖案。最右側的畫作色彩豐富，畫面中充滿了各種顏色和圖案，看起來像是群體的動物或人物。畫廊的地板是淺色的木質地板，牆壁是白色的，牆上裝有軌道燈，用以照亮畫作。畫廊的角落有一張白色的長椅。
./dataset/1555587244987.jpg,這張照片中，有一隻棕色的狗正躺在鋪有石板的路面上。狗的毛色為棕色，耳朵垂下，尾巴向上翹起。狗的身體側臥，前爪交叉放在身體前面，後腿則伸直。狗的臉部朝向地面，似乎在休息或打盹。石板鋪成的路面有幾塊是深灰色的，另一些則是淺灰色的，地面上還散落著一些小石子。背景中可以看到一條水泥路，路邊有幾根鐵桿。陽光照射在地面上，形成了一些陰影。
./dataset/1526815314290.jpg,這張圖片展示了一片廣闊的農田，地表是紅褐色的土壤，上面種植了許多幼苗，排列成規則的行。農田的邊緣有一些綠色的植被和開花的植物。背景中可以看到一些樹木和遠處的建築物，天空藍色，有幾朵白色的雲朵飄浮。整體感覺是晴朗的天氣，農田看起來非常寬廣。
./dataset/IMG20220308145827.jpg,這張照片展示了一片寬闊的水域，水面上反射著陽光，波光粼粼。遠處可以看到一些建築物和樹木，構成了一個自然與人類活動共存的場景。前景中有一個護欄，護欄的另一側是茂密的綠色植被，可能是樹木或灌木叢。天空晴朗，沒有雲彩，陽光從左上角照射過來，形成了光線的光束效果。整體環境看起來非常寧靜，適合觀賞和放鬆。
./dataset/20230805_154558.jpg,這張照片展示了一間咖啡廳的內部。天花板上懸掛著許多綠色的植物裝飾，營造出自然的氛圍。咖啡廳的牆壁和天花板是白色的，顯得非常明亮。櫃檯後方有兩位工作人員，其中一位正在與顧客交流。櫃檯上擺放著咖啡機和其他咖啡製作設備。櫃檯前有兩位顧客正在點餐。櫃檯上還有一些紙袋和餐具。櫃檯的正面寫著「ALL DAY ROASTING COMPANY」的標誌。咖啡廳的內部裝潢簡潔現代，散發出一種清新自然的風格。
./dataset/FB_IMG_1576425187677.jpg,這張圖片展示了一條流經森林中的小溪。溪水清澈見底，反射著陽光，看起來非常明亮。溪流緩緩流動，經過幾個小瀑布和岩石，形成輕微的浪花。兩旁是茂密的樹木，樹葉在陽光下閃耀，呈現出綠色和黃色的顏色。樹枝垂下，部分遮擋了陽光，使得溪流的一側比較陰暗。整體環境非常寧靜，充滿了自然的美。
./dataset/20240602_162426.jpg,這張圖片顯示了一本書的一部分內容，頁碼為83。圖片中包含了一個標題「專注在當下有價值的那一行動」，以及一些相關的段落和表格。段落內容涉及心理學和行為科學的主題，特別提到了ACT（Acceptance and Commitment Therapy）和認知行為療法（Cognitive Behavioral Therapy）的概念。表格列出了幾個步驟，包括「自動聚焦方法（Autofocus）」、「接受（Acceptance）」、「承諾與承諾治療（Commitment and Commitment Therapy）」等，並對每個步驟進行了簡要的描述。表格的右側還有一個小方框，裡面寫著「從清單的第一件事開始，逐一查看並標記自己想做的事，直到找到最想做的那一項。」
./dataset/FB_IMG_1485272624612(1)(1).jpg,這張照片展示了一個公園的景觀。照片中可以看到幾棟現代建築，建築外牆有綠色植物裝飾。建築前面有一條道路，兩旁種滿了樹木，樹蔭下有幾張石椅。公園的綠地廣闊，綠草如茵，環境清幽。背景中可以看到更多的樹木和建築，天空晴朗，陽光明媚。
./dataset/20240224_233618.jpg,"這張圖片顯示了一本開本較大的書的一部分，書頁上有一些程式碼和中文註釋。程式碼使用了Python語法，並且包含了一些中文註釋，說明了程式碼的功能和步驟。程式碼中提到了一些關鍵詞，例如`if`、`else`、`elif`、`print`等，這些都是Python語法的一部分。此外，還有一些中文註釋，例如：

- 第104行：`if source_type == ""1"":`，註釋說明了這段程式碼的條件判斷。
- 第105行：`url = input(""請輸入影片的網址: "")`，註釋說明了從使用者輸入影片的網址。
- 第106行：`stream = find_best(url, is_audio=True)`，註釋說明了從網址找到最佳的流式傳輸。
- 第107行：`audio_filename = download_file(stream)`，註釋說明了下載流式傳輸中的音頻檔案。
- 第108行：`audio_filename_type = input(""請輸入上傳的檔案名稱（加副檔名）: "")`，註釋說明了輸入上傳的檔案名稱。
- 第109行：`else: print(""輸入不正確，請重新輸入。"")`，註釋說明了如果輸入不正確，則提示使用者重新輸入。
- 第110行：`caption = transcribe(audio_filename)`，註釋說明了將音頻檔案轉換成字幕。
- 第111行：`caption_list = caption.splitlines()`，註釋說明了將字幕分割成多行。
- 第112行：`# 確認字幕語言...`，註釋說明了確認字幕語言的步驟。
- 第113行：`if check_cht(caption_list):`，註釋說明了檢查字幕是否為中文。
- 第114行：`print('本影片是中文。')`，註釋說明了如果字幕為中文，則提示使用者本影片是中文。
- 第115行：`else: print('本影片不是中文，將為你轉換成中文字幕...')`，註釋說明了如果字幕不是中文，則提示使用者將字幕轉換成中文。
- 第116行：`translate_to_cht(caption_list, audio_filename)`，註釋說明了將字幕翻譯成中文。
- 第117行：`print('字幕已轉換成中文。')`，註釋說明了字幕已經轉換成中文。

這些註釋和程式碼的組合，顯示了一個程式碼片段，該片段的目的是處理音頻檔案，並根據字幕語言的確認，將字幕翻譯成中文。"
./dataset/20230820_154757.jpg,這張照片展示了一個臨海的景觀。前景是一條鐵欄杆圍成的步道，步道上鋪有水泥，反射著周圍的景象。步道邊緣有幾個人撐著雨傘，似乎在雨中行走。背景是廣闊的海面，海面波紋細微，反射著天空的陰沉。遠處可以看到一些建築物和貨櫃碼頭，顯示出這是一個城市臨海區域。天空布滿了厚重的烏雲，天空中有一道光線穿透雲層，形成一道光束，給整體的氛圍增添了一絲希望。
./dataset/IMG_20201125_153656_842.jpg,這張圖片展示了一條河流，河岸兩側是綠色的植被和一些岩石。河面上有一座橋，橋的遠端可以看到一些山峰。天空非常藍，幾乎沒有雲彩。圖片中還有一個標註，上面寫著「豆腐岩」。
./dataset/20240824_170338.jpg,這張照片中，一個人站在室內，背景是白色的牆壁和一扇黑色的門。門的左側掛著幾面小旗子，旗子上印有聖誕樹的圖案和一些文字。這個人頭戴一頂黑色的帽子，帽子上有一個紅色的標籤。他穿着深藍色的短袖T恤和淺色的短褲，右手舉著一部手機，似乎在自拍。照片的右側有一個木製的櫃子，櫃子上有一個白色的圓形裝置。
./dataset/20240726_120459.jpg,這張照片展示了一個位於山區的景點。照片的右側可以看到一些建築物，建築物的屋頂是典型的中國傳統建築風格，有著紅色的瓦片和精美的裝飾。建築物的前面停有幾輛車。建築物的後方是茂密的綠樹和山丘，遠處可以看到一些建築物和山峰。天空中雲層較厚，天氣似乎有些陰沉。照片的左側是大片的天空，佔據了照片的大部分空間。
./dataset/20240212_172256.jpg,這張照片顯示了一個城市景觀，天空從左上角的深藍色漸變到右上角的淺黃色，表明可能是日落時分。照片的右側可以看到一些建築物，建築物的顏色從白色到淺綠色不等，建築物的窗戶和陽臺清晰可見。建築物的後方有一些樹木，樹木的葉子在陽光下顯得鮮綠。照片的右側還有一個籃球架，籃球架的顏色是紅色和白色相間。整體來說，這張照片捕捉到了一個城市日落時分的景象。
./dataset/20230709_184958.jpg,這張照片顯示了一個工業場景，可能是一個發電廠或化工廠。照片的右側有一棟建築物，建築物的外牆是白色的，上面有許多方形的窗戶。建築物的右側有一個大型的煙囪，從煙囪中冒出大量的濃煙，煙霧濃密，遮蓋了大部分的天空。煙霧的顏色是灰黑色，顯示出濃煙的濃度很高。煙霧的上方有一個明亮的光源，可能是太陽，因為它發出的光線非常明亮，並且在煙霧中形成了光束的效果。天空的顏色是藍色，但因為煙霧的遮擋，天空的顏色在煙霧的下方部分顯得比較暗淡。整體來說，這張照片呈現了一個工業場景在日落時分的景象，煙霧和光線的對比形成了強烈的視覺效果。
./dataset/IMG20220316140642.jpg,這張圖片展示了一個湖泊的景色。湖水靜靜地反射著天空和周圍的綠樹。湖邊有一些岩石和綠草，岩石之間散落著一些枯葉。遠處可以看到一些樹木和建築物，天空中布滿了厚重的雲層，顯得有些陰沉。整體環境看起來非常平靜，適合放鬆和觀賞自然風景。
./dataset/IMG_20210801_143025_617.jpg,"這張圖片展示了一個電路圖，標題為「Scan 電路操作」。圖中包含幾個電路元件和信號波形圖。以下是詳細描述：

1. 左側電路圖：
   - 有幾個開關和電晶體（T1, T2, T3, T4, T5, T6, T7, T8）。
   - 有幾個信號源（CK1, CK2, CK3, CK4, CK5）。
   - 有幾個控制信號（S1, S2, S2(N-1)）。
   - 有幾個電壓源（BT, VGH）。
   - 有幾個標記（P, P1, P2）。

2. 右側信號波形圖：
   - 有幾個信號波形（CK1, CK2, CK3, CK4, CK5）。
   - 有幾個控制信號波形（S1, S2, S2(N-1)）。
   - 有幾個電壓波形（BT, VGH）。

3. 圖片右上角有三個步驟：
   1. BT點電壓下降。
   2. T8開啓。
   3. 關閉T4、T5、T6。

4. 圖片右上角有AUO的標誌。

這張圖片描述了一個電路操作的過程，並提供了電路元件和信號波形的詳細信息。"
./dataset/IMG20220317141107.jpg,這張照片展示了一片海岸線，海浪輕拍著沙灘。天空陰沉，布滿了厚重的雲層，顯示出一種陰鬱的氣氛。遠處可以看到一排山丘，山丘上長滿了茂密的綠樹，與海邊的沙灘形成鮮明的對比。沙灘上散落著幾位遊客，他們似乎在享受這片寧靜的海岸線。海浪拍打在沙灘上，產生了白色的泡沫。整體來說，這張照片呈現出一種平靜而略帶寂寥的氛圍。
./dataset/IMG20220313133700.jpg,這張照片中，一個人站在一條路邊，背景是綠色的稻田和遠處的山丘。天空有些陰沉，但還是可以看到一些雲朵。這個人留着短髮，臉上帶着微笑，看起來心情不錯。他穿著一件黑色的外套，肩上背著一個迷彩風格的背包。背景中還可以看到一些樹木和一些建築物。整體感覺像是在鄉間小路上散步或旅行。
./dataset/20230704_190457.jpg,這張照片展示了一個城市的天際線，太陽正在地平線附近落下，天空被染成了黃橙色。雲層在天空中散佈，部分被太陽的餘暉照亮，呈現出金黃色。建築物的外牆顏色較淺，可能是白色或淺灰色，建築物的窗戶排列整齊。建築物的設計風格看起來現代，窗戶之間有玻璃隔斷。照片的右側有一棟建築，建築的外牆顏色較深，可能是藍色或深灰色。建築的頂部有一些突出的結構，可能是排煙管道或天線。照片的左側是天空，顏色從黃橙色漸變到深藍色。整體來說，這張照片捕捉到了一個城市在日落時分的美麗景象。
./dataset/20221113_142844.jpg,這張照片展示了一片綠意盎然的草地，草地旁邊有一條鐵路，鐵路上方有電力線。鐵路旁邊有一個鐵製的柵欄，柵欄的另一側是水泥路面。天空湛藍，雲朵稀疏，遠處可以看到一座山峰。照片的右側有一棵樹，樹葉茂盛。整體環境看起來非常清新，適合散步或休閒。
./dataset/IMG_20201122_093813_079.jpg,這張圖片展示了一片山區的風景。天空湛藍，陽光從上方照射下來，形成一道光束。遠處的山峰被茂密的樹木覆蓋，山勢起伏，層次分明。近處有一些綠葉植物，葉片在陽光下顯得鮮豔。整體感覺非常清新，自然的氛圍濃厚。
./dataset/1528992895314.jpg,這張照片中有兩位男士站在一堵深色木紋牆前。牆上掛著金色的氣球字母，組成「CONGRATS」，並有幾顆金色的星星裝飾。兩位男士都穿着正式的西裝，一位穿淺藍色西裝，另一位穿深色西裝。他們面帶微笑，站姿自信。背景的牆面質感較為光滑，牆頂有幾盞燈光。
./dataset/IMG20220423145327.jpg,這張照片中，一個人躺在沙發上休息。他穿着白色T恤和黑色短褲，雙腳伸直，雙手放在頭上，似乎在打盹或休息。沙發是棕色的，看起來像是皮革製的。沙發前面有一張木製的茶几，上面放著一些物品，包括一個遙控器和一個粉紅色的物品。沙發後方有一張綠色的沙發椅，上面放著紅色的枕頭和一條黑白相間的毯子。牆壁上掛著一些裝飾品，包括一張掛畫和一個壁燈。牆壁是白色的，地板是淺色的磚塊。背景中還有一個白色的電風扇和一些其他的小物件。
./dataset/IMG20200628144759.jpg,這張照片展示了一個公園的景觀。照片的前景是一些綠色的植物和開有紅色和白色的花的灌木。中景是一個大型的水池，水池中央有一組白色的雕像，雕像似乎表現了人和馬的主題。背景是一排茂密的樹木，樹木後方是藍色的天空，天空中有一些薄雲。照片的右上角可以看到一些撐著傘的人，他們似乎在公園裡散步。整體來說，這張照片呈現了一個晴朗天氣下的公園景觀，環境清幽，景色宜人。
./dataset/11133939_632074483559044_7140702490089386714_n(1)(1).jpg,"這張照片中有一群人，他們站在一起，背景是一面牆，牆上掛著一塊紅色的橫幅，上面寫著中文。橫幅上的文字是：

信義鄉婦女大學第二十四期傳統技藝編織研習班

主辦單位：信義鄉公所
承辦單位：信義鄉潭南社區發展協會

這些人看起來像是參加了一個研習班的學生或參與者，他們面帶微笑，擺出不同的姿勢，有的比出V字形，有的舉起手指，似乎是在拍照留念。他們的裝扮各不相同，有穿運動服的，有穿校服的，還有穿便服的。背景牆上還有其他一些裝飾，包括一些彩色的紙條和圖案。"
./dataset/11129258_632076200225539_8132610937854600172_n(1)(1).jpg,這張照片中有五位年輕人站在一起，他們似乎在一個室內環境中。背景中可以看到一扇大窗戶和一些掛在牆上的海報或公告。這些人穿着不同的外套，有黑色、灰色和粉色的外套。他們的姿態各異，有的雙手交疊在胸前，有的手放在腰間，還有一個手放在臉上。他們的臉上都沒有明顯的表情，看起來像是在等待或聆聽某個講話。照片的右側有一個穿著粉色外套的年輕人，她的背後有一個穿著灰色外套的年輕人。照片的左側有一個穿著黑色外套的年輕人，她的背後有一個穿著黑色外套的年輕人。照片的中央有一個穿著灰色外套的年輕人，他的前面有一個穿著灰色外套的年輕人。照片的右側有一個穿著粉色外套的年輕人，她的前面有一個穿著灰色外套的年輕人。照片的左側有一個穿著黑色外套的年輕人，她的前面有一個穿著黑色外套的年輕人。照片的中央有一個穿著灰色外套的年輕人，他的前面有一個穿著灰色外套的年輕人。照片的右側有一個穿著粉色外套的年輕人，她的前面有一個穿著灰色外套的年輕人。照片的左側有一個穿著黑色外套的年輕人，她的前面有一個穿著黑色外套的年輕人。照片的中央有一個穿著灰色外套的年輕人，他的前面有一個穿著灰色外套的年輕人。照片的右側有一個穿著粉色外套的年輕人，她的前面有一個穿著灰色外套的年輕人。照片的左側有一個穿著黑色外套的年輕人，她的前面有一個穿著黑色外套的年輕人。照片的中央有一個穿著灰色外套的年輕人，他的前面有一個穿著灰色外套的年輕人。照片的右側有一個穿著粉色外套的年輕人，她的前面有一個穿著灰色外套的年輕人。照片的左側有一個穿著黑色外套的年輕人，她的前面有一個穿著黑色外套的年輕人。照片的中央有一個穿著灰色外套的年輕人，他的前面有一個穿著灰色外套的年輕人。照片的右側有一個穿著粉色外套的年輕人，她的前面有一個穿著灰色外套的年輕人。照片的左側有一個穿著黑色外套的年輕人，她的前面有一個穿著黑色外套的年輕人。照片的中央有一個穿著灰色外套的年輕人，他的前面有一個穿著灰色外套的年輕人。照片的右側有一個穿著粉色外套的年輕人，她的前面有一個穿著灰色外套的年輕人。照片的左側有一個穿著黑色外套的年輕人，她的前面有一個穿著黑色外套的年輕人。照片的中央有一個穿著灰色外套的年輕人，他的前面有一個穿著灰色外套的年輕人。照片的右側有一個穿著粉色外套的年輕人，她的前面有一個穿著灰色外套的年輕人。照片的左側有一個穿著黑色外套的年輕人，她的前面有一個穿著黑色外套的年輕人。照片的中央有一個穿著灰色外套的年輕人，他的前面有一個穿著灰色外套的年輕人。照片的右側有一個穿著粉色外套的年輕人，她的前面有一個穿著灰色外套的年輕人。照片的左側有一個穿著黑色外套的年輕人，她的前面有一個穿著黑色外套的年輕人。照片的中央有一個穿著灰色外套的年輕人，他的前面有一個穿著灰色外套的年輕人。照片的右側有一個穿著粉色外套的年輕人，她的前面有一個穿著灰色外套的年輕人。照片的左側有一個穿著黑色外套的年輕人，她的前面有一個穿著黑色外套的年輕人。照片的中央有一個穿著灰色外套的年輕人，他的前面有一個穿著灰色外套的年輕人。照片的右側有一個穿著粉色外套的年輕人，她的前面有一個穿著灰色外套的年輕人。照片的左側有一個穿著黑色外套的年輕人，她的前面有一個穿著黑色外套的年輕人。照片的中央有一個穿著灰色外套的年輕人，他的前面有一個穿著灰色外套的年輕人。照片的右側有一個穿著粉色外套的年輕人，她的前面有一個穿著灰色外套的年輕人。照片的左側有一個穿著黑色外套的年輕人，她的前面有一個穿著
./dataset/IMG20220314130319.jpg,這張照片展示了一條街道的景象。街道兩側有建築物，建築物的外牆顏色多樣，有藍色、白色和紅色等。建築物的門口和窗戶上掛有招牌，招牌上有中文標誌。街道兩側種有樹木，樹木的枝葉茂盛。街道的地面鋪有磚塊，磚塊之間有水泥縫隙。街道的一側有一根白色的燈柱，燈柱的底座是黑色的。街道的盡頭有一個轉彎，遠處可以看到一些人和車輛。天空晴朗，藍天上有一些雲朵。
./dataset/20231002_000525.jpg,這張照片中，有兩個人坐在沙發上，背景是淺色的牆壁。照片的左側寫著「HAPPY BIRTHDAY」，右側寫著「Miya」和「2023.10.1」。照片上還有一些粉紅色的愛心圖案。照片中的人們看起來非常開心，正在互相牽手。照片的右下角有一個手指，手指的指甲上沒有塗指甲油。照片的左側有一個黑色的問號。
./dataset/DSC_0009(1)(1).JPG,這張照片展示了一個夜晚的場景，背景是五顏六色的燈光裝飾。照片的左側有一個大型的燈光裝置，發出大量的紫色和粉色光點，形成一個光的網狀結構。右側有一個紫色的幕布，上面有幾條藍色的燈光裝飾。在照片的中間，有兩個人站在一個平台上，他們似乎在觀賞或拍照。平台的邊緣有幾條紅色的燈光裝飾。照片的右側還有一個小的展示櫃，上面有幾種顏色的燈光裝飾。整體來說，這個場景看起來像是在一個燈光節或夜間活動中。
./dataset/20231105_114322.jpg,這張照片展示了一個室內的環境，從窗戶向外看。窗戶外有一個綠意盎然的庭院，庭院裡有茂盛的樹木和灌木，樹葉在陽光下閃耀。庭院的邊緣有一些木製的圍欄，圍欄上掛著幾盞燈，燈光柔和地散發出來。庭院的後方有一棟建築，建築的牆壁是淺色的，窗戶是開放式的，可以看到裡面的內部裝飾。窗戶的玻璃上有些許斑點，可能是因為攝影時的反光或污漬。窗戶的邊緣是木製的，窗框是淺色的。窗戶的內部有一盞燈，燈光發出柔和的光芒，燈泡是圓形的，燈座是黑色的。窗戶的框架是淺色的，窗戶的邊緣是木製的。窗戶的內部有一盞燈，燈光發出柔和的光芒，燈泡是圓形的，燈座是黑色的。窗戶的框架是淺色的，窗戶的邊緣是木製的。窗戶的內部有一盞燈，燈光發出柔和的光芒，燈泡是圓形的，燈座是黑色的。窗戶的框架是淺色的，窗戶的邊緣是木製的。窗戶的內部有一盞燈，燈光發出柔和的光芒，燈泡是圓形的，燈座是黑色的。窗戶的框架是淺色的，窗戶的邊緣是木製的。窗戶的內部有一盞燈，燈光發出柔和的光芒，燈泡是圓形的，燈座是黑色的。窗戶的框架是淺色的，窗戶的邊緣是木製的。窗戶的內部有一盞燈，燈光發出柔和的光芒，燈泡是圓形的，燈座是黑色的。窗戶的框架是淺色的，窗戶的邊緣是木製的。窗戶的內部有一盞燈，燈光發出柔和的光芒，燈泡是圓形的，燈座是黑色的。窗戶的框架是淺色的，窗戶的邊緣是木製的。窗戶的內部有一盞燈，燈光發出柔和的光芒，燈泡是圓形的，燈座是黑色的。窗戶的框架是淺色的，窗戶的邊緣是木製的。窗戶的內部有一盞燈，燈光發出柔和的光芒，燈泡是圓形的，燈座是黑色的。窗戶的框架是淺色的，窗戶的邊緣是木製的。窗戶的內部有一盞燈，燈光發出柔和的光芒，燈泡是圓形的，燈座是黑色的。窗戶的框架是淺色的，窗戶的邊緣是木製的。窗戶的內部有一盞燈，燈光發出柔和的光芒，燈泡是圓形的，燈座是黑色的。窗戶的框架是淺色的，窗戶的邊緣是木製的。窗戶的內部有一盞燈，燈光發出柔和的光芒，燈泡是圓形的，燈座是黑色的。窗戶的框架是淺色的，窗戶的邊緣是木製的。窗戶的內部有一盞燈，燈光發出柔和的光芒，燈泡是圓形的，燈座是黑色的。窗戶的框架是淺色的，窗戶的邊緣是木製的。窗戶的內部有一盞燈，燈光發出柔和的光芒，燈泡是圓形的，燈座是黑色的。窗戶的框架是淺色的，窗戶的邊緣是木製的。窗戶的內部有一盞燈，燈光發出柔和的光芒，燈泡是圓形的，燈座是黑色的。窗戶的框架是淺色的，窗戶的邊緣是木製的。窗戶的內部有一盞燈，燈光發出柔和的光芒，燈泡是圓形的，燈座是黑色的。窗戶的框架是淺色的，窗戶的邊緣是木製的。窗戶的內部有一盞燈，燈光發出柔和的光芒，燈泡是圓形的，燈座是黑色的。窗戶的框架是淺色的，窗戶的邊緣是木製的。窗戶的內部有一盞燈，燈光發出柔和的光芒，
./dataset/IMG_20201122_131229_601.jpg,這張照片展示了一片遼闊的山區景色。前景中有一塊突出的岩石，岩石表面有斑點狀的苔蘚。岩石的後方是茂密的森林，樹木層層疊疊，綠意盎然。遠處的山脈在薄霧中若隱若現，山體的輪廓在霧氣中變得模糊。天空呈淡藍色，沒有明顯的雲層，整體氣氛靜謐而寧靜。
./dataset/IMG20220313112137.jpg,這張照片展示了一片海岸線的景觀。前景是一片綠色的草地，草地上散落著幾塊大小不一的岩石。草地旁邊有一條灰色的柏油路，路邊還有一個黑色的柱狀物體，看起來像是樹幹或雕塑。背景是藍色的海面，海面寬廣無垠，遠處可以看到一點點遠方的景物。天空晴朗，沒有雲彩，顯示出一個晴朗的天氣。照片的右側還可以看到幾輛停在草地邊的車輛，車輛旁邊有幾把黃色的遮陽傘。整體來說，這是一幅寧靜而美麗的海岸線風景。
./dataset/1509801_632085440224615_8474451970671347121_n(1)(1).jpg,這張照片中，一群人在戶外參觀一座石屋。石屋的屋頂和牆壁都是用石頭砌成的，屋頂上鋪有石板。石屋的門口處有兩扇窗戶，窗戶上有一些圖案裝飾。石屋的周圍有一些樹木和灌木，環境綠意盎然。照片中有幾位成年人和兒童，他們圍繞在石屋前，似乎在聽一位穿藍色外套的女士講解。女士手持一本藍色的書，正在向其他人展示和說明。兒童們聽得非常認真，有的孩子還在看書上的內容。地上鋪有石板路，石屋後面還有一堵石牆。
./dataset/IMG20220820200424.jpg,這張照片展示了一個戶外音樂會的場景。照片中可以看到一個大型的戶外舞台，舞台上有紅色的燈光照射，並有幾塊顯示屏顯示演出內容。舞台後方有一個傳統建築的屋頂，可能是某個歷史建築。現場聚集了大量觀眾，他們大多數坐在地上，面朝舞台，似乎在觀看演出。現場的氛圍看起來非常熱鬧，觀眾們似乎都很投入。背景中可以看到一些城市的建築物，顯示出這場音樂會是在一個城市公園或廣場舉行的。
./dataset/IMG20220311155820.jpg,這張照片展示了一個現代化的城市公園。前景是一片綠色的草地，草地上有一些黑色的水管。公園內有幾棵修剪成圓形的樹木，排列成幾條線路。公園的後方有一個大型的白色建築物，建築物的柱子是黃色的，建築物的頂部是弧形的。背景中可以看到幾棟高樓建築，其中一棟特別高，建築物的頂部有建築施工的塔吊。天空晴朗，是藍色的，沒有雲彩。公園的邊緣有一些樹木和綠化帶，公園的遠處有一些行人和車輛。
./dataset/IMG20220317142750.jpg,這張圖片展示了一片海岸線的景象。海浪輕柔地拍打着沙灘，形成白色的泡沫。沙灘上有一些腳印，顯示有人曾經在這裡走過。遠處的海平面上有一座小島，島上似乎沒有植被，只有一片光禿禿的山頭。天空陰沉，雲層厚重，整體氣氛略顯陰鬱。海面波紋細微，海浪逐漸向海岸線推進。
./dataset/IMG_20210422_185547_114.jpg,這張照片中，有一群身穿軍裝的士兵排成兩排，站在一片綠樹成蔭的草地上。前排士兵跪在地上，後排士兵則站著，他們都頭戴鋼盔，手持武器。背景中可以看到茂密的樹木和綠色的草地。照片的右下角有一個手指的指頭，似乎是在拿著這張照片。
./dataset/IMG20220312140955.jpg,這張照片展示了一片海岸線的景色。前景是一條鋪設有磚塊的小路，小路旁邊有一個護欄。護欄後方是一片沙灘，沙灘上散落著一些樹枝和雜物。沙灘的後方是海面，海面波光粼粼，反射著陽光。遠處可以看到一些建築物，可能是沿海的建築。天空晴朗，藍天無雲，陽光從右上方照射下來，形成一道光線。整體環境看起來非常寧靜和美麗。
./dataset/IMG_20201101_141541_338.jpg,這張照片展示了一條城市街道的景象。街道兩側種植了高大的棕櫚樹，樹冠茂盛，形成了一道綠色的屏障。道路兩側有建築物，建築物的外牆是現代風格的玻璃和鋼筋結構。道路中央有一條綠色的自行車道，兩側有黃色的護欄，護欄上裝有橙色的警示燈。道路兩側還有一些綠化帶，種植了綠色的草皮和灌木。天空是多雲的，但亮度適中，顯示出白天的時間。照片的右下角有兩行文字，第一行是「久久回來一次」，第二行是「久久回來一次」，兩行文字之間有一個微笑的表情符號。
./dataset/11143129_632081830224976_4779314915266475815_n(1)(1).jpg,這張照片中，可以看到一個室內的陽台或走廊，陽台外邊有一個圍欄，圍欄外邊是綠色的樹木和山丘。陽台上有兩個人，一個穿著黑色外套，頭髮是黑色的，另一個穿著綠色外套，頭髮也是黑色的。穿著黑色外套的人正看著他手上的東西，似乎是一張卡片或證件，上面有中文的字樣。陽台的牆壁是白色的，有幾根白色的柱子。陽台的地面是灰色的水泥地。背景中可以看到一些建築物，建築物的屋頂是紅色的。
./dataset/20221106_165857.jpg,這張照片展示了一個公園的場景，時間是日落時分。天空中布滿了雲彩，陽光從雲層間透出，散發出金黃色的光芒。公園內種植了許多樹木，樹木的枝葉在微風中輕輕搖曳。公園的地面鋪有草坪和石頭，人們在公園內散步、休閒，還有人在拍照。背景中可以看到一些建築物，可能是港口或工業區。整體氛圍非常平靜和美麗。
./dataset/20240623_184500.jpg,這張照片顯示了一個城市街景。照片中可以看到一些建築物，建築物的外牆是淺色的，窗戶排列整齊。建築物的頂部有一些燈光裝飾，顯示出建築物的現代化特徵。建築物的後方有一些樹木，樹木的葉子茂盛，顯示出自然的氛圍。照片的左側有幾根電線，電線的顏色是黑色的。照片的右側有一個路燈，路燈的燈光已經亮起，顯示出天色已晚。照片的背景是藍色的天空，天空中有一些雲朵，顯示出天氣晴朗。照片的右下角有一個標誌牌，標誌牌上有中文文字，但無法辨識其具體內容。照片的構圖是從下往上拍攝的，使得建築物和樹木看起來比較高大。
./dataset/1549434868328.jpg,這張照片中有五個人，他們站在一個景點的階梯上，背景是城市的建築和綠樹。從左到右，第一個穿著黃色和黑色外套的人，第二個穿著藍色帽子和牛仔外套的人，第三個穿著藍色上衣和圍巾的人，第四個穿著白色襯衫的人，第五個穿著灰色連帽衫的人。背景中可以看到城市的建築和綠樹，遠處還有一些山丘。
./dataset/IMG20220305173039.jpg,這張圖片顯示了一本書的某頁，頁面內容全部由中文文字組成。文字是垂直排列的，從右到左。文字內容涉及一些哲學或心理學的主題，討論了自我認知、自信、成長和愛等概念。文字的風格看起來像是書籍或文章的一部分，可能是某位作者的觀點或建議。頁面的邊緣有一條垂直的分隔線，將文字區分開來。頁面的右側有一個手指，手指的指腹輕輕地按在頁面上，似乎是在閱讀或指著某個部分。
./dataset/20231104_184629.jpg,這張照片展示了一對新人在婚禮上的場景。新郎穿着一套米色的西裝，打着領結，頭髮梳得整齊，面帶微笑。新娘則穿着一襲白色的婚紗，頭上沒有戴頭紗，手持一束白色和淡黃色的花束，面帶微笑。他們站在一個裝飾精美的場所，背景中可以看到一排白色的椅子，上面坐著一些賓客。場所的天花板上掛著一排串燈，營造出溫馨的氛圍。場所的後方有一個拱形的裝飾，上面掛滿了綠葉和花束，增添了婚禮的浪漫氣氛。
./dataset/IMG20220308151516.jpg,這張照片展示了一片寬闊的水域，可能是湖泊或海洋。水面上反射著陽光，呈現出閃爍的光澤。遠處可以看到一些建築物或構造物，可能是橋樑或建築群。近處的陸地上長滿了綠色的植被，包括一些灌木和草類。天空晴朗，沒有雲彩，陽光從右上角照射過來，使得整個場景充滿了明亮的光線。
