image_path,Caption
origin_dataset/IMG_20200531_212108_062.jpg,"1. 一位年輕男子站在鏡子前，鏡子反射出他的身影。他穿着一件灰色的背心，雙手舉起，正在用一部紅色的智慧手機自拍。背景中可以看到一扇黑色的門，門上掛著幾面彩色的旗幟。鏡子下方的洗手池邊緣有水滴，顯示剛剛可能有水流過。鏡子上方的牆壁是白色的，牆壁上有一個水龍頭，水龍頭下方的洗手池是灰色的。鏡子下方的洗手池邊緣有水滴，顯示剛剛可能有水流過。鏡子下方的洗手池邊緣有水滴，顯示剛剛可能有水流過。鏡子下方的洗手池邊緣有水滴，顯示剛剛可能有水流過。

2. 一位年輕男子站在鏡子前，鏡子反射出他的身影。他穿着一件灰色的背心，雙手舉起，正在用一部紅色的智慧手機自拍。背景中可以看到一扇黑色的門，門上掛著幾面彩色的旗幟。鏡子下方的洗手池邊緣有水滴，顯示剛剛可能有水流過。鏡子下方的洗手池邊緣有水滴，顯示剛剛可能有水流過。鏡子下方的洗手池邊緣有水滴，顯示剛剛可能有水流過。鏡子下方的洗手池邊緣有水滴，顯示剛剛可能有水流過。

3. 一位年輕男子站在鏡子前，鏡子反射出他的身影。他穿着一件灰色的背心，雙手舉起，正在用一部紅色的智慧手機自拍。背景中可以看到一扇黑色的門，門上掛著幾面彩色的旗幟。鏡子下方的洗手池邊緣有水滴，顯示剛剛可能有水流過。鏡子下方的洗手池邊緣有水滴，顯示剛剛可能有水流過。鏡子下方的洗手池邊緣有水滴，顯示剛剛可能有水流過。鏡子下方的洗手池邊緣有水滴，顯示剛剛可能有水流過。"
origin_dataset/20231104_184630.jpg,"1. 這張照片展示了一場室內婚禮儀式，場地裝飾著串燈和花環，營造出溫馨浪漫的氛圍。新郎身著米色西裝，新娘則穿着白色婚紗，手持花束，站在一起。背景中可以看到一些賓客，他們坐在白色椅子上，觀看儀式。場地的裝飾包括吊燈和拱門，拱門上掛滿了鮮花和綠葉，增添了婚禮的喜慶氣氛。

2. 照片中，新郎和新娘站在室內的婚禮場地中央，新郎身著正式的米色西裝，新娘則身著一襲白色婚紗，手持一束精美的花束。場地四周掛滿了串燈，營造出溫馨的照明效果。背景中可以看到一些賓客，他們坐在白色椅子上，觀看儀式。場地的裝飾包括吊燈和拱門，拱門上掛滿了鮮花和綠葉，增添了婚禮的喜慶氣氛。

3. 這張照片捕捉到了一場室內婚禮儀式的精彩瞬間。新郎身著米色西裝，新娘則穿着白色婚紗，手持花束，站在一起。場地裝飾著串燈和花環，營造出溫馨浪漫的氛圍。背景中可以看到一些賓客，他們坐在白色椅子上，觀看儀式。場地的裝飾包括吊燈和拱門，拱門上掛滿了鮮花和綠葉，增添了婚禮的喜慶氣氛。"
origin_dataset/11077562_632051083561384_5086439963745895358_n(1)(1).jpg,"1. 五位年輕人站在室內，背景是大面積的落地窗和天花板上的吊扇。他們似乎在進行某種活動或討論，其中一位女性站在一側，似乎在指導或解釋某件事情。他們都佩戴著名牌，可能是在參加某種會議或工作坊。

2. 室內環境簡單，牆壁上掛有幾張黑板，黑板上寫著一些字。地板上鋪有一塊藍色的毯子，可能用來保護地板。五位年輕人站成一排，面帶微笑，似乎在進行愉快的交流。他們的裝備簡單，但看起來很專注。

3. 這張照片捕捉到了一個室內場景，五位年輕人站在一起，背景是大面積的落地窗和天花板上的吊扇。他們都佩戴著名牌，可能是在參加某種會議或工作坊。一位女性站在一側，似乎在指導或解釋某件事情。他們的裝備簡單，但看起來很專注。背景牆壁上掛有幾張黑板，黑板上寫著一些字。地板上鋪有一塊藍色的毯子，可能用來保護地板。"
origin_dataset/20230806_130355.jpg,"1. 這間空間看起來像是咖啡廳或小型餐廳，牆壁上掛有幾幅抽象藝術作品，牆角有一張木桌和一張木椅，桌面上放著一個標有字母“A”的小牌子。牆邊有一個木製櫃子，櫃子上擺放著一些玻璃器皿和餐具。牆上還掛有一張黑白相片，背景是暖色的燈光，營造出溫馨的氛圍。

2. 空間的設計簡單而現代，牆壁是白色的，地板鋪有棕色的磚塊，牆上掛有幾幅抽象藝術作品，牆角有一張木桌和一張木椅，桌面上放著一個標有字母“A”的小牌子。牆邊有一個木製櫃子，櫃子上擺放著一些玻璃器皿和餐具。牆上還掛有一張黑白相片，背景是暖色的燈光，營造出溫馨的氛圍。

3. 這間空間看起來像是咖啡廳或小型餐廳，牆壁上掛有幾幅抽象藝術作品，牆角有一張木桌和一張木椅，桌面上放著一個標有字母“A”的小牌子。牆邊有一個木製櫃子，櫃子上擺放著一些玻璃器皿和餐具。牆上還掛有一張黑白相片，背景是暖色的燈光，營造出溫馨的氛圍。空間的設計簡單而現代，牆壁是白色的，地板鋪有棕色的磚塊。"
origin_dataset/1527656953778.jpg,"1. 一張餐桌擺放著一鍋熱騰騰的湯底，鍋邊圍繞著各種食材，包括切片的豬肉、蔬菜和調味料。桌上還擺放著幾盤生菜、豆腐和調味料，準備供客人自行搭配。鍋邊的調味料包括醬油、蒜泥和辣椒醬等。桌上的盤子和碗都已經準備好，等待客人使用。

2. 這張照片展示了一桌豐富的火鍋食材，包括切片的豬肉、蔬菜和調味料。鍋邊圍繞著各種食材，如生菜、豆腐和調味料。桌上還擺放著醬油、蒜泥和辣椒醬等調味料。鍋邊的盤子和碗已經準備好，等待客人使用。

3. 一張餐桌擺放著一鍋熱騰騰的湯底，鍋邊圍繞著各種食材，包括切片的豬肉、蔬菜和調味料。桌上還擺放著幾盤生菜、豆腐和調味料，準備供客人自行搭配。鍋邊的調味料包括醬油、蒜泥和辣椒醬等。桌上的盤子和碗都已經準備好，等待客人使用。"
origin_dataset/20230730_205018.jpg,"1. 月光透過雲層，散發出柔和的光芒，周圍的樹木在月光下顯得幽靜而神秘。夜空中的雲層輕盈地漂浮著，月光穿透雲隙，形成斑斕的光點，散發出一種寧靜而祥和的氛圍。

2. 夜晚的天空中，月光從雲層間透出，形成一道道柔和的光線，散發出一種寧靜而神秘的氛圍。周圍的樹木在月光下顯得幽靜而美麗，樹葉在微風中輕輕搖曳，散發出一種寧靜而祥和的氣息。

3. 月光從雲層間透出，散發出柔和的光芒，周圍的樹木在月光下顯得幽靜而美麗。夜空中的雲層輕盈地漂浮著，月光穿透雲隙，形成斑斕的光點，散發出一種寧靜而祥和的氛圍。微風輕拂，樹葉在月光下輕輕搖曳，散發出一種寧靜而祥和的氣息。"
origin_dataset/20240316_173315.jpg,"1. 藍天白雲，幾朵細長的雲彩在天空中飄浮，遠處的樹木綠意盎然，近處的棕櫚樹高聳入雲，樹葉在微風中輕輕搖曳。

2. 高大的棕櫚樹矗立在眼前，樹幹筆直，樹冠茂盛，遠處的藍天中散佈著幾朵稀疏的雲彩，天空清澈，微風輕拂，樹葉輕搖。

3. 棕櫚樹的樹幹粗壯，樹冠寬闊，樹葉在微風中輕輕擺動，遠處的藍天中飄浮著幾朵細長的雲彩，天空清澈，遠處的樹木綠意盎然。"
origin_dataset/IMG20220220161547.jpg,"1. 一場室內展覽，觀眾圍坐在大屏幕前，屏幕中投影出一幅色彩豔麗的風景畫，畫中景緻包括廣闊的田野、茂密的樹木和遠處的山丘，天空中雲彩綿綿，散發出寧靜的氛圍。觀眾們靜靜地觀看，其中一位觀眾正在用手機拍照。

2. 展覽館內，數位投影技術將一幅幅經典風景畫作呈現於大屏幕上，觀眾們圍坐一旁，聚精會神地欣賞。畫面中，樹木、田野和遠山構成了一幅幅生動的自然風景，色彩鮮豔，充滿生機。一位觀眾正在用手機記錄下這一刻的美好。

3. 在一個昏暗的展覽空間內，數位投影技術將經典風景畫作投射在大屏幕上，觀眾們圍坐一旁，靜靜地欣賞。畫面中，樹木、田野和遠山構成了一幅幅生動的自然風景，色彩鮮豔，充滿生機。一位觀眾正在用手機記錄下這一刻的美好。"
origin_dataset/IMG20220515235202.jpg,"1. 這幅素描畫作以一位女性為主題，畫家使用了細膩的鉛筆技巧來表現人物的特徵。畫中女性的頭髮長而順滑，垂落在肩頭，耳朵上掛著一個圓形耳環。她穿着一件開領的毛衣，雙手輕輕地撐在下巴下方，表情溫柔，眼神略帶憂鬱，嘴角微微上揚，顯露出淡淡的微笑。畫面右下角標註了創作日期為2022年5月13日，並簽名為Aaron。

2. 素描畫作中，女性的臉部特寫表現得非常細膩，從她的眼睛、鼻子到嘴巴，每一處細節都被精心勾勒出來。她的雙眼大而明亮，眼窩深邃，雙頰微紅，頰骨突出，頰部的輪廓線條清晰。她頭髮的髮線自然，頭髮的層次感表現得非常豐富，從頭頂到髮梢，每一層都用鉛筆細細地勾勒出來。她的耳環是圓形的，簡單而大氣，與她的髮型相得益彰。她穿著一件開領的毛衣，毛衣的紋理表現得非常真實，毛衣的領口處有細微的皺褶，毛衣的袖子部分則比較寬鬆，顯露出她手臂的細膩肌膚。

3. 這幅素描作品展示了畫家對人物特寫的高超技巧。畫中女性的臉部特寫表現得非常細膩，從她的眼睛、鼻子到嘴巴，每一處細節都被精心勾勒出來。她的雙眼大而明亮，眼窩深邃，雙頰微紅，頰骨突出，頰部的輪廓線條清晰。她頭髮的髮線自然，頭髮的層次感表現得非常豐富，從頭頂到髮梢，每一層都用鉛筆細細地勾勒出來。她的耳環是圓形的，簡單而大氣，與她的髮型相得益彰。她穿著一件開領的毛衣，毛衣的紋理表現得非常真實，毛衣的領口處有細微的皺褶，毛衣的袖子部分則比較寬鬆，顯露出她手臂的細膩肌膚。畫面右下角標註了創作日期為2022年5月13日，並簽名為Aaron。"
origin_dataset/FB_IMG_1494893219558(1)(1).jpg,"1. 這幅插畫展示了一位小男孩和一隻藍色的動物。小男孩有着棕色的頭髮，穿着藍色的條紋睡衣，赤腳站在一塊木頭上。他正低頭看着藍色動物，雙手輕輕地觸碰著它。背景是紅色的，給整幅畫面帶來了溫暖的感覺。

2. 插畫中，小男孩和藍色動物之間有一種親密的感覺。小男孩的姿態和表情透露出他對藍色動物的關心和好奇。藍色動物則是靜靜地坐在木頭上，似乎在享受與小男孩的互動。整幅畫面充滿了童趣和溫馨。

3. 這幅插畫的色彩搭配非常柔和，紅色的背景與藍色的動物形成鮮明對比，使得小男孩和藍色動物成為視覺焦點。小男孩的姿態和表情流露出他對藍色動物的關心和好奇，整幅畫面充滿了童趣和溫馨。背景的紅色給整幅畫面帶來了溫暖的感覺，使得整幅畫面更加活潑。"
origin_dataset/IMG20211016222201.jpg,"1. 這幅畫作以藍色調為主，表現出一種寧靜而夢幻的氛圍。畫中人物伸展雙臂，彷彿在空中飛翔，周圍有兩輪明月，增添了一種超現實的感覺。人物的臉部表情平靜，似乎在享受這份自由與寧靜。整體畫面充滿了詩意和幻想的元素。

2. 這幅畫作採用色鉛筆繪製，表現出一種柔和而細膩的質感。畫中人物的姿態輕盈，彷彿在夜空中自由飛翔。背景的藍色調和兩輪明月的搭配，營造出一種寧靜而夢幻的氛圍。人物的臉部表情平靜，似乎在享受這份自由與寧靜。整體畫面充滿了詩意和幻想的元素。

3. 這幅畫作以藍色調為主，表現出一種寧靜而夢幻的氛圍。畫中人物伸展雙臂，彷彿在空中飛翔，周圍有兩輪明月，增添了一種超現實的感覺。人物的臉部表情平靜，似乎在享受這份自由與寧靜。整體畫面充滿了詩意和幻想的元素，表現出一種超脫現實的意境。"
origin_dataset/20230706_192207.jpg,"1. 夕陽西下，天空被染成金黃色，雲層在夕陽的照耀下呈現出柔和的橙色。建築物的窗戶在夜幕降臨前還亮著燈光，街道兩旁的樹木在微風中輕搖。遠處的招牌上閃爍著霓虹燈光，為城市增添了一絲現代的活力。

2. 夕陽的餘暉灑在城市上，天空的顏色從藍色漸變到橙黃色，雲朵被染成了柔和的金黃。建築物的外牆在夕陽的照耀下顯得格外鮮明，窗戶內的燈光在夜幕降臨前還在閃爍。街道兩旁的樹木在微風中輕搖，樹葉間散發出淡淡的綠意。

3. 夕陽西下，天空被染成金黃色，雲層在夕陽的照耀下呈現出柔和的橙色。建築物的窗戶在夜幕降臨前還亮著燈光，街道兩旁的樹木在微風中輕搖。遠處的招牌上閃爍著霓虹燈光，為城市增添了一絲現代的活力。建築物的外牆在夕陽的照耀下顯得格外鮮明，窗戶內的燈光在夜幕降臨前還在閃爍。"
origin_dataset/received_1410196049080655.jpeg,"1. 一位年輕男子正在餐廳用餐，他正用筷子夾起盤中的炒麵。炒麵中可以看到有肉絲、蔬菜和黃色的麵條。男子的頭髮是黑色的，他穿着一件深色的T恤。他面前的桌子上還有一碗湯。

2. 一張照片中，一位年輕人正在吃炒麵。他用筷子夾起盤中的麵條，盤子裡的炒麵裡有肉絲和蔬菜。男子的頭髮是黑色的，他穿著一件深色的T恤。他面前的桌子上還有一碗湯。

3. 一位年輕人正在餐廳用餐，他正在吃一盤炒麵。炒麵裡有肉絲和蔬菜，他用筷子夾起麵條。男子的頭髮是黑色的，他穿著一件深色的T恤。他面前的桌子上還有一碗湯。"
origin_dataset/20240608_144310.jpg,"1. 一位年輕男子，頭髮為黑色，身穿橄欖綠色T恤，站在室內，背景為白色牆壁和一扇門，門上掛有幾面小旗子，旗子上繪有聖誕樹圖案。男子右手舉起一部手機，似乎在自拍。牆壁上還有一個小型的裝飾物，形狀類似於一個銀色的動物頭部。

2. 一位年輕人，頭髮為黑色，身著橄欖綠色T恤，站在一個室內環境中。背景包括一扇門和牆壁，門上掛有幾面小旗子，旗子上繪有聖誕樹圖案。男子右手舉起一部手機，似乎在進行自拍。牆壁上還有一個小型的裝飾物，形狀類似於一個銀色的動物頭部。

3. 一位年輕男子，頭髮為黑色，身著橄欖綠色T恤，站在一個室內環境中。背景包括一扇門和牆壁，門上掛有幾面小旗子，旗子上繪有聖誕樹圖案。男子右手舉起一部手機，似乎在進行自拍。牆壁上還有一個小型的裝飾物，形狀類似於一個銀色的動物頭部。"
origin_dataset/IMG_20181231_201755_326.jpg,"1. 一間餐廳的桌面上，擺放著一盤玉米濃湯，湯中漂浮著幾片香草葉，湯色金黃，看起來非常美味。湯碗旁邊有一個白色的盤子，盤子上放著一隻銀色的湯匙，勺柄直立，勺頭輕輕地浸在湯中。在湯碗的右側，有一個透明的玻璃杯，杯中裝著深色的飲料，杯底有紅色的底座。在玻璃杯的右側，有一張白色的餐巾紙，上面印有“TGI Fridays”的標誌。整體環境看起來相當舒適，適合用餐。

2. 一張餐桌的特寫照片，桌面上有一個裝滿玉米濃湯的白色陶瓷碗，碗中還有一隻銀色的湯匙，勺柄直立，勺頭輕輕地浸在湯中。碗的右側有一個透明的玻璃杯，杯中裝著深色的飲料，杯底有紅色的底座。在玻璃杯的右側，有一張白色的餐巾紙，上面印有“TGI Fridays”的標誌。在碗的左側，有一個白色的盤子，盤子上沒有任何食物。整體環境看起來相當舒適，適合用餐。

3. 一張餐桌的特寫照片，桌面上有一個裝滿玉米濃湯的白色陶瓷碗，碗中還有一隻銀色的湯匙，勺柄直立，勺頭輕輕地浸在湯中。碗的右側有一個透明的玻璃杯，杯中裝著深色的飲料，杯底有紅色的底座。在玻璃杯的右側，有一張白色的餐巾紙，上面印有“TGI Fridays”的標誌。在碗的左側，有一個白色的盤子，盤子上沒有任何食物。整體環境看起來相當舒適，適合用餐。"
origin_dataset/IMG_20210718_075423_213.jpg,"1. 一位年輕男子背對著攝影機，穿著黑色短袖上衣和深色長褲，頭戴口罩，正走在一條鋪有水泥的步道上。步道兩旁是茂密的樹木和竹子，遠處可以看到一些建築物。天空晴朗，陽光從樹葉間透下來，散發出和煦的光芒。

2. 這張照片捕捉到了一個男子在一個綠意盎然的公園中行走的瞬間。他背對著攝影機，穿著黑色的上衣和褲子，頭戴口罩，手中似乎拿著一塊布料。步道兩側是茂盛的樹木和竹子，遠處的建築物隱約可見。陽光從樹葉間照射下來，為整個場景增添了一絲溫暖。

3. 一位年輕男子正沿着一條鋪有水泥的步道行走，背對著攝影機。他穿著黑色的上衣和褲子，頭戴口罩，手中似乎拿著一塊布料。步道兩側是茂密的樹木和竹子，遠處的建築物隱約可見。陽光從樹葉間照射下來，散發出和煦的光芒，為整個場景帶來了生機。"
origin_dataset/1527003267893.jpg,"1. 四位年輕人站在樹林中，他們身穿畢業袍，其中三人佩戴着不同顏色的學士帽，顯示他們剛剛畢業。樹木茂盛，樹幹粗壯，樹葉濃密，散發出濃郁的自然氣息。地面上鋪滿了樹葉，散發出淡淡的綠色調。背景中可以看到一些樹枝和樹幹，遠處的樹木若隱若現，天空透出一絲光亮，顯示出晴朗的天氣。

2. 四位年輕人並排站在樹林中，他們的畢業袍在樹林的背景下顯得格外鮮明。他們的學士帽顏色各異，分別是藍色、橙色和藍色，顯示他們來自不同的學院或專業。樹木高大，樹幹粗壯，樹葉茂盛，散發出濃郁的自然氣息。地面上鋪滿了樹葉，散發出淡淡的綠色調。背景中可以看到一些樹枝和樹幹，遠處的樹木若隱若現，天空透出一絲光亮，顯示出晴朗的天氣。

3. 四位年輕人並排站在樹林中，他們身穿畢業袍，其中三人佩戴着不同顏色的學士帽，顯示他們剛剛畢業。樹木茂盛，樹幹粗壯，樹葉濃密，散發出濃郁的自然氣息。地面上鋪滿了樹葉，散發出淡淡的綠色調。背景中可以看到一些樹枝和樹幹，遠處的樹木若隱若現，天空透出一絲光亮，顯示出晴朗的天氣。他們的畢業袍在樹林的背景下顯得格外鮮明，學士帽顏色各異，分別是藍色、橙色和藍色，顯示他們來自不同的學院或專業。"
origin_dataset/1591504750800.jpg,"1. 一位身穿學士服的人站在一塊大型的「I ❤️ NCU」標誌前，背景是綠意盎然的樹木和藍天白雲。這塊標誌位於一個寬敞的草地上，周圍環境非常宜人。

2. 一位畢業生在「I ❤️ NCU」的大型標誌前拍照留念。背景是茂密的樹木和晴朗的天空，標誌的設計簡單而鮮明，紅色的心形和黃色的字母形成鮮明對比。

3. 一位畢業生站在「I ❤️ NCU」的大型標誌前，背景是綠色的樹木和藍天白雲。標誌位於一個寬敞的草地上，周圍環境非常宜人，標誌的設計簡單而鮮明，紅色的心形和黃色的字母形成鮮明對比。"
origin_dataset/20230706_194851.jpg,"1. 一間大型購物中心的入口，招牌上寫著「KUF香港金六福珠寶有限公司」，並附有「天貓電商」的標誌。招牌燈光閃爍，吸引路人的注意。入口處有幾名顧客在閒逛，周圍環境明亮，燈光效果豐富。

2. 招牌上顯示「KUF香港金六福珠寶有限公司」，並標註「天貓電商」，顯示這是一家專賣珠寶的商店。入口處有幾名顧客，周圍環境燈光璀璨，招牌上的字體清晰，吸引路人的目光。

3. 一間大型購物中心的入口，招牌上寫著「KUF香港金六福珠寶有限公司」，並附有「天貓電商」的標誌。招牌燈光閃爍，周圍環境明亮，燈光效果豐富，入口處有幾名顧客在閒逛。"
origin_dataset/20230916_115433.jpg,"1. 藍天白雲，遠處是連綿起伏的山脈，山腳下是綠意盎然的樹木，近處是建築物的屋頂和電線杆，天空清澈，氣氛寧靜。

2. 山區的風景，遠處的山脈層疊，山腳下是茂密的樹林，近處是建築物的屋頂和電線杆，天空中散佈著幾朵雲，環境清幽。

3. 山區的景觀，遠處的山脈連綿，山腳下是綠色的樹木，近處是建築物的屋頂和電線杆，天空藍得透徹，雲朵稀疏，環境優美。"
origin_dataset/IMG_20171205_160909_665.jpg,"1. 手臂上貼著一塊白色的創可貼，創可貼的中心有一小塊白色的棉花。背景是一張木質的桌子，桌面上有兩根白色的筷子。手臂下方的衣物是深色的，可能是牛仔褲或長褲。創可貼的上方有三個笑臉表情圖案，下方有藍色的字體，寫著「天阿～～終於終於體檢完完了」。

2. 一隻手臂上貼著一塊白色的創可貼，創可貼的中心有一小塊白色的棉花。背景是一張木質的桌子，桌面上有兩根白色的筷子。手臂下方的衣物是深色的，可能是牛仔褲或長褲。創可貼的上方有三個笑臉表情圖案，下方有藍色的字體，寫著「天阿～～終於終於體檢完完了」。

3. 一隻手臂上貼著一塊白色的創可貼，創可貼的中心有一小塊白色的棉花。背景是一張木質的桌子，桌面上有兩根白色的筷子。手臂下方的衣物是深色的，可能是牛仔褲或長褲。創可貼的上方有三個笑臉表情圖案，下方有藍色的字體，寫著「天阿～～終於終於體檢完完了」。"
origin_dataset/IMG20220315163539.jpg,"1. 這張照片展示了一片遼闊的海景，海面波光粼粼，遠處的天空中雲層稀疏，天空的顏色從淺藍漸變至深藍，海邊的山丘上長滿了茂密的綠樹，近處的樹枝上沒有葉子，可能是冬季或早春的景象。前景中有一個鐵製的護欄，護欄的顏色是灰白色，護欄的後方是茂密的綠植，護欄的右側有一個樹枝，樹枝上沒有葉子，樹枝的顏色是棕褐色。

2. 照片中，海面波光粼粼，遠處的天空中雲層稀疏，天空的顏色從淺藍漸變至深藍，海邊的山丘上長滿了茂密的綠樹，近處的樹枝上沒有葉子，可能是冬季或早春的景象。前景中有一個鐵製的護欄，護欄的顏色是灰白色，護欄的後方是茂密的綠植，護欄的右側有一個樹枝，樹枝上沒有葉子，樹枝的顏色是棕褐色。

3. 這張照片展示了一片遼闊的海景，海面波光粼粼，遠處的天空中雲層稀疏，天空的顏色從淺藍漸變至深藍，海邊的山丘上長滿了茂密的綠樹，近處的樹枝上沒有葉子，可能是冬季或早春的景象。前景中有一個鐵製的護欄，護欄的顏色是灰白色，護欄的後方是茂密的綠植，護欄的右側有一個樹枝，樹枝上沒有葉子，樹枝的顏色是棕褐色。"
origin_dataset/IMG_20210611_021241_419.jpg,"1. 一位年輕的男子側身站立，頭髮短而齊整，臉上帶有輕微的鬍渣。他背對著一塊標誌牌，標誌牌上寫有中文文字。背景是藍天和遠處的山丘，山丘上覆蓋著茂密的綠樹。男子的臉部表情平靜，目光遠眺，似乎在欣賞眼前的風景。

2. 一位年輕的男子側身而立，頭髮短而齊整，臉上帶有輕微的鬍渣。他背對著一塊標誌牌，標誌牌上寫有中文文字。背景是藍天和遠處的山丘，山丘上覆蓋著茂密的綠樹。男子的臉部表情平靜，目光遠眺，似乎在欣賞眼前的風景。他身穿淺色上衣，肩上掛著背包，顯得輕鬆自在。

3. 一位年輕的男子側身而立，頭髮短而齊整，臉上帶有輕微的鬍渣。他背對著一塊標誌牌，標誌牌上寫有中文文字。背景是藍天和遠處的山丘，山丘上覆蓋著茂密的綠樹。男子的臉部表情平靜，目光遠眺，似乎在欣賞眼前的風景。他身穿淺色上衣，肩上掛著背包，顯得輕鬆自在。男子的側臉線條清晰，鼻梁挺拔，頰骨高聳，整體外貌給人一種沉穩且充滿活力的印象。"
origin_dataset/IMG_20200509_013119_861.jpg,"1. 一位年輕的男子，頭髮短而黑，側身面向前方，背後背著一個背包，穿著一件藍色的上衣，周圍是茂密的樹林，陽光從樹葉間透下來，形成斑斕的光影效果。

2. 這張照片中，一位年輕的男子側身站立，頭髮齊整，背後的樹林茂密，陽光從樹葉間照射下來，形成斑斕的光影效果，男子的臉部被陽光打亮，顯得格外鮮明。

3. 一位年輕的男子側身站立，頭髮短而黑，穿著藍色的上衣，背後背著一個背包，周圍是茂密的樹林，陽光從樹葉間透下來，形成斑斕的光影效果，男子的臉部被陽光打亮，顯得格外鮮明。"
origin_dataset/10646789_632080166891809_4918656064491453108_n(1)(1).jpg,"1. 學校教室內，數位兒童圍坐在長桌旁，桌面上散落著彩色的筆。兒童們似乎在進行一堂課堂活動，專注地看著桌上的物品。教室的牆壁上掛有一塊黑板，上面寫著一些字。窗戶旁邊有一張桌子，上面疊著幾件衣物。教室的牆壁和地板都顯得比較簡單，但環境整潔。

2. 教室內，兒童們圍坐在長桌旁，桌面上散落著彩色的筆。兒童們似乎在進行一堂課堂活動，專注地看著桌上的物品。教室的牆壁上掛有一塊黑板，上面寫著一些字。窗戶旁邊有一張桌子，上面疊著幾件衣物。兒童們的神態各異，有的在思考，有的在討論，有的在觀察桌上的物品。教室的牆壁和地板都顯得比較簡單，但環境整潔。

3. 教室內，兒童們圍坐在長桌旁，桌面上散落著彩色的筆。兒童們似乎在進行一堂課堂活動，專注地看著桌上的物品。教室的牆壁上掛有一塊黑板，上面寫著一些字。窗戶旁邊有一張桌子，上面疊著幾件衣物。兒童們的神態各異，有的在思考，有的在討論，有的在觀察桌上的物品。教室的牆壁和地板都顯得比較簡單，但環境整潔。"
origin_dataset/IMG20220317130724.jpg,"1. 這張照片展示了一個室內空間，建築採用現代設計，玻璃牆和鋼構架構成開放的建築風格。空間內懸掛著幾隻大型海洋生物模型，包括一隻巨大的鯨魚和一隻巨大的章魚，這些模型懸掛在天花板上，給人一種置身於海洋世界中的感覺。地面上有幾位遊客在觀看這些模型，他們似乎對這些展品很感興趣。建築的外牆是深色的，與室內的亮色形成對比，使得整個空間看起來既現代又充滿活力。

2. 照片中是一個室內展示場所，建築採用大面積玻璃牆設計，使得自然光可以充分進入。建築內部空間寬敞，地面鋪有光滑的大理石，反射出室內的光線。建築的外牆由深色石材構成，與室內的亮色形成鮮明對比。建築內部懸掛著多個大型海洋生物模型，包括一隻巨大的鯨魚和一隻巨大的章魚，這些模型懸掛在天花板上，給人一種置身於海洋世界中的感覺。建築內部還有一些遊客在觀看這些展品，他們似乎對這些展品很感興趣。

3. 這張照片展示了一個室內空間，建築採用現代設計，玻璃牆和鋼構架構成開放的建築風格。建築內部空間寬敞，地面鋪有光滑的大理石，反射出室內的光線。建築的外牆由深色石材構成，與室內的亮色形成鮮明對比。建築內部懸掛著多個大型海洋生物模型，包括一隻巨大的鯨魚和一隻巨大的章魚，這些模型懸掛在天花板上，給人一種置身於海洋世界中的感覺。建築內部還有一些遊客在觀看這些展品，他們似乎對這些展品很感興趣。建築內部還有一些遊客在觀看這些展品，他們似乎對這些展品很感興趣。"
origin_dataset/1562820332247.jpg,"1. 兩位年輕人站在一個大型的綠色充氣玩具旁邊，這個玩具的形狀像是一個大大的方塊，上面有一個圓形的窗口，窗口內有一個簡單的卡通臉，臉上帶有微笑的表情。玩具的側面有幾個圓形的裝飾，顏色分別為藍色、紅色和綠色。背景中可以看到一些商店的標誌和裝飾，顯示出這是在一個室內購物中心。

2. 一位年輕人穿着白色T恤和深色牛仔褲，頭戴一頂藍色的運動帽，站在充氣玩具的一側，雙手叉腰，面帶微笑。另一位年輕人則坐在玩具的底部，雙手抱頭，面露驚訝的表情。他們兩人都看起來非常開心，似乎在享受這個有趣的活動。

3. 這張照片捕捉到了兩位年輕人在一個室內購物中心的場景。他們站在一個大型的綠色充氣玩具旁邊，這個玩具的形狀像是一個大大的方塊，上面有一個圓形的窗口，窗口內有一個簡單的卡通臉，臉上帶有微笑的表情。背景中可以看到一些商店的標誌和裝飾，顯示出這是在一個室內購物中心。兩位年輕人都看起來非常開心，似乎在享受這個有趣的活動。"
origin_dataset/IMG20220317130730.jpg,"1. 這張照片展示了一個室內空間，建築採用現代設計，玻璃牆和鋼架構成開放的建築風格。空間內懸掛著多個大型海洋生物模型，包括鯨魚和鯊魚，這些模型懸掛在天花板上，形成了一個引人注目的裝飾。地面上有幾組人羣，他們似乎在參觀或等待，周圍還有一些展覽標誌和展覽品。建築的外牆是深色的，與室內的亮色形成對比，建築的設計和裝飾都顯示出一種現代和科學的氛圍。

2. 照片中是一個室內空間，建築採用現代設計，玻璃牆和鋼架構成開放的建築風格。空間內懸掛著多個大型海洋生物模型，包括鯨魚和鯊魚，這些模型懸掛在天花板上，形成了一個引人注目的裝飾。地面上有幾組人羣，他們似乎在參觀或等待，周圍還有一些展覽標誌和展覽品。建築的外牆是深色的，與室內的亮色形成對比，建築的設計和裝飾都顯示出一種現代和科學的氛圍。

3. 這張照片展示了一個室內空間，建築採用現代設計，玻璃牆和鋼架構成開放的建築風格。空間內懸掛著多個大型海洋生物模型，包括鯨魚和鯊魚，這些模型懸掛在天花板上，形成了一個引人注目的裝飾。地面上有幾組人羣，他們似乎在參觀或等待，周圍還有一些展覽標誌和展覽品。建築的外牆是深色的，與室內的亮色形成對比，建築的設計和裝飾都顯示出一種現代和科學的氛圍。"
origin_dataset/IMG20220309123105.jpg,"1. 這張照片展示了一個現代化的公園景觀，公園內有一個清澈的水池，水池邊緣設有白色石柱和欄杆。背景中可以看到一些建築物，包括一棟高樓和一棟白色建築，建築上有一些中文標誌。天空晴朗，藍天中有一朵雲，環境整體感覺非常乾淨和現代。

2. 圖片中有一個大型的水池，水池邊緣設有白色石柱和欄杆，水池的水質清澈，反射出周圍的建築和天空。背景中可以看到一些建築物，包括一棟高樓和一棟白色建築，建築上有一些中文標誌。建築的設計風格現代，與公園的環境相得益彰。

3. 這張照片捕捉到了一個現代公園的場景，公園內有一個清澈的水池，水池邊緣設有白色石柱和欄杆。背景中可以看到一些建築物，包括一棟高樓和一棟白色建築，建築上有一些中文標誌。建築的設計風格現代，與公園的環境相得益彰。天空晴朗，藍天中有一朵雲，環境整體感覺非常乾淨和現代。"
origin_dataset/IMG20220315152727.jpg,"1. 海邊的風景，遠處是無垠的海洋，天空中散佈著幾朵雲彩，近處是茂密的綠色植被，樹葉在微風中輕輕搖曳。

2. 一片廣闊的海景，海面波光粼粼，遠處的天際線與海平面相接，近處的樹木和灌木叢在風中搖曳，綠意盎然。

3. 海邊的景緻，遠處是無邊的海洋，天空中漂浮著幾朵雲，近處是茂盛的植被，樹木和草叢在微風中輕輕搖晃。"
origin_dataset/IMG20220314195637.jpg,"1. 這是一張夜市的照片，照片中可以看到許多攤販和顧客。攤販的招牌上寫著中文，顯示出不同的商品和服務。顧客們在攤販之間走動，有些人正在購物，有些人則在閒逛。夜市的環境燈光明亮，營造出熱鬧的氛圍。

2. 照片中可以看到一個大型的綠色霓虹招牌，上面寫著「東大門自強夜市」，顯示出這是一個位於東大門地區的夜市。攤販的招牌上寫著不同的商品名稱，例如「生猛海鮮」、「炸物」等，顯示出夜市提供多樣化的美食選擇。顧客們在攤販之間走動，有些人正在購物，有些人則在閒逛。

3. 照片中可以看到一個大型的紅色招牌，上面寫著「2區」，顯示出這是一個位於東大門地區的夜市。攤販的招牌上寫著不同的商品名稱，例如「生猛海鮮」、「炸物」等，顯示出夜市提供多樣化的美食選擇。顧客們在攤販之間走動，有些人正在購物，有些人則在閒逛。夜市的環境燈光明亮，營造出熱鬧的氛圍。"
origin_dataset/IMG20200628122406.jpg,"1. 這是一尊銅雕，表現了兩位力士在搏鬥的場景。力士們肌肉緊張，表情堅毅，動作強烈，表現出一種強烈的動感和力量感。力士的身體被強烈的拉扯和扭動，顯示出他們之間的激烈對抗。力士的頭髮和胡鬍被強烈的拉扯，增加了雕塑的真實感和動感。力士的身體被強烈的拉扯和扭動，顯示出他們之間的激烈對抗。力士的身體被強烈的拉扯和扭動，顯示出他們之間的激烈對抗。

2. 銅雕的底座是一塊岩石，岩石表面粗糙，表現出自然的質感。力士們的腳踏在岩石上，增加了雕塑的真實感和動感。力士的身體被強烈的拉扯和扭動，顯示出他們之間的激烈對抗。力士的身體被強烈的拉扯和扭動，顯示出他們之間的激烈對抗。

3. 銅雕的背景是一個展覽館，牆壁是淺色的，展覽館的燈光柔和，突出了銅雕的細節。銅雕的底座是一塊岩石，岩石表面粗糙，表現出自然的質感。力士們的腳踏在岩石上，增加了雕塑的真實感和動感。力士的身體被強烈的拉扯和扭動，顯示出他們之間的激烈對抗。力士的身體被強烈的拉扯和扭動，顯示出他們之間的激烈對抗。"
origin_dataset/IMG20220404161339.jpg,"1. 這張照片中，有兩位成年人和三位兒童站在一起。成年人站在後方，兒童站在前方。成年人中，一位穿著格子襯衫，另一位穿著紅白條紋上衣。兒童中，最前方的兒童穿著白色上衣，後方的兒童穿著淺色上衣。背景是綠色的樹木和灌木叢，顯示出戶外的環境。

2. 照片的邊框是淺色的，邊框上有一些裝飾，可能是植物的圖案。照片的顏色有些褪色，顯示出年代久遠。成年人和兒童都面帶微笑，看起來心情愉悅。兒童們的姿態自然，似乎在享受這一刻。

3. 照片中，成年人和兒童站在一起，背景是綠色的樹木和灌木叢。成年人中，一位穿著格子襯衫，另一位穿著紅白條紋上衣。兒童中，最前方的兒童穿著白色上衣，後方的兒童穿著淺色上衣。照片的邊框是淺色的，邊框上有一些裝飾，可能是植物的圖案。照片的顏色有些褪色，顯示出年代久遠。"
origin_dataset/IMG20220309120356.jpg,"1. 這張照片展示了一個現代化的公園景觀，公園內有一條小河，河邊種植了幾棵樹，樹木被鐵架支撐。公園的建築物設計簡潔，白色牆面與綠色植被形成鮮明對比。背景中可以看到幾棟高樓，建築風格多樣，色彩豐富。公園周圍設有圍欄，並設有樓梯通往高處。天空晴朗，陽光充足，整個場景充滿了現代都市的氛圍。

2. 照片中，公園內有一條清澈的小河，河邊種植了幾棵樹，樹木被鐵架支撐，以防止傾倒。公園的建築物設計簡潔，白色牆面與綠色植被形成鮮明對比。背景中可以看到幾棟高樓，建築風格多樣，色彩豐富。公園周圍設有圍欄，並設有樓梯通往高處。天空晴朗，陽光充足，整個場景充滿了現代都市的氛圍。

3. 這張照片展示了一個現代化的公園景觀，公園內有一條小河，河邊種植了幾棵樹，樹木被鐵架支撐。公園的建築物設計簡潔，白色牆面與綠色植被形成鮮明對比。背景中可以看到幾棟高樓，建築風格多樣，色彩豐富。公園周圍設有圍欄，並設有樓梯通往高處。天空晴朗，陽光充足，整個場景充滿了現代都市的氛圍。"
origin_dataset/IMG20200628144542.jpg,"1. 這是一尊雅典娜（密涅瓦）的雕像，雕像位於一個公園內，背景是藍天和綠樹。雕像由白色大理石雕刻而成，雕像的基座上刻有中文和英文的銘牌，中文銘牌上寫著「雅典娜（密涅瓦）」，英文銘牌上寫著「ATHENA (MINERVA)」。雕像的基座下方有一片水域，水面上有幾棵樹木。雕像的背景是晴朗的藍天，天空中有一些雲朵。

2. 這是一尊雅典娜（密涅瓦）的雕像，雕像位於一個公園內，背景是藍天和綠樹。雕像由白色大理石雕刻而成，雕像的基座上刻有中文和英文的銘牌，中文銘牌上寫著「雅典娜（密涅瓦）」，英文銘牌上寫著「ATHENA (MINERVA)」。雕像的基座下方有一片水域，水面上有幾棵樹木。雕像的背景是晴朗的藍天，天空中有一些雲朵。雕像的造型非常優雅，頭戴頭盔，手持矛和盾牌，腳下有一條蛇盤繞。

3. 這是一尊雅典娜（密涅瓦）的雕像，雕像位於一個公園內，背景是藍天和綠樹。雕像由白色大理石雕刻而成，雕像的基座上刻有中文和英文的銘牌，中文銘牌上寫著「雅典娜（密涅瓦）」，英文銘牌上寫著「ATHENA (MINERVA)」。雕像的基座下方有一片水域，水面上有幾棵樹木。雕像的背景是晴朗的藍天，天空中有一些雲朵。雕像的造型非常優雅，頭戴頭盔，手持矛和盾牌，腳下有一條蛇盤繞。雕像的基座下方有一片水域，水面上有幾棵樹木。雕像的背景是晴朗的藍天，天空中有一些雲朵。"
origin_dataset/10325544_632069626892863_5870025551895312347_n(1)(1).jpg,"1. 一群年輕人圍成一圈，似乎在進行一場討論或遊戲。他們站在室內，背景是白色的牆壁和一張綠色的黑板。每個人都在交流，有些人舉起手來，似乎在表達意見或提出問題。他們的姿態和表情顯示出積極參與的態度。

2. 一羣年輕人聚集在一起，似乎在進行一場活動。他們站在室內，背景是白色的牆壁和一張綠色的黑板。每個人都在交流，有些人舉起手來，似乎在表達意見或提出問題。他們的姿態和表情顯示出積極參與的態度。

3. 一群年輕人圍成一圈，似乎在進行一場討論或遊戲。他們站在室內，背景是白色的牆壁和一張綠色的黑板。每個人都在交流，有些人舉起手來，似乎在表達意見或提出問題。他們的姿態和表情顯示出積極參與的態度。"
origin_dataset/20230708_174002.jpg,"1. 一輛白色汽車停在樹蔭下的馬路邊，車牌號碼為「S 1969X」。樹木茂盛，綠葉成蔭，天空湛藍，陽光從樹葉間透射下來，形成斑斕的光影效果。遠處可以看到一棟建築物，建築物外牆為粉紅色，窗戶排列整齊。馬路旁邊停有幾輛汽車，車輛之間的空隙不大，顯示出街道的繁忙程度。

2. 一排高大的棕櫚樹矗立在馬路兩側，樹幹筆直，樹冠茂密，為街道帶來了濃郁的熱帶風情。樹下停有數輛汽車，車輛之間的距離較近，顯示出街道的擁擠情況。遠處建築物的外牆為粉紅色，窗戶排列整齊，建築物的頂部有幾塊廣告牌，顯示出商業活動的繁榮。天空晴朗，陽光照射在樹葉上，形成斑斕的光影效果。

3. 一輛白色汽車停在樹蔭下的馬路邊，車牌號碼為「S 1969X」。樹木茂盛，綠葉成蔭，天空湛藍，陽光從樹葉間透射下來，形成斑斕的光影效果。遠處建築物的外牆為粉紅色，窗戶排列整齊，建築物的頂部有幾塊廣告牌，顯示出商業活動的繁榮。馬路旁邊停有幾輛汽車，車輛之間的空隙不大，顯示出街道的繁忙程度。棕櫚樹矗立在馬路兩側，樹幹筆直，樹冠茂密，為街道帶來了濃郁的熱帶風情。"
origin_dataset/IMG_20180104_184210_174.jpg,"1. 這張圖片的背景是純黑色，上面有白色的文字，文字內容是「Fucking day and fucking comment」，文字的排列方式是從左上角開始，逐行向下，最後一行文字稍微向右偏移。

2. 圖片的主題是簡單的黑底白字設計，文字內容是「Fucking day and fucking comment」，文字的風格是粗體，顏色是白色，背景是黑色，整體感覺比較簡潔且具有強烈的視覺衝擊力。

3. 這張圖片的設計風格是極簡主義，背景是黑色，文字是白色，內容是「Fucking day and fucking comment」，文字的排列方式是從左上角開始，逐行向下，最後一行文字稍微向右偏移，整體感覺非常直接且具有強烈的個人風格。"
origin_dataset/IMG20220314194930.jpg,"1. 一間夜市入口處，建築物外牆以綠色霓虹燈飾，上方掛有紅色招牌，招牌上有中文字樣。入口處前有幾輛停車的汽車，其中一輛黑色轎車正駛離。入口處前有幾位行人，似乎在閒逛或等待。入口處後方有幾間攤位，擺放著各種商品。入口處周圍有幾棵樹，樹葉在夜色中顯得格外鮮明。入口處後方有一座燈塔，燈塔的燈光在夜色中閃爍。

2. 一處夜市入口，建築物外牆以綠色霓虹燈飾，上方掛有紅色招牌，招牌上有中文字樣。入口處前有幾輛停車的汽車，其中一輛黑色轎車正駛離。入口處前有幾位行人，似乎在閒逛或等待。入口處後方有幾間攤位，擺放著各種商品。入口處周圍有幾棵樹，樹葉在夜色中顯得格外鮮明。入口處後方有一座燈塔，燈塔的燈光在夜色中閃爍。

3. 一間夜市入口處，建築物外牆以綠色霓虹燈飾，上方掛有紅色招牌，招牌上有中文字樣。入口處前有幾輛停車的汽車，其中一輛黑色轎車正駛離。入口處前有幾位行人，似乎在閒逛或等待。入口處後方有幾間攤位，擺放著各種商品。入口處周圍有幾棵樹，樹葉在夜色中顯得格外鮮明。入口處後方有一座燈塔，燈塔的燈光在夜色中閃爍。"
origin_dataset/IMG20220619180837.jpg,"1. 這張照片是在健身房拍攝的，照片中有一名男子正在鏡子前自拍。他頭戴一頂深色的棒球帽，帽檐朝前，帽上寫有白色英文字母。他身穿一件黑色短袖T恤和一條黑色短褲，褲子兩側有紅色的邊條。他的腳上穿著一雙白色運動鞋，鞋面上有黑色的細節。他的雙手各持一部手機，正在鏡子前拍照。背景中可以看到多種健身器材，包括杠鈴、跑步機和重量訓練機器。健身房的地板是灰色的，牆壁上有一些設備和標誌。照片的右側有一名男子躺在健身器材上，似乎在進行舉重訓練。

2. 這張照片是在室內健身房拍攝的，照片中有一名男子正在鏡子前自拍。他頭戴一頂深色的棒球帽，帽檐朝前，帽上寫有白色英文字母。他身穿一件黑色短袖T恤和一條黑色短褲，褲子兩側有紅色的邊條。他的腳上穿著一雙白色運動鞋，鞋面上有黑色的細節。他的雙手各持一部手機，正在鏡子前拍照。背景中可以看到多種健身器材，包括杠鈴、跑步機和重量訓練機器。健身房的地板是灰色的，牆壁上有一些設備和標誌。照片的右側有一名男子躺在健身器材上，似乎在進行舉重訓練。

3. 這張照片是在室內健身房拍攝的，照片中有一名男子正在鏡子前自拍。他頭戴一頂深色的棒球帽，帽檐朝前，帽上寫有白色英文字母。他身穿一件黑色短袖T恤和一條黑色短褲，褲子兩側有紅色的邊條。他的腳上穿著一雙白色運動鞋，鞋面上有黑色的細節。他的雙手各持一部手機，正在鏡子前拍照。背景中可以看到多種健身器材，包括杠鈴、跑步機和重量訓練機器。健身房的地板是灰色的，牆壁上有一些設備和標誌。照片的右側有一名男子躺在健身器材上，似乎在進行舉重訓練。"
origin_dataset/line_1530350378740.jpg,"1. 這張照片展示了一個標有「しゃぶしゃぶ」字樣的餐盒，上面有日文和漢字的標誌，顯示這是一家提供涮涮鍋的餐廳。餐盒的顏色是米色，上面有紅色和黑色的標誌，標誌中包含了一個心形的圖案，圖案內有「おやさい」和「たっぷり」的字樣，這兩個詞彙通常用於描述食物的新鮮和豐盛。餐盒的右下角有「SYABU-YO」的英文字樣，這可能是餐廳的英文名稱。

2. 照片中還有一塊被筷子夾起的生肉，肉質鮮紅，表面光滑，看起來非常新鮮。這塊肉被夾在一個鍋的上方，鍋內的湯汁已經開始煮沸，鍋的顏色是銀色，鍋內的湯汁顏色為紅色，這可能是用於涮涮鍋的湯底。在鍋的右側，可以看到一些切好的蔬菜，包括白菜和豆腐，這些食材通常會用於涮涮鍋中。

3. 照片的背景模糊，但可以看出是在一個餐廳內，桌面上除了涮涮鍋和食材外，還有一些餐具，如盤子和調料碟。餐廳的裝潢風格看起來比較簡潔，主要以米色和紅色為主，這與餐盒的顏色相呼應。照片的右側還有一個小盤子，裡面裝有一些切好的蔬菜，這些蔬菜看起來已經準備好，可以加入涮涮鍋中。"
origin_dataset/10314659_632081356891690_5545299341330374046_n(1)(1).jpg,"1. 一位小男孩站在室內，面帶微笑，手中握著一個藍色的氣球。他穿着一件格子襯衫和一件灰色的外套，外套上寫著「SCHOOL」和「SPACES」的字樣。他的腳上穿著一雙黑色的拖鞋，站在一塊有紋理的地板上。背景中可以看到一扇玻璃門和一堵白色的牆壁。

2. 一位小男孩站在室內，面帶微笑，手中握著一個藍色的氣球。他穿着一件格子襯衫和一件灰色的外套，外套上寫著「SCHOOL」和「SPACES」的字樣。他的腳上穿著一雙黑色的拖鞋，站在一塊有紋理的地板上。背景中可以看到一扇玻璃門和一堵白色的牆壁。

3. 一位小男孩站在室內，面帶微笑，手中握著一個藍色的氣球。他穿着一件格子襯衫和一件灰色的外套，外套上寫著「SCHOOL」和「SPACES」的字樣。他的腳上穿著一雙黑色的拖鞋，站在一塊有紋理的地板上。背景中可以看到一扇玻璃門和一堵白色的牆壁。"
origin_dataset/IMG20220312134607.jpg,"1. 這是一張展示在晴朗天氣下，一條寬闊的公路的照片。路燈杆上掛著紅色的交通燈，顯示紅燈。公路兩側有綠色的植被和一些建築物。遠處可以看到連綿的山脈，天空湛藍，雲層稀疏。

2. 照片中，一條筆直的公路延伸至遠處，兩側是綠色的植被和建築物。公路邊緣設有黃黑相間的路障，提醒駕駛注意。路燈杆上掛著紅色的交通燈，顯示紅燈。遠處的山脈在藍天的襯托下顯得格外壯觀。

3. 這張照片捕捉到了一條寬敞的公路，兩側是綠意盎然的植被和一些建築物。公路邊緣設有黃黑相間的路障，提醒駕駛注意。路燈杆上掛著紅色的交通燈，顯示紅燈。遠處的山脈在藍天的襯托下顯得格外壯觀。"
origin_dataset/11032011_632052403561252_8441565714153002003_n(1)(1).jpg,"1. 一張照片中，兩名學生在室內地面上鋪設的藍白條紋防水布上進行活動。其中一名學生穿着黑色上衣和深色褲子，正跪坐在防水布上，似乎在進行某項操作或訓練。另一名學生則穿着灰色T恤和深色褲子，站在防水布的一側，似乎在指導或觀察。背景中還有其他幾名學生，他們站在牆邊，似乎在觀看或等待參與。整個場景看起來像是在進行一項訓練或實習活動。

2. 這張照片捕捉到了一個室內場景，兩名學生在鋪設有藍白條紋防水布的地面上進行活動。前景中，一名學生跪坐在防水布上，身穿黑色上衣和深色褲子，似乎在進行某項操作或訓練。另一名學生則站在防水布的一側，身穿灰色T恤和深色褲子，似乎在指導或觀察。背景中還有其他幾名學生，他們站在牆邊，似乎在觀看或等待參與。整個場景看起來像是在進行一項訓練或實習活動。

3. 這張照片展示了室內場景，兩名學生在鋪設有藍白條紋防水布的地面上進行活動。前景中，一名學生跪坐在防水布上，身穿黑色上衣和深色褲子，似乎在進行某項操作或訓練。另一名學生則站在防水布的一側，身穿灰色T恤和深色褲子，似乎在指導或觀察。背景中還有其他幾名學生，他們站在牆邊，似乎在觀看或等待參與。整個場景看起來像是在進行一項訓練或實習活動。"
origin_dataset/IMG20220530173137.jpg,"1. 這是一張臺灣合作金庫銀行的存摺，上面有綠色和黃色的背景，上面寫有「臺灣合作金庫銀行」的標題。存摺上還標註了SWIFT代碼「TACBTWTPXXX」，以及聯繫電話「(02)29461266」。

2. 存摺上列出了幾個欄位，包括分行別、項目、存戶帳號等。例如，分行別欄位顯示為「0720872164696」，項目欄位顯示為「04864668」，存戶帳號欄位顯示為「04864668」。

3. 存摺上還標註了客戶名稱「呂俊廷 先生」，以及聯繫電話「(02)29461266」。此外，存摺上還標註了「AB」和「04864668」等代碼。"
origin_dataset/IMG20220619180604.jpg,"1. 這張照片是在健身房拍攝的，照片中有一名男子正在自拍。他戴著一頂深色的棒球帽，帽子上有白色的英文字母。他穿著一件黑色的短袖T恤和一條黑色的短褲，褲子上有紅色的邊緣。他的腳上穿著一雙白色的運動鞋。照片的背景中可以看到一些健身器材，包括一個紅色的舉重架和一個白色的健身椅。在照片的右側，還有一名女子正在使用健身椅進行訓練，她戴著一隻粉紅色的口罩。

2. 這張照片展示了一個健身房的場景。照片的前景中有一名男子，他戴著一頂深色的棒球帽，帽子上有白色的英文字母。他穿著一件黑色的短袖T恤和一條黑色的短褲，褲子上有紅色的邊緣。他的腳上穿著一雙白色的運動鞋。他正在自拍，手中握著一部手機。照片的背景中可以看到一些健身器材，包括一個紅色的舉重架和一個白色的健身椅。在照片的右側，還有一名女子正在使用健身椅進行訓練，她戴著一隻粉紅色的口罩。

3. 這張照片是在健身房拍攝的，照片的前景中有一名男子，他戴著一頂深色的棒球帽，帽子上有白色的英文字母。他穿著一件黑色的短袖T恤和一條黑色的短褲，褲子上有紅色的邊緣。他的腳上穿著一雙白色的運動鞋。他正在自拍，手中握著一部手機。照片的背景中可以看到一些健身器材，包括一個紅色的舉重架和一個白色的健身椅。在照片的右側，還有一名女子正在使用健身椅進行訓練，她戴著一隻粉紅色的口罩。"
origin_dataset/IMG_20180810_165657_770.jpg,"1. 一張照片展示了一條河流，兩旁是綠色的草地和樹木。河岸邊有一條小路，路邊有欄杆。遠處可以看到一些建築物，天空中有一些雲朵，天氣晴朗。

2. 照片中有一條河流，河岸兩側是茂盛的綠草和樹木。河邊有一條小路，路邊設有欄杆。遠處可以看到一些建築物，天空中散佈著一些雲朵，顯示出晴朗的天氣。

3. 這張照片捕捉到了一條河流的景象，兩側是茂密的綠草和樹木。河邊有一條小路，路邊設有欄杆。遠處可以看到一些建築物，天空中有一些雲朵，顯示出晴朗的天氣。"
origin_dataset/20240515_184541.jpg,"1. 夕陽西下，天空漸漸轉為淡藍色，電線杆和電線在天空中形成一道道細長的線條，電線杆上掛着的燈光在夜幕降臨前發出微弱的光芒，樹木的剪影在電線杆的後方若隱若現。

2. 夕陽的餘暉散落在電線杆和電線上，形成一道道柔和的光線，電線杆上的燈光在夜幕降臨前發出微弱的光芒，樹木的剪影在電線杆的後方若隱若現，天空漸漸轉為淡藍色。

3. 夕陽西下，天空漸漸轉為淡藍色，電線杆和電線在天空中形成一道道細長的線條，電線杆上的燈光在夜幕降臨前發出微弱的光芒，樹木的剪影在電線杆的後方若隱若現，電線杆和電線在夕陽的餘暉中顯得格外清晰。"
origin_dataset/20240208_234531.jpg,"1. 這張圖片展示了一本標題為《隱藏的圖片》的書籍，作者是傑森·瑞庫拉克（Jason Rekulak）。書的封面上有一幅簡單的插圖，圖中有一個小孩和一棟房子。書的封面上還有一些中文評論和標籤，提到這本書是恐怖類型小說，適合70多歲的讀者閱讀。

2. 圖片中可以看到書的封面設計，封面上有手繪風格的插圖，圖中有一個小孩和一棟房子。書的封面上有中文評語，提到這本書是恐怖類型小說，適合70多歲的讀者閱讀。書的封面上還有一些評論和標籤，強調這本書的恐怖元素和適合的年齡層。

3. 這張圖片展示了一本標題為《隱藏的圖片》的書籍，作者是傑森·瑞庫拉克（Jason Rekulak）。書的封面上有一幅簡單的插圖，圖中有一個小孩和一棟房子。書的封面上還有一些中文評論和標籤，提到這本書是恐怖類型小說，適合70多歲的讀者閱讀。書的封面上還有一些評論和標籤，強調這本書的恐怖元素和適合的年齡層。"
origin_dataset/IMG20220317142615.jpg,"1. 海灘上的沙地上，有許多腳印散落，形成了一個不規則的圖案。在沙地上，還有一雙白色的運動鞋，鞋尖朝向左上角。沙地上還寫著「done」這個單詞，字跡略顯模糊，但依稀可辨。

2. 在一片沙地上，散落著許多腳印，這些腳印大小不一，方向各異，形成了一個凌亂的圖案。在沙地上，還有一雙白色的運動鞋，鞋尖朝向左上角。沙地上寫著「done」這個單詞，字跡模糊，但依稀可辨。

3. 沙地上散落著許多腳印，這些腳印大小不一，方向各異，形成了一個凌亂的圖案。在沙地上，還有一雙白色的運動鞋，鞋尖朝向左上角。沙地上寫著「done」這個單詞，字跡模糊，但依稀可辨。"
origin_dataset/20240213_122945.jpg,"1. 一棟高層建築，建築外牆為淺色，窗戶排列整齊，陽台設計簡潔。建築前有一條鋪設磚塊的小路，兩旁種植了綠色植物，環境整潔，綠意盎然。

2. 建築物外牆為淺色，窗戶設計規則，陽台結構簡單。建築前方有一條鋪設磚塊的小路，兩側種植了綠色植物，環境清潔，綠意盎然。

3. 一棟高層建築，建築外牆為淺色，窗戶排列整齊，陽台設計簡潔。建築前方有一條鋪設磚塊的小路，兩側種植了綠色植物，環境整潔，綠意盎然。"
origin_dataset/IMG_20180731_124026_055.jpg,"1. 一張紅色的桌布，桌布上有一個銀色的名牌，上面寫著「Let's TASTY」，下面還有一行小字「Let's Enjoy」。桌布的材質看起來有點粗糙，上面有細密的紋理。

2. 桌布的顏色是鮮豔的紅色，質感有點粗糙，上面有細密的紋理。桌布上有一個銀色的名牌，上面寫著「Let's TASTY」，下面還有一行小字「Let's Enjoy」。桌布的材質看起來有點粗糙，上面有細密的紋理。

3. 一張紅色的桌布，桌布上有一個銀色的名牌，上面寫著「Let's TASTY」，下面還有一行小字「Let's Enjoy」。桌布的材質看起來有點粗糙，上面有細密的紋理。桌布的顏色是鮮豔的紅色，質感有點粗糙，上面有細密的紋理。"
origin_dataset/line_1525513633204.jpg,"1. 這是一個室內健身房，地板鋪有黑白相間的方磚，牆壁上裝有大面積的玻璃窗，窗戶外可以看到一些綠色植物。牆壁上還掛有幾台健身器材，包括舉重機和跑步機等。牆壁上還裝有吊扇，提供通風。牆壁上還有一些插座和開關，方便使用電源。

2. 健身房內的牆壁是白色的，天花板是淺色的，牆壁上裝有大面積的玻璃窗，窗戶外可以看到一些綠色植物。牆壁上掛有幾台健身器材，包括舉重機和跑步機等。牆壁上還裝有吊扇，提供通風。牆壁上還有一些插座和開關，方便使用電源。地板鋪有黑白相間的方磚，牆壁上還有一些插座和開關，方便使用電源。

3. 健身房內的牆壁是白色的，天花板是淺色的，牆壁上裝有大面積的玻璃窗，窗戶外可以看到一些綠色植物。牆壁上掛有幾台健身器材，包括舉重機和跑步機等。牆壁上還裝有吊扇，提供通風。牆壁上還有一些插座和開關，方便使用電源。地板鋪有黑白相間的方磚，牆壁上還有一些插座和開關，方便使用電源。"
origin_dataset/20231024_132638.jpg,"1. 藍天白雲，建築林立，綠樹成蔭，城市風景。

2. 高樓林立，現代建築，藍天白雲，城市景觀。

3. 綠樹環繞，現代建築，藍天白雲，城市風光。"
origin_dataset/IMG20220820215637.jpg,"1. 這張照片展示了一座大型的中國傳統建築，夜晚被燈光點綴，建築的屋頂和牆壁都發出溫暖的黃色光芒。建築前方有一片廣闊的空地，地上鋪設著石板，周圍圍繞著一些綠化植物。建築後方可以看到一些現代建築，燈光點綴，形成了一種古今交融的氛圍。建築前聚集了一些遊客，他們在建築前拍照或觀賞。

2. 照片中，一幢大型的中國傳統建築在夜色中閃耀著，建築的屋頂和牆壁被燈光點綴，發出溫暖的黃色光芒。建築前方有一片廣闊的空地，地上鋪設著石板，周圍圍繞著一些綠化植物。建築後方可以看到一些現代建築，燈光點綴，形成了一種古今交融的氛圍。建築前聚集了一些遊客，他們在建築前拍照或觀賞。

3. 這張照片捕捉到了一幢大型的中國傳統建築在夜晚的風景。建築的屋頂和牆壁被燈光點綴，發出溫暖的黃色光芒。建築前方有一片廣闊的空地，地上鋪設著石板，周圍圍繞著一些綠化植物。建築後方可以看到一些現代建築，燈光點綴，形成了一種古今交融的氛圍。建築前聚集了一些遊客，他們在建築前拍照或觀賞。"
origin_dataset/1562820438929.jpg,"1. 三位年輕人站在一個大型的卡通造型前，造型是一個綠色的方形，上面有一個大大的微笑。他們看起來非常開心，並在拍照。背景中可以看到一些其他人在活動區域走動，似乎是一個室內的展覽或活動場所。

2. 這張照片捕捉到了三位年輕人與一個大型卡通造型的有趣互動。他們站在一個綠色的方形造型前，這個造型看起來像是來自某個流行文化作品。背景中可以看到一些標誌和指示牌，顯示這可能是一個室內的展覽或活動場所。

3. 三位年輕人正在一個室內活動場所拍照，背景中可以看到一些標誌和指示牌。他們站在一個大型的卡通造型前，這個造型是一個綠色的方形，上面有一個大大的微笑。他們看起來非常開心，並在拍照。背景中可以看到一些其他人在活動區域走動。"
origin_dataset/IMG20220316220328.jpg,"1. 這是一本中文書，書頁上寫著繁體中文。書頁的內容看起來像是小說或故事，文字排列成段落，每段之間有空行。書頁的邊緣有些泛黃，顯示出書籍的年代感。書頁的右側有一個手指的影子，可能是攝影時的偶然。

2. 這是一張展示中文書頁的照片，書頁上寫著繁體中文。書頁的內容看起來像是小說或故事，文字排列成段落，每段之間有空行。書頁的邊緣有些泛黃，顯示出書籍的年代感。書頁的右側有一個手指的影子，可能是攝影時的偶然。

3. 這是一張展示中文書頁的照片，書頁上寫著繁體中文。書頁的內容看起來像是小說或故事，文字排列成段落，每段之間有空行。書頁的邊緣有些泛黃，顯示出書籍的年代感。書頁的右側有一個手指的影子，可能是攝影時的偶然。"
origin_dataset/IMG20220226132643.jpg,"1. 這幅畫是一幅以鉛筆繪製的肖像畫，畫中人物側臉朝向畫面的右側，頭髮是黑色的，梳成一側辮子，耳朵清晰可見，臉部表情平靜，眼神看向畫面的右側，畫面的背景是白色的，畫作的邊緣可以看到螺旋綁的線圈。

2. 這幅畫作展示了人物的側臉，頭髮是黑色的，梳成一側辮子，耳朵和臉部的細節表現得非常細膩，臉部表情平靜，眼神看向畫面的右側，背景是白色的，畫作的邊緣可以看到螺旋綁的線圈。

3. 這幅畫是一幅鉛筆肖像畫，畫中人物側臉朝向畫面的右側，頭髮是黑色的，梳成一側辮子，耳朵清晰可見，臉部表情平靜，眼神看向畫面的右側，背景是白色的，畫作的邊緣可以看到螺旋綁的線圈。"
origin_dataset/IMG20220317115016.jpg,"1. 這是一間位於建築物一樓的婚紗工作室，門口有遮陽棚，門前擺放著幾盆綠色植物，門窗設計簡潔，門口停有一輛藍色機車。建築物外牆為灰色磚牆，上方有大面積的廣告牌，上面寫著「JM WEDDING STUDIO」及相關的服務項目。

2. 建築物外牆為灰色磚牆，門口有遮陽棚，門前擺放著幾盆綠色植物，門窗設計簡潔，門口停有一輛藍色機車。建築物上方有大面積的廣告牌，上面寫著「JM WEDDING STUDIO」及相關的服務項目。建築物一樓為婚紗工作室，門口有遮陽棚，門前擺放著幾盆綠色植物，門窗設計簡潔，門口停有一輛藍色機車。

3. 建築物外牆為灰色磚牆，門口有遮陽棚，門前擺放著幾盆綠色植物，門窗設計簡潔，門口停有一輛藍色機車。建築物上方有大面積的廣告牌，上面寫著「JM WEDDING STUDIO」及相關的服務項目。建築物一樓為婚紗工作室，門口有遮陽棚，門前擺放著幾盆綠色植物，門窗設計簡潔，門口停有一輛藍色機車。"
origin_dataset/20240509_213732.jpg,"1. 一位年輕男子，留著短髮，身穿白色T恤，站在室內，手持一部手機，似乎在自拍。背景是一扇灰色的門，門上有一個鎖和一個小窗口。牆壁是淺色的，反射出一些光線，牆面的紋理清晰可見。

2. 一位年輕人，頭髮短而黑，穿著一件白色T恤，站在一個室內環境中，手持一部手機，似乎在進行自拍。背景是一扇灰色的門，門上裝有鎖和一個小窗口。牆壁是淺色的，反射出一些光線，牆面的紋理清晰可見。

3. 一位年輕男子，頭髮短而黑，穿著一件白色T恤，站在一個室內環境中，手持一部手機，似乎在進行自拍。背景是一扇灰色的門，門上裝有鎖和一個小窗口。牆壁是淺色的，反射出一些光線，牆面的紋理清晰可見。"
origin_dataset/IMG20220304140852.jpg,"1. 這是一條筆直的鄉間道路，兩旁種植著稀疏的樹木和灌木，路邊有電線杆和電線，天空晴朗，有幾朵雲彩飄浮。道路兩側的邊緣有排水溝，路面上有標誌性的黃色分隔線。

2. 這條道路兩側是開闊的農田，地表是紅褐色的土壤，看起來像是乾旱的農地。道路兩側的樹木和灌木比較稀疏，電線杆沿著道路排列，電線橫跨在空中。道路兩側的邊緣有排水溝，路面上有標誌性的黃色分隔線。

3. 這是一條鄉間道路，兩側是開闊的農田，地表是紅褐色的土壤，看起來像是乾旱的農地。道路兩側的樹木和灌木比較稀疏，電線杆沿著道路排列，電線橫跨在空中。道路兩側的邊緣有排水溝，路面上有標誌性的黃色分隔線，天空晴朗，有幾朵雲彩飄浮。"
origin_dataset/1552911506180.jpg,"1. 這張照片展示了一座現代化的城市夜景，高樓大廈林立，建築物的玻璃幕牆反射著夜空的光線。一側的建築物上掛有大型的廣告牌，顯示著商業信息。另一側則是另一座高樓，其外牆裝飾著暖色的燈光，營造出溫馨的氛圍。整體環境充滿了都市的繁華與活力。

2. 照片中，一幢高聳入雲的摩天大樓在夜色中顯得格外引人注目，其玻璃幕牆反射著周圍的光線。建築物的頂部裝飾著幾盞燈光，為整體增添了一絲現代感。一側的建築物上掛有大型的廣告牌，顯示著商業信息。另一側則是另一座高樓，其外牆裝飾著暖色的燈光，營造出溫馨的氛圍。整體環境充滿了都市的繁華與活力。

3. 這張照片捕捉到了一個現代城市的夜景，高樓大廈林立，建築物的玻璃幕牆反射著夜空的光線。一側的建築物上掛有大型的廣告牌，顯示著商業信息。另一側則是另一座高樓，其外牆裝飾著暖色的燈光，營造出溫馨的氛圍。整體環境充滿了都市的繁華與活力。"
origin_dataset/tmp_crop_avatar_mfp.jpg,"1. 這幅插畫中，一個小男孩正與一隻白色的動物互動。男孩有着棕色的頭髮，穿着藍色的上衣，表情溫柔，雙手輕輕地觸碰著動物。動物的毛髮柔軟，看起來像是貓或狗，但具體種類不明。背景是紅色的圓形，給整幅畫面帶來了溫暖的感覺。

2. 插畫的主題是人與動物之間的親密關係。小男孩和動物之間的互動表現出一種溫馨和友愛的氛圍。男孩的姿態和表情透露出他對動物的關愛和尊重。動物的姿態也顯示出它對男孩的信任和依賴。整幅畫面色彩柔和，構圖簡單，但卻充滿了情感。

3. 這幅插畫表現了一個溫馨的場景，小男孩和動物之間的互動是畫面的焦點。小男孩的姿態和表情透露出他對動物的關愛和尊重，而動物的姿態也顯示出它對男孩的信任和依賴。背景的紅色圓形給整幅畫面帶來了溫暖的感覺，使得整幅畫面充滿了情感。這幅插畫不僅展示了人與動物之間的親密關係，也傳達了一種溫馨和友愛的氛圍。"
origin_dataset/IMG20220108135526.jpg,"1. 在這個多元且快速變化的時代，人與人之間的關係變得越來越複雜。過去的經驗已經無法完全適用於當前的環境，人們在不同的氛圍或場合中，關係的疏離與靠近變得更加模糊。在這個充滿變異的環境中，只用非黑即白的方式去評斷人事物，成人的世界中存在著許多陰翳之氣，這些陰影都是屬於灰色的故事。若你也處於這陣飄忽中，感到迷失，不妨閱讀這些帶有點灰色色氛圍的書單，讓你在這陣迷霧中，找到屬於自己的一絲清醒。

2. 活在這個多元且快速變化的時代，人與人之間的關係變得越來越複雜。過去的經驗已經無法完全適用於當前的環境，人們在不同的氛圍或場合中，關係的疏離與靠近變得更加模糊。在這個充滿變異的環境中，只用非黑即白的方式去評斷人事物，成人的世界中存在著許多陰翳之氣，這些陰影都是屬於灰色的故事。若你也處於這陣飄忽中，感到迷失，不妨閱讀這些帶有點灰色色氛圍的書單，讓你在這陣迷霧中，找到屬於自己的一絲清醒。

3. 在這個多元且快速變化的時代，人與人之間的關係變得越來越複雜。過去的經驗已經無法完全適用於當前的環境，人們在不同的氛圍或場合中，關係的疏離與靠近變得更加模糊。在這個充滿變異的環境中，只用非黑即白的方式去評斷人事物，成人的世界中存在著許多陰翳之氣，這些陰影都是屬於灰色的故事。若你也處於這陣飄忽中，感到迷失，不妨閱讀這些帶有點灰色色氛圍的書單，讓你在這陣迷霧中，找到屬於自己的一絲清醒。"
origin_dataset/20230715_191009.jpg,"1. 這是一道以吐司為主的甜點，吐司被切成方塊狀，擺放在一個木製的托盤上。在吐司的中央，有一個圓形的冰淇淋，冰淇淋表面光滑，呈現出一種奶油般的質感。托盤的邊緣還附有一張紙，上面寫有中文書法，紙張的右側還插著幾根牙签。

2. 這道甜點的呈現方式相當獨特，吐司被切割成方塊狀，擺放在一個木製的托盤上。在吐司的中央，有一個圓形的冰淇淋，冰淇淋表面光滑，呈現出一種奶油般的質感。托盤的邊緣還附有一張紙，上面寫有中文書法，紙張的右側還插著幾根牙签。這道甜點看起來非常吸引人，適合在餐後享用。

3. 這道甜點的呈現方式相當獨特，吐司被切割成方塊狀，擺放在一個木製的托盤上。在吐司的中央，有一個圓形的冰淇淋，冰淇淋表面光滑，呈現出一種奶油般的質感。托盤的邊緣還附有一張紙，上面寫有中文書法，紙張的右側還插著幾根牙签。這道甜點看起來非常吸引人，適合在餐後享用。木製的托盤和紙張上的書法，都為這道甜點增添了一絲文藝氣息。"
origin_dataset/IMG_20201128_012309_276.jpg,"1. 這張照片展示了一個位於山區的景點，前景中有一棵樹，樹枝延伸到畫面的上方。樹葉茂盛，綠意盎然。背景是連綿起伏的山丘，山丘上植被茂密，遠處的山峰在藍天的映襯下顯得格外遙遠。在前景的欄杆邊，有兩個人正在欣賞這片美景，其中一個人手持相機，似乎在拍照。整體氛圍清新宜人，適合休閒旅遊。

2. 照片中，一對遊客站在一個木製欄杆旁，欄杆後方是茂密的樹木和遠處的山丘。樹木的枝葉在陽光下閃耀，顯得格外鮮豔。遊客們似乎在欣賞周圍的自然風景，其中一人手持相機，可能是在記錄這美好的時刻。背景中的山丘層次分明，遠近景緻交錯，構成了一幅美麗的自然畫面。

3. 這張照片捕捉到了一個山區景點的瞬間，前景中有一棵樹，樹枝延伸到畫面的上方，樹葉在陽光下閃耀。背景是連綿起伏的山丘，山丘上植被茂密，遠處的山峰在藍天的映襯下顯得格外遙遠。在前景的欄杆邊，有兩個人正在欣賞這片美景，其中一個人手持相機，似乎在拍照。整體氛圍清新宜人，適合休閒旅遊。"
origin_dataset/IMG20220627144332.jpg,"1. 這張海報宣傳手機報稅服務，強調使用手機進行稅務申報的便捷性。海報上展示了手機操作步驟，包括使用手機瀏覽器訪問稅務網站、填寫資料、確認報稅等步驟。海報上還提供了稅務相關的諮詢碼，方便用戶查詢相關資訊。

2. 海報上詳細列出了手機報稅的步驟，包括使用手機瀏覽器訪問稅務網站、填寫資料、確認報稅等。海報上還提供了稅務相關的諮詢碼，方便用戶查詢相關資訊。海報上還強調了使用手機報稅的便捷性，並提供了多種手機操作步驟的圖示。

3. 海報宣傳手機報稅服務，強調使用手機進行稅務申報的便捷性。海報上展示了手機操作步驟，包括使用手機瀏覽器訪問稅務網站、填寫資料、確認報稅等步驟。海報上還提供了稅務相關的諮詢碼，方便用戶查詢相關資訊。海報上還強調了使用手機報稅的便捷性，並提供了多種手機操作步驟的圖示。"
origin_dataset/received_947869308647186(1)(1).jpeg,"1. 這張照片展示了一個美麗的戶外景觀，綠意盎然的草地鋪陳在眼前，種植著各種植物和花卉。前景中，一株樹木的枝葉在微風中輕輕搖曳，樹幹筆直，樹冠茂盛。背景則是廣闊的田野，遠處可以看到幾棟建築物，天空湛藍，雲朵稀疏，整體氛圍非常寧靜祥和。

2. 照片中，一排排樹木和灌木在綠色的草地上排列，形成了一道道自然的分隔線。樹木種類多樣，包括棕櫚樹和松樹，樹葉在陽光下閃耀。在前景中，一塊花壇裡種植著鮮豔的紅色花卉，與周圍的綠色形成鮮明對比。遠處的田野寬廣無垠，天空藍得透徹，幾朵雲朵飄浮在空中，給整幅畫面增添了動感。

3. 這張照片捕捉到了一個鄉村風景，充滿了自然的美。前景中，一株樹木的樹幹筆直，樹冠茂盛，樹葉在微風中輕輕搖曳。樹木後方，一排棕櫚樹和松樹排列成行，樹葉在陽光下閃耀。在花壇裡，鮮豔的紅色花卉與綠色的草地形成鮮明對比。遠處的田野寬廣無垠，天空湛藍，幾朵雲朵飄浮在空中，給整幅畫面增添了動感。背景中還可以看到幾棟建築物，遠遠地矗立在田野的盡頭。"
origin_dataset/IMG20220220162846.jpg,"1. 這張照片展示了一個室內展覽場景，場地內有數塊大型屏幕，屏幕上播放著一幅幅色彩豐富的畫作。畫作呈現出一種印象派風格，表現了城市街景和建築。觀眾們坐在地上，圍繞在這些屏幕旁，觀看並拍照。場地內的燈光較暗，突顯出屏幕上畫作的亮點。

2. 這張照片捕捉到了一個室內藝術展覽的場景。展覽空間內設有數個大型投影屏幕，屏幕上播放著一系列色彩鮮豔的畫作，這些畫作具有印象派風格，描繪了城市街景和建築。觀眾們坐在地上，圍繞在這些屏幕旁，觀看並拍照。場地內的燈光較暗，使得屏幕上畫作的色彩更加鮮豔。

3. 這張照片呈現了一個室內藝術展覽的場景。展覽空間內設有數個大型投影屏幕，屏幕上播放著一系列色彩豐富的畫作，這些畫作具有印象派風格，表現了城市街景和建築。觀眾們坐在地上，圍繞在這些屏幕旁，觀看並拍照。場地內的燈光較暗，突顯出屏幕上畫作的亮點。"
origin_dataset/FB_IMG_1485272689525(1)(1).jpg,"1. 一處綠意盎然的森林，樹木高聳入雲，樹幹筆直，葉子茂盛。地面上鋪滿了綠色的草，散發出自然的清新氣息。遠處的山丘若隱若現，天空湛藍，陽光從樹葉間透射下來，形成斑斕的光影效果。

2. 一片寬闊的草地，草地上散落著幾棵樹，樹幹粗壯，樹皮斑駁。樹葉間的空隙中，陽光斑斕地照射下來，形成光斑。遠處的樹木高聳入雲，樹冠茂密，遠山若隱若現，天空湛藍，陽光從樹葉間透射下來，形成斑斕的光影效果。

3. 一處森林中的開闊草地，草地上散落著幾棵樹，樹幹粗壯，樹皮斑駁。樹葉間的空隙中，陽光斑斕地照射下來，形成光斑。遠處的樹木高聳入雲，樹冠茂密，遠山若隱若現，天空湛藍，陽光從樹葉間透射下來，形成斑斕的光影效果。"
origin_dataset/20230124_143157.jpg,"1. 這張照片展示了一間室內餐廳，餐廳內擺設了多張桌子和椅子，椅子的顏色有紅色、綠色和紫色。餐廳的地板鋪有大面積的地毯，上面有抽象的圖案。餐廳的牆壁上掛有裝飾品，並有大型的植物裝飾。餐廳的內部裝修風格現代，燈光柔和，環境寬敞明亮。

2. 這張照片捕捉到了一個室內空間，可能是餐廳或咖啡廳。空間內有幾張桌子和椅子，椅子的顏色包括紅色、綠色和紫色。地板鋪有大面積的地毯，上面有抽象的圖案。牆壁上掛有裝飾品，並有大型的植物裝飾。餐廳的內部裝修風格現代，燈光柔和，環境寬敞明亮。

3. 這張照片展示了一個室內空間，可能是餐廳或咖啡廳。空間內有幾張桌子和椅子，椅子的顏色包括紅色、綠色和紫色。地板鋪有大面積的地毯，上面有抽象的圖案。牆壁上掛有裝飾品，並有大型的植物裝飾。餐廳的內部裝修風格現代，燈光柔和，環境寬敞明亮。"
origin_dataset/FB_IMG_1485272736946(1)(1).jpg,"1. 夕陽西下，天空漸漸轉為深藍，雲層稀疏，散發出柔和的光線。遠處的山丘被濃密的樹木覆蓋，樹木的剪影在天空的背景下顯得格外鮮明。近處的樹木排列成一排，樹頂在夕陽的照耀下顯得格外鮮豔。地面上的建築物在夕陽的餘暉中顯得模糊，但依稀可辨。

2. 夕陽的餘暉從天際綻放，天空漸漸轉為深藍，雲層稀疏，散發出柔和的光線。遠處的山丘被濃密的樹木覆蓋，樹木的剪影在天空的背景下顯得格外鮮明。近處的樹木排列成一排，樹頂在夕陽的照耀下顯得格外鮮豔。地面上的建築物在夕陽的餘暉中顯得模糊，但依稀可辨。

3. 夕陽西下，天空漸漸轉為深藍，雲層稀疏，散發出柔和的光線。遠處的山丘被濃密的樹木覆蓋，樹木的剪影在天空的背景下顯得格外鮮明。近處的樹木排列成一排，樹頂在夕陽的照耀下顯得格外鮮豔。地面上的建築物在夕陽的餘暉中顯得模糊，但依稀可辨。"
origin_dataset/1526815310038.jpg,"1. 一羣人在公園野餐，樹蔭下有紅色的花朵，綠色的樹葉，背景有停車場和幾輛車輛，人們在享受戶外活動，有搭起的帳篷和鋪好的野餐布。

2. 公園內，幾棵大樹枝繁葉茂，樹上開滿了紅色的花朵，樹下有幾個人在野餐，他們在綠色的草地上鋪開野餐布，有人在搭帳篷，有人在休息，環境非常宜人。

3. 公園的環境非常優美，樹蔭下有紅色的花朵，綠色的樹葉，樹下有幾個人在野餐，他們在綠色的草地上鋪開野餐布，有人在搭帳篷，有人在休息，背景有停車場和幾輛車輛，人們在享受戶外活動。"
origin_dataset/1552911510286.jpg,"1. 台北101大樓，位於臺灣台北市，是臺灣最高的建築之一，設計為綠色玻璃外牆，建築高度為508公尺，擁有101層樓，是臺灣的象徵性建築之一。

2. 台北101大樓的外觀設計獨特，其綠色玻璃外牆在陽光下閃耀，建築頂部有兩個圓形的天線，是建築的標誌性特徵。

3. 台北101大樓是臺灣的代表性建築之一，其設計融合了現代建築的優點，同時也反映了臺灣的現代化進程。大樓的內部設施包括餐廳、購物中心、觀景台等，是遊客和當地居民常訪問的地方。"
origin_dataset/20231202_165427.jpg,"1. 夕陽西下，天空被染成橙黃色，雲朵在天際綴上柔和的粉紅色。電線杆上掛滿了各種電線，樹木的葉子在微風中輕搖。建築物的窗戶反射出夕陽的餘暉，建築物的顏色從淺藍到白色不等，窗戶上裝有鐵欄杆，建築物的外牆上掛有空調機。

2. 一排排建築物在夕陽的照耀下顯得格外美麗，建築物的窗戶排列整齊，窗戶上裝有鐵欄杆。電線杆上掛滿了各種電線，樹木的葉子在微風中輕搖。建築物的顏色從淺藍到白色不等，建築物的外牆上掛有空調機，建築物的窗戶反射出夕陽的餘暉。

3. 夕陽西下，天空被染成橙黃色，雲朵在天際綴上柔和的粉紅色。建築物的窗戶反射出夕陽的餘暉，建築物的顏色從淺藍到白色不等，窗戶上裝有鐵欄杆。電線杆上掛滿了各種電線，樹木的葉子在微風中輕搖。建築物的外牆上掛有空調機。"
origin_dataset/DSC_0001(1)(1).JPG,"1. 天空布滿了層層雲霧，陽光從雲隙間透出，散發出柔和的光芒。遠處的建築物在夕陽的映照下顯得格外鮮明，建築的外牆顏色為淺灰色，窗戶排列整齊。建築旁邊有一片綠意盎然的草地，草地上散落著一些雜草和樹枝。近處的路邊停著一輛電動車，車頭朝向建築，車身部分被一塊標有數字的木板遮擋了一部分。

2. 夕陽西下，天空被層層雲霧覆蓋，雲層間的陽光透出柔和的光芒。建築物的外牆為淺灰色，窗戶排列整齊，建築的頂部有一個尖頂。建築旁邊有一片綠意盎然的草地，草地上散落著一些雜草和樹枝。近處的路邊停著一輛電動車，車頭朝向建築，車身部分被一塊標有數字的木板遮擋了一部分。

3. 夕陽西下，天空被層層雲霧覆蓋，陽光從雲隙間透出，散發出柔和的光芒。建築物的外牆為淺灰色，窗戶排列整齊，建築的頂部有一個尖頂。建築旁邊有一片綠意盎然的草地，草地上散落著一些雜草和樹枝。近處的路邊停著一輛電動車，車頭朝向建築，車身部分被一塊標有數字的木板遮擋了一部分。"
origin_dataset/IMG20220311155541.jpg,"1. 這張照片展示了一個廣場，廣場上有一個大型的白色建築物，建築物的頂部有黃色的支柱支撐。廣場周圍種植了許多修剪成圓形的樹木，樹木之間鋪設了綠色的草坪。廣場的一側有一條道路，道路上有幾輛車輛和行人在行走。背景中可以看到幾棟高樓建築，天空晴朗，陽光明媚。

2. 照片中，一個大型的白色建築物位於廣場的中心，建築物的頂部有黃色的支柱支撐。建築物的前方有一片綠色的草坪，草坪上種植了許多修剪成圓形的樹木。廣場的一側有一條道路，道路上有幾輛車輛和行人在行走。背景中可以看到幾棟高樓建築，天空晴朗，陽光明媚。

3. 這張照片捕捉到了一個廣場的場景，廣場上有一個大型的白色建築物，建築物的頂部有黃色的支柱支撐。建築物的前方有一片綠色的草坪，草坪上種植了許多修剪成圓形的樹木。廣場的一側有一條道路，道路上有幾輛車輛和行人在行走。背景中可以看到幾棟高樓建築，天空晴朗，陽光明媚。"
origin_dataset/IMG20211017012654.jpg,"1. 夜晚的城市全景，遠處的燈光點綴在黑暗中，形成一排排的光點，近處的樹木和建築物在夜色中若隱若現。

2. 照片中，夜空深邃，城市在黑暗中閃爍著微弱的光點，遠處的建築物和樹木在夜色中顯得模糊而神秘。

3. 照片捕捉了夜晚的城市風景，遠處的燈光在黑暗中閃爍，近處的樹木和建築物在夜色中隱約可見，構成一幅靜謐而美麗的夜景。"
origin_dataset/IMG_20210703_181451_179.jpg,"1. 夕陽西下，天際線被染成橙黃色，雲層在天空中漂浮，遠處的山丘被陰影所遮蓋，近處的樹木在微弱的光線中顯得深邃而靜謐。

2. 夕陽從山後緩緩落下，天空從藍色漸變至橙黃色，遠處的山丘和樹木在夕陽的餘暉中顯得柔和而寧靜，近處的樹木在微弱的光線中顯得深邃而靜謐。

3. 夕陽從山後緩緩落下，天空從藍色漸變至橙黃色，遠處的山丘和樹木在夕陽的餘暉中顯得柔和而寧靜，近處的樹木在微弱的光線中顯得深邃而靜謐。"
origin_dataset/IMG_20180213_122854_729.jpg,"1. 一張桌子上有兩盤食物，一盤是醃製的蔬菜，另一盤是燒烤用的肉塊和棉花糖。還有一個空盤子和一雙筷子。桌子中央是一個燒烤爐，爐子上沒有食物。桌邊有一個白色的碗和一個白色的杯子。

2. 桌子上擺放著各種燒烤食材，包括醃製的蔬菜、燒烤用的肉塊和棉花糖。還有一雙筷子和一個空盤子。燒烤爐位於桌子中央，爐子上沒有食物。桌邊有一個白色的碗和一個白色的杯子。

3. 桌子上擺放著燒烤食材，包括醃製的蔬菜、燒烤用的肉塊和棉花糖。還有一雙筷子和一個空盤子。燒烤爐位於桌子中央，爐子上沒有食物。桌邊有一個白色的碗和一個白色的杯子。燒烤爐上有一個藍色的標籤，上面寫著「西門樂也」。"
origin_dataset/IMG20210422115220.jpg,"1. 一張軍人合影，背景是茂密的樹林，士兵們身穿迷彩服，頭戴鋼盔，手持槍械，站成兩排，表情嚴肅，似乎是在進行軍事訓練或活動。

2. 這張照片中，一群士兵排成兩排，背景是綠意盎然的樹林，士兵們頭戴鋼盔，身穿迷彩服，手持槍械，表情嚴肅，似乎是在進行軍事訓練或活動。

3. 這張照片展示了一群士兵，他們頭戴鋼盔，身穿迷彩服，手持槍械，站成兩排，背景是茂密的樹林，似乎是在進行軍事訓練或活動。士兵們表情嚴肅，顯得非常專注。"
origin_dataset/20240716_184233.jpg,"1. 夕陽西下，天空中雲層被染上橙黃色的光澤，形成層層疊疊的雲霧。遠處的建築物在落日餘暉中顯得格外靜謐，一盞街燈在路邊亮起，為這片寧靜的場景增添了一絲溫暖的光線。

2. 夕陽的餘暉灑在天空，雲朵被染成了金黃色，形成一幅美麗的畫面。遠處的建築物在落日的映照下顯得格外靜謐，一盞街燈在路邊亮起，為這片寧靜的場景增添了一絲溫暖的光線。

3. 夕陽西下，天空中的雲層被染上橙黃色的光澤，形成層層疊疊的雲霧。遠處的建築物在落日餘暉中顯得格外靜謐，一盞街燈在路邊亮起，為這片寧靜的場景增添了一絲溫暖的光線。"
origin_dataset/20240510_171719.jpg,"1. 一位年輕男子站在浴室鏡前，鏡子上沾滿了水珠。他穿着一件深色的短袖T恤，下身是深色的牛仔褲。他的右手舉著一部手機，似乎在自拍。背景中可以看到浴室的牆壁和一扇玻璃門，門上反射出一些光線。

2. 一位年輕人正在浴室鏡前自拍。鏡子上布滿了水珠，反射出浴室的內部。他穿着一件深色的短袖T恤和深色的牛仔褲。他的右手舉著一部手機，鏡子中可以看到浴室的牆壁和一扇玻璃門，門上反射出一些光線。

3. 一位年輕男子站在浴室鏡前，鏡子上沾滿了水珠。他穿着深色的短袖T恤和深色的牛仔褲。他的右手舉著一部手機，似乎在自拍。背景中可以看到浴室的牆壁和一扇玻璃門，門上反射出一些光線。"
origin_dataset/20231102_165003.jpg,"1. 天空湛藍，雲層稀疏，幾朵雲朵在天空中飄浮，遠處是幾棟現代建築，建築外牆以玻璃和鋼材構成，反射出天空的藍色，建築的設計簡潔現代，窗戶排列整齊，建築前有幾棵樹木，綠葉茂盛。

2. 雲層在天空中飄浮，遠處是幾棟現代建築，建築外牆以玻璃和鋼材構成，反射出天空的藍色，建築的設計簡潔現代，窗戶排列整齊，建築前有幾棵樹木，綠葉茂盛，建築的頂部有幾處裝飾，建築的顏色以白色和藍色為主。

3. 天空湛藍，雲層稀疏，幾朵雲朵在天空中飄浮，遠處是幾棟現代建築，建築外牆以玻璃和鋼材構成，反射出天空的藍色，建築的設計簡潔現代，窗戶排列整齊，建築前有幾棵樹木，綠葉茂盛，建築的頂部有幾處裝飾，建築的顏色以白色和藍色為主，建築的設計風格現代，建築的外牆反射出天空的藍色，建築的窗戶排列整齊，建築的頂部有幾處裝飾，建築的顏色以白色和藍色為主。"
origin_dataset/20240224_233239.jpg,"1. 這張圖片顯示了一段程式碼，內容是關於使用PyTube套件下載YouTube上的串流檔案。程式碼中包含判斷是否為音訊檔的條件語句，以及下載音訊檔的函式調用。此外，還提到了使用find_best函式來取得最佳品質的影片或音訊檔，並使用download_file函式進行下載。

2. 圖片中的文字描述了如何使用Python套件PyTube來下載YouTube上的影片或音訊檔。首先，判斷URL是否為音訊檔，然後使用find_best函式來取得最佳品質的影片或音訊檔。如果URL是音訊檔，則使用download_file函式進行下載。如果URL是影片，則需要進一步判斷影片的解析度，並使用get_audio_only函式來取得音訊檔。

3. 圖片中的文字詳細描述了如何使用PyTube套件來下載YouTube上的影片或音訊檔。首先，判斷URL是否為音訊檔，然後使用find_best函式來取得最佳品質的影片或音訊檔。如果URL是音訊檔，則使用download_file函式進行下載。如果URL是影片，則需要進一步判斷影片的解析度，並使用get_audio_only函式來取得音訊檔。此外，還提到在取得影片或音訊檔後，可以使用RegexMatchError函式來進行錯誤處理。"
origin_dataset/IMG20220316140935.jpg,"1. 一處公園內，有一片寬闊的湖泊，湖水清澈，反射著天空的藍色。湖邊散落著大小不一的岩石，這些岩石在水面上形成了一個自然的分隔。湖的對岸，是一片茂密的樹林，樹木茂盛，綠意盎然。遠處，還可以看到一些建築物的輪廓，隱約可見。天空中雲層稀薄，散發出柔和的光線，為整個場景增添了一絲寧靜的氛圍。

2. 湖泊周圍的環境非常宜人，湖水邊緣鋪設了綠色的草地，草地上的草葉細長，顏色鮮豔。草地旁邊，散落著一些大小不一的岩石，這些岩石的顏色從淺灰到深灰不等，表面光滑，反射著周圍的光線。在湖的對岸，樹木茂盛，樹冠寬闊，樹葉在微風中輕輕搖曳。遠處，建築物的輪廓若隱若現，給整個場景增添了一絲現代感。

3. 這是一幅公園的風景畫，湖水清澈，倒映著天空的藍色。湖邊散落著大小不一的岩石，這些岩石在水面上形成了一個自然的分隔。湖的對岸，是一片茂密的樹林，樹木茂盛，綠意盎然。遠處，還可以看到一些建築物的輪廓，隱約可見。天空中雲層稀薄，散發出柔和的光線，為整個場景增添了一絲寧靜的氛圍。"
origin_dataset/11065547_632065083559984_8167287405811530009_n(1)(1).jpg,"1. 一間教室內，多個學生圍成一圈，似乎在進行一項活動。牆上掛有紅色的標語，內容涉及傳統技藝編織的學習班。教室內有三盞吊扇，牆邊有窗戶，窗簾半開。學生們表情各異，有的在觀看，有的在討論，場景活潑而熱鬧。

2. 教室內，一群學生圍成一圈，似乎在進行一項活動。牆上掛有紅色的標語，內容涉及傳統技藝編織的學習班。教室內有三盞吊扇，牆邊有窗戶，窗簾半開。學生們表情各異，有的在觀看，有的在討論，場景活潑而熱鬧。牆上還掛有幾張彩色的海報，內容不詳。

3. 教室內，一群學生圍成一圈，似乎在進行一項活動。牆上掛有紅色的標語，內容涉及傳統技藝編織的學習班。教室內有三盞吊扇，牆邊有窗戶，窗簾半開。學生們表情各異，有的在觀看，有的在討論，場景活潑而熱鬧。牆上還掛有幾張彩色的海報，內容不詳。"
origin_dataset/IMG20211016222228.jpg,"1. 這幅畫作以水彩技法繪製，表現了四顆紅色的番茄。畫面背景以淡紫色和藍色渲染，營造出一種柔和的氛圍。番茄的顏色鮮豔，綠色的葉子和蒂部細節清晰，表現出鮮活的生機。畫作的構圖簡單而有層次感，番茄之間的距離和大小變化自然，營造出一種真實的堆疊效果。

2. 這幅水彩畫以番茄為主題，表現了四顆番茄的靜物畫。畫面背景以淡紫色和藍色渲染，營造出一種柔和的氛圍。番茄的顏色鮮豔，綠色的葉子和蒂部細節清晰，表現出鮮活的生機。畫作的構圖簡單而有層次感，番茄之間的距離和大小變化自然，營造出一種真實的堆疊效果。

3. 這幅水彩畫以番茄為主題，表現了四顆番茄的靜物畫。畫面背景以淡紫色和藍色渲染，營造出一種柔和的氛圍。番茄的顏色鮮豔，綠色的葉子和蒂部細節清晰，表現出鮮活的生機。畫作的構圖簡單而有層次感，番茄之間的距離和大小變化自然，營造出一種真實的堆疊效果。"
origin_dataset/IMG20200205204102.jpg,"1. 一張夜景照片，展示了一條鋪設好的步道，兩旁種植了樹木，樹上掛滿了閃爍的燈飾，營造出溫馨的氛圍。步道兩側設有標誌牌，指示行人和自行車行駛的路線。步道旁邊還設有長椅，供遊人休息。樹木間的燈飾在夜色中閃爍，增添了景緻。步道兩側的植物和樹木種類豐富，綠意盎然，營造出一個舒適宜人的環境。

2. 這張照片捕捉到了一個公園的夜景，步道兩旁的樹木上掛滿了燈飾，營造出浪漫的氛圍。步道兩側設有標誌牌，指示行人和自行車行駛的路線。步道旁邊還設有長椅，供遊人休息。樹木間的燈飾在夜色中閃爍，增添了景緻。步道兩側的植物和樹木種類豐富，綠意盎然，營造出一個舒適宜人的環境。

3. 這張照片展示了一個公園的夜景，步道兩旁的樹木上掛滿了燈飾，營造出浪漫的氛圍。步道兩側設有標誌牌，指示行人和自行車行駛的路線。步道旁邊還設有長椅，供遊人休息。樹木間的燈飾在夜色中閃爍，增添了景緻。步道兩側的植物和樹木種類豐富，綠意盎然，營造出一個舒適宜人的環境。"
origin_dataset/line_1530764916086.jpg,"1. 這是一家位於室內的攤販，招牌上寫著「吳記花生捲+冰淇淋」，價格為40元。攤販內有幾位工作人員，正在準備食物。牆壁上掛有日曆和一些小廣告，牆邊還有一台電視機。攤販前有幾位顧客在等待。

2. 這是一個位於室內的攤販，招牌上用大字寫著「吳記花生捲+冰淇淋」，價格為40元。攤販內有幾位工作人員，正在準備食物。牆壁上掛有日曆和一些小廣告，牆邊還有一台電視機。攤販前有幾位顧客在等待。

3. 這是一個室內的攤販，招牌上寫著「吳記花生捲+冰淇淋」，價格為40元。攤販內有幾位工作人員，正在準備食物。牆壁上掛有日曆和一些小廣告，牆邊還有一台電視機。攤販前有幾位顧客在等待。"
origin_dataset/20221203_120701.jpg,"1. 這張照片展示了一棵茂盛的樹木，樹葉在陽光下閃耀。樹枝延伸到天空，樹冠茂密，綠葉在微風中輕輕搖曳。背景中可以看到一些建築物，顯示出這是在一個城市或鎮區的公園或綠地。

2. 照片中，陽光從樹葉間透射出來，形成斑斕的光斑。樹葉的顏色從鮮綠到深綠不等，葉片大小不一，有些葉片邊緣略顯枯黃。樹幹粗壯，樹皮呈灰褐色，表面有裂縫和皺紋。

3. 這張照片捕捉到了自然與建築的交匯點。樹木佔據了主要視覺空間，樹冠茂密，樹葉在微風中輕輕搖曳。背景中的建築物顯示出這是在一個城市環境中，建築物的外觀為現代風格，窗戶排列規整。天空晴朗，陽光從樹葉間透射出來，形成斑斕的光斑。"
origin_dataset/IMG20220314135245.jpg,"1. 這是一棟現代建築，建築外牆採用多色方塊裝飾，呈現出像素風格。建築的一側有一個大型的白色貨櫃組成的結構，上面有星巴克的標誌。建築前有一個廣場，廣場上鋪有方磚，兩側有幾棵樹和一些綠化裝飾。建築前還有一個大型的裝飾燈籠，燈籠上寫有中文字樣。建築的入口處有一個玻璃門，門前有一個行人正在走動。

2. 這是一棟現代建築，建築外牆採用多色方塊裝飾，呈現出像素風格。建築的一側有一個大型的白色貨櫃組成的結構，上面有星巴克的標誌。建築前有一個廣場，廣場上鋪有方磚，兩側有幾棵樹和一些綠化裝飾。建築前還有一個大型的裝飾燈籠，燈籠上寫有中文字樣。建築的入口處有一個玻璃門，門前有一個行人正在走動。

3. 這是一棟現代建築，建築外牆採用多色方塊裝飾，呈現出像素風格。建築的一側有一個大型的白色貨櫃組成的結構，上面有星巴克的標誌。建築前有一個廣場，廣場上鋪有方磚，兩側有幾棵樹和一些綠化裝飾。建築前還有一個大型的裝飾燈籠，燈籠上寫有中文字樣。建築的入口處有一個玻璃門，門前有一個行人正在走動。"
origin_dataset/IMG20220316155653.jpg,"1. 海邊的風景，天空布滿了厚重的雲層，海面波濤洶涌，遠處的海平線與天空相接，近處的沙灘上長滿了綠色的植被，兩個人在沙灘上行走，背影顯得悠閒而悠遠。

2. 一望無際的海面，海浪拍打著海岸，激起白色的浪花，天空中雲層密布，海邊的沙灘上長滿了綠色的植被，兩個人在沙灘上行走，背影顯得悠閒而悠遠。

3. 海邊的風景，天空布滿了厚重的雲層，海面波濤洶涌，遠處的海平線與天空相接，近處的沙灘上長滿了綠色的植被，兩個人在沙灘上行走，背影顯得悠閒而悠遠。"
origin_dataset/IMG20220312140959.jpg,"1. 海邊的風景，海面波光粼粼，天空湛藍無雲，遠處的海平線與天空相接，近處的海岸線有碎石灘，海邊的護欄上有一些樹枝和雜草。

2. 一望無際的海面，海浪輕輕拍打著海岸，海面反射著陽光，閃爍著點點光斑。海岸邊的碎石灘上散落著一些樹枝和雜草，護欄邊緣有綠色的植被。

3. 海邊的風景，海面波光粼粼，天空湛藍無雲，遠處的海平線與天空相接，近處的海岸線有碎石灘，護欄邊緣有綠色的植被，散落著一些樹枝和雜草。海浪輕輕拍打著海岸，海面反射著陽光，閃爍著點點光斑。"
origin_dataset/IMG20220313131537.jpg,"1. 這張照片展示了一片廣闊的農田，田間種植著水稻，水稻幼苗排列成整齊的行列。農田周圍是綠意盎然的樹木，遠處可以看到連綿的山脈，天空湛藍，雲彩飄浮，景色宜人。

2. 照片中，農田佔據了主要視野，水稻幼苗在水田中茁壯成長，排列成規律的行間。農田的邊緣有樹木和建築物，遠處的山脈和藍天白雲構成了美麗的背景。

3. 這張照片捕捉到了農田的壯觀景象，水稻幼苗在水田中生長，排列成整齊的行間。農田的周圍是茂盛的樹木和建築物，遠處的山脈和藍天白雲為這幅畫面增添了深度和層次。"
origin_dataset/20230729_111205.jpg,"1. 一幢建築物的側面，建築物的牆壁是淺灰色的，牆壁上有一些電線和電表箱。建築物的窗戶是開放式的，窗戶邊緣有鐵欄杆。建築物的頂部有一塊寫有「BETTAN」字樣的白色招牌，招牌上還有一些其他文字，但無法辨識。建築物的後方有幾棵樹，樹葉茂盛，綠意盎然。天空是藍色的，雲朵稀疏，天空中有一條細長的飛機尾跡。

2. 一幢建築物的側面，建築物的牆壁是淺灰色的，牆壁上有一些電線和電表箱。建築物的窗戶是開放式的，窗戶邊緣有鐵欄杆。建築物的頂部有一塊寫有「BETTAN」字樣的白色招牌，招牌上還有一些其他文字，但無法辨識。建築物的後方有幾棵樹，樹葉茂盛，綠意盎然。天空是藍色的，雲朵稀疏，天空中有一條細長的飛機尾跡。建築物的牆壁上還有一些電線和電表箱，電線橫跨在建築物之間，形成了一個複雜的電網結構。

3. 一幢建築物的側面，建築物的牆壁是淺灰色的，牆壁上有一些電線和電表箱。建築物的窗戶是開放式的，窗戶邊緣有鐵欄杆。建築物的頂部有一塊寫有「BETTAN」字樣的白色招牌，招牌上還有一些其他文字，但無法辨識。建築物的後方有幾棵樹，樹葉茂盛，綠意盎然。天空是藍色的，雲朵稀疏，天空中有一條細長的飛機尾跡。建築物的牆壁上還有一些電線和電表箱，電線橫跨在建築物之間，形成了一個複雜的電網結構。建築物的後方還有一個鐵製的結構，可能是電力線路的支撐架。"
origin_dataset/11149380_632075530225606_4842085979788155847_n(1)(1).jpg,"1. 一群年輕人圍成一圈，似乎在進行一個互動遊戲或活動。他們面帶微笑，顯得非常開心和投入。背景中可以看到教室的牆壁，上面掛有黑板和一些標誌，顯示出這可能是在學校或教育機構內進行的活動。

2. 六位年輕人站成一圓，彼此面對，似乎在進行一個團隊遊戲或討論。他們的姿態和表情顯示出他們正在積極參與，可能是在進行一個需要合作和溝通的活動。教室內的環境簡單，牆壁上掛有標誌，顯示出這可能是一個教育場景。

3. 六位年輕人圍成一圈，正在進行一個互動遊戲或活動。他們面帶微笑，顯得非常開心和投入。背景中可以看到教室的牆壁，上面掛有黑板和一些標誌，顯示出這可能是在學校或教育機構內進行的活動。他們的姿態和表情顯示出他們正在積極參與，可能是在進行一個需要合作和溝通的活動。"
origin_dataset/20230714_180829.jpg,"1. 天空中的雲層層層疊疊，從淺灰色到深灰色不等，雲朵的形狀多變，有細長的條紋狀，也有蓬鬆的塊狀。陽光從雲層間透出，形成柔和的光線，天空的顏色從藍色漸變到黃色，顯示出日落時分的景象。

2. 城市建築群在夕陽的映照下顯得格外鮮明，建築的顏色從白色到藍色不等，建築的窗戶反射出天空的顏色。建築的頂部有電線杆和電線，電線杆的結構簡單，電線隨風輕擺。

3. 空氣中散發出一種寧靜的氛圍，天空的顏色從藍色漸變到黃色，陽光從雲層間透出，形成柔和的光線。建築的窗戶反射出天空的顏色，建築的顏色從白色到藍色不等，建築的頂部有電線杆和電線，電線隨風輕擺。"
origin_dataset/20230806_164739.jpg,"1. 這是一棵高大的樹木，樹冠茂盛，葉子呈深綠色，葉片細長，排列緊密。樹幹筆直，樹冠在風中輕微搖曳。背景是多雲的天空，雲層厚重，天空呈淡藍色，有幾處雲朵被陽光照射，呈現出柔和的白色和灰色。

2. 這張照片展示了一棵樹的樹冠，樹葉茂盛，葉子呈深綠色，葉片細長，排列緊密。樹幹筆直，樹冠在風中輕微搖曳。背景是多雲的天空，雲層厚重，天空呈淡藍色，有幾處雲朵被陽光照射，呈現出柔和的白色和灰色。

3. 這張照片中，一顆樹的樹冠清晰可見，樹葉茂盛，葉子呈深綠色，葉片細長，排列緊密。樹幹筆直，樹冠在風中輕微搖曳。背景是多雲的天空，雲層厚重，天空呈淡藍色，有幾處雲朵被陽光照射，呈現出柔和的白色和灰色。"
origin_dataset/20231104_184627.jpg,"1. 這張照片展示了一對新人在婚禮上，新郎身著米色西裝，搭配領結，手捧一束白色花束，面帶微笑。新娘則身著一襲白色婚紗，頭戴花環，手持花束，面帶幸福的微笑。背景中可以看到一排白色椅子，上面坐著一些賓客，他們似乎在拍照或觀看儀式。場地裝飾有燈飾，營造出溫馨浪漫的氛圍。

2. 這張照片捕捉到了一個婚禮的瞬間，新郎和新娘站在場地中央，新郎的西裝和領結顯得非常正式，而新娘的白色婚紗和頭飾則充滿了浪漫氣息。他們的周圍是裝飾精美的場地，燈飾和花飾增添了溫馨的氛圍。背景中還可以看到一些賓客，他們似乎在拍照或觀看儀式，場景充滿了歡樂和喜悅。

3. 這張照片展示了新郎和新娘在婚禮上的場景。新郎身著米色西裝，手捧白色花束，面帶微笑。新娘則身著白色婚紗，頭戴花環，手持花束，同樣面帶幸福的微笑。背景中可以看到一排白色椅子，上面坐著一些賓客，他們似乎在拍照或觀看儀式。場地裝飾有燈飾，營造出溫馨浪漫的氛圍。"
origin_dataset/20231104_184633.jpg,"1. 這張照片展示了一對新人在婚禮上手牽手的場景。新郎身著一套米色西裝，搭配黑色領帶，頭髮短而齊整。新娘則穿着一襲白色婚紗，頭上戴著一頂花冠，手中捧著一束白色花束。背景中可以看到其他賓客，他們坐在白色椅子上，似乎在觀看儀式。場地裝飾著燈飾和花藝裝飾，營造出溫馨浪漫的氛圍。

2. 照片中，新郎和新娘站在室內的場地上，新郎的姿態端莊，雙手輕輕握住新娘的手。新娘則面帶微笑，雙手捧著一束白色花束。場地的裝飾包括垂吊的燈飾和花藝裝飾，營造出溫馨浪漫的婚禮氛圍。背景中還可以看到其他賓客，他們坐在白色椅子上，似乎在觀看儀式。

3. 這張照片捕捉到了新郎和新娘在婚禮上的幸福時刻。新郎身著米色西裝，頭髮短而齊整，雙手輕輕握住新娘的手。新娘則穿着一襲白色婚紗，頭上戴著花冠，手中捧著一束白色花束，面帶微笑。背景中可以看到其他賓客，他們坐在白色椅子上，場地裝飾著燈飾和花藝裝飾，營造出溫馨浪漫的婚禮氛圍。"
origin_dataset/IMG20220317154841.jpg,"1. 海邊的風景，海浪拍打著岩石海岸，遠處是綠色的山丘和一些建築物。天空陰沉，雲層厚重，海面波濤洶涌，風景靜謐而壯麗。

2. 一處海岸線，海浪輕撫著岩石，形成白色的浪花。遠處是茂密的山丘，山腳下有幾棟建築物。天空灰蒙蒙的，海面波光粼粼，風景靜謐而美麗。

3. 海邊的風景，海浪拍打著岩石海岸，遠處是綠色的山丘和一些建築物。天空陰沉，雲層厚重，海面波濤洶涌，風景靜謐而壯麗。"
origin_dataset/IMG20220820212947.jpg,"1. 一場戶外音樂會在夜晚舉行，場地被藍色的燈光照射，形成強烈的視覺效果。舞台上有兩塊大屏幕，顯示著表演者的影像。觀眾席上擠滿了人，他們或坐或站，全神貫注地觀看表演。舞台後方有幾座白色帳篷，可能是更衣室或工作區。整體氛圍熱鬧而充滿活力。

2. 夜晚的戶外音樂會現場，藍色的燈光從舞台上方照射下來，形成一道道光束，散發出濃厚的科技感。觀眾席上擠滿了人，他們或坐或站，全神貫注地觀看表演。舞台上有兩塊大屏幕，顯示著表演者的影像。舞台後方有幾座白色帳篷，可能是更衣室或工作區。整體氛圍熱鬧而充滿活力。

3. 一場戶外音樂會在夜晚舉行，場地被藍色的燈光照射，形成強烈的視覺效果。舞台上有兩塊大屏幕，顯示著表演者的影像。觀眾席上擠滿了人，他們或坐或站，全神貫注地觀看表演。舞台後方有幾座白色帳篷，可能是更衣室或工作區。整體氛圍熱鬧而充滿活力。"
origin_dataset/IMG20220108135849.jpg,"1. 這張圖片展示了一位名叫Peter Yen的人物，他被繪製成簡化的線條圖像，背景為藍色，並有光線從上方照射下來。Peter Yen的圖像下方有他的名字，並附有詳細的簡介文字，內容涉及他對設計的熱愛以及創立Pinkoi的過程。文字描述了他的創業經歷和對設計的熱情，以及他希望Pinkoi能夠成為一個能夠幫助人們找到獨特禮物的平臺。

2. 圖片中，Peter Yen被簡化為線條圖像，背景為深藍色，上方有光線照射。他的名字Peter Yen位於圖像下方，並附有詳細的簡介文字。文字描述了他對設計的熱愛以及創立Pinkoi的過程，並提到他希望Pinkoi能夠成為一個能夠幫助人們找到獨特禮物的平臺。

3. 圖片展示了一位名叫Peter Yen的人物，他被簡化為線條圖像，背景為深藍色，上方有光線照射。他的名字位於圖像下方，並附有詳細的簡介文字。文字描述了他對設計的熱愛以及創立Pinkoi的過程，並提到他希望Pinkoi能夠成為一個能夠幫助人們找到獨特禮物的平臺。"
origin_dataset/IMG_20210517_193050_600.jpg,"1. 這張照片中有兩位年輕人，他們似乎正在戶外活動。前景中的年輕人側身站立，頭髮短而黑，穿著淺灰色T恤，背著黑色背包，面帶微笑，望向遠方。背景中，另一位年輕人也側身站立，同樣穿著深色T恤，背著背包，但臉部被部分遮擋。兩人都在樹木和藍天的映襯下，顯得非常開心和活躍。

2. 照片捕捉到了兩位年輕人戶外活動的瞬間。前景中的年輕人側身而立，頭髮短而黑，穿著淺灰色T恤，背著黑色背包，面帶微笑，望向遠方。背景中的年輕人同樣側身而立，穿著深色T恤，背著背包，但臉部被部分遮擋。兩人都在樹木和藍天的映襯下，顯得非常開心和活躍。

3. 這張照片展示了兩位年輕人在戶外活動的場景。前景中的年輕人側身而立，頭髮短而黑，穿著淺灰色T恤，背著黑色背包，面帶微笑，望向遠方。背景中的年輕人同樣側身而立，穿著深色T恤，背著背包，但臉部被部分遮擋。兩人都在樹木和藍天的映襯下，顯得非常開心和活躍。"
origin_dataset/20230709_184639.jpg,"1. 夕陽西下，天空中雲層層疊，金黃色的陽光從雲隙間透出，散發出溫暖的光芒。遠處的建築物在夕陽的照耀下，顯得格外鮮明，建築的輪廓在夕陽的映襯下，顯得格外清晰。

2. 夕陽的餘暉灑在城市上空，雲層被染成了金黃色，天空中雲層層疊，形成了一幅美麗的畫面。建築物的屋頂在夕陽的照耀下，顯得格外鮮明，建築的輪廓在夕陽的映襯下，顯得格外清晰。

3. 夕陽西下，天空中雲層層疊，金黃色的陽光從雲隙間透出，散發出溫暖的光芒。建築物的屋頂在夕陽的照耀下，顯得格外鮮明，建築的輪廓在夕陽的映襯下，顯得格外清晰。遠處的建築物在夕陽的照耀下，顯得格外鮮明，建築的輪廓在夕陽的映襯下，顯得格外清晰。"
origin_dataset/20240804_135850.jpg,"1. 這間咖啡館的裝潢風格簡約而現代，牆壁上掛著一張黑板，上面寫著「KEEP CALM AND DRINK COFFEE」的字樣，並繪有咖啡杯的圖案。牆壁上還掛著幾盞工業風的吊燈，散發出溫暖的光線。櫃檯後方擺放著一排瓶裝飲料，櫃檯上則是各種咖啡機和調酒工具，顯得整潔而專業。櫃檯旁邊有一張木製吧檯椅，一位穿著白色上衣的男子正坐在吧檯前，似乎在等待點餐或休息。

2. 咖啡館的內部裝潢採用簡約風格，牆壁上掛著一塊黑板，上面寫著「KEEP CALM AND DRINK COFFEE」的字樣，並繪有咖啡杯的圖案。櫃檯後方擺放著一排瓶裝飲料，櫃檯上則是各種咖啡機和調酒工具，顯得整潔而專業。櫃檯旁邊有一張木製吧檯椅，一位穿著白色上衣的男子正坐在吧檯前，似乎在等待點餐或休息。櫃檯上方的牆壁上掛著幾盞工業風的吊燈，散發出溫暖的光線，營造出舒適的氛圍。

3. 咖啡館的裝潢風格簡約而現代，牆壁上掛著一張黑板，上面寫著「KEEP CALM AND DRINK COFFEE」的字樣，並繪有咖啡杯的圖案。櫃檯後方擺放著一排瓶裝飲料，櫃檯上則是各種咖啡機和調酒工具，顯得整潔而專業。櫃檯旁邊有一張木製吧檯椅，一位穿著白色上衣的男子正坐在吧檯前，似乎在等待點餐或休息。櫃檯上方的牆壁上掛著幾盞工業風的吊燈，散發出溫暖的光線，營造出舒適的氛圍。櫃檯後方的牆壁上還掛著一些書籍和雜誌，增添了一絲文藝氣息。"
origin_dataset/20230805_131244.jpg,"1. 這張照片展示了一間餐廳的內部，窗戶外可以看到城市街景。窗戶外有一個藥局的招牌，上面寫著「榮大藥局」。窗戶內有幾張木製的桌子和椅子，桌子是方形的，椅子是淺色的，地板是淺色的木頭地板。窗外可以看到一些建築物，包括一棟紅磚建築和一棟白色建築。窗外還有一個綠色的交通燈和一些電線。

2. 這張照片拍攝於一個室內空間，可能是餐廳或咖啡館。窗戶外可以看到城市街景，包括一間藥局和一些建築物。窗戶內有幾張木製的桌子和椅子，桌子是方形的，椅子是淺色的，地板是淺色的木頭地板。窗外的建築物包括一棟紅磚建築和一棟白色建築。窗外還有一個綠色的交通燈和一些電線。

3. 這張照片展示了一間餐廳的內部，窗戶外可以看到城市街景。窗戶內有幾張木製的桌子和椅子，桌子是方形的，椅子是淺色的，地板是淺色的木頭地板。窗外可以看到一些建築物，包括一間藥局和一些建築物。窗外還有一個綠色的交通燈和一些電線。窗戶外的建築物包括一棟紅磚建築和一棟白色建築。"
origin_dataset/20240101_170816.jpg,"1. 這張照片展示了一個籃球場，場地上有兩個人在活動。籃球場的邊緣有一條跑道，籃球場的後方有一棟建築物，建築物的牆壁是白色的，窗戶是方形的。籃球場的籃筐是白色的，籃筐的底座是藍色的。籃球場的邊緣有一些綠色的樹木。

2. 照片中，籃球場的籃筐是白色的，籃筐的底座是藍色的。籃球場的邊緣有一條跑道，籃球場的後方有一棟建築物，建築物的牆壁是白色的，窗戶是方形的。籃球場的邊緣有一些綠色的樹木。籃球場上有兩個人在活動，他們似乎在進行籃球運動。

3. 照片顯示了一個籃球場，籃球場的籃筐是白色的，籃筐的底座是藍色的。籃球場的邊緣有一條跑道，籃球場的後方有一棟建築物，建築物的牆壁是白色的，窗戶是方形的。籃球場的邊緣有一些綠色的樹木。籃球場上有兩個人在活動，他們似乎在進行籃球運動。籃球場的建築物看起來像是住宅樓，建築物的窗戶是方形的，牆壁是白色的。籃球場的邊緣有一些綠色的樹木。"
origin_dataset/IMG20220221185702.jpg,"1. 一隻貓咪靜靜地坐在玻璃門後，門上掛著一張紅色的春聯，上面寫著「貓肥家旺」。貓咪的毛色是白色與橙色相間，它正側頭望向門外，眼神中透露出一種安靜的凝視。門外的環境有些昏暗，但貓咪的毛髮在微弱的光線中顯得格外鮮明。

2. 玻璃門後，一隻貓咪靜靜地坐著，門上掛著一張紅色的春聯，上面寫著「貓肥家旺」。貓咪的毛色是白色與橙色相間，它側頭望向門外，眼神中透露出一種安靜的凝視。門外的環境有些昏暗，但貓咪的毛髮在微弱的光線中顯得格外鮮明。

3. 一隻貓咪靜靜地坐在玻璃門後，門上掛著一張紅色的春聯，上面寫著「貓肥家旺」。貓咪的毛色是白色與橙色相間，它側頭望向門外，眼神中透露出一種安靜的凝視。門外的環境有些昏暗，但貓咪的毛髮在微弱的光線中顯得格外鮮明。"
origin_dataset/20240112_171413.jpg,"1. 城市街景，建築物層疊，建築風格多樣，有現代高樓和舊式住宅混合。街道上有交通燈和路標，顯示出繁忙的都市生活。天空漸變，從淡藍到粉紅，顯示出日落時分的景象。

2. 建築物之間的空間狹窄，建築物外牆顏色鮮豔，有綠色、藍色和橙色等。建築物上掛有招牌，顯示出商業活動的繁榮。街道兩側的建築物間隙較小，顯示出城市空間的緊湊。

3. 建築物的設計風格各異，既有現代化的玻璃幕牆，也有舊式建築的磚牆。建築物之間的空間狹窄，顯示出城市空間的緊湊。街道兩側的建築物間隙較小，顯示出城市空間的緊湊。建築物上掛有招牌，顯示出商業活動的繁榮。"
origin_dataset/IMG20220315123718.jpg,"1. 單品咖啡
2. 当店咖啡
3. 茶飲"
origin_dataset/IMG20220317175441.jpg,"1. 一扇窗戶外，可以看到一棟建築物的外牆，建築物的窗戶排列整齊。窗戶反射出另一棟建築物的影像，顯示出一種對稱的美感。窗戶前有一個花盆，種植著一株植物，花盆的顏色為深棕色，植物的葉子呈綠色，看起來非常健康。窗戶的玻璃上有些許斑點，可能是因為天氣原因或使用時間過長導致的。

2. 一扇窗戶外，可以看到一棟建築物的外牆，建築物的窗戶排列整齊。窗戶反射出另一棟建築物的影像，顯示出一種對稱的美感。窗戶前有一個花盆，種植著一株植物，花盆的顏色為深棕色，植物的葉子呈綠色，看起來非常健康。窗戶的玻璃上有些許斑點，可能是因為天氣原因或使用時間過長導致的。窗戶的框架是金屬製成的，反射出周圍環境的影像，增加了視覺上的層次感。

3. 一扇窗戶外，可以看到一棟建築物的外牆，建築物的窗戶排列整齊。窗戶反射出另一棟建築物的影像，顯示出一種對稱的美感。窗戶前有一個花盆，種植著一株植物，花盆的顏色為深棕色，植物的葉子呈綠色，看起來非常健康。窗戶的玻璃上有些許斑點，可能是因為天氣原因或使用時間過長導致的。窗戶的框架是金屬製成的，反射出周圍環境的影像，增加了視覺上的層次感。窗戶的下方有一塊告示牌，上面寫著一些文字，但因為距離較遠，無法辨識其內容。窗戶外的環境看起來比較靜謐，沒有明顯的活動跡象。"
origin_dataset/IMG20220317150831.jpg,"1. 海灘上散落著腳印，沙灘上有人在戲水，遠處有幾棟建築物矗立在海邊，天空中雲層稀疏，陽光從雲隙中透出，海浪輕拍著海岸線。

2. 沙灘上留下一串串腳印，幾個人在海邊嬉戲，遠處的建築物在海風中若隱若現，天空中雲層稀薄，陽光從雲隙中照射下來，海浪輕撫著海岸線。

3. 海灘上散落著腳印，幾個人在海邊玩耍，遠處的建築物在海風中若隱若現，天空中雲層稀疏，陽光從雲隙中透出，海浪輕拍著海岸線。"
origin_dataset/20230813_154334.jpg,"1. 天空中有大片的雲彩，雲朵蓬鬆，形狀不規則，天空的顏色從淺藍到深藍漸變，雲層下方的建築物有現代感，建築外牆顏色為棕紅色，窗戶排列整齊，建築頂部有幾棟高樓，建築風格現代，建築前有一塊綠色的招牌，招牌上有中文標誌。

2. 雲層在天空中形成了一種自然的構圖，天空的顏色從淺藍到深藍漸變，雲朵蓬鬆，形狀不規則，建築物的外牆顏色為棕紅色，窗戶排列整齊，建築頂部有幾棟高樓，建築風格現代，建築前有一塊綠色的招牌，招牌上有中文標誌。

3. 雲層在天空中形成了一種自然的構圖，天空的顏色從淺藍到深藍漸變，建築物的外牆顏色為棕紅色，窗戶排列整齊，建築頂部有幾棟高樓，建築風格現代，建築前有一塊綠色的招牌，招牌上有中文標誌，建築物的設計風格現代，建築頂部有幾棟高樓，建築前有一塊綠色的招牌，招牌上有中文標誌。"
origin_dataset/20240129_151753.jpg,"1. 一片廣闊的黃花田，田間鋪設了兩條小徑，兩旁種滿了黃色的花朵，遠處是綠樹成蔭的山丘，天空湛藍，陽光燦爛。

2. 一望無際的黃花田，田間的小徑兩旁是茂盛的黃花，遠處的山丘上綠樹成蔭，天空晴朗，陽光明媚。

3. 黃花田中間有兩條小徑，兩旁是黃色的花朵，遠處是綠樹環繞的山丘，天空藍得透徹，陽光照射下來，整個景緻非常美麗。"
origin_dataset/20230805_195055.jpg,"1. 一間餐廳的窗戶外景，可以看到街道上的車輛和行人。窗戶內展示著多種餐具，包括湯匙、叉子和筷子，排列在一個木製托盤上。托盤下方有一個小木製盤子，上面寫著「湯匙」。托盤後方有一個展示板，上面寫著「Dessert Drink Bar」，並展示了不同款式的甜點和飲品。展示板旁邊有一個紙巾盒，紙巾盒上寫著「飲料」。窗戶外的街道上有幾輛車輛，包括一輛黃色的計程車，車牌號碼為「12345」。街道兩旁有樹木和建築物，建築物上有許多招牌，招牌上寫著中文。街道上有行人和車輛經過，顯示出繁忙的都市夜景。

2. 一間餐廳的窗戶內展示著多種餐具，包括湯匙、叉子和筷子，排列在一個木製托盤上。托盤下方有一個小木製盤子，上面寫著「湯匙」。托盤後方有一個展示板，上面寫著「Dessert Drink Bar」，並展示了不同款式的甜點和飲品。展示板旁邊有一個紙巾盒，紙巾盒上寫著「飲料」。窗戶外的街道上有幾輛車輛，包括一輛黃色的計程車，車牌號碼為「12345」。街道兩旁有樹木和建築物，建築物上有許多招牌，招牌上寫著中文。街道上有行人和車輛經過，顯示出繁忙的都市夜景。

3. 一間餐廳的窗戶內展示著多種餐具，包括湯匙、叉子和筷子，排列在一個木製托盤上。托盤下方有一個小木製盤子，上面寫著「湯匙」。托盤後方有一個展示板，上面寫著「Dessert Drink Bar」，並展示了不同款式的甜點和飲品。展示板旁邊有一個紙巾盒，紙巾盒上寫著「飲料」。窗戶外的街道上有幾輛車輛，包括一輛黃色的計程車，車牌號碼為「12345」。街道兩旁有樹木和建築物，建築物上有許多招牌，招牌上寫著中文。街道上有行人和車輛經過，顯示出繁忙的都市夜景。"
origin_dataset/IMG_20180911_182027_870.jpg,"1. 一隻黑色的狗，躺在室內的地毯上，頭部朝向左側，身體側臥，看起來很安靜。狗的脖子上綁著一條紅色的項圈。背景中可以看到一張木製的餐桌和椅子，以及一輛停在門口的機車。門口外有一個紅色的垃圾桶，牆上掛著一些中文標語。

2. 圖片中有一隻黑色的狗，它正躺在室內的地毯上，頭部朝向左側，身體側臥。狗的脖子上綁著一條紅色的項圈。背景中可以看到一張木製的餐桌和椅子，以及一輛停在門口的機車。門口外有一個紅色的垃圾桶，牆上掛著一些中文標語。地毯是淺色的，與黑色的狗形成鮮明對比。

3. 一隻黑色的狗，躺在室內的地毯上，頭部朝向左側，身體側臥。狗的脖子上綁著一條紅色的項圈。背景中可以看到一張木製的餐桌和椅子，以及一輛停在門口的機車。門口外有一個紅色的垃圾桶，牆上掛著一些中文標語。地毯是淺色的，與黑色的狗形成鮮明對比。地面上還貼有三個黃色的笑臉表情圖案。"
origin_dataset/IMG_20210508_230955_101.jpg,"1. 聊天對話顯示兩個人在討論某個主題，其中一方提到iPhone，另一方表示已經登出。對話中包含笑臉表情符號，顯示雙方在交流時感到愉快和開心。

2. 聊天記錄顯示，一方提到iPhone，另一方回應說已經登出。對話中包含多個笑臉表情符號，顯示雙方在交流時感到開心和愉快。最後一方提到朋友都很關心對方。

3. 聊天對話顯示一方提到iPhone，另一方表示已經登出。對話中包含笑臉表情符號，顯示雙方在交流時感到愉快和開心。最後一方提到朋友都很關心對方，並感謝對方的關注。"
origin_dataset/IMG_20180710_130034_819.jpg,"1. 國立臺灣科技大學的信封，上面印有地址和聯絡電話，收件人是呂俊廷同學，地址為台北市基隆路四段43號，新北市中和區興南路二段3巷13號2樓。
2. 信封上印有國立臺灣科技大學的校徽和校名，以及聯絡電話和網址，顯示出該信封來自該大學。
3. 信封上有一個藍色的貼紙，上面寫著「好猶豫阿」，可能是收件人呂俊廷同學的簽名或批註。"
origin_dataset/IMG20200626172832.jpg,"1. 海邊的夕陽，金色的陽光從雲層間透出，灑在海面上，形成一道道光線。海浪輕撫著沙灘，人們在海邊嬉戲，享受著這份寧靜與美好。

2. 夕陽西下，海面波光粼粼，天空中雲彩綴滿，散發出柔和的光澤。人們在海邊散步，或在水中嬉戲，享受著這份寧靜與美好。

3. 海邊的夕陽，金色的陽光從雲層間透出，灑在海面上，形成一道道光線。人們在海邊嬉戲，享受著這份寧靜與美好。海浪輕撫著沙灘，散發出柔和的光澤。"
origin_dataset/20240804_112035.jpg,"1. 這是一條狹窄的街道，兩旁建築密集，建築物多為多層樓住宅，外牆顏色多為白色和淺灰色。街道兩側停有幾輛汽車和機車，路邊有幾家商店，招牌上顯示著不同的店名。建築物外牆有鐵窗欄杆，部分建築物頂樓有陽台。街道兩側的建築物之間有綠色植物裝飾，增添了一些綠意。街道盡頭可以看到一些建築物，建築物頂部有陽台，陽台上有綠色植物。街道兩側的建築物之間有綠色植物裝飾，增添了一些綠意。街道盡頭可以看到一些建築物，建築物頂部有陽台，陽台上有綠色植物。

2. 這是一條狹窄的街道，兩旁建築密集，建築物多為多層樓住宅，外牆顏色多為白色和淺灰色。街道兩側停有幾輛汽車和機車，路邊有幾家商店，招牌上顯示著不同的店名。建築物外牆有鐵窗欄杆，部分建築物頂樓有陽台。街道兩側的建築物之間有綠色植物裝飾，增添了一些綠意。街道盡頭可以看到一些建築物，建築物頂部有陽台，陽台上有綠色植物。街道兩側的建築物之間有綠色植物裝飾，增添了一些綠意。街道盡頭可以看到一些建築物，建築物頂部有陽台，陽台上有綠色植物。

3. 這是一條狹窄的街道，兩旁建築密集，建築物多為多層樓住宅，外牆顏色多為白色和淺灰色。街道兩側停有幾輛汽車和機車，路邊有幾家商店，招牌上顯示著不同的店名。建築物外牆有鐵窗欄杆，部分建築物頂樓有陽台。街道兩側的建築物之間有綠色植物裝飾，增添了一些綠意。街道盡頭可以看到一些建築物，建築物頂部有陽台，陽台上有綠色植物。街道兩側的建築物之間有綠色植物裝飾，增添了一些綠意。街道盡頭可以看到一些建築物，建築物頂部有陽台，陽台上有綠色植物。"
origin_dataset/20230218_164105.jpg,"1. 這張照片展示了一群人在戶外賞櫻的場景。背景中有一棟高樓建築，建築外牆是白色，窗戶排列整齊。前景中，樹枝上開滿了粉紅色的櫻花，樹葉已經落光，只有櫻花綻放。天空湛藍，沒有雲彩，陽光充足，氣氛愉悅。人們站在欄杆旁，似乎在欣賞櫻花，有些人還在拍照。地面上鋪有水泥，欄杆是金屬製的，欄杆後方有綠色的草地。

2. 這張照片捕捉到了一個春日的戶外活動，人們聚集在一個公園裡，欣賞開滿粉紅櫻花的樹木。背景中有一座現代化的建築，建築外牆是白色，窗戶排列整齊。天空非常藍，沒有雲彩，陽光明媚。人們站在欄杆旁，似乎在拍照或欣賞景色。欄杆後方有綠色的草地，欄杆是金屬製的，欄杆旁邊還有一些樹枝，樹枝上開滿了粉紅色的櫻花。地面上鋪有水泥，欄杆後方有綠色的草地。

3. 這張照片展示了一群人在戶外欣賞櫻花的場景。背景中有一棟現代化的建築，建築外牆是白色，窗戶排列整齊。天空湛藍，沒有雲彩，陽光充足。前景中，樹枝上開滿了粉紅色的櫻花，樹葉已經落光，只有櫻花綻放。人們站在欄杆旁，似乎在拍照或欣賞景色。欄杆後方有綠色的草地，欄杆是金屬製的，欄杆旁邊還有一些樹枝，樹枝上開滿了粉紅色的櫻花。地面上鋪有水泥，欄杆後方有綠色的草地。"
origin_dataset/IMG_20200131_115531_744.jpg,"1. 這張照片展示了一個繁忙的城市街景，路邊有許多招牌和廣告牌，上面寫著中文。街道兩旁是高樓大廈，建築風格現代。路邊有行人和車輛，顯示出一個活躍的都市環境。照片中還有一個路標，上面有巴士路線號碼和方向指示，顯示出當地的交通設施。

2. 照片中可以看到一個城市街景，路邊有許多招牌和廣告牌，上面寫著中文。建築物高大，顯示出現代都市的特徵。街道兩旁有行人和車輛，顯示出一個繁忙的都市環境。照片中還有一個路標，上面有巴士路線號碼和方向指示，顯示出當地的交通設施。

3. 這張照片展示了一個繁忙的城市街景，路邊有許多招牌和廣告牌，上面寫著中文。建築物高大，顯示出現代都市的特徵。街道兩旁有行人和車輛，顯示出一個繁忙的都市環境。照片中還有一個路標，上面有巴士路線號碼和方向指示，顯示出當地的交通設施。"
origin_dataset/20230715_171909.jpg,"1. 一間簡單的臥室，窗戶旁邊有一張木製的書桌，上面放著一台筆記型電腦、一本開著的書和一個黑色的滑鼠。書桌旁邊有一張木製的椅子，椅子上掛著一件黑色的外套。窗戶旁邊的窗簾是淺綠色的，上面有白色的花朵圖案。窗戶外可以看到一些建築物和遠處的山景。窗戶旁邊有一個紅色的行李箱，放在牆邊。牆壁是淺藍色的，窗戶下方有一排白色的磁磚。

2. 這間臥室的窗戶旁邊有一張木製的書桌，上面放著一台筆記型電腦、一本開著的書和一個黑色的滑鼠。書桌旁邊有一張木製的椅子，椅子上掛著一件黑色的外套。窗戶旁邊的窗簾是淺綠色的，上面有白色的花朵圖案。窗戶外可以看到一些建築物和遠處的山景。窗戶旁邊有一個紅色的行李箱，放在牆邊。牆壁是淺藍色的，窗戶下方有一排白色的磁磚。窗戶旁邊的窗簾是淺綠色的，上面有白色的花朵圖案。

3. 一間臥室內，窗戶旁邊有一張木製的書桌，上面放著一台筆記型電腦、一本開著的書和一個黑色的滑鼠。書桌旁邊有一張木製的椅子，椅子上掛著一件黑色的外套。窗戶旁邊的窗簾是淺綠色的，上面有白色的花朵圖案。窗戶外可以看到一些建築物和遠處的山景。窗戶旁邊有一個紅色的行李箱，放在牆邊。牆壁是淺藍色的，窗戶下方有一排白色的磁磚。窗戶旁邊的窗簾是淺綠色的，上面有白色的花朵圖案。"
origin_dataset/IMG20220316141354.jpg,"1. 這張照片中，一位年輕的男子正面對著鏡頭，背景是綠色的草地和一些岩石。他留著黑色的短髮，臉上有一些細小的皺紋。他穿著一件藍色的牛仔外套，裡面是一件白色的T恤，T恤上印有英文字母。他的耳朵上戴著耳機，表情看起來比較平靜。

2. 這張照片的背景是一片開闊的草地，草地旁邊有一些岩石和樹木。遠處可以看到一些建築物，可能是觀景台或燈塔。天空是藍色的，有些雲彩。男子的臉部特寫佔據了照片的大部分，他看起來比較年輕，留著黑色的短髮，臉上有一些細小的皺紋。他穿著一件藍色的牛仔外套，裡面是一件白色的T恤，T恤上印有英文字母。他的耳朵上戴著耳機，表情比較平靜。

3. 這張照片的背景是一片開闊的草地，草地旁邊有一些岩石和樹木。遠處可以看到一些建築物，可能是觀景台或燈塔。天空是藍色的，有些雲彩。男子的臉部特寫佔據了照片的大部分，他看起來比較年輕，留著黑色的短髮，臉上有一些細小的皺紋。他穿著一件藍色的牛仔外套，裡面是一件白色的T恤，T恤上印有英文字母。他的耳朵上戴著耳機，表情比較平靜。"
origin_dataset/IMG20220315153200.jpg,"1. 海邊的風景，遠處是無垠的海洋，天空中散落著幾朵雲彩，海面波光粼粼，綠色的植被在風中搖曳。

2. 一片廣闊的海景，海天一色，遠處的海面波紋細微，天空中雲層稀疏，近處的綠樹在微風中輕擺。

3. 海邊的風景，遠處是無垠的海洋，天空中散落著幾朵雲彩，海面波光粼粼，近處的綠樹在微風中輕擺。"
origin_dataset/11159524_632079296891896_5051790229666040906_n(1)(1).jpg,"1. 三位年輕人站在教室裡，其中一位穿著灰色羽絨外套的男子正在調整另一位穿著黑色羽絨外套的男子的耳機。教室的牆壁上掛著幾塊黑板，上面寫著各種顏色的標籤和圖案。牆壁的邊緣有鐵網裝飾，地板是灰色的。

2. 三位年輕人聚集在教室內，其中一位穿著灰色外套的男子正在幫忙另一位穿著黑色外套的男子調整耳機。教室的牆壁上掛著幾塊黑板，上面寫著不同顏色的標籤和圖案。牆壁的邊緣有鐵網裝飾，地板是灰色的。

3. 三位年輕人站在教室裡，其中一位穿著灰色外套的男子正在幫忙另一位穿著黑色外套的男子調整耳機。教室的牆壁上掛著幾塊黑板，上面寫著各種顏色的標籤和圖案。牆壁的邊緣有鐵網裝飾，地板是灰色的。"
origin_dataset/20230812_130225.jpg,"1. 一張照片中，有一杯黃色的飲料，杯子是透明的，杯口有一個黃色的編織杯墊。杯子放在一個木質的桌面上，背景可以看到一扇窗戶和一些書架，書架上放著一些書籍和一個電風扇。

2. 這張照片展示了一杯黃色的飲料，杯子是透明的，杯口有一個黃色的編織杯墊。杯子放在一個木質的桌面上，背景可以看到一扇窗戶和一些書架，書架上放著一些書籍和一個電風扇。

3. 一張照片中，有一杯黃色的飲料，杯子是透明的，杯口有一個黃色的編織杯墊。杯子放在一個木質的桌面上，背景可以看到一扇窗戶和一些書架，書架上放著一些書籍和一個電風扇。"
origin_dataset/IMG20211016222410.jpg,"1. 這幅畫作以水彩技法繪製，展示了幾種水果的靜物畫。畫面中央有一個大西瓜，其綠色的外皮和黃色的果肉清晰可見。西瓜的右側有一個切開的西瓜，露出裡面的種子。畫作左側有三個紅色的番茄，右側有一個黃色的檸檬。這些水果被放置在一個有格子圖案的桌布上，背景是淺色的，可能代表牆壁或牆面。整體色彩鮮豔，表現出水果的新鮮和生動。

2. 這幅水彩畫表現了水果靜物的主題，畫面中有一個大西瓜，其綠色的外皮和黃色的果肉被細膩地描繪出來。西瓜的右側有一個切開的西瓜，露出裡面的種子。畫作左側有三個紅色的番茄，右側有一個黃色的檸檬。這些水果被放置在一個有格子圖案的桌布上，背景是淺色的，可能代表牆壁或牆面。整體色彩鮮豔，表現出水果的新鮮和生動。

3. 這幅水彩畫展示了水果靜物的主題，畫面中央有一個大西瓜，其綠色的外皮和黃色的果肉清晰可見。西瓜的右側有一個切開的西瓜，露出裡面的種子。畫作左側有三個紅色的番茄，右側有一個黃色的檸檬。這些水果被放置在一個有格子圖案的桌布上，背景是淺色的，可能代表牆壁或牆面。整體色彩鮮豔，表現出水果的新鮮和生動。"
origin_dataset/20231104_184223.jpg,"1. 一間室內空間，天花板上掛滿了串燈，營造出溫馨的氛圍。牆壁是白色的，地板是大理石紋理。幾個人坐在白色椅子上，似乎在等待某個活動開始。牆邊有一扇窗戶，窗簾是白色的。牆上掛有一個吊燈，燈光柔和。場地的裝飾簡單而高雅，適合舉辦小型活動或聚會。

2. 一間室內空間，天花板上掛滿了串燈，營造出溫馨的氛圍。牆壁是白色的，地板是大理石紋理。幾個人坐在白色椅子上，似乎在等待某個活動開始。牆邊有一扇窗戶，窗簾是白色的。牆上掛有一個吊燈，燈光柔和。場地的裝飾簡單而高雅，適合舉辦小型活動或聚會。場地的裝飾簡單而高雅，適合舉辦小型活動或聚會。

3. 一間室內空間，天花板上掛滿了串燈，營造出溫馨的氛圍。牆壁是白色的，地板是大理石紋理。幾個人坐在白色椅子上，似乎在等待某個活動開始。牆邊有一扇窗戶，窗簾是白色的。牆上掛有一個吊燈，燈光柔和。場地的裝飾簡單而高雅，適合舉辦小型活動或聚會。場地的裝飾簡單而高雅，適合舉辦小型活動或聚會。"
origin_dataset/20240721_155939.jpg,"1. 一位男子在健身房內使用健身器材，他穿着深色背心和黑色長褲，頭戴一頂黑色帽子，腳穿白色運動鞋。他正站在一台紅色的健身器材前，雙手握住器材的把手，似乎在進行訓練。健身房內的地板是灰色的，牆壁上有一些設備和標誌。

2. 一位男子在健身房內使用健身器材，他身穿深色背心和黑色長褲，頭戴一頂黑色帽子，腳穿白色運動鞋。他站在一台紅色的健身器材前，雙手握住器材的把手，似乎在進行訓練。健身房內的地板是灰色的，牆壁上有一些設備和標誌。

3. 一位男子在健身房內使用健身器材，他穿着深色背心和黑色長褲，頭戴一頂黑色帽子，腳穿白色運動鞋。他站在一台紅色的健身器材前，雙手握住器材的把手，似乎在進行訓練。健身房內的地板是灰色的，牆壁上有一些設備和標誌。"
origin_dataset/20230806_124900.jpg,"1. 一杯咖啡色的飲品，杯身透明，底部有棕色的咖啡色液體，上部有白色泡沫，杯口有一根白色吸管，放在一個編織的杯墊上，杯墊放在一張木質桌面上，背景是窗戶，窗外可以看到綠色的樹葉和一些建築物。

2. 一張木質桌面上放著一個編織的杯墊，杯墊上有一杯咖啡色的飲品，杯身透明，底部有棕色的咖啡色液體，上部有白色泡沫，杯口有一根白色吸管。背景是窗戶，窗外可以看到綠色的樹葉和一些建築物。

3. 一張木質桌面上放著一個編織的杯墊，杯墊上有一杯咖啡色的飲品，杯身透明，底部有棕色的咖啡色液體，上部有白色泡沫，杯口有一根白色吸管。背景是窗戶，窗外可以看到綠色的樹葉和一些建築物。"
origin_dataset/IMG20220313133726.jpg,"1. 這張照片中，一個人站在一條小路上，背景是綠色的田野和遠處的山丘。他留着短髮，臉上帶有微笑，穿著一件黑色的外套，肩上掛著一個迷彩的背包。背景的天空有些陰沉，但仍然能夠看到遠處的山丘和樹木。

2. 這張照片捕捉到了一個人在戶外的自拍。他站在一條小路上，背後是廣闊的田野和遠處的山丘。他留着短髮，臉上帶有溫馨的笑容，穿著一件黑色的外套，肩上掛著一個迷彩的背包。背景的天空有些陰沉，但仍然能夠看到遠處的山丘和樹木。

3. 這張照片中，一個人站在一條小路上，背景是綠色的田野和遠處的山丘。他留着短髮，臉上帶有微笑，穿著一件黑色的外套，肩上掛著一個迷彩的背包。背景的天空有些陰沉，但仍然能夠看到遠處的山丘和樹木。"
origin_dataset/20221225_144324.jpg,"1. 一張照片中，一棟現代建築的拱橋橫跨在綠意盎然的草地上。橋樑的結構由鋼索支撐，橋面上有行人行走。背景中，遠處的山丘和建築物在晴朗的藍天映襯下顯得格外鮮明。

2. 照片的前景是一片茂盛的草地，草地上散落着一些雜草和樹木的枝葉。橋樑的拱形結構在背景中清晰可見，橋面上有行人穿行。遠處的建築物和山丘構成了這幅畫面的後景。

3. 這張照片捕捉到了一個現代建築的拱橋，橋樑的鋼索構造在橋面上形成了一個獨特的視覺元素。橋下是一片綠意盎然的草地，遠處的建築物和山丘在晴朗的藍天中若隱若現。"
origin_dataset/20230218_164059.jpg,"1. 粉紅色的櫻花樹枝在藍色的天空下綻放，樹葉稀疏，枝條輕盈，花朵密集，散發出春天的氣息。

2. 樹枝上綻放著粉紅色的櫻花，天空湛藍，樹葉稀疏，枝條輕盈，花朵密集，散發出春天的氣息。

3. 粉紅色的櫻花樹枝在藍色的天空下綻放，樹葉稀疏，枝條輕盈，花朵密集，散發出春天的氣息。"
origin_dataset/line_1533279315261.jpg,"1. 一張木製桌子，桌面上沒有任何物品，桌子的材質看起來是淺色的木頭，表面光滑，沒有任何紋理。桌子的邊緣是直角的，看起來很穩固。桌子的後方有一張折疊椅，椅背是淺灰色的，椅背上有中文標籤，但無法辨識其內容。桌子的前方有一個裝飾櫃，櫃子上繪有花卉和昆蟲的圖案，櫃子的顏色是淺棕色，櫃子的門是開著的，可以看到櫃子內部有幾個輪子，櫃子的頂部有一個透明的塑料盒，盒內似乎裝有物品。櫃子的後方有一個白色的牆壁，牆壁上掛著一塊裝飾品，裝飾品的顏色是淺棕色，形狀類似於一個花環。牆壁的上方有一個白色的架子，架子上放著幾個玻璃瓶，瓶內似乎裝有物品，架子的後方有一個深色的牆壁，牆壁上掛著一個黑色的包。

2. 一張木製桌子，桌面上沒有任何物品，桌子的材質看起來是淺色的木頭，表面光滑，沒有任何紋理。桌子的後方有一張折疊椅，椅背是淺灰色的，椅背上有中文標籤，但無法辨識其內容。桌子的前方有一個裝飾櫃，櫃子上繪有花卉和昆蟲的圖案，櫃子的顏色是淺棕色，櫃子的門是開著的，可以看到櫃子內部有幾個輪子，櫃子的頂部有一個透明的塑料盒，盒內似乎裝有物品。櫃子的後方有一個白色的牆壁，牆壁上掛著一塊裝飾品，裝飾品的顏色是淺棕色，形狀類似於一個花環。牆壁的上方有一個白色的架子，架子上放著幾個玻璃瓶，瓶內似乎裝有物品，架子的後方有一個深色的牆壁，牆壁上掛著一個黑色的包。

3. 一張木製桌子，桌面上沒有任何物品，桌子的材質看起來是淺色的木頭，表面光滑，沒有任何紋理。桌子的後方有一張折疊椅，椅背是淺灰色的，椅背上有中文標籤，但無法辨識其內容。桌子的前方有一個裝飾櫃，櫃子上繪有花卉和昆蟲的圖案，櫃子的顏色是淺棕色，櫃子的門是開著的，可以看到櫃子內部有幾個輪子，櫃子的頂部有一個透明的塑料盒，盒內似乎裝有物品。櫃子的後方有一個白色的牆壁，牆壁上掛著一塊裝飾品，裝飾品的顏色是淺棕色，形狀類似於一個花環。牆壁的上方有一個白色的架子，架子上放著幾個玻璃瓶，瓶內似乎裝有物品，架子的後方有一個深色的牆壁，牆壁上掛著一個黑色的包。"
origin_dataset/1549434034192.jpg,"1. 五位成員坐在室內，背景是白色方磚牆，牆上掛有裝飾品。他們坐在木製椅子上，前面有一張鋪有花布的桌子，桌上放有相片集、遙控器和手機。牆邊有一台綠色冰箱，冰箱門上貼有彩色磁鐵。牆角有一張掛畫，畫中是橋樑的圖案。桌上還有一個裝飾品和一盆紫色的花。

2. 五位成員坐在一起，背景牆面是白色方磚，牆上掛有裝飾品。他們坐在木製椅子上，前面有一張鋪有花布的桌子，桌上放有相片集、遙控器和手機。牆邊有一台綠色冰箱，冰箱門上貼有彩色磁鐵。牆角有一張掛畫，畫中是橋樑的圖案。桌上還有一個裝飾品和一盆紫色的花。

3. 五位成員坐在室內，背景牆面是白色方磚，牆上掛有裝飾品。他們坐在木製椅子上，前面有一張鋪有花布的桌子，桌上放有相片集、遙控器和手機。牆邊有一台綠色冰箱，冰箱門上貼有彩色磁鐵。牆角有一張掛畫，畫中是橋樑的圖案。桌上還有一個裝飾品和一盆紫色的花。"
origin_dataset/IMG_20201128_012309_274.jpg,"1. 一群人在山徑上行走，背著背包，頭戴遮陽帽，似乎在進行遠足活動。周圍是茂密的樹叢和岩石，天空陰沉，可能是在陰天或雨天。

2. 一羣人排隊走在山徑上，背著大背包，頭戴遮陽帽，顯然在進行登山活動。周圍是茂密的樹叢和岩石，天空陰沉，可能是在陰天或雨天。

3. 一群人在山徑上排隊行走，背著大背包，頭戴遮陽帽，顯然在進行遠足活動。周圍是茂密的樹叢和岩石，天空陰沉，可能是在陰天或雨天。"
origin_dataset/20230820_163644.jpg,"1. 海面波光粼粼，遠處的建築群在陰沉的天空下顯得有些模糊。幾艘船隻在海面上緩緩航行，遠處的橋樑構架清晰可見，構成了一幅靜謐的海景圖。

2. 天空布滿了厚重的雲層，陰沉的氣氛籠罩著整個場景。海面反射著天空的陰暗色調，遠處的建築群在這樣的天氣下顯得有些遙遠。幾艘船隻在海面上劃過，留下一道道細微的波紋。

3. 海面波動著，遠處的建築群在陰沉的天空下顯得有些模糊。幾艘船隻在海面上緩緩航行，遠處的橋樑構架清晰可見。天空中布滿了厚重的雲層，陰沉的氣氛籠罩著整個場景。"
origin_dataset/Screenshot_2018-06-08-18-03-08.jpg,"1. 一位穿著綠色衣服的巫婆，頭戴綠色帽子，正對著一位穿著綠色制服的男子揮手。男子看起來非常開心，雙手舉起，臉上露出大大的笑容。巫婆手中握著一把掃帚，男子似乎被巫婆的掃帚打中，臉上露出驚恐的表情，雙手捂住臉。

2. 男子被巫婆的掃帚打中後，臉上露出驚恐的表情，雙手捂住臉。巫婆繼續揮動掃帚，男子被掃帚打中，臉上露出驚恐的表情，雙手捂住臉。巫婆繼續揮動掃帚，男子被掃帚打中，臉上露出驚恐的表情，雙手捂住臉。

3. 男子被巫婆的掃帚打中後，臉上露出驚恐的表情，雙手捂住臉。巫婆繼續揮動掃帚，男子被掃帚打中，臉上露出驚恐的表情，雙手捂住臉。巫婆繼續揮動掃帚，男子被掃帚打中，臉上露出驚恐的表情，雙手捂住臉。巫婆繼續揮動掃帚，男子被掃帚打中，臉上露出驚恐的表情，雙手捂住臉。巫婆繼續揮動掃帚，男子被掃帚打中，臉上露出驚恐的表情，雙手捂住臉。巫婆繼續揮動掃帚，男子被掃帚打中，臉上露出驚恐的表情，雙手捂住臉。巫婆繼續揮動掃帚，男子被掃帚打中，臉上露出驚恐的表情，雙手捂住臉。巫婆繼續揮動掃帚，男子被掃帚打中，臉上露出驚恐的表情，雙手捂住臉。巫婆繼續揮動掃帚，男子被掃帚打中，臉上露出驚恐的表情，雙手捂住臉。巫婆繼續揮動掃帚，男子被掃帚打中，臉上露出驚恐的表情，雙手捂住臉。巫婆繼續揮動掃帚，男子被掃帚打中，臉上露出驚恐的表情，雙手捂住臉。巫婆繼續揮動掃帚，男子被掃帚打中，臉上露出驚恐的表情，雙手捂住臉。巫婆繼續揮動掃帚，男子被掃帚打中，臉上露出驚恐的表情，雙手捂住臉。巫婆繼續揮動掃帚，男子被掃帚打中，臉上露出驚恐的表情，雙手捂住臉。巫婆繼續揮動掃帚，男子被掃帚打中，臉上露出驚恐的表情，雙手捂住臉。巫婆繼續揮動掃帚，男子被掃帚打中，臉上露出驚恐的表情，雙手捂住臉。巫婆繼續揮動掃帚，男子被掃帚打中，臉上露出驚恐的表情，雙手捂住臉。巫婆繼續揮動掃帚，男子被掃帚打中，臉上露出驚恐的表情，雙手捂住臉。巫婆繼續揮動掃帚，男子被掃帚打中，臉上露出驚恐的表情，雙手捂住臉。巫婆繼續揮動掃帚，男子被掃帚打中，臉上露出驚恐的表情，雙手捂住臉。巫婆繼續揮動掃帚，男子被掃帚打中，臉上露出驚恐的表情，雙手捂住臉。巫婆繼續揮動掃帚，男子被掃帚打中，臉上露出驚恐的表情，雙手捂住臉。巫婆繼續揮動掃帚，男子被掃帚打中，臉上露出驚恐的表情，雙手捂住臉。巫婆繼續揮動掃帚，男子被掃帚打中，臉上露出驚恐的表情，雙手捂住臉。巫婆繼續揮動掃帚，男子被掃帚打中，臉上露出驚恐的表情，雙手捂住臉。巫婆繼續揮動掃帚，男子被掃帚打中，臉上露出驚恐的表情，雙手捂住臉。巫婆繼續揮動掃帚，男子被掃帚打中，臉上露出驚恐的表情，雙手捂住臉。巫婆繼續揮動掃帚，男子被掃帚打中，臉上露出驚恐的表情，雙手捂住臉。巫婆繼續揮動掃帚，男子被掃帚打中，臉上露出驚恐的表情，雙手捂住臉。巫婆繼續揮動掃帚，男子被掃帚打中，臉上露出驚恐的表情，"
origin_dataset/1552911512691.jpg,"1. 這張照片展示了一座現代化的城市建築群，中央有一座高聳入雲的摩天大樓，建築外觀以玻璃和鋼鐵構成，呈現出流線型的設計。建築兩側是低矮的現代建築，建築物之間有綠化帶，種植了幾棵樹木，增添了一絲綠意。天空是淡藍色，顯示出日落時分的景象，建築物的燈光開始亮起，顯示出城市的活力。

2. 這張照片捕捉到了一個現代都市的場景，中央的高樓是建築群的焦點，其玻璃幕牆反射著周圍的環境。建築兩側的建築物則較為低矮，形成了一種高低錯落的視覺效果。建築物之間的空間被綠化帶所分隔，種植了幾棵樹木，為城市帶來了一絲自然的氣息。天空已經開始變暗，顯示出日落時分的景象，建築物的燈光開始亮起，顯示出城市的活力。

3. 這張照片展示了一個現代化的城市建築群，中央有一座高聳入雲的摩天大樓，建築外觀以玻璃和鋼鐵構成，呈現出流線型的設計。建築兩側是低矮的現代建築，建築物之間有綠化帶，種植了幾棵樹木，增添了一絲綠意。天空是淡藍色，顯示出日落時分的景象，建築物的燈光開始亮起，顯示出城市的活力。建築物的設計和布局顯示出現代都市的特徵，同時也彰顯了城市的現代化和發展。"
origin_dataset/FB_IMG_1485272708334(1)(1).jpg,"1. 一對人行走在公園的小徑上，兩旁是茂密的樹木和綠色的灌木。陽光從樹梢間透射下來，形成美麗的光束效果。路邊有一張木製的長椅，供遊人休息。遠處可以看到一些建築物的屋頂，周圍環境非常寧靜。

2. 早晨的公園，陽光從樹葉間照射下來，形成一道道光束。小徑兩旁是高大的樹木和低矮的灌木，綠意盎然。遠處有兩個人在小徑上行走，似乎在享受這份寧靜與美好。路邊的長椅靜靜地等待著遊人的到來。

3. 早晨的公園，陽光從樹梢間透射下來，形成美麗的光束效果。小徑兩旁是茂密的樹木和綠色的灌木，遠處可以看到一些建築物的屋頂。路邊有一張木製的長椅，供遊人休息。遠處有兩個人在小徑上行走，享受這份寧靜與美好。"
origin_dataset/1529166191215.jpg,"1. 這張照片捕捉了兩位畢業生在畢業典禮後的歡樂時刻。他們身著正式的畢業服，頭戴學士帽，手持畢業證書和花束，面帶微笑，顯露出他們的驕傲與喜悅。背景中，一座現代建築的尖頂構造引人注目，建築的玻璃窗反射著陽光，周圍綠樹成蔭，天空湛藍無雲，氣氛歡樂而祥和。照片中還可以看到其他畢業生和觀眾，他們或舉著鮮豔的氣球，或撐著遮陽傘，共同慶祝這難忘的時刻。

2. 這張照片展示了兩位畢業生在畢業典禮後的歡聚場景。他們身著黑色的畢業袍，頭戴學士帽，手持畢業證書和花束，面帶微笑，顯露出他們的驕傲與喜悅。背景中，一座現代建築的尖頂構造引人注目，建築的玻璃窗反射著陽光，周圍綠樹成蔭，天空湛藍無雲，氣氛歡樂而祥和。照片中還可以看到其他畢業生和觀眾，他們或舉著鮮豔的氣球，或撐著遮陽傘，共同慶祝這難忘的時刻。

3. 這張照片記錄了兩位畢業生在畢業典禮後的歡樂時刻。他們身著黑色的畢業袍，頭戴學士帽，手持畢業證書和花束，面帶微笑，顯露出他們的驕傲與喜悅。背景中，一座現代建築的尖頂構造引人注目，建築的玻璃窗反射著陽光，周圍綠樹成蔭，天空湛藍無雲，氣氛歡樂而祥和。照片中還可以看到其他畢業生和觀眾，他們或舉著鮮豔的氣球，或撐著遮陽傘，共同慶祝這難忘的時刻。"
origin_dataset/1510931344541.jpg,"1. 一臺電視機正在播放一集動畫，電視機的畫面顯示了兩個卡通角色，一個是藍色的貓型角色，另一個是戴著紅色帽子的白色貓型角色。藍色貓型角色背對著觀眾，而白色貓型角色則面向著藍色貓型角色。電視機的畫面下方有一行中文字幕，內容是「真是不好意思」。

2. 一臺電視機正在播放一集動畫，電視機的畫面顯示了兩個卡通角色，一個是藍色的貓型角色，另一個是戴著紅色帽子的白色貓型角色。藍色貓型角色背對著觀眾，而白色貓型角色則面向著藍色貓型角色。電視機的畫面下方有一行中文字幕，內容是「真是不好意思」。

3. 一臺電視機正在播放一集動畫，電視機的畫面顯示了兩個卡通角色，一個是藍色的貓型角色，另一個是戴著紅色帽子的白色貓型角色。藍色貓型角色背對著觀眾，而白色貓型角色則面向著藍色貓型角色。電視機的畫面下方有一行中文字幕，內容是「真是不好意思」。"
origin_dataset/20240224_233603.jpg,"1. 這是一本關於Python程式碼的書，專門介紹如何使用Python進行AI相關的應用開發。書中包含多個程式碼範例，用於示範如何使用Python進行AI翻譯、AI字幕生成等應用。書中還包含詳細的程式碼解析和註釋，幫助讀者理解程式碼的運作原理。此外，書中還提供了相關的函數和方法，讓讀者能夠更深入地了解Python程式碼的應用。

2. 這本書專門介紹Python程式碼的應用，特別是AI相關的應用。書中包含多個程式碼範例，用於示範如何使用Python進行AI翻譯、AI字幕生成等應用。書中還包含詳細的程式碼解析和註釋，幫助讀者理解程式碼的運作原理。此外，書中還提供了相關的函數和方法，讓讀者能夠更深入地了解Python程式碼的應用。

3. 這是一本關於Python程式碼的書，專門介紹如何使用Python進行AI相關的應用開發。書中包含多個程式碼範例，用於示範如何使用Python進行AI翻譯、AI字幕生成等應用。書中還包含詳細的程式碼解析和註釋，幫助讀者理解程式碼的運作原理。此外，書中還提供了相關的函數和方法，讓讀者能夠更深入地了解Python程式碼的應用。"
origin_dataset/20230708_173949.jpg,"1. 一排停在路邊的汽車，車身多為白色，車頭朝向道路，車尾朝向人行道。車輛之間的間隔適中，車輛後方停有一輛深色車輛。道路兩側種有高大的樹木，樹冠茂密，遮擋了部分陽光。天空晴朗，藍色的天空中沒有雲彩。人行道上有一個穿著淺色衣服的人，背對著攝影機，正朝著樹木的方向走去。

2. 路邊停有數輛汽車，車輛排列整齊，車頭朝向道路，車尾朝向人行道。車輛之間的間隔適中，車輛後方停有一輛深色車輛。道路兩側種有高大的樹木，樹冠茂密，遮擋了部分陽光。天空晴朗，藍色的天空中沒有雲彩。人行道上有一個穿著淺色衣服的人，背對著攝影機，正朝著樹木的方向走去。

3. 一排停在路邊的汽車，車身多為白色，車頭朝向道路，車尾朝向人行道。車輛之間的間隔適中，車輛後方停有一輛深色車輛。道路兩側種有高大的樹木，樹冠茂密，遮擋了部分陽光。天空晴朗，藍色的天空中沒有雲彩。人行道上有一個穿著淺色衣服的人，背對著攝影機，正朝著樹木的方向走去。"
origin_dataset/1529165025586.jpg,"1. 這張照片中有兩位年輕人，他們站在一座三角形建築前。建築的設計獨特，由玻璃和鋼構組成，頂部有一個十字架。背景中可以看到綠色的樹木和藍色的天空，環境非常開闊。兩位年輕人中，一位穿着白色T恤和綠色短褲，另一位則穿着畢業袍，上面有金色的裝飾。他們面帶微笑，似乎在慶祝畢業。

2. 照片的背景是一片廣闊的綠地，上面散落著幾個人。建築的設計非常現代，三角形的結構和玻璃窗非常引人注目。建築頂部的十字架表明這可能是一個教堂或紀念堂。兩位年輕人站在一起，其中一位穿著畢業袍，顯然剛剛畢業。他們的姿態和表情都透露出慶祝的氣氛。

3. 這張照片捕捉到了一個重要的瞬間，兩位年輕人站在一座現代建築前，建築的設計非常獨特，三角形的結構和玻璃窗非常引人注目。建築頂部的十字架表明這可能是一個教堂或紀念堂。兩位年輕人中，一位穿著畢業袍，顯然剛剛畢業。他們站在一起，面帶微笑，似乎在慶祝畢業。背景中可以看到綠色的樹木和藍色的天空，環境非常開闊。"
origin_dataset/20230821_154331.jpg,"1. 這是一張展示精密儀器的圖片，儀器上有多種組件和連接線。儀器的左側有一個帶有紅色手柄的鉗子，鉗子的另一端連接著一個黑色的組件。儀器的中心有一個圓形的組件，上面有許多細小的孔洞。儀器的右側有一個黑色的組件，組件上有一個旋鈕。儀器的右側還有一個垂直的黑色組件，組件上有一個細長的組件連接著一條纜線。儀器的背景是一個有許多孔洞的金屬板，板上還有一些黑色的組件。

2. 這張圖片展示了一個精密儀器的局部，儀器上有多種組件和連接線。儀器的左側有一個帶有紅色手柄的鉗子，鉗子的另一端連接著一個黑色的組件。儀器的中心有一個圓形的組件，上面有許多細小的孔洞。儀器的右側有一個黑色的組件，組件上有一個旋鈕。儀器的右側還有一個垂直的黑色組件，組件上有一個細長的組件連接著一條纜線。儀器的背景是一個有許多孔洞的金屬板，板上還有一些黑色的組件。

3. 這張圖片展示了一個精密儀器的局部，儀器上有多種組件和連接線。儀器的左側有一個帶有紅色手柄的鉗子，鉗子的另一端連接著一個黑色的組件。儀器的中心有一個圓形的組件，上面有許多細小的孔洞。儀器的右側有一個黑色的組件，組件上有一個旋鈕。儀器的右側還有一個垂直的黑色組件，組件上有一個細長的組件連接著一條纜線。儀器的背景是一個有許多孔洞的金屬板，板上還有一些黑色的組件。"
origin_dataset/line_1511503243402.jpg,"1. 這張照片中有兩個人，他們站在樹林前。照片的前景中，一個人的部分臉部和肩膀出現在畫面中。背景中，另一個人穿着畢業袍，頭髮是黑色的，面帶微笑。兩人都站在樹木之間，樹葉茂盛，綠意盎然。

2. 這張照片捕捉到了一個畢業典禮的瞬間。前景中，一個人的臉部和肩膀部分出現在畫面中，而背景中，另一个人穿着畢業袍，頭髮是黑色的，面帶微笑。他們似乎在樹林前合影，周圍的樹葉茂盛，綠意盎然。

3. 這張照片展示了兩個人在樹林前的畢業照。前景中，一個人的部分臉部和肩膀出現在畫面中，而背景中，另一个人穿着畢業袍，頭髮是黑色的，面帶微笑。他們似乎在樹木之間合影，周圍的樹葉茂盛，綠意盎然。"
origin_dataset/20240613_203050.jpg,"1. 一張餐桌擺放著多樣化的中式餐點，包括一盤紅燒魚、一盤炒蔬菜、一盤魚頭湯、一碗湯圓和一碗白飯。桌上還有一個石鍋，裡面裝著一盤炒菜。餐具包括筷子、湯匙和小碟子，桌上還有一部手機和一張餐巾紙。

2. 餐桌上擺放著多樣化的中式餐點，包括一盤紅燒魚、一盤炒蔬菜、一盤魚頭湯、一碗湯圓和一碗白飯。石鍋裡裝著一盤炒菜。餐具包括筷子、湯匙和小碟子，桌上還有一部手機和一張餐巾紙。

3. 一張餐桌擺放著多樣化的中式餐點，包括一盤紅燒魚、一盤炒蔬菜、一盤魚頭湯、一碗湯圓和一碗白飯。桌上還有一個石鍋，裡面裝著一盤炒菜。餐具包括筷子、湯匙和小碟子，桌上還有一部手機和一張餐巾紙。"
origin_dataset/line_1530764161088.jpg,"1. 這張照片展示了一條雙向道路，路邊有護欄，遠處可以看到樹木和建築物。天空陰沉，雲層厚重，地平線處有山脈的輪廓。道路兩側的樹木綠意盎然，遠處的建築物看起來像是農村或鄉鎮的景觀。

2. 照片中，一條雙線道路延伸至遠處，兩側有護欄保護。道路兩側的樹木茂盛，遠處可以看到建築物和山脈。天空布滿了厚重的雲層，給整體景色帶來了一種沉悶的氛圍。

3. 這張照片捕捉到了一條雙線道路的景象，道路兩側有護欄，遠處有樹木和建築物。天空陰沉，雲層厚重，遠處的山脈清晰可見。道路兩側的樹木綠意盎然，遠處的建築物看起來像是農村或鄉鎮的景觀。"
origin_dataset/IMG20220317142603.jpg,"1. 海灘上的沙地上，有許多腳印散落，這些腳印大小不一，深淺不一，有些清晰可辨，有些則模糊不清。沙地上還有一些不規則的痕跡，可能是由沙灘車或腳踏車留下的車輪軌跡。這些痕跡和腳印共同構成了一幅自然的畫面，透露出人們在沙灘上活動的痕跡。

2. 沙灘上散落著各種各樣的腳印，這些腳印大小不一，深淺不一，有些清晰可辨，有些則模糊不清。沙地上還有一些不規則的痕跡，可能是由沙灘車或腳踏車留下的車輪軌跡。這些痕跡和腳印共同構成了一幅自然的畫面，透露出人們在沙灘上活動的痕跡。

3. 沙灘上散落著各種各樣的腳印，這些腳印大小不一，深淺不一，有些清晰可辨，有些則模糊不清。沙地上還有一些不規則的痕跡，可能是由沙灘車或腳踏車留下的車輪軌跡。這些痕跡和腳印共同構成了一幅自然的畫面，透露出人們在沙灘上活動的痕跡。"
origin_dataset/1508519739829.jpg,"1. 希臘聖托里尼島的夕陽，天空從黃橙色漸變至深藍，海面反射出柔和的光澤。遠處的山丘和近處的白色建築交相輝映，風車在微風中輕轉，構成一幅寧靜而美麗的畫面。

2. 晚霞映照下的聖托里尼島，建築群依山而建，層層疊疊，白牆灰瓦在夕陽的照耀下顯得格外潔白。海邊的風車在風中搖曳，遠處的山脈若隱若現，構成一幅動人而寧靜的風景畫。

3. 傍晚時分，聖托里尼島的夕陽將天空染成金黃，海面波光粼粼。建築群錯落有致，白牆灰瓦在夕陽的映襯下顯得格外潔白。遠處的風車在微風中輕轉，近處的海邊餐廳燈光點綴，構成一幅寧靜而美麗的夕陽風景。"
origin_dataset/1529166054174.jpg,"1. 這張照片捕捉了畢業典禮的歡樂時刻。前景中，一位穿著畢業袍和學士帽的畢業生，手持畢業證書，面帶微笑，與身旁的友人合影。背景中，其他畢業生和觀眾在教堂前的廣場上慶祝，氣氛熱烈。教堂建築獨特，三角形的屋頂和玻璃窗格外引人注目。天空湛藍，陽光明媚，整個場景充滿了慶祝和成就的氣氛。

2. 這張照片展示了畢業典禮的場景。前景中，一位畢業生身著黑色的畢業袍和學士帽，手持畢業證書，與友人合影。他面帶微笑，顯得非常開心。背景中，其他畢業生和觀眾在教堂前的廣場上慶祝，氣氛熱烈。教堂建築設計獨特，三角形的屋頂和玻璃窗非常顯眼。天空湛藍，陽光明媚，整個場景充滿了慶祝和成就的氣氛。

3. 這張照片記錄了畢業典禮的精彩時刻。前景中，一位畢業生身著黑色的畢業袍和學士帽，手持畢業證書，與友人合影。他面帶微笑，顯得非常開心。背景中，其他畢業生和觀眾在教堂前的廣場上慶祝，氣氛熱烈。教堂建築設計獨特，三角形的屋頂和玻璃窗非常顯眼。天空湛藍，陽光明媚，整個場景充滿了慶祝和成就的氣氛。"
origin_dataset/IMG20220101173523.jpg,"1. 這張圖片展示了一張寫滿文字的紙張，紙張上的文字是繁體中文，內容看起來像是某種形式的詩歌或散文，文字排列不規則，有許多斷句和標點符號，但整體上文字的密度較高，幾乎填滿了紙張的空間。

2. 當前的紙張上寫滿了繁體中文的字句，這些字句看起來像是隨意的筆記或手寫的詩歌，文字之間沒有明顯的分隔符號，使得閱讀起來有些困難。紙張的邊緣有些皺摺，顯示出它可能被翻閱過。

3. 當前的紙張上寫滿了繁體中文的字句，這些字句看起來像是隨意的筆記或手寫的詩歌，文字之間沒有明顯的分隔符號，使得閱讀起來有些困難。紙張的邊緣有些皺摺，顯示出它可能被翻閱過。紙張的顏色是白色的，紙張的邊緣有一條黃色的線條，可能是裝訂線或裝訂邊緣。"
origin_dataset/20240224_231300~2.jpg,"1. 這是一本關於程式設計的書，專門介紹如何使用 Python 語言進行開發。書中提到，為了簡化程式撰寫，作者將上一章完成的簡易外掛系統整理成一個小套件，名為 flagchat4。讀者需要先開啟本章的 Colab 筆記本，並執行相關的指令來安裝必要的套件。書中還提供了 GitHub 上下載整理好的套件，讓讀者可以輕鬆地複製和使用。

2. 在書中，作者詳細介紹了如何使用 pip 指令來安裝所需的套件，例如 gradio、openai、googlesearch-python 和 rich。這些套件對於開發者來說非常有用，可以幫助他們快速地建立 OpenAI API 的用戶端物件。此外，書中還提供了如何匯入套件中的函式以及如何使用這些函式來進行對話的步驟。

3. 這本書還介紹了如何使用 Python 的套件來進行對話。讀者需要先執行 git clone 指令來下載 flagchat4 套件，然後匯入套件中的函式，例如 set_client、get_reply、chat 等。這些函式可以讓使用者輕鬆地與 AI 進行對話，並記錄對話歷史。書中還提供了如何設定對話歷史的步驟，讓使用者可以輕鬆地管理對話紀錄。"
origin_dataset/14720603_1315793735111678_1386023689251988589_n(1)(1).jpg,"1. 五位年輕人站在一堵大型壁畫前，背景是一列蒸汽火車，火車上寫有「石岡號」。壁畫的設計非常精緻，火車穿過一堵裂開的牆壁，周圍是樹木和岩石。五位年輕人站成一排，面帶微笑，看起來非常開心。他們的服裝風格各異，有穿紅色T恤的，有穿藍色T恤的，還有穿灰色和黑色上衣的。地面鋪有石板，背景的樹木茂盛，顯示出一個自然環境。

2. 五位年輕人排成一列，站在一堵大型壁畫前，壁畫上繪有一列蒸汽火車，火車上寫有「石岡號」。壁畫的設計非常精緻，火車穿過一堵裂開的牆壁，周圍是樹木和岩石。五位年輕人面帶微笑，看起來非常開心。他們的服裝風格各異，有穿紅色T恤的，有穿藍色T恤的，還有穿灰色和黑色上衣的。地面鋪有石板，背景的樹木茂盛，顯示出一個自然環境。

3. 五位年輕人站在一堵大型壁畫前，壁畫上繪有一列蒸汽火車，火車上寫有「石岡號」。壁畫的設計非常精緻，火車穿過一堵裂開的牆壁，周圍是樹木和岩石。五位年輕人站成一排，面帶微笑，看起來非常開心。他們的服裝風格各異，有穿紅色T恤的，有穿藍色T恤的，還有穿灰色和黑色上衣的。地面鋪有石板，背景的樹木茂盛，顯示出一個自然環境。"
origin_dataset/1531753000050.jpg,"1. 這張照片中有兩個人在海邊。他們都赤腳站在沙灘上，背對著海浪。一個人穿著藍色T恤和牛仔褲，另一個人穿著黑色短褲和黑色T恤。他們似乎在享受海邊的風景，一邊看著海浪，一邊輕鬆地走動。

2. 這張照片捕捉到了一個平靜的海邊場景。兩個人站在沙灘上，背對著海浪。他們的姿態表明他們可能在聊天或只是享受海邊的氛圍。海浪輕柔地拍打著沙灘，創造出一種平靜而寧靜的氛圍。

3. 這張照片展示了兩個人在海邊的場景。他們都赤腳站在沙灘上，背對著海浪。一個人穿著藍色T恤和牛仔褲，另一個人穿著黑色短褲和黑色T恤。他們的姿態和表情看起來很輕鬆，似乎在享受海邊的風景。海浪輕柔地拍打著沙灘，創造出一種平靜而寧靜的氛圍。"
origin_dataset/IMG20200628144554.jpg,"1. 這是一尊阿瑞斯（馬爾斯）的雕像，雕像位於一個水邊的公園，背景是藍天和綠樹。雕像的基座上刻有中文和英文的銘文，說明了雕像的名稱和意義。

2. 雕像的基座上刻有中文和英文的銘文，中文銘文寫道：「阿瑞斯（馬爾斯）戰神—掌管軍事與戰爭」，英文銘文則寫道：「ARES (MARS)」。

3. 雕像的基座上刻有中文和英文的銘文，中文銘文寫道：「阿瑞斯（馬爾斯）戰神—掌管軍事與戰爭」，英文銘文則寫道：「ARES (MARS)」。雕像的背景是藍天和綠樹，位於一個水邊的公園。"
origin_dataset/IMG20220304201123.jpg,"1. 一排排的燈柱在夜晚的公園小徑上發出明亮的光線，照亮了整條小徑。兩旁的綠樹和灌木在燈光的照耀下顯得格外鮮明。遠處的建築物在夜色中若隱若現，燈光從建築物的窗戶中透出來，形成了一幅美麗的夜景。

2. 這條公園小徑在夜晚被燈光照耀得非常明亮，兩旁的燈柱和地上的小燈都發出溫暖的光線。小徑兩側的綠樹和灌木在燈光的照耀下顯得格外鮮明，而遠處的建築物則在夜色中若隱若現，燈光從建築物的窗戶中透出來，形成了一幅美麗的夜景。

3. 這張照片展示了一條公園小徑在夜晚的景象。小徑兩旁的燈柱發出明亮的光線，照亮了整條小徑。兩旁的綠樹和灌木在燈光的照耀下顯得格外鮮明，而遠處的建築物則在夜色中若隱若現，燈光從建築物的窗戶中透出來，形成了一幅美麗的夜景。"
origin_dataset/1520004030875.jpg,"1. 一尊色彩繽紛的狗形雕塑在夜晚的燈光照射下熠熠生輝，雕塑由多個三角形組成，構成了一幅現代藝術的圖景。雕塑下方是綠色的植物裝飾，與雕塑形成鮮明對比。背景中，幾束藍色的光束從雕塑後方射出，為整體增添了一種神秘的氛圍。

2. 在夜幕降臨時，一隻由多個彩色三角形組成的狗形雕塑在燈光的照射下閃耀著。雕塑被放置在綠色植物的裝飾之中，與周圍環境形成鮮明對比。雕塑後方有幾束藍色的光束照射，為整體構成了一種現代而充滿活力的藝術氛圍。

3. 一尊由多個彩色三角形組成的狗形雕塑在夜晚的燈光照射下閃耀著。雕塑被放置在綠色植物的裝飾之中，與周圍環境形成鮮明對比。雕塑後方有幾束藍色的光束照射，為整體構成了一種現代而充滿活力的藝術氛圍。背景中，幾束藍色的光束從雕塑後方射出，為整體增添了一種神秘的氛圍。"
origin_dataset/IMG20220314194926.jpg,"1. 這張照片展示了一個夜晚的場景，一個大型的拱門建築物被藍色的霓虹燈照亮，建築物上方掛有紅色的招牌，招牌上寫有中文。拱門下方有一個帳篷，帳篷內有幾個人在活動。建築物兩側停有幾輛機車，建築物後方有幾棵棕櫚樹。建築物前方的馬路上有幾個行人，馬路邊上有幾輛車停在路邊。

2. 這張照片是在夜晚拍攝的，照片中有一個大型的拱門建築物，建築物被藍色的霓虹燈照亮，建築物上方掛有紅色的招牌，招牌上寫有中文。拱門下方有一個帳篷，帳篷內有幾個人在活動。建築物兩側停有幾輛機車，建築物後方有幾棵棕櫚樹。建築物前方的馬路上有幾個行人，馬路邊上有幾輛車停在路邊。

3. 這張照片是在夜晚拍攝的，照片中有一個大型的拱門建築物，建築物被藍色的霓虹燈照亮，建築物上方掛有紅色的招牌，招牌上寫有中文。拱門下方有一個帳篷，帳篷內有幾個人在活動。建築物兩側停有幾輛機車，建築物後方有幾棵棕櫚樹。建築物前方的馬路上有幾個行人，馬路邊上有幾輛車停在路邊。"
origin_dataset/IMG20200628134919.jpg,"1. 一張木製椅子的影子投射在牆上，形成一個簡單卻有趣的幾何圖形。牆壁上還有一個由木頭構成的裝飾品，其表面有細緻的紋理，反射出柔和的光線，營造出一種溫馨的氛圍。

2. 一張木製椅子的影子在牆上投射出一個簡潔的椅子形狀，而牆壁上則掛著一個由木頭製成的裝飾品，其表面有細緻的紋理，反射出柔和的光線，營造出一種溫馨的氛圍。

3. 一張木製椅子的影子投射在牆上，形成一個簡單卻有趣的幾何圖形。牆壁上還有一個由木頭構成的裝飾品，其表面有細緻的紋理，反射出柔和的光線，營造出一種溫馨的氛圍。"
origin_dataset/IMG20220315123309.jpg,"1. 一隻黑色的貓咪，正躺在室內的地板上，背對著攝影機。貓咪的腳部有白色的斑點，它似乎在休息或打盹。地板是淺色的方磚，邊緣有一條紅色的磚塊裝飾。在貓咪的後方，可以看到一雙白色的運動鞋和一雙灰色的拖鞋，拖鞋的後方有一張木製的桌子。陽光從上方照射下來，使得地板上有一塊明亮的區域。

2. 一隻黑色的貓咪，正躺在室內的地板上，背對著攝影機。貓咪的腳部有白色的斑點，它似乎在休息或打盹。地板是淺色的方磚，邊緣有一條紅色的磚塊裝飾。在貓咪的後方，可以看到一雙白色的運動鞋和一雙灰色的拖鞋，拖鞋的後方有一張木製的桌子。陽光從上方照射下來，使得地板上有一塊明亮的區域。

3. 一隻黑色的貓咪，正躺在室內的地板上，背對著攝影機。貓咪的腳部有白色的斑點，它似乎在休息或打盹。地板是淺色的方磚，邊緣有一條紅色的磚塊裝飾。在貓咪的後方，可以看到一雙白色的運動鞋和一雙灰色的拖鞋，拖鞋的後方有一張木製的桌子。陽光從上方照射下來，使得地板上有一塊明亮的區域。"
origin_dataset/20240212_165043.jpg,"1. 一棟多層樓建築物，建築外牆為白色，窗戶排列整齊，建築前有幾棵樹，樹葉稀疏，可能是秋天或冬天。建築後方有圍牆，圍牆外側有幾棵樹，樹葉茂盛。建築前有一個籃球場，籃球場邊緣有幾個橙色的路障。

2. 一棟多層樓建築物，建築外牆為白色，窗戶排列整齊，建築前有幾棵樹，樹葉稀疏，可能是秋天或冬天。建築後方有圍牆，圍牆外側有幾棵樹，樹葉茂盛。建築前有一個籃球場，籃球場邊緣有幾個橙色的路障，籃球場上有兩個籃球架。

3. 一棟多層樓建築物，建築外牆為白色，窗戶排列整齊，建築前有幾棵樹，樹葉稀疏，可能是秋天或冬天。建築後方有圍牆，圍牆外側有幾棵樹，樹葉茂盛。建築前有一個籃球場，籃球場邊緣有幾個橙色的路障，籃球場上有兩個籃球架，籃球場的地面為藍色。"
origin_dataset/line_1517930977416.jpg,"1. 一隻手持著藍白相間的吹風機，吹風機的線條纏繞在手中，背景是一面牆，牆上掛著一臺黑色的電視，電視下方的玻璃桌上散落著一些物品，包括一張紙、一支筆和一些電子設備。

2. 一隻手握著藍白相間的吹風機，吹風機的線條在手中，背景是一面牆，牆上掛著一臺黑色的電視，電視下方的玻璃桌上散落著一些物品，包括一張紙、一支筆和一些電子設備。

3. 一隻手握著藍白相間的吹風機，吹風機的線條在手中，背景是一面牆，牆上掛著一臺黑色的電視，電視下方的玻璃桌上散落著一些物品，包括一張紙、一支筆和一些電子設備。"
origin_dataset/IMG20220308133001.jpg,"1. 一塊稻田被水淹沒，田間種植了幼苗，田埂邊緣有建築材料和工具散落。遠處可以看到高大的電塔和電線，電塔旁邊有一條道路，道路兩側有綠色植被。天空晴朗，陽光明媚。

2. 這張照片展示了一片稻田，稻田被水淹沒，田間種植了幼苗。稻田的邊緣有建築材料和工具，如磚塊和桶。遠處有高大的電塔和電線，電塔旁邊有一條道路，道路兩側有綠色植被。天空晴朗，陽光明媚。

3. 一塊稻田被水淹沒，田間種植了幼苗，田埂邊緣散落著建築材料和工具。遠處可以看到高大的電塔和電線，電塔旁邊有一條道路，道路兩側有綠色植被。天空晴朗，陽光明媚。"
origin_dataset/1516334162779.jpg,"1. 一隻戴著比卡超造型帽的金毛獵犬，正坐在一張鋪有花卉圖案的沙發上，沙發旁邊有一把木質的吉他，吉他上有一個銀色的調音器。比卡超造型帽上有兩顆紅色的圓點，一隻手正輕輕地觸摸著吉他弦，似乎在彈奏。

2. 一隻金毛獵犬，頭上戴著一頂可愛的比卡超造型帽，帽子上有兩顆紅色的圓點。它正坐在一張花卉圖案的沙發上，沙發旁邊有一把木質的吉他，吉他上有一個銀色的調音器。一隻手正輕輕地觸摸著吉他弦，似乎在彈奏。

3. 一隻金毛獵犬，頭上戴著一頂可愛的比卡超造型帽，帽子上有兩顆紅色的圓點。它正坐在一張花卉圖案的沙發上，沙發旁邊有一把木質的吉他，吉他上有一個銀色的調音器。一隻手正輕輕地觸摸著吉他弦，似乎在彈奏。"
origin_dataset/1515674228243.jpg,"1. 這張照片展示了兩位年輕人站在一座現代建築前，建築的設計獨特，由三角形玻璃構成，頂部尖銳，直指天空。背景是晴朗的藍天，建築兩側有幾棵樹，地面上鋪有石板路，兩位年輕人站在路的盡頭，面帶微笑，其中一位比出V字形的手勢。

2. 這張照片中，兩位年輕人站在一座現代建築前，建築的設計非常獨特，由三角形玻璃構成，頂部尖銳，直指天空。建築兩側有幾棵樹，背景是晴朗的藍天。兩位年輕人站在路的盡頭，面帶微笑，其中一位比出V字形的手勢。建築的設計與周圍環境形成鮮明對比，顯得格外引人注目。

3. 這張照片捕捉到了兩位年輕人站在一座現代建築前的瞬間，建築的設計非常獨特，由三角形玻璃構成，頂部尖銳，直指天空。建築兩側有幾棵樹，背景是晴朗的藍天。兩位年輕人站在路的盡頭，面帶微笑，其中一位比出V字形的手勢。建築的設計與周圍環境形成鮮明對比，顯得格外引人注目。建築的設計與周圍環境形成鮮明對比，顯得格外引人注目。"
origin_dataset/你花在你玫瑰身上的時間，使你的玫瑰如此重要.jpg,"1. 這張圖片展示了一位小男孩，他穿着綠色的連身衣，頭上有一個黃色的頭巾，手中捧著一束玫瑰花。背景是簡單的白色，突出了小男孩和玫瑰花的圖案。圖片下方有一段法文的引言，出自安東尼·德·聖艾修伯里，內容是：“你有過的玫瑰，使你成為如此重要的存在。”

2. 圖片中，一位小男孩站在一片簡單的白色背景前，他身著綠色連身衣，頭上系著一塊黃色的頭巾，手中捧著一束鮮紅的玫瑰花。在圖片的右側，有一段法文的引言，出自法國作家安東尼·德·聖艾修伯里，內容是：“你有過的玫瑰，使你成為如此重要的存在。”

3. 這張圖片中，一位小男孩站在一片簡單的白色背景前，他身著綠色連身衣，頭上系著一塊黃色的頭巾，手中捧著一束鮮紅的玫瑰花。在圖片的右側，有一段法文的引言，出自法國作家安東尼·德·聖艾修伯里，內容是：“你有過的玫瑰，使你成為如此重要的存在。”"
origin_dataset/IMG_20210801_143051_098.jpg,"1. 這張圖展示了7T1C電路操作的原理圖，圖中包含電路元件和信號波形圖。電路元件包括電壓參考（Vref_P和Vref_N）、電源電壓（OVDD和OVSS）、以及控制電路的開關（S1、S2和S1+1）。信號波形圖顯示了Reset、Emission（發光）和Compensation（補償）的時間波形，以及Data和Vref_P之間的關係。

2. 圖中電路元件的動作原理如下：當Data和Vref_P的差值達到一定條件時，S1和S2會被控制開關，使得電路進入Emission（發光）狀態。Reset信號則會將電路恢復到初始狀態。Compensation（補償）部分則是為了調整電路的輸出，確保在不同條件下電路的穩定性。

3. 電路中的電流Id的計算公式為：Id=K(Vgs-Vth)^2，其中K為電路的增益係數，Vgs為電源電壓與Vth（閥值電壓）的差值。電路的電流Id會根據Data和Vref_P的差值變化，並通過電路的增益係數K進行調整，以達到最佳的電路性能。"
origin_dataset/20240526_231659.jpg,"1. 這張照片中，一個人面帶微笑，露出整齊的牙齒。他穿着一件深色的上衣，背景是白色的牆壁，牆壁上有一些黑色的圖案。他的頭髮是黑色的，稍微有些凌亂，耳朵顯得比較大。他的臉部特寫，表現出一種親切和友好的感覺。

2. 這張照片捕捉到了一個人的側臉，他面帶微笑，露出整齊的牙齒。他穿着一件深色的上衣，背景是白色的牆壁，牆壁上有一些黑色的圖案。他的頭髮是黑色的，稍微有些凌亂，耳朵顯得比較大。他的臉部特寫，表現出一種親切和友好的感覺。

3. 這張照片中，一個人面帶微笑，露出整齊的牙齒。他穿着一件深色的上衣，背景是白色的牆壁，牆壁上有一些黑色的圖案。他的頭髮是黑色的，稍微有些凌亂，耳朵顯得比較大。他的臉部特寫，表現出一種親切和友好的感覺。"
origin_dataset/1562820329659.jpg,"1. 一位年輕男子站在一個大型的充氣玩偶旁邊，這個玩偶是綠色的，頭部有一個大大的方形窗口，窗口內有一個簡單的卡通臉，臉上帶有微笑。玩偶的臉部裝飾有幾個彩色的按鈕，包括一個黃色的十字按鈕和幾個彩色的圓形按鈕。男子穿着黑色短袖T恤和牛仔褲，雙手叉腰，面帶微笑，似乎在拍照留念。背景中可以看到一些室內裝飾和標誌，顯示這可能是在一個室內活動或展覽場所。

2. 一位年輕人站在一個大型的充氣玩偶旁邊，這個玩偶是綠色的，頭部有一個大大的方形窗口，窗口內有一個簡單的卡通臉，臉上帶有微笑。玩偶的臉部裝飾有幾個彩色的按鈕，包括一個黃色的十字按鈕和幾個彩色的圓形按鈕。男子穿着黑色短袖T恤和牛仔褲，雙手叉腰，面帶微笑，似乎在拍照留念。背景中可以看到一些室內裝飾和標誌，顯示這可能是在一個室內活動或展覽場所。

3. 一位年輕男子站在一個大型的充氣玩偶旁邊，這個玩偶是綠色的，頭部有一個大大的方形窗口，窗口內有一個簡單的卡通臉，臉上帶有微笑。玩偶的臉部裝飾有幾個彩色的按鈕，包括一個黃色的十字按鈕和幾個彩色的圓形按鈕。男子穿着黑色短袖T恤和牛仔褲，雙手叉腰，面帶微笑，似乎在拍照留念。背景中可以看到一些室內裝飾和標誌，顯示這可能是在一個室內活動或展覽場所。"
origin_dataset/20240413_181543.jpg,"1. 一位年輕男子站在鏡子前，身穿橄欖綠色T恤，搭配灰色短褲，雙手舉起一部手機，正在自拍。背景中可以看到一扇門和牆壁上的裝飾，門上掛有幾面小旗子，牆壁上貼有黃色的警告標誌。男子的姿態自然，表情平靜，似乎在捕捉鏡頭中的自己。

2. 這張照片展示了一位年輕的男性，他站在一個室內環境中，身穿橄欖綠色T恤和灰色短褲。他雙手舉起一部手機，正在鏡子前自拍。背景中可以看到一扇門和牆壁上的裝飾，門上掛有小旗子，牆壁上貼有黃色的警告標誌。男子的姿態和表情看起來很自然，似乎在享受自拍的過程。

3. 這張照片中，一位年輕的男性站在鏡子前，身穿橄欖綠色T恤和灰色短褲，雙手舉起一部手機，正在自拍。背景中可以看到一扇門和牆壁上的裝飾，門上掛有小旗子，牆壁上貼有黃色的警告標誌。男子的姿態自然，表情平靜，似乎在捕捉鏡頭中的自己。"
origin_dataset/1562820808864.jpg,"1. 三位年輕人站在街邊，背景是綠樹成蔭的街道和一輛白色巴士。其中一位戴著藍色Adidas帽子，穿著白色T恤，另外兩位則穿著深色上衣，其中一位背著背包。他們面帶微笑，似乎在拍照留念。

2. 這張照片捕捉到了三位年輕人在一起的瞬間，他們站在一個有廣告牌的街角。背景中可以看到一輛白色巴士和綠色的樹木，顯示出一個城市環境。他們的姿態和表情看起來很開心，可能是在享受彼此的陪伴。

3. 三位年輕人站在一個城市街角，背景是綠樹和一輛白色巴士。其中一位戴著藍色Adidas帽子，穿著白色T恤，另外兩位則穿著深色上衣，其中一位背著背包。他們面帶微笑，似乎在拍照留念，周圍的環境看起來很開闊，充滿了自然的氛圍。"
origin_dataset/20230704_190510.jpg,"1. 夕陽西下，天空被染成金黃色，雲層在夕陽的照耀下呈現出層層疊疊的顏色。遠處的建築物在夕陽的餘暉中顯得格外靜謐，建築的邊緣被夕陽的餘暉染成橙色，建築的窗戶在夕陽的照耀下閃爍著微光。建築的屋頂和牆壁在夕陽的照耀下顯得格外鮮明，建築的屋頂和牆壁在夕陽的照耀下顯得格外鮮明。

2. 夕陽西下，天空被染成金黃色，雲層在夕陽的照耀下呈現出層層疊疊的顏色。遠處的建築物在夕陽的餘暉中顯得格外靜謐，建築的邊緣被夕陽的餘暉染成橙色，建築的窗戶在夕陽的照耀下閃爍著微光。建築的屋頂和牆壁在夕陽的照耀下顯得格外鮮明，建築的屋頂和牆壁在夕陽的照耀下顯得格外鮮明。

3. 夕陽西下，天空被染成金黃色，雲層在夕陽的照耀下呈現出層層疊疊的顏色。遠處的建築物在夕陽的餘暉中顯得格外靜謐，建築的邊緣被夕陽的餘暉染成橙色，建築的窗戶在夕陽的照耀下閃爍著微光。建築的屋頂和牆壁在夕陽的照耀下顯得格外鮮明，建築的屋頂和牆壁在夕陽的照耀下顯得格外鮮明。"
origin_dataset/IMG_20180924_125753_456.jpg,"1. 一位年輕的男子坐在草地上，背景是遠處的山丘和一些建築物。他穿着一件深色的短袖T恤和藍色牛仔褲，腳上是黑色的運動鞋。他的姿勢是雙腿交叉，雙手交疊放在膝蓋上，面帶沉思的神情，似乎在享受這片寧靜的環境。

2. 這張照片捕捉到了一個年輕男子在戶外的瞬間。他坐在一片綠意盎然的草地上，背後是遠處的山丘和一些建築物。男子的姿態是雙腿交叉，雙手交疊放在膝蓋上，面帶沉思的神情。他穿著一件深色的短袖T恤和藍色牛仔褲，腳上是黑色的運動鞋。整體氛圍平靜而寧靜。

3. 這張照片展示了一位年輕男子在戶外的場景。他坐在一片綠意盎然的草地上，背後是遠處的山丘和一些建築物。男子的姿態是雙腿交叉，雙手交疊放在膝蓋上，面帶沉思的神情。他穿著一件深色的短袖T恤和藍色牛仔褲，腳上是黑色的運動鞋。整體氛圍平靜而寧靜，似乎在享受這片寧靜的環境。"
origin_dataset/line_1511503221126.jpg,"1. 這張照片中，一個人站在樹林前，背景是茂密的綠葉和樹幹。他穿着一件黑色和黃色相間的背心，頭髮是黑色的，略顯凌亂。他的表情看起來很開心，眼睛睜得很大，嘴巴微張，似乎在微笑。

2. 照片中的人站在一個綠意盎然的環境中，背景是樹木和綠葉。他穿著一件黑色和黃色相間的背心，頭髮是黑色的，看起來有些凌亂。他的臉上帶有開心的表情，眼睛睜得很大，嘴巴微張，似乎在微笑。

3. 這張照片捕捉到了一個人在樹林前的瞬間。他穿著一件黑色和黃色相間的背心，頭髮是黑色的，看起來有些凌亂。他的臉上帶有開心的表情，眼睛睜得很大，嘴巴微張，似乎在微笑。背景是茂密的綠葉和樹幹，營造出一種自然的氛圍。"
origin_dataset/FB_IMG_1485272665433(1)(1).jpg,"1. 一張照片中，展示了一個戶外的場景。照片的中心是一個由石頭製成的圓形桌子，桌子的邊緣有幾塊石頭組成的座位。桌子的表面鋪了一塊色彩鮮豔的布，可能是用來坐或休息的。桌子的後方有一棵樹，樹的樹幹粗壯，樹葉茂盛，為這個場景提供了綠色的背景。在桌子的後方，有一堵紅磚牆，牆上沒有任何裝飾。牆的後方還有一棟建築，建築的頂部有一個白色的屋頂。整體來說，這個場景看起來像是在一個鄉村或農村地區，環境比較簡樸。

2. 這張照片展示了一個戶外的空間，其中心是一個由石頭製成的圓形桌子。桌子的邊緣有幾塊石頭組成的座位，表面鋪了一塊色彩鮮豔的布。桌子後方有一棵樹，樹的樹幹粗壯，樹葉茂盛。樹的後方有一堵紅磚牆，牆上沒有任何裝飾。牆的後方還有一棟建築，建築的頂部有一個白色的屋頂。這個場景看起來像是在一個鄉村或農村地區，環境比較簡樸。

3. 這張照片中，一個戶外的場景被捕捉到。照片的中心是一個由石頭製成的圓形桌子，桌子的邊緣有幾塊石頭組成的座位，表面鋪了一塊色彩鮮豔的布。桌子後方有一棵樹，樹的樹幹粗壯，樹葉茂盛。樹的後方有一堵紅磚牆，牆上沒有任何裝飾。牆的後方還有一棟建築，建築的頂部有一個白色的屋頂。這個場景看起來像是在一個鄉村或農村地區，環境比較簡樸。"
origin_dataset/IMG20220220161551.jpg,"1. 這幅畫作展示了兩幅不同的風景畫，每幅畫都充滿了鮮豔的色彩和細膩的筆觸。左側的畫面中，有一個男人和一個女人在樹林中行走，背景是茂密的樹木和一捆捆的稻草堆。右側的畫面則是一條蜿蜒的小路，兩旁是茂盛的樹木和花叢，遠處可以看到一片廣闊的田野和遠山。

2. 這兩幅畫作都採用了印象派的繪畫風格，通過細膩的筆觸和鮮豔的色彩表現出自然的美麗。左側的畫面中，人物的服裝和周圍的環境都呈現出一種輕盈而自然的感覺，而右側的畫面則表現出一種寧靜而祥和的氛圍，遠處的景觀和近處的植物都顯得非常生動。

3. 這兩幅畫作分別展示了不同的自然風景，左側的畫面中，人物在樹林中行走，背景是茂密的樹木和一捆捆的稻草堆，表現出一種鄉村的寧靜和自然的美麗。右側的畫面則是一條蜿蜒的小路，兩旁是茂盛的樹木和花叢，遠處可以看到一片廣闊的田野和遠山，表現出一種寧靜而祥和的氛圍。兩幅畫作都採用了印象派的繪畫風格，通過細膩的筆觸和鮮豔的色彩表現出自然的美麗。"
origin_dataset/20240906_185649.jpg,"1. 一輛黑色的機車停在馬路邊，車頭朝向攝影機。機車的車牌號碼為「57-03H」，車頭裝有一個藍色的頭盔。機車的座位後方有一個粉紅色的袋子，袋子上似乎有黑色的字跡。機車的後方有一個黑色的後座，後座上放著一個黑色的背包。機車的車頭部分有一些反光，顯示出周圍環境的光線。機車停在一個水泥地面上，地面上有一些雜草和磚塊。機車的車頭部分有一些反光，顯示出周圍環境的光線。機車的車頭部分有一些反光，顯示出周圍環境的光線。

2. 一輛黑色的機車停在馬路邊，車頭朝向攝影機。機車的車牌號碼為「57-03H」，車頭裝有一個藍色的頭盔。機車的座位後方有一個粉紅色的袋子，袋子上似乎有黑色的字跡。機車的後方有一個黑色的後座，後座上放著一個黑色的背包。機車的車頭部分有一些反光，顯示出周圍環境的光線。機車停在一個水泥地面上，地面上有一些雜草和磚塊。機車的車頭部分有一些反光，顯示出周圍環境的光線。機車的車頭部分有一些反光，顯示出周圍環境的光線。

3. 一輛黑色的機車停在馬路邊，車頭朝向攝影機。機車的車牌號碼為「57-03H」，車頭裝有一個藍色的頭盔。機車的座位後方有一個粉紅色的袋子，袋子上似乎有黑色的字跡。機車的後方有一個黑色的後座，後座上放著一個黑色的背包。機車的車頭部分有一些反光，顯示出周圍環境的光線。機車停在一個水泥地面上，地面上有一些雜草和磚塊。機車的車頭部分有一些反光，顯示出周圍環境的光線。機車的車頭部分有一些反光，顯示出周圍環境的光線。"
origin_dataset/IMG20210421130524.jpg,"1. 這是一張台灣的文件，上面有中華民國國旗和紅色的印章。文件內容是關於後備軍人的結訓令，列明了後備軍人應依法列為後備軍人，並應接受動員、臨時、教育、勤務、點閱等各種召集及主管機關之編組管理。文件還強調後備軍人應對公務有終身保守機密之責任，並要求妥善保管此結訓令，如有遺失，應向戶籍所在地縣市後備指揮部申請補發遺失證明。

2. 文件的上半部分有中華民國國旗和紅色的印章，印章內有漢字和圖案。文件內容是關於後備軍人的結訓令，列明了後備軍人應依法列為後備軍人，並應接受動員、臨時、教育、勤務、點閱等各種召集及主管機關之編組管理。文件還強調後備軍人應對公務有終身保守機密之責任，並要求妥善保管此結訓令，如有遺失，應向戶籍所在地縣市後備指揮部申請補發遺失證明。

3. 文件的上半部分有中華民國國旗和紅色的印章，印章內有漢字和圖案。文件內容是關於後備軍人的結訓令，列明了後備軍人應依法列為後備軍人，並應接受動員、臨時、教育、勤務、點閱等各種召集及主管機關之編組管理。文件還強調後備軍人應對公務有終身保守機密之責任，並要求妥善保管此結訓令，如有遺失，應向戶籍所在地縣市後備指揮部申請補發遺失證明。文件的最後還註明了中華民國的年份。"
origin_dataset/IMG20220317131955.jpg,"1. 一處湖泊，湖水靜謐，反射著天空的陰沉。湖邊長滿綠樹，遠處有一棟高聳的建築，建築的倒影在湖面上清晰可見。天空陰沉，雲層厚重，給整體景色帶來一種沉靜的氛圍。

2. 湖泊周圍是茂密的綠樹，遠處有一座高樓，建築的影子倒映在湖面上。天空陰沉，雲層厚重，給整體景色帶來一種沉靜的氛圍。湖水靜謐，反射著天空的陰沉，遠處的建築與周圍的綠樹形成鮮明對比。

3. 湖泊周圍是茂密的綠樹，遠處有一座高樓，建築的影子倒映在湖面上。天空陰沉，雲層厚重，給整體景色帶來一種沉靜的氛圍。湖水靜謐，反射著天空的陰沉，遠處的建築與周圍的綠樹形成鮮明對比。"
origin_dataset/IMG20220304141434.jpg,"1. 這是一張公園的照片，樹木茂盛，樹幹粗壯，樹葉在微風中輕輕搖曳。公園內有綠色的草地，散落著一些樹枝和枯葉。遠處可以看到一些建築物的屋頂，天空晴朗，陽光從樹葉間透射下來，形成斑斕的光影效果。

2. 圖片展示了一個公園的景象，樹木佔據了主要視野，樹幹筆直而粗壯，樹葉稀疏，顯露出秋天的特徵。公園內有綠色的草地，散落著一些樹枝和枯葉，地面上鋪設了磚塊的小路，兩旁有綠色的圍欄。遠處的樹木和建築物在背景中若隱若現，天空湛藍，陽光從樹葉間照射下來，形成斑斕的光影效果。

3. 這張照片捕捉到了一個公園的景色，樹木佔據了主要視野，樹幹粗壯，樹葉稀疏，顯示出秋天的特徵。公園內有綠色的草地，散落著一些樹枝和枯葉，地面上鋪設了磚塊的小路，兩旁有綠色的圍欄。遠處的樹木和建築物在背景中若隱若現，天空晴朗，陽光從樹葉間照射下來，形成斑斕的光影效果。"
origin_dataset/IMG20220316155650.jpg,"1. 海邊的小徑，兩旁是茂盛的綠草和開滿白色小花的植物，遠處是波濤洶涌的海面，天空陰沉，雲層厚重。

2. 一條蜿蜒的小徑通向海岸，兩側是綠意盎然的植被，海浪拍打著海岸，遠處有兩個人坐在草地上，享受著這片寧靜的海景。

3. 海邊的風景，一條小徑從陸地延伸至海岸，兩旁是茂盛的綠草和開滿白色小花的植物，海面波濤洶涌，天空陰沉，遠處有兩個人坐在草地上，享受著這片寧靜的海景。"
origin_dataset/received_947869148647202(1)(1).jpeg,"1. 這是一座現代建築風格的教堂，建築外牆採用金屬網狀裝飾，呈現出一種獨特的幾何美感。教堂的設計簡潔而大膽，頂部有一個十字架，象徵著基督教信仰。教堂前方是一片寬闊的綠草地，背景是藍天和幾棵樹木，環境非常寧靜。

2. 這座教堂位於一個開放的綠地之中，建築的設計非常獨特，外牆由金屬網狀裝飾構成，形成一種現代感十足的視覺效果。教堂的頂部有一個十字架，顯示出其宗教用途。建築的設計與周圍的自然環境形成鮮明對比，使得教堂成為當地的一個重要地標。

3. 這座教堂位於一片綠意盎然的公園之中，建築的設計非常現代，外牆採用金屬網狀裝飾，呈現出一種獨特的幾何美感。教堂的頂部有一個十字架，象徵著基督教信仰。建築的設計簡潔而大膽，與周圍的自然環境形成鮮明對比，使得教堂成為當地的一個重要地標。"
origin_dataset/20240510_171524.jpg,"1. 一位年輕的男子，留著短黑髮，臉上帶著輕微的鬍子，身穿深色無袖上衣，站在浴室鏡前，手持一部手機，鏡子上有些水霧，背景是浴室的玻璃門和牆壁。

2. 男子側身站立，頭部稍微傾斜，目光直視鏡子，表情平靜，手部輕鬆地撐在鏡子邊緣，鏡子反射出浴室的內部，包括一扇玻璃門和牆壁上的幾塊方磚。

3. 男子側身，頭部微微傾斜，雙手撐在鏡子邊緣，鏡子上有些水霧，反射出浴室的內部，包括一扇玻璃門和牆壁上的幾塊方磚，男子身穿深色無袖上衣，臉上帶著輕微的鬍子，表情平靜。"
origin_dataset/1535382549015_1.jpg,"1. 一位年輕男子坐在室內，頭戴一頂黑色棒球帽，帽檐朝前。他身穿一件深色V領T恤和淺色牛仔褲，雙手握著一部手機，似乎在看螢幕。他的手腕上戴著一塊黑色的手錶。背景中可以看到其他幾個人，他們似乎在進行不同的活動，例如使用電腦或飲食。環境看起來像是咖啡廳或餐廳，有木製的桌椅和落地窗，透進來的自然光使得整個場景顯得明亮而舒適。

2. 一位年輕的男性坐在室內，頭戴一頂黑色的棒球帽，帽檐朝前。他身著一件深色的V領T恤和淺色的牛仔褲，雙手握著一部手機，似乎在專注地查看螢幕。他的手腕上戴著一塊黑色的手錶。背景中可以看到其他幾個人，他們在不同的活動中，例如使用電腦或飲食。場景看起來像是咖啡廳或餐廳，有木製的桌椅和落地窗，自然光從窗外照射進來，使得整個場景顯得明亮而溫馨。

3. 一位年輕的男性坐在室內，頭戴一頂黑色的棒球帽，帽檐朝前。他身著一件深色的V領T恤和淺色的牛仔褲，雙手握著一部手機，似乎在專注地查看螢幕。他的手腕上戴著一塊黑色的手錶。背景中可以看到其他幾個人，他們在不同的活動中，例如使用電腦或飲食。場景看起來像是咖啡廳或餐廳，有木製的桌椅和落地窗，自然光從窗外照射進來，使得整個場景顯得明亮而溫馨。"
origin_dataset/IMG20220304114435.jpg,"1. 這是一張展示在陰天下的道路照片。路面上有標誌性的白色虛線和實線，指示車輛行駛方向。道路兩側有綠色的植被和棕櫚樹，遠處可以看到一些建築物和行人。天空灰蒙蒙的，沒有陽光，整體氛圍略顯陰沉。

2. 照片中有一輛藍色的貨車停在道路邊緣，車身上有廣告。道路兩側設有交通燈和路障，以控制車輛和行人通行。遠處可以看到一些建築物和樹木，天空陰沉，沒有明顯的陽光，整體環境略顯冷清。

3. 這張照片捕捉到了一個陰天的路況。道路寬闊，兩側有綠化帶和棕櫚樹，遠處有建築物和行人。道路兩側設有交通燈和路障，控制車輛和行人通行。天空灰蒙蒙的，沒有陽光，整體氛圍略顯陰沉。"
origin_dataset/IMG_20180727_122607_480.jpg,"1. 這是一輛停放在室內展覽會場的印度機車。機車的車身為深色，車頭裝有圓形前燈，車把上裝有後視鏡。車頭前方的車牌上寫有「Indian」字樣，顯示出這輛機車的品牌。車頭下方裝有前擋泥板，車輪為黑色輪圈，輪胎為黑色。車身後方裝有後座，車座為黑色皮質。車身後方還裝有車尾燈，車尾燈為橙色。車身後方還裝有車尾燈，車尾燈為橙色。車身後方還裝有車尾燈，車尾燈為橙色。

2. 這輛印度機車停放在室內展覽會場，周圍有幾位參觀者。參觀者們站在機車旁邊，似乎在觀看或評論這輛機車。機車的車身為深色，車頭裝有圓形前燈，車把上裝有後視鏡。車頭前方的車牌上寫有「Indian」字樣，顯示出這輛機車的品牌。車頭下方裝有前擋泥板，車輪為黑色輪圈，輪胎為黑色。車身後方裝有後座，車座為黑色皮質。車身後方還裝有車尾燈，車尾燈為橙色。

3. 這是一輛停放在室內展覽會場的印度機車。機車的車身為深色，車頭裝有圓形前燈，車把上裝有後視鏡。車頭前方的車牌上寫有「Indian」字樣，顯示出這輛機車的品牌。車頭下方裝有前擋泥板，車輪為黑色輪圈，輪胎為黑色。車身後方裝有後座，車座為黑色皮質。車身後方還裝有車尾燈，車尾燈為橙色。機車停放在室內展覽會場，周圍有幾位參觀者。參觀者們站在機車旁邊，似乎在觀看或評論這輛機車。"
origin_dataset/IMG20200218150342.jpg,"1. 一張照片中，一個人坐在公園的草地上，雙腳翹起，穿著棕色的鞋子和破洞的牛仔褲。背景是晴朗的藍天，遠處是現代化的建築群，包括幾棟高樓和一些建築物。公園內有綠樹和一條小橋，橋下有一條小河，河面上有幾艘船。公園的環境看起來很寧靜，有幾個人在河邊散步或休閒。

2. 這張照片捕捉到了一個城市公園的場景。一個人坐在草地上，雙腳翹起，穿著棕色的鞋子和破洞的牛仔褲。背景是晴朗的藍天，遠處是現代化的建築群，包括幾棟高樓和一些建築物。公園內有綠樹和一條小橋，橋下有一條小河，河面上有幾艘船。公園的環境看起來很寧靜，有幾個人在河邊散步或休閒。

3. 這張照片展示了一个人坐在公園的草地上，雙腳翹起，穿著棕色的鞋子和破洞的牛仔褲。背景是晴朗的藍天，遠處是現代化的建築群，包括幾棟高樓和一些建築物。公園內有綠樹和一條小橋，橋下有一條小河，河面上有幾艘船。公園的環境看起來很寧靜，有幾個人在河邊散步或休閒。"
origin_dataset/20240529_144800.jpg,"1. 腋下有一塊白色的紗布，紗布上貼著一塊透明的膠帶，膠帶的一端露出了一塊白色的紗布。紗布的顏色是白色的，質地比較鬆軟。膠帶的顏色是透明的，質地比較薄，貼在皮膚上不會顯得突兀。皮膚的顏色是正常的膚色，沒有明顯的紅腫或發炎的跡象。皮膚的質地比較光滑，沒有明顯的皺紋或疤痕。皮膚的顏色比較均勻，沒有明顯的色差。皮膚的質地比較緊實，沒有明顯的鬆弛或鬆軟的跡象。皮膚的顏色比較均勻，沒有明顯的色差。皮膚的質地比較緊實，沒有明顯的鬆弛或鬆軟的跡象。

2. 腋下有一塊白色的紗布，紗布上貼著一塊透明的膠帶，膠帶的一端露出了一塊白色的紗布。紗布的顏色是白色的，質地比較鬆軟。膠帶的顏色是透明的，質地比較薄，貼在皮膚上不會顯得突兀。皮膚的顏色是正常的膚色，沒有明顯的紅腫或發炎的跡象。皮膚的質地比較光滑，沒有明顯的皺紋或疤痕。皮膚的顏色比較均勻，沒有明顯的色差。皮膚的質地比較緊實，沒有明顯的鬆弛或鬆軟的跡象。皮膚的顏色比較均勻，沒有明顯的色差。皮膚的質地比較緊實，沒有明顯的鬆弛或鬆軟的跡象。

3. 腋下有一塊白色的紗布，紗布上貼著一塊透明的膠帶，膠帶的一端露出了一塊白色的紗布。紗布的顏色是白色的，質地比較鬆軟。膠帶的顏色是透明的，質地比較薄，貼在皮膚上不會顯得突兀。皮膚的顏色是正常的膚色，沒有明顯的紅腫或發炎的跡象。皮膚的質地比較光滑，沒有明顯的皺紋或疤痕。皮膚的顏色比較均勻，沒有明顯的色差。皮膚的質地比較緊實，沒有明顯的鬆弛或鬆軟的跡象。皮膚的顏色比較均勻，沒有明顯的色差。皮膚的質地比較緊實，沒有明顯的鬆弛或鬆軟的跡象。"
origin_dataset/IMG20220308151519.jpg,"1. 一望無際的湖面，水波輕盪，反射著陽光，閃爍著銀色的光芒。湖邊的綠叢中，有幾株高大的葦草隨風搖曳，遠處的天際線清晰可見，天空湛藍無雲，陽光從上方照射下來，形成一道光線斜貫天際。

2. 湖面寬廣，水色清澈，波光粼粼，反射著陽光，遠處的天際線與湖水相接，形成一道自然的分界線。湖邊的綠叢中，有幾株高大的葦草隨風搖曳，近處的植物茂盛，綠意盎然，遠處的建築物隱約可見，構成了一幅寧靜的自然風景畫。

3. 湖面寬廣，水色清澈，波光粼粼，遠處的天際線與湖水相接，形成一道自然的分界線。湖邊的綠叢中，有幾株高大的葦草隨風搖曳，近處的植物茂盛，遠處的建築物隱約可見，構成了一幅寧靜的自然風景畫。陽光從上方照射下來，形成一道光線斜貫天際，為整幅畫面增添了一絲動感。"
origin_dataset/1529166181832.jpg,"1. 五位畢業生身著學士服，頭戴學士帽，站在一座尖頂建築前，背景是藍天和綠樹，他們面帶微笑，其中一人舉起雙手比出勝利的V字形，另一人則手持一束鮮花，表情開心，似乎剛剛參加完畢業典禮。

2. 這張照片捕捉到了五位畢業生的歡樂時刻，他們站在一座現代建築前，建築的尖頂設計引人注目。畢業生們身著學士服，頭戴學士帽，面帶笑容，其中一人比出勝利的V字形，另一人則手持鮮花，背景是晴朗的藍天和茂盛的綠樹，顯示出他們畢業的喜悅和成就。

3. 五位畢業生站在一座尖頂建築前，他們身著學士服，頭戴學士帽，面帶笑容，其中一人比出勝利的V字形，另一人手持鮮花。背景是晴朗的藍天和茂盛的綠樹，建築的現代設計與他們的學士服形成鮮明對比，彰顯出他們畢業的喜悅和成就。"
origin_dataset/IMG20220315123523.jpg,"1. 一間日式風格的餐廳，牆壁上裝飾著簡單的植物，環境溫馨。桌椅採用傳統日式設計，木質桌椅上放著一本菜單，上面有手繪的圖案和文字，內容包括咖啡、茶和日式飲品的選擇。餐廳內有幾位客人，他們坐在桌子旁，似乎在享受餐點或聊天。

2. 桌面上有一本菜單，上面有手繪的圖案和文字，內容包括咖啡、茶和日式飲品的選擇。菜單放在一個木製的支架上，支架下方有一個小型的機器，可能是用於點菜或服務的設備。背景中可以看到幾張木製的桌椅和一扇裝飾簡單的門，門上掛著一串綠色的植物裝飾。

3. 一間日式風格的餐廳，牆壁上裝飾著簡單的植物，環境溫馨。桌椅採用傳統日式設計，木質桌椅上放著一本菜單，上面有手繪的圖案和文字，內容包括咖啡、茶和日式飲品的選擇。餐廳內有幾位客人，他們坐在桌子旁，似乎在享受餐點或聊天。桌面上有一個小型的機器，可能是用於點菜或服務的設備。背景中可以看到幾張木製的桌椅和一扇裝飾簡單的門，門上掛著一串綠色的植物裝飾。"
origin_dataset/IMG_20170713_195154_966(1)(1).jpg,"1. 一間商店的玻璃窗內，展示著多種包裝好的食物，包括用透明塑料袋包裝的長條狀物品和方形的糕點。窗戶外側，有幾位行人經過，其中一位穿著短褲和T恤，正朝著商店走來。窗戶內還擺放著幾盆綠色植物，增添了一些綠意。窗戶下方的櫃台上，有一把刀和一張紙巾，紙巾上似乎寫著一些字。櫃台的下方是木質的櫃門，櫃門上有一個鎖孔。

2. 一間商店的玻璃窗內，展示著多種包裝好的食物，包括用透明塑料袋包裝的長條狀物品和方形的糕點。窗戶外側，有幾位行人經過，其中一位穿著短褲和T恤，正朝著商店走來。窗戶內還擺放著幾盆綠色植物，增添了一些綠意。窗戶下方的櫃台上，有一把刀和一張紙巾，紙巾上似乎寫著一些字。櫃台的下方是木質的櫃門，櫃門上有一個鎖孔。櫃台上還有一個透明的塑料手套，手套上有一把刀。

3. 一間商店的玻璃窗內，展示著多種包裝好的食物，包括用透明塑料袋包裝的長條狀物品和方形的糕點。窗戶外側，有幾位行人經過，其中一位穿著短褲和T恤，正朝著商店走來。窗戶內還擺放著幾盆綠色植物，增添了一些綠意。窗戶下方的櫃台上，有一把刀和一張紙巾，紙巾上似乎寫著一些字。櫃台的下方是木質的櫃門，櫃門上有一個鎖孔。櫃台上還有一個透明的塑料手套，手套上有一把刀。櫃台下方的櫃門上，有三個黃色的笑臉表情圖案。"
origin_dataset/IMG20200306160059.jpg,"這張圖片顯示了一張手寫的數學演算過程，內容涉及向量分析和偏微分方程。以下是圖片中的文字描述：

1. 這張圖片展示了向量場的二階導數計算過程，特別是涉及到向量場的散度和拉普拉斯算子的應用。文字中提到根據基本向量不會因為二階導數而改變。

2. 接下來，圖片中列出了在笛卡兒坐標系下，向量場的二階導數的計算公式，並指出在笛卡兒坐標系中，δij的值為0。

3. 接着，圖片中描述了在球坐標系下的向量場表示，並詳細列出了r、θ和φ坐標下的向量場表示。文字中提到r=rsinθcosφ，θ=rsinθsinφ，φ=rcosθ。

4. 最後，圖片中列出了在球坐標系下，向量場的偏導數的計算公式，並指出在r方向上的偏導數為0，θ方向上的偏導數為0，φ方向上的偏導數為0。文字中還列出了在r方向上的偏導數為0，θ方向上的偏導數為0，φ方向上的偏導數為0。"
origin_dataset/1529165009848.jpg,"1. 這張照片拍攝於一個畢業典禮的場景，背景是一座現代建築，建築的設計獨特，頂部有十字架。照片中有兩位年輕人，其中一位穿著畢業袍，另一位則穿著白色T恤和綠色短褲。他們站在建築前，背景中還有其他穿著畢業袍的人，似乎正在參加畢業典禮。天空晴朗，陽光明媚，整個場景充滿了慶祝的氣氛。

2. 這張照片捕捉到了一個重要的瞬間，即畢業典禮。照片中有兩位年輕人，一位穿著畢業袍，另一位則穿著便服。他們站在一座現代建築前，建築的設計非常獨特，頂部有十字架。背景中可以看到其他穿著畢業袍的人，他們似乎正在參加畢業典禮。整個場景充滿了慶祝的氣氛，天空晴朗，陽光明媚。

3. 這張照片展示了畢業典禮的場景。照片中有兩位年輕人，一位穿著畢業袍，另一位則穿著便服。他們站在一座現代建築前，建築的設計獨特，頂部有十字架。背景中可以看到其他穿著畢業袍的人，他們似乎正在參加畢業典禮。整個場景充滿了慶祝的氣氛，天空晴朗，陽光明媚。"
origin_dataset/20240626_121549.jpg,"1. 藍天白雲：天空湛藍，雲朵蓬鬆，形狀多變，散發著清新空氣的感覺。

2. 電線與樹木：電線橫跨天空，樹木在右側，綠葉茂盛，與藍天形成鮮明對比。

3. 城市風景：遠處建築物的屋頂部分在右側邊緣出現，顯示出城市建築的現代感。"
origin_dataset/1516339648092.jpg,"1. 一臺電視機正在播放一集動畫，電視機的畫面顯示了兩個卡通角色，一個是藍色的貓型角色，另一個是戴著紅色帽子的白色貓型角色。背景是一個室內的場景，有書架和一扇門。電視機的右上角顯示了頻道和節目的標誌。

2. 一臺電視機正在播放一集動畫，電視機的畫面顯示了兩個卡通角色，一個是藍色的貓型角色，另一個是戴著紅色帽子的白色貓型角色。背景是一個室內的場景，有書架和一扇門。電視機的右上角顯示了頻道和節目的標誌。電視機放置在一個黑色的桌子上，桌子的後方有一塊灰色的布簾。

3. 一臺電視機正在播放一集動畫，電視機的畫面顯示了兩個卡通角色，一個是藍色的貓型角色，另一個是戴著紅色帽子的白色貓型角色。背景是一個室內的場景，有書架和一扇門。電視機的右上角顯示了頻道和節目的標誌。電視機放置在一個黑色的桌子上，桌子的後方有一塊灰色的布簾。電視機的畫面下方有一行中文字幕，寫著「我才不会忘记你」。"
origin_dataset/20230710_122216.jpg,"1. 這是一間室內購物中心，建築設計現代，採用玻璃和鋼材構建，內部空間寬敞明亮。中庭設有餐廳區域，餐廳門口有鮮花裝飾，營造出溫馨的用餐氛圍。餐廳門口上方掛有餐廳的標誌，餐廳內部有顧客在用餐。牆壁上掛有廣告牌，展示美食圖片，吸引顧客注意。

2. 購物中心內部裝修現代，採用白色和米色為主調，營造出高雅的購物氛圍。中庭設有玻璃欄杆，可以從上層觀賞到下層的餐廳區域。餐廳區域內有顧客在用餐，餐廳門口有鮮花裝飾，營造出溫馨的用餐氛圍。牆壁上掛有廣告牌，展示美食圖片，吸引顧客注意。

3. 這是一間室內購物中心，建築設計現代，採用玻璃和鋼材構建，內部空間寬敞明亮。中庭設有餐廳區域，餐廳門口有鮮花裝飾，營造出溫馨的用餐氛圍。餐廳門口上方掛有餐廳的標誌，餐廳內部有顧客在用餐。牆壁上掛有廣告牌，展示美食圖片，吸引顧客注意。"
origin_dataset/1562820396642.jpg,"1. 三位年輕人站在一個大型充氣裝置前，裝置上有一個大大的卡通臉，臉上帶有微笑的表情。他們都面帶微笑，看起來非常開心。其中一位戴著一頂黃色的皮卡丘造型帽子，另外兩位則沒有戴帽子。他們的姿態各異，有站著的，有蹲著的，看起來像是在拍照留念。

2. 這張照片中有三位年輕人，他們站在一個室內場所，背景是一個大型的充氣裝置，裝置上有一個卡通形象，臉上帶有微笑的表情。他們都面帶微笑，看起來非常開心。其中一位戴著一頂黃色的皮卡丘造型帽子，另外兩位則沒有戴帽子。他們的姿態各異，有站著的，有蹲著的，看起來像是在拍照留念。

3. 三位年輕人站在一個室內場所，背景是一個大型的充氣裝置，裝置上有一個卡通形象，臉上帶有微笑的表情。他們都面帶微笑，看起來非常開心。其中一位戴著一頂黃色的皮卡丘造型帽子，另外兩位則沒有戴帽子。他們的姿態各異，有站著的，有蹲著的，看起來像是在拍照留念。"
origin_dataset/IMG20220316140932.jpg,"1. 一處公園，園內有一片水域，水面上散落著幾塊大小不一的岩石。周圍是茂密的綠樹，遠處有幾棵樹枝光禿的樹木。公園內鋪設了石板路，兩側種植了綠草，環境清幽，適合休閒散步。

2. 園區內有一座小橋，橋樑兩側是平整的石板路，橋下是清澈的水體，水面上有幾塊岩石。橋兩側是綠色的草地，草地旁邊是樹木，遠處的樹木枝葉茂盛，天空陰沉，似乎有雨意。

3. 公園內有一片水域，水面上散落著幾塊岩石，周圍是綠色的草地和樹木。遠處的樹木枝葉茂盛，天空陰沉，似乎有雨意。公園內鋪設了石板路，兩側種植了綠草，環境清幽，適合休閒散步。"
origin_dataset/IMG20220304121111.jpg,"1. 這張照片中，一個人戴著口罩和頭盔，背景是戶外的景觀，可能是在騎行或戶外活動。他穿著一件黑色的外套，肩上掛著一個迷彩背帶，可能是在進行戶外活動或運動。

2. 這張照片中，一個人戴著口罩和頭盔，背景是戶外的景觀，可能是在騎行或戶外活動。他穿著一件黑色的外套，肩上掛著一個迷彩背帶，可能是在進行戶外活動或運動。

3. 這張照片中，一個人戴著口罩和頭盔，背景是戶外的景觀，可能是在騎行或戶外活動。他穿著一件黑色的外套，肩上掛著一個迷彩背帶，可能是在進行戶外活動或運動。"
origin_dataset/IMG20220527201259.jpg,"1. 這幅畫是一幅以鉛筆繪製的肖像畫，畫中人物為男性，頭髮濃密，鬍鬚濃密，臉部表情沉思，目光直視觀者，畫面細節豐富，表現出人物的神韻和氣質。

2. 畫作採用細緻的鉛筆筆觸，表現出人物的面部特徵，包括細膩的髮線、濃密的鬍鬚和深邃的雙眼，畫面的線條清晰，層次分明，表現出畫家對細節的精準掌握。

3. 這幅畫作的風格屬於寫實主義，畫家通過細膩的鉛筆筆觸，表現出人物的真實面貌，畫面的構圖緊湊，人物的頭部和上半身佔據了畫面的主要部分，表現出畫家對人物特徵的深刻理解和表現能力。"
origin_dataset/20230826_150928.jpg,"1. 這張照片展示了一條寬闊的河流，河岸兩側綠樹成蔭，橋樑橫跨其上，遠處是現代化的建築群，天空湛藍，雲朵綿綿，景色宜人。

2. 河流兩岸綠意盎然，橋樑架在河上，遠處建築群林立，天空晴朗，雲朵散佈，環境優美。

3. 河流清澈，兩岸綠樹成蔭，橋樑橫跨其上，遠處建築群聳立，天空藍天白雲，景色宜人。"
origin_dataset/20230820_180848.jpg,"1. 天空中出現一道彩虹，橫跨在建築物與樹木之間。建築物的牆面是磚紅色，窗戶是白色，窗簾是淺色。樹木的葉子茂盛，綠意盎然。天空陰沉，雲層厚重，彩虹在灰暗的天空中顯得格外鮮豔。

2. 一場雨過後，天空中出現了一道彩虹。建築物的牆面是磚紅色，窗戶是白色，窗簾是淺色。樹木的葉子茂盛，綠意盎然。天空陰沉，雲層厚重，彩虹在灰暗的天空中顯得格外鮮豔。

3. 天空中出現一道彩虹，橫跨在建築物與樹木之間。建築物的牆面是磚紅色，窗戶是白色，窗簾是淺色。樹木的葉子茂盛，綠意盎然。天空陰沉，雲層厚重，彩虹在灰暗的天空中顯得格外鮮豔。"
origin_dataset/IMG20220313112128.jpg,"1. 一處海邊景點，天空湛藍，海面波光粼粼。地面上散落著幾塊大石頭，周圍有幾位遊客在閒逛。遠處有一座紅色的建築物，形狀獨特，引人注目。遊客們似乎在享受這片寧靜的海景。

2. 海邊的風景十分宜人，天空晴朗無雲，海面波光粼粼。地面上有幾塊大石頭，散落在綠色的草地上。遠處有一座紅色的建築物，形狀獨特，吸引了不少遊客的注意。遊客們在這片寧靜的海邊閒逛，享受著這份寧靜與美好。

3. 這是一處海邊的景點，天空湛藍，海面波光粼粼。地面上散落著幾塊大石頭，周圍有幾位遊客在閒逛。遠處有一座紅色的建築物，形狀獨特，引人注目。遊客們似乎在享受這片寧靜的海景，遠處的海天一色，讓人感到心曠神怡。"
origin_dataset/IMG20211016222213.jpg,"1. 這幅畫作是一幅水彩畫，畫中繪製了幾個圓形的水果，可能是檸檬。這些圓形的水果以黃色為主，並帶有淺黃色的漸變，表現出水果的真實質感。背景部分使用了藍色和紫色的漸變色，營造出一種清新、涼爽的氛圍。整體畫面簡單而生動，表現出水果的鮮美和生機。

2. 這幅水彩畫展示了幾個圓形的水果，可能是檸檬。畫面中的水果以黃色為主，並帶有淺黃色的漸變，表現出水果的真實質感。背景部分使用了藍色和紫色的漸變色，營造出一種清新、涼爽的氛圍。整體畫面簡單而生動，表現出水果的鮮美和生機。

3. 這幅水彩畫以圓形的水果為主題，可能是檸檬。畫面中的水果以黃色為主，並帶有淺黃色的漸變，表現出水果的真實質感。背景部分使用了藍色和紫色的漸變色，營造出一種清新、涼爽的氛圍。整體畫面簡單而生動，表現出水果的鮮美和生機。"
origin_dataset/20240224_233216.jpg,"1. 這張圖片顯示了一本書的某頁，頁面上有許多標籤和按鈕，例如「Rename」、「Open」、「Copy file path」、「Duplicate file」、「Download」、「Delete」等。這些按鈕似乎與文件管理有關。此外，還有一個藍色的方框，裡面寫著「輕鬆下載 YouTube 檔案」，這可能是一個應用程式或軟體的說明，允許用戶輕鬆下載 YouTube 上的影片或音檔。下方有一段程式碼，顯示了如何使用 Python 的模組來處理 YouTube 下載的錯誤和路徑問題。

2. 圖片中展示了一本關於文件管理與下載工具的書，頁面上有許多操作按鈕，如「Rename」、「Open」、「Copy file path」、「Duplicate file」、「Download」、「Delete」等，這些按鈕可能用於文件管理。此外，還有一個藍色方框，標題為「輕鬆下載 YouTube 檔案」，說明了如何使用該工具輕鬆下載 YouTube 上的影片或音檔。下方的程式碼示例展示了如何使用 Python 的模組來處理下載過程中的錯誤和路徑問題。

3. 這張圖片展示了一本關於文件管理與下載工具的書，頁面上有許多操作按鈕，包括「Rename」、「Open」、「Copy file path」、「Duplicate file」、「Download」、「Delete」等，這些按鈕用於文件管理。此外，還有一個藍色方框，標題為「輕鬆下載 YouTube 檔案」，說明了如何使用該工具輕鬆下載 YouTube 上的影片或音檔。下方的程式碼示例展示了如何使用 Python 的模組來處理下載過程中的錯誤和路徑問題。"
origin_dataset/IMG20220315153205.jpg,"1. 海邊的風景，遠處是藍色的海面，天空中雲層稀疏，有幾根電線杆和電線橫跨在空中，近處是茂密的綠色植被，看起來像是山丘或小山。

2. 這張照片展示了一片海邊的風景，海面寬廣，天空中散佈著一些雲朵，電線杆和電線在空中橫跨，近處的植被茂盛，看起來像是山丘或小山。

3. 海邊的風景，遠處是藍色的海面，天空中雲層稀疏，電線杆和電線橫跨在空中，近處是茂密的綠色植被，看起來像是山丘或小山。"
origin_dataset/20230820_154416.jpg,"1. 這張照片展示了一個位於海岸邊的公園，公園內有幾棵樹和一排長椅。背景中可以看到遠處的城市建築和一些建築物。天空布滿了厚重的雲層，顯示出陰沉的天氣。公園的地面是綠色的草地，鋪設了一條磚製的小路。遠處的海面上有幾艘船，海面波濤洶涌，顯示出風雨交加的氣象。

2. 照片中，公園的環境非常寧靜，幾棵樹排列在公園的邊緣，樹葉茂盛，為公園帶來了綠意。公園的長椅排列整齊，面向海面，供遊客休憩。遠處的城市建築和建築物在陰沉的天氣下若隱若現，顯示出城市的繁忙。海面上的風浪和天空的厚重雲層，顯示出風雨交加的氣象，但公園內的環境卻顯得非常平靜。

3. 這張照片捕捉到了一個海岸邊的公園，公園內有幾棵樹和一排長椅。公園的環境非常寧靜，幾棵樹排列在公園的邊緣，樹葉茂盛，為公園帶來了綠意。公園的長椅排列整齊，面向海面，供遊客休憩。遠處的城市建築和建築物在陰沉的天氣下若隱若現，顯示出城市的繁忙。海面上的風浪和天空的厚重雲層，顯示出風雨交加的氣象，但公園內的環境卻顯得非常平靜。"
origin_dataset/IMG20220304150703.jpg,"1. 這是一幅展示公園的圖片，公園內有茂密的樹木，樹葉在陽光下閃耀著綠色的光芒。公園的地面鋪滿了綠色的草地，散落著一些枯葉。遠處可以看到一些建築物，建築物的牆壁是白色的，與綠色的樹木形成鮮明對比。公園內有幾個人在活動，他們在享受著公園的氛圍。

2. 圖片中展示了一個公園的場景，公園內的樹木茂盛，樹葉在陽光下閃耀著綠色的光芒。公園的地面鋪滿了綠色的草地，散落著一些枯葉。遠處可以看到一些建築物，建築物的牆壁是白色的，與綠色的樹木形成鮮明對比。公園內有幾個人在活動，他們在享受著公園的氛圍。

3. 這張圖片展示了一個公園的場景，公園內的樹木茂盛，樹葉在陽光下閃耀著綠色的光芒。公園的地面鋪滿了綠色的草地，散落著一些枯葉。遠處可以看到一些建築物，建築物的牆壁是白色的，與綠色的樹木形成鮮明對比。公園內有幾個人在活動，他們在享受著公園的氛圍。"
origin_dataset/IMG20220326174938.jpg,"1. 一位年輕男子站在鏡子前，背對著鏡子，他沒有穿衣服，只穿著一雙黑色的內褲。他用右手舉著一部手機，似乎在拍照或錄影。鏡子上方掛著一串紅綠相間的旗幟，背景是一扇黑色的門，門上掛著一個標籤。牆壁是白色的，天花板上有一個紅色的燈光裝置。牆壁上還有一個標籤，上面寫著一些字。牆壁的下方有一個水龍頭，水龍頭的顏色是銀色的。

2. 一位年輕男子站在鏡子前，背對著鏡子，他沒有穿衣服，只穿著一雙黑色的內褲。他用右手舉著一部手機，似乎在拍照或錄影。鏡子上方掛著一串紅綠相間的旗幟，背景是一扇黑色的門，門上掛著一個標籤。牆壁是白色的，天花板上有一個紅色的燈光裝置。牆壁上還有一個標籤，上面寫著一些字。牆壁的下方有一個水龍頭，水龍頭的顏色是銀色的。牆壁的右側有一個標籤，上面寫著一些字。

3. 一位年輕男子站在鏡子前，背對著鏡子，他沒有穿衣服，只穿著一雙黑色的內褲。他用右手舉著一部手機，似乎在拍照或錄影。鏡子上方掛著一串紅綠相間的旗幟，背景是一扇黑色的門，門上掛著一個標籤。牆壁是白色的，天花板上有一個紅色的燈光裝置。牆壁上還有一個標籤，上面寫著一些字。牆壁的下方有一個水龍頭，水龍頭的顏色是銀色的。牆壁的右側有一個標籤，上面寫著一些字。"
origin_dataset/1529166036246.jpg,"1. 三位畢業生身著學士服，站在一座高聳的玻璃塔前，背景是藍天和綠樹，周圍有其他畢業生和觀眾。他們面帶微笑，手中握有畢業證書和禮物，似乎在慶祝畢業的時刻。

2. 這張照片捕捉到了三位畢業生的歡樂時刻，他們站在一個現代建築前，背景是晴朗的天空和茂密的樹木。他們的學士服上掛有學位證書，手中還握有禮物，顯得非常開心和自豪。

3. 三位畢業生在一個開放的場地，背景是藍天和一棟玻璃塔。他們身著學士服，手持畢業證書和禮物，面帶微笑，似乎在慶祝畢業。周圍有其他畢業生和觀眾，場景充滿了歡樂和慶祝的氣氛。"
origin_dataset/IMG20220220144845.jpg,"1. 一張展示在室內的裝飾畫，畫面中有一座綠色的橋樑，橋樑兩側是茂盛的植物和樹木，背景是垂吊的紫色和白色花朵，整體色彩鮮豔，充滿自然的氛圍。

2. 這張照片展示了一個室內裝飾場景，其中心是一幅大型的壁畫，壁畫上繪製了一片綠意盎然的景觀，包括一座綠色的橋樑和垂吊的紫色花朵，橋樑兩側是茂盛的植物和樹木，背景的色彩豐富，給人一種置身於自然中的感覺。

3. 這張照片捕捉到了一個室內裝飾的細節，其中心是一幅大型的壁畫，壁畫上繪製了一片綠意盎然的景觀，包括一座綠色的橋樑和垂吊的紫色花朵，橋樑兩側是茂盛的植物和樹木，背景的色彩豐富，給人一種置身於自然中的感覺。"
origin_dataset/1528036892731.jpg,"1. 這張照片是在電影院拍攝的，可以看到幾個觀眾坐在紅色的座椅上。前排的觀眾正在自拍，背景中可以看到其他觀眾在觀看電影。電影院的燈光較暗，只有幾束光線從上方照射下來。

2. 這張照片顯示了幾個朋友在電影院內的場景。前排的觀眾正在自拍，他們的臉上帶有微笑，顯得非常開心。背景中的其他觀眾則在聚精會神地觀看電影。電影院的環境比較昏暗，只有幾束光線從上方照射下來。

3. 這張照片是在電影院內拍攝的，可以看到幾個觀眾坐在紅色的座椅上。前排的觀眾正在自拍，他們的臉上帶有微笑，顯得非常開心。背景中的其他觀眾則在聚精會神地觀看電影。電影院的環境比較昏暗，只有幾束光線從上方照射下來。"
origin_dataset/20231019_134438.jpg,"1. 藍天白雲，現代建築林立，綠樹成蔭，城市景觀優美。

2. 高樓林立，玻璃幕牆反射陽光，建築設計現代，天空湛藍，雲朵輕盈。

3. 綠樹環繞，現代建築群落，藍天白雲，城市景觀清新，建築設計簡潔。"
origin_dataset/IMG20220220145554.jpg,"1. **色彩的旋律**  
   聽音樂的時候，腦海出現什麼畫面？  
   放夏重作的時候，耳邊響起什麼旋律？  
   人們可以透過其中一種感官所產生體驗，激發另一種感官的感覺，這種狀態稱之為「聯覺現象」，因此彷彿可以聽到色彩，看見音樂，聞到畫作。  
   由於聲音和光都是由波長組成，讓這個理論顯得非常合理，儘管兩者頻率非常不同。因此，以交疊可見的聲音與可見光的方式，我們可以讓光和聲音組合，編織共鳴出浪漫交響曲。  
   以藝術形態來說，音樂本質是抽象的，它也啟發了許多畫家，透過抽象的手法，用色與形來詮釋真實實物。  
   這一切都始於印象派。這些以應用光線與色彩聞名的繪畫先鋒們，不僅描繪事物的樣貌，更勾勒出他們出一個間的感受，藝術家全然已感受作畫，模糊了真實與抽象的界線。  
   《印象莫內－光影體驗展》邀請您以嶄新方式，體驗旋律與色彩。  
   看見了什麼？聽見了什麼？聞到了什麼？  
   探究，你所感受到的，便是屬於你的真實。

2. **The Sound of Colour**  
   What do you see when you listen to music?  
   What do you hear when you look at a painting?  
   Synesthesia is a condition through which people involuntarily experience sensations in one of their senses, following the activation of another – they can hear colours, following the activation of another – they can hear colours, following the activation of another – they can hear colours, following the activation of another – they can hear colours, following the activation of another – they can hear colours, following the activation of another – they can hear colours, following the activation of another – they can hear colours, following the activation of another – they can hear colours, following the activation of another – they can hear colours, following the activation of another – they can hear colours, following the activation of another – they can hear colours, following the activation of another – they can hear colours, following the activation of another – they can hear colours, following the activation of another – they can hear colours, following the activation of another – they can hear colours, following the activation of another – they can hear colours, following the activation of another – they can hear colours, following the activation of another – they can hear colours, following the activation of another – they can hear colours, following the activation of another – they can hear colours, following the activation of another – they can hear colours, following the activation of another – they can hear colours, following the activation of another – they can hear colours, following the activation of another – they can hear colours, following the activation of another – they can hear colours, following the activation of another – they can hear colours, following the activation of another – they can hear colours, following the activation of another – they can hear colours, following the activation of another – they can hear colours, following the activation of another – they can hear colours, following the activation of another – they can hear colours, following the activation of another – they can hear colours, following the activation of another – they can hear colours, following the activation of another – they can hear colours, following the activation of another – they can hear colours, following the activation of another – they can hear colours, following the activation of another – they can hear colours, following the activation of another – they can hear colours, following the activation of another – they can hear colours, following the activation of another – they can hear colours, following the activation of another – they can hear colours, following the activation of another – they can hear colours, following the activation of another – they can hear colours, following the activation of another – they can hear colours, following the activation of another – they can hear colours, following the activation of another – they can hear colours, following the activation of another – they can hear colours, following the activation of another – they can hear colours, following the activation of another – they can hear colours, following the activation of another – they can hear colours, following the activation of another – they can hear colours, following the activation of another – they can hear colours, following the activation of another – they can hear colours, following the activation of another – they can hear colours, following the activation of another – they can hear colours, following the activation of another – they can hear colours, following the activation of another – they can hear colours,"
origin_dataset/IMG_20181129_155134_832.jpg,"1. 一包黑色的保險套，包裝上印有白色文字「Zero-O」，下方寫有「LUBRICATED CONDOM」。保險套的包裝上還有一個白色圖案，圖案下方有一個棕色的紙條，上面寫著「I spoke of love that others just」。紙條上還貼有兩個笑臉表情圖案。

2. 一包黑色的保險套，包裝上印有白色文字「Zero-O」，下方寫有「LUBRICATED CONDOM」。保險套的包裝上還有一個白色圖案，圖案下方有一個棕色的紙條，上面寫著「I spoke of love that others just」。紙條上還貼有兩個笑臉表情圖案。

3. 一包黑色的保險套，包裝上印有白色文字「Zero-O」，下方寫有「LUBRICATED CONDOM」。保險套的包裝上還有一個白色圖案，圖案下方有一個棕色的紙條，上面寫著「I spoke of love that others just」。紙條上還貼有兩個笑臉表情圖案。"
origin_dataset/1549433841104.jpg,"1. 五個人站在景點的欄杆前，背景是城市的建築和綠樹。他們面帶微笑，似乎在享受這段時間。最前面的年輕人戴著一頂黑色的棒球帽，穿著灰色的連帽衫。他站在最前面，背後是其他四個人。最左邊的年輕人穿著黃色的外套和黑色的連帽衫，頭戴一頂藍色的棒球帽。最右邊的年輕人穿著藍色的牛仔外套和牛仔褲。中間的兩位分別穿著藍色和白色的衣服，看起來像是家庭成員或朋友。

2. 這張照片捕捉到了五個人在一個景點的欄杆前的時刻。他們站在一個高處，遠處可以看到城市的建築和綠樹。最前面的年輕人戴著一頂黑色的棒球帽，穿著灰色的連帽衫。他站在最前面，背後是其他四個人。最左邊的年輕人穿著黃色的外套和黑色的連帽衫，頭戴一頂藍色的棒球帽。最右邊的年輕人穿著藍色的牛仔外套和牛仔褲。中間的兩位分別穿著藍色和白色的衣服，看起來像是家庭成員或朋友。

3. 五個人站在景點的欄杆前，背景是城市的建築和綠樹。他們面帶微笑，似乎在享受這段時間。最前面的年輕人戴著一頂黑色的棒球帽，穿著灰色的連帽衫。他站在最前面，背後是其他四個人。最左邊的年輕人穿著黃色的外套和黑色的連帽衫，頭戴一頂藍色的棒球帽。最右邊的年輕人穿著藍色的牛仔外套和牛仔褲。中間的兩位分別穿著藍色和白色的衣服，看起來像是家庭成員或朋友。"
origin_dataset/IMG20220304140855.jpg,"1. 一片廣闊的農田，土壤呈紅褐色，地表散落著枯黃的草叢。幾棵樹木孤立地矗立在農田中，樹冠茂盛，樹幹筆直，樹葉在微風中輕搖。天空湛藍，幾朵雲彩飄浮在遠處，給整片農田帶來了寧靜的氛圍。

2. 一處農地，土壤為紅褐色，地表覆蓋著枯黃的草叢。幾棵樹木散落在農地中，樹冠繁茂，樹幹挺拔，樹葉在微風中輕擺。遠處的天空藍得透徹，幾朵雲彩在天空中飄浮，給農地帶來了寧靜的氛圍。

3. 一片農地，土壤呈紅褐色，地表散落著枯黃的草叢。幾棵樹木孤立地矗立在農地中，樹冠茂盛，樹幹筆直，樹葉在微風中輕搖。天空湛藍，幾朵雲彩飄浮在遠處，給整片農地帶來了寧靜的氛圍。"
origin_dataset/IMG20220316135759.jpg,"1. 一處樹木繁茂的公園，樹幹上長滿青苔，地面上鋪滿了綠色的草叢，遠處有一個小山丘，山丘上也長滿了綠色的草，天空灰蒙蒙的，樹葉稀疏，顯得有些蕭瑟。

2. 一片樹木茂盛的公園，樹幹上布滿了青苔，地面上鋪滿了綠色的草叢，遠處有一個小山丘，山丘上也長滿了綠色的草，天空灰蒙蒙的，樹葉稀疏，顯得有些蕭瑟。

3. 一處樹木繁茂的公園，樹幹上長滿了青苔，地面上鋪滿了綠色的草叢，遠處有一個小山丘，山丘上也長滿了綠色的草，天空灰蒙蒙的，樹葉稀疏，顯得有些蕭瑟。"
origin_dataset/1562820323614.jpg,"1. 三位年輕人站在一隻大型的皮卡丘氣球旁，氣球的顏色是鮮豔的黃色，背景是室內展覽場地，天花板上有燈光照明，牆壁上掛有其他卡通角色的圖案。

2. 三位年輕人中，最左邊的年輕人留著黑色的頭髮，臉上帶著微笑，中間的年輕人戴著一頂藍色的Adidas棒球帽，最右邊的年輕人則留著短黑髮，三人皆面帶微笑，表情開心。

3. 這張照片捕捉到了三位年輕人與大型皮卡丘氣球的合影，氣球的設計非常搶眼，背景的展覽場地內還有其他卡通角色的裝飾，整個場景充滿了歡樂和活力。"
origin_dataset/20230706_072915.jpg,"1. 這張照片展示了一個現代城市的街景，天空中布滿了蓬鬆的雲朵，遠處可以看到幾棟高樓建築。街道兩旁種植了茂盛的綠樹，綠化帶與建築物形成鮮明對比。路邊停着幾輛車，顯示出城市的繁忙與活力。

2. 照片中，藍天白雲與現代建築交相輝映，構成一幅動人畫面。建築物設計現代，窗戶排列整齊，顯示出城市的現代化特徵。街道兩側的綠樹成蔭，為城市增添了一抹綠意，營造出寧靜的氛圍。

3. 這張照片捕捉到了一個晴朗的日子，天空中漂浮著大片的雲彩，遠處的建築群與近處的綠樹形成鮮明對比。建築物設計現代，窗戶排列整齊，顯示出城市的現代化特徵。街道兩側的綠樹成蔭，為城市增添了一抹綠意，營造出寧靜的氛圍。"
origin_dataset/20240716_184156.jpg,"1. 夕陽西下，天空中雲層層疊，散發出金黃色的光澤。遠處的建築物在夕陽的照耀下，顯得格外鮮明。建築物的邊緣被染上了一層柔和的橙色，與深藍色的天空形成鮮明對比。建築物的頂部有幾塊廣告牌，上面的圖案在夕陽的照射下，顯得格外鮮明。

2. 夕陽的餘暉灑在城市上空，天空中雲層層疊，散發出金黃色的光澤。建築物的邊緣被染上了一層柔和的橙色，與深藍色的天空形成鮮明對比。建築物的頂部有幾塊廣告牌，上面的圖案在夕陽的照射下，顯得格外鮮明。建築物的邊緣被染上了一層柔和的橙色，與深藍色的天空形成鮮明對比。

3. 夕陽西下，天空中雲層層疊，散發出金黃色的光澤。建築物的邊緣被染上了一層柔和的橙色，與深藍色的天空形成鮮明對比。建築物的頂部有幾塊廣告牌，上面的圖案在夕陽的照射下，顯得格外鮮明。建築物的邊緣被染上了一層柔和的橙色，與深藍色的天空形成鮮明對比。"
origin_dataset/IMG20220304151019.jpg,"1. 這是一張展示公園的圖片，公園內有茂密的樹木和綠色的草地。一條小徑蜿蜒穿過公園，兩旁是高大的樹木，樹枝相互交錯，形成了一個天然的拱門。在小徑的盡頭，可以看到一棟建築物，建築物的牆壁是淺色的，窗戶排列整齊。建築物的後方有幾棵開滿粉紅色花朵的樹，花朵在陽光下顯得格外鮮豔。公園內有幾位遊客，他們在小徑上行走，享受著這片寧靜的環境。

2. 圖片中展示了一個公園的場景，公園內有茂盛的樹木和綠色的草地。一條小徑從左側延伸到右側，兩旁是高大的樹木，樹枝相互交錯，形成了一個天然的拱門。建築物位於公園的一側，牆壁是淺色的，窗戶排列整齊。建築物的後方有幾棵開滿粉紅色花朵的樹，花朵在陽光下顯得格外鮮豔。公園內有幾位遊客，他們在小徑上行走，享受著這片寧靜的環境。

3. 這張圖片展示了一個公園的場景，公園內有茂密的樹木和綠色的草地。一條小徑從左側延伸到右側，兩旁是高大的樹木，樹枝相互交錯，形成了一個天然的拱門。建築物位於公園的一側，牆壁是淺色的，窗戶排列整齊。建築物的後方有幾棵開滿粉紅色花朵的樹，花朵在陽光下顯得格外鮮豔。公園內有幾位遊客，他們在小徑上行走，享受著這片寧靜的環境。"
origin_dataset/20230710_123726.jpg,"1. 一組精緻的餐具擺放在大理石桌面上，包括兩雙筷子和一個金色湯匙。筷子一端為黑色，另一端為金色，搭配白色盤子，盤子邊緣有大理石紋理，盤子中央為純白，整體呈現高雅的現代風格。

2. 桌面上擺放著一套餐具，包括兩雙筷子和一個金色湯匙。筷子一端為黑色，另一端為金色，搭配白色盤子，盤子邊緣有大理石紋理，盤子中央為純白，整體呈現高雅的現代風格。

3. 桌面上擺放著一套餐具，包括兩雙筷子和一個金色湯匙。筷子一端為黑色，另一端為金色，搭配白色盤子，盤子邊緣有大理石紋理，盤子中央為純白，整體呈現高雅的現代風格。"
origin_dataset/20231019_163010.jpg,"1. 藍天白雲，建築與自然的交織。建築物的玻璃幕牆反射著天空的藍色，遠處的樹木在微風中輕搖，構成一幅現代都市的風景畫。

2. 高樓林立，天空中的飛機劃過一道白線，留下一串尾跡。建築的陽臺上掛著綠色的植物，與藍天形成鮮明對比，展現出都市的生機與活力。

3. 雲層在藍天中飄浮，建築的屋頂上裝飾著幾盞燈飾，與周圍的環境形成和諧的整體。建築的窗戶反射著陽光，散發出溫暖的光芒，與周圍的綠樹相映成趣。"
origin_dataset/IMG20220304163914.jpg,"1. 這張照片展示了一個公園的景色，前景中有幾棵開滿粉紅色花朵的樹木，樹葉已經落光，顯示出冬季或早春的季節。背景中可以看到綠色的草地和一些樹木，遠處有一些建築物和停車場，顯示出公園與城市建築的結合。天空晴朗，陽光照射在樹木和地面上，營造出一種和煦的氛圍。

2. 照片中，公園內的樹木開滿了粉紅色的花朵，樹枝上沒有葉子，顯示出早春的景象。公園內有綠色的草地和一些樹木，遠處可以看到一些建築物和停車場。公園的設計包括鋪設的步道和圍欄，顯示出公園的整潔和規劃。背景中的建築物和停車場表明公園位於一個城市區域。

3. 這張照片捕捉到了一個公園的景色，前景中有幾棵開滿粉紅色花朵的樹木，樹葉已經落光。公園內有綠色的草地和一些樹木，遠處可以看到一些建築物和停車場。公園的設計包括鋪設的步道和圍欄，顯示出公園的整潔和規劃。背景中的建築物和停車場表明公園位於一個城市區域。陽光照射在樹木和地面上，營造出一種和煦的氛圍。"
origin_dataset/IMG20220309120621.jpg,"1. 一處公園，綠化良好，有幾棵樹木，樹幹上裝有支架，可能是為了保護樹木。公園內有一條小水池，水池邊緣有圍欄。背景中可以看到幾棟建築物，建築物外牆顏色為淺色，窗戶排列整齊。天空晴朗，陽光充足，環境整潔。

2. 這是一張公園的照片，公園內有幾棵樹木，樹幹上裝有支架，可能是為了保護樹木。公園內有一條小水池，水池邊緣有圍欄。背景中可以看到幾棟建築物，建築物外牆顏色為淺色，窗戶排列整齊。天空晴朗，陽光充足，環境整潔。

3. 一處公園，綠化良好，有幾棵樹木，樹幹上裝有支架，可能是為了保護樹木。公園內有一條小水池，水池邊緣有圍欄。背景中可以看到幾棟建築物，建築物外牆顏色為淺色，窗戶排列整齊。天空晴朗，陽光充足，環境整潔。"
origin_dataset/received_922405197860264(1)(1).jpeg,"1. 一顆巨大的聖誕樹在夜晚的街道上閃耀著，樹上佈滿了閃爍的燈光，從下往上逐漸變換顏色，從黃色到藍色，最後到紫色，樹頂上有一個金色的星星，樹下圍繞著一些人，他們似乎在欣賞這棵聖誕樹的美麗。

2. 在一個城市的街道上，一顆巨大的聖誕樹矗立在夜色中，樹上佈滿了閃爍的燈光，從黃色到藍色，最後到紫色，樹頂上有一個金色的星星。樹下圍繞著一些人，他們似乎在欣賞這棵聖誕樹的美麗，樹旁邊還有一個廣告牌，上面寫著「Bioré Prime Beauty」。

3. 一顆巨大的聖誕樹在夜晚的城市街道上閃耀著，樹上佈滿了閃爍的燈光，從下往上逐漸變換顏色，從黃色到藍色，最後到紫色，樹頂上有一個金色的星星。樹下圍繞著一些人，他們似乎在欣賞這棵聖誕樹的美麗，樹旁邊還有一個廣告牌，上面寫著「Bioré Prime Beauty」。背景中可以看到一些建築物，建築物的窗戶上還掛著一些燈飾。"
origin_dataset/20230707_175434.jpg,"1. 這張照片展示了一間餐廳內部的環境。餐廳的裝潢以木質和白色為主，營造出溫馨的氛圍。桌椅採用淺色木質材質，搭配紅色坐墊，顯得既現代又舒適。桌上擺放了餐具和飲品，準備好迎接顧客。餐廳內部的燈光柔和，從天花板上垂下的燈飾散發出溫暖的光線，增加了空間的溫馨感。背景中可以看到更多的桌椅排列，顯示出餐廳的寬敞和舒適。

2. 這張照片捕捉到了一個餐廳的內部景象。餐廳的設計風格簡潔而現代，以木質和白色為主調。桌椅採用淺色木質材質，搭配紅色坐墊，營造出一種溫馨而舒適的氛圍。桌面上擺放了餐具和飲品，顯示出餐廳已經準備好接待顧客。餐廳內部的燈光柔和，從天花板上垂下的燈飾散發出溫暖的光線，增加了空間的溫馨感。背景中可以看到更多的桌椅排列，顯示出餐廳的寬敞和舒適。

3. 這張照片展示了一間餐廳的內部環境。餐廳的裝潢以木質和白色為主，營造出溫馨的氛圍。桌椅採用淺色木質材質，搭配紅色坐墊，顯得既現代又舒適。桌上擺放了餐具和飲品，準備好迎接顧客。餐廳內部的燈光柔和，從天花板上垂下的燈飾散發出溫暖的光線，增加了空間的溫馨感。背景中可以看到更多的桌椅排列，顯示出餐廳的寬敞和舒適。"
origin_dataset/received_947869105313873(1)(1).jpeg,"1. 這是一幅展示戶外園林的圖片，圖中可以看到各種植物和樹木。前景中有一棵樹，樹葉茂盛，樹幹筆直。背景中可以看到一些高大的棕櫚樹，樹冠寬大，葉片細長。此外，還有一些灌木和花卉，色彩鮮豔，種類多樣。遠處可以看到一些建築物，建築物的外牆是淺色的，建築物的頂部有幾根電線杆。天空晴朗，有幾朵雲彩飄浮在空中，整體環境非常宜人。

2. 圖片展示了一個美麗的戶外園林，園林中種植了多種植物和樹木。前景中有一棵樹，樹葉茂盛，樹幹筆直。背景中可以看到一些高大的棕櫚樹，樹冠寬大，葉片細長。此外，還有一些灌木和花卉，色彩鮮豔，種類多樣。遠處可以看到一些建築物，建築物的外牆是淺色的，建築物的頂部有幾根電線杆。天空晴朗，有幾朵雲彩飄浮在空中，整體環境非常宜人。

3. 這張圖片展示了一個戶外園林的場景，園林中種植了多種植物和樹木。前景中有一棵樹，樹葉茂盛，樹幹筆直。背景中可以看到一些高大的棕櫚樹，樹冠寬大，葉片細長。此外，還有一些灌木和花卉，色彩鮮豔，種類多樣。遠處可以看到一些建築物，建築物的外牆是淺色的，建築物的頂部有幾根電線杆。天空晴朗，有幾朵雲彩飄浮在空中，整體環境非常宜人。"
origin_dataset/IMG20220318163924.jpg,"1. 台北101大樓矗立於城市之中，其玻璃外牆在陰沉的天空下閃耀著冷冽的藍色光芒。周圍的建築物則以沉穩的灰色調為主，形成鮮明對比。街道兩旁停滿了各式各樣的汽車，車流緩慢地經過，車燈在夜幕降臨前的微光中閃爍。行人在人行道上緩步行走，頭戴各式各樣的頭盔，顯現出一種忙碌而有序的都市生活景象。

2. 雲層密佈的天空下，台北101大樓成為了這座城市的標誌性建築。其現代化的設計與周圍傳統建築形成鮮明對比。街道兩側的建築物層層疊疊，形成了一幅現代都市的圖景。車輛在道路上緩慢行駛，車燈在夜幕降臨前的微光中閃爍。行人在人行道上緩步行走，頭戴各式各樣的頭盔，顯現出一種忙碌而有序的都市生活景象。

3. 雲層密佈的天空下，台北101大樓矗立於城市之中，其玻璃外牆在陰沉的天空下閃耀著冷冽的藍色光芒。周圍的建築物則以沉穩的灰色調為主，形成鮮明對比。街道兩旁停滿了各式各樣的汽車，車流緩慢地經過，車燈在夜幕降臨前的微光中閃爍。行人在人行道上緩步行走，頭戴各式各樣的頭盔，顯現出一種忙碌而有序的都市生活景象。"
origin_dataset/20230721_093158.jpg,"1. 藍天白雲，晴朗的天氣，從車窗望出去，可以看到遠方的藍天和漂浮的雲朵。車窗外的景物包括一輛白色的貨車和一輛紅色的貨車，貨車停在路邊，似乎在等待通行或休息。路邊的護欄和遠處的電線杆也清晰可見。

2. 這張照片是在車上拍攝的，鏡頭對準了車窗外的景致。天空湛藍，雲朵稀疏，散落在藍天之上。車窗外的貨車停在路邊，貨車的顏色為白色和紅色，車頭部分有明顯的標誌。護欄和電線杆在照片的下方清晰呈現，護欄為黑色，電線杆則是黑色的，與藍天形成鮮明對比。

3. 這張照片捕捉到了車窗外的風景，天空非常明亮，藍天中散佈著一些蓬鬆的雲朵。車窗外的景物包括兩輛貨車，一輛是白色的，另一輛是紅色的，停在路邊。護欄和電線杆在照片的下方，護欄為黑色，電線杆為黑色，與藍天形成鮮明對比。車窗上有一些反光，可能是車窗的反光或車內的物品反光。"
origin_dataset/13779_632094573557035_4768382861167728662_n(1).jpg,"1. 一羣人排成三排，前排是兒童，中間是年輕人，後排是成年人。他們站在室內，背景有牆壁和吊扇。兒童們面帶笑容，做出各種姿勢，如比出V字形、舉起手指等。成年人們也面帶微笑，與兒童們一起合影。背景牆上掛有幾幅彩色的圖畫，牆壁上還有一些標籤和標語。

2. 這張照片中，有兒童、年輕人和成年人組成的團體。兒童們坐在前排，年輕人站在中間，成年人站在後排。他們都面帶笑容，並做出不同的姿勢，如比出V字形、舉起手指等。背景牆上掛有幾幅彩色的圖畫，牆壁上還有一些標籤和標語。牆壁上還掛有吊扇，顯示出室內的裝飾和環境。

3. 這張照片捕捉了一個室內場景，裡面有一群人排成三排。前排是兒童，中間是年輕人，後排是成年人。兒童們坐在前排，年輕人站在中間，成年人站在後排。他們都面帶笑容，並做出不同的姿勢，如比出V字形、舉起手指等。背景牆上掛有幾幅彩色的圖畫，牆壁上還有一些標籤和標語。牆壁上還掛有吊扇，顯示出室內的裝飾和環境。"
origin_dataset/IMG20220315125027.jpg,"1. 一隻毛色為紅棕色的狗，正靜靜地躺在室內的木地板上。它面向門外，似乎在等待著什麼。地板是淺色的木質地板，門框是深色的木頭，門外可以看到一塊灰色的水泥地面。門邊有一根紅色的鐵管，門的邊緣有透明的玻璃窗。

2. 一隻毛色為紅棕色的狗，正靜靜地躺在室內的木地板上。它面向門外，似乎在等待著什麼。地板是淺色的木質地板，門框是深色的木頭，門外可以看到一塊灰色的水泥地面。門邊有一根紅色的鐵管，門的邊緣有透明的玻璃窗。門外的水泥地面上有一塊綠色的植物。

3. 一隻毛色為紅棕色的狗，正靜靜地躺在室內的木地板上。它面向門外，似乎在等待著什麼。地板是淺色的木質地板，門框是深色的木頭，門外可以看到一塊灰色的水泥地面。門邊有一根紅色的鐵管，門的邊緣有透明的玻璃窗。門外的水泥地面上有一塊綠色的植物，門外還有一個棕色的木製門框。"
origin_dataset/20230914_064250.jpg,"1. 一扇木門上方有一扇小窗，窗簾是垂直百葉窗，窗簾的縫隙間透進來一束陽光，照在窗簾上形成斑駁的光影。窗簾的顏色是淺色，窗簾的縫隙間的陽光照射在窗簾上，形成了明暗相間的圖案。窗簾的縫隙間的陽光照射在窗簾上，形成了明暗相間的圖案。

2. 一扇木門上方有一扇小窗，窗簾是垂直百葉窗，窗簾的縫隙間透進來一束陽光，照在窗簾上形成斑駁的光影。窗簾的顏色是淺色，窗簾的縫隙間的陽光照射在窗簾上，形成了明暗相間的圖案。窗簾的縫隙間的陽光照射在窗簾上，形成了明暗相間的圖案。

3. 一扇木門上方有一扇小窗，窗簾是垂直百葉窗，窗簾的縫隙間透進來一束陽光，照在窗簾上形成斑駁的光影。窗簾的顏色是淺色，窗簾的縫隙間的陽光照射在窗簾上，形成了明暗相間的圖案。窗簾的縫隙間的陽光照射在窗簾上，形成了明暗相間的圖案。"
origin_dataset/1527859260266.jpg,這是一張展示在紅磚牆上的海報，海報上有一張照片，照片中有五位年輕人站在一起，他們的臉部被模糊處理。海報的背景是紅磚牆，海報的內容主要是中文，包含了一些文字和標題。海報的左側有大字「風吹吹吹吹吹吹吹吹吹吹吹吹吹吹吹吹吹吹吹吹吹吹吹吹吹吹吹吹吹吹吹
origin_dataset/20230820_181404.jpg,"1. 天空中出現一道美麗的彩虹，橫跨著灰暗的雲層，為城市帶來了一絲希望與色彩。建築物的外牆是磚塊砌成的，窗戶排列整齊，顯示出一種簡樸的都市風格。遠處的樹木在微風中輕搖，為這幅畫面增添了一絲生機。

2. 一場突如其來的雨過後，天空中出現了一道鮮豔的彩虹，從左至右橫跨著整個視野。建築物的外牆是淺色的，窗戶設計簡單，透出一種現代都市的感覺。遠處的樹木在雨後的微風中輕搖，為這幅畫面帶來了一絲清新。

3. 天空中的彩虹為這座城市帶來了一絲亮色，從左至右橫跨著整個視野。建築物的外牆是磚塊砌成的，窗戶排列整齊，顯示出一種簡樸的都市風格。遠處的樹木在微風中輕搖，為這幅畫面增添了一絲生機。"
origin_dataset/IMG20211016222400.jpg,"1. 這幅水彩畫展示了各種蔬菜和水果，包括一個紅色的蘋果、一個黃色的南瓜、一個綠色的青椒、一個紫色的茄子和一個橙色的胡蘿蔔。畫面背景是漸變的藍色，給整幅畫增添了清新和自然的感覺。

2. 這幅水彩畫的主題是靜物，畫中有一個透明的玻璃碗，裡面裝著一個紅色的蘋果。碗的後方有一個紫色的茄子，碗的前面有一個綠色的青椒和一個橙色的胡蘿蔔。畫面的左側有一個黃色的南瓜，右側有一個紫色的茄子。整幅畫的色彩鮮豔，表現出豐富的自然美。

3. 這幅水彩畫以靜物為主題，畫中有一個透明的玻璃碗，裡面裝著一個紅色的蘋果。碗的後方有一個紫色的茄子，碗的前面有一個綠色的青椒和一個橙色的胡蘿蔔。畫面的左側有一個黃色的南瓜，右側有一個紫色的茄子。整幅畫的色彩鮮豔，表現出豐富的自然美。背景是漸變的藍色，給整幅畫增添了清新和自然的感覺。"
origin_dataset/20230916_161202.jpg,"1. 這張照片展示了一個室內空間，天花板部分有明显的損壞，露出內部的結構。天花板上有一個大洞，洞的邊緣有部分水泥剝落，顯示出嚴重的損壞。洞的下方有一個三角形的裝飾品，由紙張和植物組成，看起來像是藝術裝置。天花板的邊緣可以看到一些鐵管和電線，顯示出建築的工業風格。牆壁上有一扇大窗戶，窗戶的邊框是黑色的，窗戶外可以看到一些綠色植物。牆壁的顏色是白色的，但由於損壞，有些地方已經脫落。

2. 這張照片捕捉到了一個室內空間的天花板部分，顯示出嚴重的損壞。天花板上有一個大洞，洞的邊緣有水泥剝落的痕跡，顯示出嚴重的損壞。洞的下方有一個由紙張和植物組成的三角形裝飾品，看起來像是藝術裝置。天花板的邊緣可以看到一些鐵管和電線，顯示出建築的工業風格。牆壁上有一扇大窗戶，窗戶的邊框是黑色的，窗戶外可以看到一些綠色植物。牆壁的顏色是白色的，但由於損壞，有些地方已經脫落。

3. 這張照片展示了一個室內空間的天花板部分，顯示出嚴重的損壞。天花板上有一個大洞，洞的邊緣有水泥剝落的痕跡，顯示出嚴重的損壞。洞的下方有一個由紙張和植物組成的三角形裝飾品，看起來像是藝術裝置。天花板的邊緣可以看到一些鐵管和電線，顯示出建築的工業風格。牆壁上有一扇大窗戶，窗戶的邊框是黑色的，窗戶外可以看到一些綠色植物。牆壁的顏色是白色的，但由於損壞，有些地方已經脫落。"
origin_dataset/IMG20220218170842.jpg,"1. 一棟現代化的建築，建築外牆採用大片玻璃窗，反射出周圍的天空和建築。建築的外觀呈矩形，有多層樓層，每層樓層之間有明顯的分隔線。建築前有一排樹木，樹木的枝葉已經脫落，顯示出冬季的景象。建築前的馬路上有幾輛車輛，包括一輛銀色的小轎車和一輛電動機車，電動機車駕駛者戴著頭盔，正在駛離建築。

2. 這是一張展示現代建築的照片，建築採用玻璃幕牆設計，反射出周圍環境。建築外觀為多層樓，每層之間有明顯的分隔線。建築前有一排樹木，樹木的枝葉已經脫落，顯示出冬季的景象。建築前的馬路上停有幾輛車輛，包括一輛銀色的小轎車和一輛電動機車，電動機車駕駛者戴著頭盔，正在駛離建築。

3. 這張照片捕捉了一棟現代建築的外觀，建築採用玻璃幕牆設計，反射出周圍環境。建築外觀為多層樓，每層之間有明顯的分隔線。建築前有一排樹木，樹木的枝葉已經脫落，顯示出冬季的景象。建築前的馬路上停有幾輛車輛，包括一輛銀色的小轎車和一輛電動機車，電動機車駕駛者戴著頭盔，正在駛離建築。"
origin_dataset/20240502_133656.jpg,"1. 一組包含多個小方塊的黑色塑料盒，盒內有兩個小方塊，上面印有名字「SIWON」和「RYEOWOOK」，盒蓋上印有「STARFOX」的標誌。盒內還有一個大圓形的凹槽，可能是用於放置筆或筆刷的。

2. 一張印有建築圖案的紙，紙張上有一個透明的塑料保護套，保護套內有一支透明的筆，筆尖是黑色的，筆身是透明的，筆尾是綠色的。

3. 一張印有顏色樣板的紙，紙上列出了多種顏色，包括「Warm」、「Burnt」、「Cobalt」、「Green」、「Blue」、「Purple」、「Pink」、「Bilious」、「Shall」、「Grey」等，每種顏色旁邊都有對應的色塊示例。紙張的左下角寫有「Soul Palette」的標籤。"
origin_dataset/1503051108368(1)(1).jpg,"1. 一張照片中，桌上有幾道菜，包括一盤白飯、一盤蔬菜燉菜、一盤燉菜和一盤土豆泥。桌上還有一個小碗，裡面裝著綠色蔬菜。桌上有一個標有「Café Meal MUJI」字樣的紙巾。背景中可以看到一個人，他穿着一件印有「FREE SPIRIT WILD HEART」字樣的T恤，正在用筷子吃飯。桌上還有一個空的玻璃杯和一部手機。

2. 桌子上擺放著多道菜餚，包括白飯、蔬菜燉菜、燉菜和土豆泥。桌上有一個小碗，裡面裝著綠色蔬菜。桌面上還有一個標有「Café Meal MUJI」字樣的紙巾。背景中可以看到一個人，他穿着一件印有「FREE SPIRIT WILD HEART」字樣的T恤，正在用筷子吃飯。桌上還有一個空的玻璃杯和一部手機。

3. 一張照片中，桌上有幾道菜，包括白飯、蔬菜燉菜、燉菜和土豆泥。桌上還有一個小碗，裡面裝著綠色蔬菜。桌上有一個標有「Café Meal MUJI」字樣的紙巾。背景中可以看到一個人，他穿着一件印有「FREE SPIRIT WILD HEART」字樣的T恤，正在用筷子吃飯。桌上還有一個空的玻璃杯和一部手機。"
origin_dataset/11138084_632081666891659_567282043441706615_n (1)(1)(1).jpg,"1. 一間教室內，數位兒童和成人正在參與氣球造型活動。兒童們圍繞在桌子旁，手中握著氣球棒，正在努力地將氣球塑造成不同的形狀。老師在一旁指導，幫助兒童們完成氣球造型。教室的牆壁上掛有一塊白板，上面寫有中文的筆記。窗外可以看到綠色的樹木，顯示出活動是在室內進行的。

2. 教室內，兒童們圍坐在桌子旁，正在用氣球棒製作氣球造型。老師站在一旁，指導兒童們如何操作。兒童們表情專注，顯然對氣球造型活動充滿興趣。教室的環境簡單，牆壁上掛有一塊白板，上面寫有中文的筆記。窗外的綠樹顯示出活動是在室內進行的。

3. 教室內，兒童們圍坐在桌子旁，正在用氣球棒製作氣球造型。老師在一旁指導，幫助兒童們完成氣球造型。兒童們表情專注，顯然對氣球造型活動充滿興趣。教室的牆壁上掛有一塊白板，上面寫有中文的筆記。窗外可以看到綠色的樹木，顯示出活動是在室內進行的。"
origin_dataset/IMG20220220151332.jpg,"1. 一羣人坐在黑暗的展覽館內，背對著一塊巨大的投影屏幕。屏幕上展示的是一幅風景畫，畫中有一座建築物，建築物頂部有法國國旗飄揚，建築旁邊有一個大型的帳篷，帳篷下聚集了許多遊客。天空中雲彩飄浮，色彩鮮豔，整幅畫面充滿了生動的氣息。畫面左側有一塊黑板，上面寫著英文和中文的字句，內容涉及對畫作的描述和評論。

2. 展覽館內，幾位觀眾坐在黑暗的環境中，他們的背影顯得格外突出。投影屏幕上的風景畫色彩鮮豔，畫中有一座建築物，建築頂部飄揚著法國國旗，建築旁邊有一個大型帳篷，帳篷下聚集了許多遊客。天空中雲彩飄浮，整幅畫面充滿了生動的氣息。黑板上寫著英文和中文的字句，內容涉及對畫作的描述和評論。

3. 展覽館內，幾位觀眾坐在黑暗的環境中，他們的背影顯得格外突出。投影屏幕上的風景畫色彩鮮豔，畫中有一座建築物，建築頂部飄揚著法國國旗，建築旁邊有一個大型帳篷，帳篷下聚集了許多遊客。天空中雲彩飄浮，整幅畫面充滿了生動的氣息。黑板上寫著英文和中文的字句，內容涉及對畫作的描述和評論。"
origin_dataset/1529165705025.jpg,"1. 這張照片中有兩位穿著畢業袍的年輕人，他們站在一座建築物前，背景是藍天和綠樹。建築物的設計獨特，頂部尖銳，由玻璃和鋼構組成。周圍有許多遊客，有些人撐著陽傘，似乎是在參加一個盛大的活動或慶祝儀式。

2. 這張照片捕捉到了一個充滿活力的場景，兩位畢業生站在一座現代建築前，建築的設計非常引人注目，頂部呈尖塔狀，由玻璃和鋼構組成。背景中，眾多遊客在享受晴朗的天氣，有些人撐著陽傘，顯然正在參加一個重要的慶祝活動。

3. 這張照片展示了兩位畢業生，他們身著畢業袍，站在一座現代建築前。建築的設計獨特，頂部尖銳，由玻璃和鋼構組成。背景中，眾多遊客在享受晴朗的天氣，有些人撐著陽傘，顯然正在參加一個重要的慶祝活動。建築的設計與周圍的綠樹和藍天形成鮮明對比，營造出一種莊嚴而歡樂的氛圍。"
origin_dataset/20230814_171302.jpg,"1. 天空湛藍，雲朵輕盈，陽光從雲隙間透出，形成耀眼的光束。遠處的建築物和樹木在陽光下顯得鮮明而清晰。

2. 雲層在天空中形成層層疊疊的圖案，陽光從雲隙間照射下來，形成光束和光斑。建築物和樹木在陽光的照射下顯得鮮明而有層次感。

3. 雲層在天空中形成層層疊疊的圖案，陽光從雲隙間照射下來，形成光束和光斑。建築物和樹木在陽光的照射下顯得鮮明而有層次感。遠處的建築物和樹木在陽光下顯得鮮明而清晰。"
origin_dataset/IMG_20200620_144958_146.jpg,"1. 這是一張2018年6月15日的照片，照片中有一群人排成多排，背景是一個室內場地，天花板上有燈飾。照片下方有文字標註「@lujunting」，以及日期「2018年6月15日」。

2. 照片顯示了一群人，他們排成多排，背景是一個室內場地，天花板上有燈飾。照片下方有文字標註「@lujunting」，以及日期「2018年6月15日」。照片的主題似乎是紀念或慶祝活動。

3. 這張照片拍攝於2018年6月15日，照片中有一群人排成多排，背景是一個室內場地，天花板上有燈飾。照片下方有文字標註「@lujunting」，以及日期「2018年6月15日」。照片的風格正式，可能是一場會議或慶祝活動的紀念照。"
origin_dataset/IMG20220220161232.jpg,"1. 這張圖片顯示了三塊大型的屏幕，屏幕上投影出一幅色彩豐富的山景畫。畫面中，山峰的顏色從藍綠到橙黃，再轉換到粉紅，表現出一種漸變的色彩效果。山體的表面細膩，有著細微的紋理，彷彿在微風中輕輕搖曳。背景是深色的，使得山景畫更加突出。

2. 屏幕上投影的是一幅山景畫，山體的顏色從藍綠到橙黃，再轉換到粉紅，呈現出一種漸變的色彩效果。山體的表面細膩，有著細微的紋理，彷彿在微風中輕輕搖曳。背景是深色的，使得山景畫更加突出。畫面的構圖簡單而大氣，給人一種平靜而寧靜的感覺。

3. 這張圖片展示了三塊大型的屏幕，屏幕上投影出一幅色彩豐富的山景畫。山體的顏色從藍綠到橙黃，再轉換到粉紅，表現出一種漸變的色彩效果。山體的表面細膩，有著細微的紋理，彷彿在微風中輕輕搖曳。背景是深色的，使得山景畫更加突出。整體畫面構圖簡單而大氣，給人一種平靜而寧靜的感覺。"
origin_dataset/line_1526986631640.jpg,"1. 這是一盤炒麵，上面有細長的麵條，搭配了豆芽、青蔥、紅蘿蔔絲和一些肉絲。炒麵的表面撒有黑胡椒粉，看起來非常開胃。

2. 炒麵的顏色豐富，黃色的麵條搭配了綠色的青蔥和紅色的紅蘿蔔絲，看起來非常鮮豔。豆芽和肉絲的加入使整道菜的口感更加豐富。

3. 炒麵擺盤在一個白色的長方形盤子上，盤子放在深色的木桌上。炒麵的份量看起來很足，應該是一道非常飽足的主菜。"
origin_dataset/IMG20220531194737.jpg,"1. 這幅素描畫作以鋼筆或鉛筆繪製，表現了一位女性的側臉肖像。畫家使用了豐富的線條和陰影技巧，來表現人物的輪廓和細節。畫作的背景簡單，突出了人物的面部特徵。畫家在右下角簽名並標註了完成日期為2022年5月31日。

2. 素描中的人物側臉朝向畫面的左側，頭髮被輕柔地梳向後方，並在頭頂形成了一個自然的弧度。畫家通過細緻的線條和濃淡變化來表現髮絲的層次感。人物的臉部表情平靜，雙眼直視前方，給人一種沉思的感覺。

3. 素描的風格簡潔而有力，線條緊湊而有節奏，表現了人物的側臉特寫。畫家在人物的臉部和頸部使用了豐富的陰影，使得畫作具有立體感。畫家在線條的運用上非常精準，表現了人物的輪廓和細節，使得整幅畫作看起來非常生動。"
origin_dataset/IMG20220220163357.jpg,"1. 一場大型的藝術展覽，展覽中有多幅大型的畫作被投影在牆面上，畫作描繪了城市街景和鐵橋，畫中人物在橋上行走，背景是建築和街道。觀眾們坐在地上，觀看這些畫作，他們的頭部和上半身在畫作的下方顯現出來。

2. 一場室內的藝術展覽，展覽中有多幅大型的畫作被投影在牆面上，畫作描繪了城市街景和鐵橋，畫中人物在橋上行走，背景是建築和街道。觀眾們坐在地上，觀看這些畫作，他們的頭部和上半身在畫作的下方顯現出來。

3. 一場室內的大型藝術展覽，展覽中有多幅大型的畫作被投影在牆面上，畫作描繪了城市街景和鐵橋，畫中人物在橋上行走，背景是建築和街道。觀眾們坐在地上，觀看這些畫作，他們的頭部和上半身在畫作的下方顯現出來。"
origin_dataset/IMG20220315123734.jpg,"1. 一間室內空間，窗戶外側有綠色的遮陽傘，外側是綠色的圍欄和一些建築物。室內有幾個人坐在桌子旁，似乎在進行談話或活動。牆壁上裝有日式風格的窗簾，透出柔和的光線。

2. 室內裝潢採用日式風格，窗戶外側有綠色的遮陽傘，外側是綠色的圍欄和一些建築物。幾個人坐在桌子旁，似乎在進行談話或活動。牆壁上裝有日式風格的窗簾，透出柔和的光線。

3. 一間室內空間，窗戶外側有綠色的遮陽傘，外側是綠色的圍欄和一些建築物。幾個人坐在桌子旁，似乎在進行談話或活動。牆壁上裝有日式風格的窗簾，透出柔和的光線。"
origin_dataset/IMG20220308172851.jpg,"1. 一間閣樓風格的宿舍，內部裝修簡單，牆壁為淺色，床架為黑色金屬結構，床頭板為木質材料，床鋪上鋪有白色床單，床頭櫃上放有小物件，牆壁上掛有衣架，房間內有兩張上下鋪的床，床鋪之間有隔板分隔，房間內的燈光柔和，透出一種簡約而實用的氛圍。

2. 這是一間位於閣樓的宿舍，內部裝修簡單，牆壁為淺色，床架為黑色金屬結構，床頭板為木質材料，床鋪上鋪有白色床單，床頭櫃上放有小物件，牆壁上掛有衣架，房間內有兩張上下鋪的床，床鋪之間有隔板分隔，房間內的燈光柔和，透出一種簡約而實用的氛圍。

3. 一間閣樓風格的宿舍，內部裝修簡單，牆壁為淺色，床架為黑色金屬結構，床頭板為木質材料，床鋪上鋪有白色床單，床頭櫃上放有小物件，牆壁上掛有衣架，房間內有兩張上下鋪的床，床鋪之間有隔板分隔，房間內的燈光柔和，透出一種簡約而實用的氛圍。"
origin_dataset/20230820_154601.jpg,"1. 沿海公園的風景，綠色的草地鋪陳在前，幾棵樹木挺立，樹冠稀疏，樹幹筆直。公園的欄杆後方，是波光粼粼的海面，遠處的貨櫃碼頭上，數個大型貨櫃吊車靜默地矗立，天空陰沉，雲層厚重，散發出一種沉悶的氣氛。

2. 沿海公園的景觀，一排長椅面向海面，供遊人休憩。樹木稀疏，樹冠尚未茂盛，樹幹筆直，樹葉稀少。海面波光粼粼，遠處的貨櫃碼頭上，數個大型貨櫃吊車靜默地矗立，天空陰沉，雲層厚重，散發出一種沉悶的氣氛。

3. 沿海公園的風景，綠色的草地鋪陳在前，幾棵樹木挺立，樹冠稀疏，樹幹筆直。公園的欄杆後方，是波光粼粼的海面，遠處的貨櫃碼頭上，數個大型貨櫃吊車靜默地矗立，天空陰沉，雲層厚重，散發出一種沉悶的氣氛。"
origin_dataset/IMG20210814220558.jpg,"1. 一位年輕男子站在鏡子前，鏡子反射出他的全身。他穿着一件黑色短袖T恤，頭髮是黑色的，留著短髮。他用右手舉著一部紅色的智慧手機，正在自拍。背景中可以看到一扇黑色的門，門上掛著一串紅綠相間的聖誕節裝飾。牆壁上有一個黃色的警告牌，上面寫著中文。牆角有一盆綠色植物，放在一個紅色的托盤上。地面是白色的方磚，天花板是白色的，上面有幾根橫樑。

2. 一位年輕的男性站在鏡子前，鏡子反射出他的全身。他留著黑色的短髮，穿著一件黑色的短袖T恤。他用右手舉著一部紅色的智慧手機，正在自拍。背景中可以看到一扇黑色的門，門上掛著一串紅綠相間的聖誕節裝飾。牆壁上有一個黃色的警告牌，上面寫著中文。牆角有一盆綠色植物，放在一個紅色的托盤上。地面是白色的方磚，天花板是白色的，上面有幾根橫樑。

3. 一位年輕的男性站在鏡子前，鏡子反射出他的全身。他留著黑色的短髮，穿著一件黑色的短袖T恤。他用右手舉著一部紅色的智慧手機，正在自拍。背景中可以看到一扇黑色的門，門上掛著一串紅綠相間的聖誕節裝飾。牆壁上有一個黃色的警告牌，上面寫著中文。牆角有一盆綠色植物，放在一個紅色的托盤上。地面是白色的方磚，天花板是白色的，上面有幾根橫樑。"
origin_dataset/IMG20220313133326.jpg,"1. 這是一片廣闊的稻田，稻苗翠綠，排列整齊，田間有一條水泥溝渠，溝渠兩側是未種植的泥土。遠處是連綿的山脈，山頂被薄薄的雲霧籠罩，天空湛藍，雲層稀疏，散發出一種寧靜的鄉村氛圍。

2. 稻田的綠色與遠山的藍色形成鮮明對比，稻苗在微風中輕輕搖曳，田間的水泥溝渠顯得格外醒目，它們在稻田中劃出一道道清晰的線條。遠處的山脈在薄雲的掩映下若隱若現，天空中雲朵稀疏，散發出一種平靜的鄉村氣息。

3. 稻田的綠色在這片土地上顯得格外鮮明，稻苗排列整齊，田間的水泥溝渠清晰可見，它們在稻田中劃出一道道線條。遠處的山脈在薄雲的掩映下若隱若現，天空湛藍，雲層稀疏，散發出一種寧靜的鄉村氛圍。"
origin_dataset/11149357_632082483558244_535158552684804524_n(1)(1).jpg,"1. 這張照片中，一個小男孩站在室內，地面是灰色的水泥地。他穿着一件綠色的長袖上衣，下身是深色的褲子，腳上穿著藍色的拖鞋。小男孩的頭髮是黑色的，短而齊整。他的表情看起來很開心，正在吐舌頭，露出可愛的模樣。背景中可以看到一些綠色的桶和白色的櫃子，櫃子上似乎有標籤，但無法辨識具體內容。

2. 這張照片捕捉到了一個小男孩的側臉，他站在室內，地面鋪有灰色的水泥磚。小男孩的頭髮是黑色的，短而齊整，他穿着一件綠色的長袖上衣，下身是深色的褲子，腳上穿著藍色的拖鞋。他的表情看起來很開心，正在吐舌頭，露出可愛的模樣。背景中可以看到一些綠色的桶和白色的櫃子，櫃子上似乎有標籤，但無法辨識具體內容。

3. 這張照片中，一個小男孩站在室內，地面是灰色的水泥地。他穿着一件綠色的長袖上衣，下身是深色的褲子，腳上穿著藍色的拖鞋。小男孩的頭髮是黑色的，短而齊整。他的表情看起來很開心，正在吐舌頭，露出可愛的模樣。背景中可以看到一些綠色的桶和白色的櫃子，櫃子上似乎有標籤，但無法辨識具體內容。"
origin_dataset/IMG_20210712_211911_083.jpg,"1. 一位年輕的男士，身著深藍色格子西裝外套，搭配白色襯衫，整體造型簡潔大方，透出專業與自信的氣質。
2. 背景為純白，突顯出男士的服裝與外貌，他站立姿態端正，表情平靜，透露出一種沉穩與自信。
3. 這張照片捕捉到了男士的側身，他穿著一件格子西裝外套，內搭白色襯衫，整體造型乾淨利落，適合正式場合。"
origin_dataset/IMG_20180419_180853_010.jpg,"1. 這張照片展示了一間餐廳的內部，牆壁上寫滿了數學公式和幾何圖形，包括三角形和圓。牆壁上還有一些植物裝飾，營造出一種知識與自然融合的氛圍。桌上有兩個人正在用餐，環境看起來很溫馨。

2. 照片中，餐廳的牆壁上寫滿了複雜的數學公式和幾何圖形，如三角形和圓，顯示出這間餐廳可能與科學或教育相關。牆壁上還掛有幾株植物，增添了一絲自然的氣息。桌上有兩個人正在用餐，環境看起來很舒適。

3. 這張照片捕捉到了一個餐廳的內部，牆壁上寫滿了數學公式和幾何圖形，包括三角形和圓。牆壁上還掛有幾株植物，營造出一種知識與自然融合的氛圍。桌上有兩個人正在用餐，環境看起來很溫馨。"
origin_dataset/IMG20220312140750.jpg,"1. 海邊的風景，遠處是無垠的海面，近處是沙灘和樹木。海面波光粼粼，天空湛藍，海邊的樹木枝葉茂盛，樹幹粗壯，樹葉在微風中輕輕搖曳。沙灘上散落著一些石頭和枯枝，遠處的海面上有幾隻海鳥飛翔。

2. 這張照片展示了一片海邊的風景，海面寬廣無垠，天空湛藍，海面波光粼粼。近處的樹木枝葉茂盛，樹幹粗壯，樹葉在微風中輕輕搖曳。沙灘上散落著一些石頭和枯枝，遠處的海面上有幾隻海鳥飛翔。海邊的環境非常寧靜，讓人感到心曠神怡。

3. 海邊的風景，遠處是無垠的海面，近處是沙灘和樹木。海面波光粼粼，天空湛藍，海邊的樹木枝葉茂盛，樹幹粗壯，樹葉在微風中輕輕搖曳。沙灘上散落著一些石頭和枯枝，遠處的海面上有幾隻海鳥飛翔。海邊的環境非常寧靜，讓人感到心曠神怡。"
origin_dataset/20230708_100828.jpg,"1. 藍天白雲，綠樹成蔭，街道兩旁燈柱林立，行人悠閒漫步，環境清幽宜人。

2. 天空湛藍，雲朵綿綿，樹木茂盛，街道寬敞，燈光潔白，環境優美，適合休閒散步。

3. 藍天映襯著幾朵蓬鬆的白雲，綠樹成蔭，街道兩旁燈柱排列整齊，行人悠閒，環境清靜。"
origin_dataset/IMG_20220209_000110_342.jpg,"1. 一位年輕的男士，留着短髮，面帶微笑，身穿淺藍色條紋襯衫，搭配黑色長褲，側身站立，雙手插在褲袋中，背景為純白色。

2. 一位年輕的男性，側身站立，雙手插在褲袋中，面帶微笑，身穿淺藍色條紋襯衫，搭配黑色長褲，背景為純白色。

3. 一位年輕的男士，留着短髮，面帶微笑，側身站立，雙手插在褲袋中，身穿淺藍色條紋襯衫，搭配黑色長褲，背景為純白色。"
origin_dataset/IMG20220309152314.jpg,"1. 一間昏暗的房間，牆壁和天花板幾乎完全被濃郁的綠色光線所覆蓋。牆壁上有一個矩形的開口，開口處投射出一片茂密的綠色植被圖像，彷彿置身於森林之中。地面上反射出綠色的光澤，使得整個空間顯得更加幽暗而神秘。

2. 房間內的牆壁和天花板被一束強烈的綠色光束照射，形成了一種獨特的氛圍。牆壁上開有一個長方形的窗戶，窗戶內投射出一片茂盛的綠色植被圖像，彷彿是森林的景象。地面上反射出綠色的光澤，使得整個空間顯得幽暗而神秘。

3. 一間昏暗的房間，牆壁和天花板幾乎完全被濃郁的綠色光線所覆蓋。牆壁上有一個長方形的開口，開口處投射出一片茂密的綠色植被圖像，彷彿置身於森林之中。地面上反射出綠色的光澤，使得整個空間顯得更加幽暗而神秘。"
origin_dataset/IMG_20180729_134006_631.jpg,"1. 綠意盎然的山丘，山腳下有一條蜿蜒的公路，兩旁是茂密的樹木和植被。遠處的天空湛藍，雲朵稀疏，散發出一種寧靜的氛圍。

2. 一排竹制護欄在前景中顯眼，護欄後方是茂盛的綠色植被，遠處的山丘上有一座電塔，電塔的線路延伸至山頂，構成了一幅自然與現代文明交織的圖景。

3. 山丘上植被豐富，綠意盎然，山腳下的公路彎曲而行，兩旁是茂密的樹木和植被。遠處的天空藍得透徹，雲朵稀疏，散發出一種寧靜的氛圍。前景中的竹制護欄為整幅畫面增添了一絲自然的質感。"
origin_dataset/IMG_20220209_000110_356.jpg,"1. 一位年輕的男性，身著淺藍色條紋襯衫，搭配深色長褲，雙手插在褲袋中，站姿端正，背景為純白色，呈現出簡潔的風格。

2. 這位年輕人留有短黑髮，臉型方正，表情平靜，目光直視前方，穿著一件淺藍色的長袖襯衫，搭配深色長褲，雙手自然地插在褲袋中，背景為單色的白色，呈現出一種簡潔而專業的風格。

3. 這位年輕男性留有短黑髮，臉型方正，表情平靜，雙手插在褲袋中，站姿端正，身著淺藍色條紋襯衫，搭配深色長褲，背景為純白色，呈現出簡潔的風格。"
origin_dataset/11062756_632091166890709_8105520596908991583_n(1)(1).jpg,"1. 一羣年輕人和兒童聚集在戶外，其中一位年輕女性手持一幅繪有地圖的白紙，似乎在進行教育活動或遊戲。周圍的環境包括一棟建築物和一堵石牆，背景中還有一些人。地面上散落著幾件物品，包括一個帶有紅點的黃色方塊。

2. 一位年輕女性站在戶外，手持一幅繪有地圖的白紙，周圍圍繞著一群兒童和年輕人。他們似乎在進行一項活動，可能是教育或遊戲。背景中可以看到一棟建築物和一堵石牆，地面上散落著幾個物品，包括一個帶有紅點的黃色方塊。

3. 一羣年輕人和兒童在戶外聚集，其中一位年輕女性手持一幅繪有地圖的白紙，似乎在進行教育活動或遊戲。周圍的環境包括一棟建築物和一堵石牆，背景中還有一些人。地面上散落著幾個物品，包括一個帶有紅點的黃色方塊。"
origin_dataset/IMG_20210805_184037_726.jpg,"1. 兩個小孩坐在花紋沙發上，沙發上有紅色玫瑰圖案。小孩們都穿着暖和的衣物，一個穿紅色背心，另一個穿白色上衣。他們坐得很近，似乎在交流或玩耍。

2. 一張照片中，兩個小孩坐在有紅色玫瑰圖案的沙發上。一個小孩穿紅色背心，另一個穿白色上衣。他們坐得很近，表情自然，似乎在進行日常的互動。

3. 這張照片捕捉了兩個小孩坐在花紋沙發上的瞬間。沙發上有紅色玫瑰圖案，背景簡單。兩個小孩都穿着暖和的衣物，一個穿紅色背心，另一個穿白色上衣。他們坐得很近，似乎在進行日常的交流或玩耍。"
origin_dataset/20231104_184635.jpg,"1. 這張照片展示了一對新人在婚禮上拍照的場景。新郎穿着一套米色西裝，搭配黑色領帶，頭髮短而齊整，面帶微笑。新娘則穿着一襲白色婚紗，頭上戴著一頂花冠，手持一束白色花束，同樣面帶微笑。兩人站在一起，背景是裝飾精美的婚禮場地，掛滿了燈飾，場地內還有一些其他賓客，他們坐在白色椅子上，似乎在觀看或等待拍照。場地的裝飾包括一盞大型吊燈和一排垂吊的燈飾，營造出溫馨浪漫的氛圍。

2. 這張照片捕捉到了一個婚禮儀式的瞬間，新郎和新娘站在場地中央，雙雙面帶微笑。新郎身著一套正式的米色西裝，搭配黑色領帶，頭髮短而整齊，看起來精神奕奕。新娘則身著一襲優雅的白色婚紗，頭上佩戴著一頂精緻的花冠，手持一束由白色花朵組成的花束，看起來既美麗又端莊。背景中可以看到其他賓客坐在白色椅子上，場地裝飾以燈飾和花藝裝飾，營造出溫馨浪漫的婚禮氛圍。

3. 這張照片記錄了新郎和新娘在婚禮上的美好時刻。新郎身著一套米色西裝，搭配黑色領帶，頭髮短而整齊，面帶微笑。新娘則身著一襲白色婚紗，頭上佩戴著一頂花冠，手持一束白色花束，同樣面帶微笑。兩人站在一起，背景是裝飾精美的婚禮場地，掛滿了燈飾，場地內還有一些其他賓客，他們坐在白色椅子上，似乎在觀看或等待拍照。場地的裝飾包括一盞大型吊燈和一排垂吊的燈飾，營造出溫馨浪漫的氛圍。"
origin_dataset/20230921_161604.jpg,"1. 這是一個室內空間，牆壁為白色，地板為淺色木質地板。牆壁上有一幅可愛的壁貼，圖案為幾隻貓咪和一隻老鼠。牆邊有一張木製的書桌，搭配一張深色的椅子。窗戶旁邊有一塊紫色的窗簾，窗戶外可以看到一點點綠色植物。牆邊還有一個紙箱，看起來像是剛剛搬進來的物品。牆角有一塊小地毯，上面有幾種圖案。

2. 室內空間的牆壁為白色，地板為淺色木質地板。牆壁上有一幅可愛的壁貼，圖案為幾隻貓咪和一隻老鼠。牆邊有一張木製的書桌，搭配一張深色的椅子。窗戶旁邊有一塊紫色的窗簾，窗戶外可以看到一點點綠色植物。牆邊還有一個紙箱，看起來像是剛剛搬進來的物品。牆角有一塊小地毯，上面有幾種圖案。牆邊還有一個電視櫃，上面放著一台電視機。

3. 這是一個室內空間，牆壁為白色，地板為淺色木質地板。牆壁上有一幅可愛的壁貼，圖案為幾隻貓咪和一隻老鼠。牆邊有一張木製的書桌，搭配一張深色的椅子。窗戶旁邊有一塊紫色的窗簾，窗戶外可以看到一點點綠色植物。牆邊還有一個紙箱，看起來像是剛剛搬進來的物品。牆角有一塊小地毯，上面有幾種圖案。牆邊還有一個電視櫃，上面放著一台電視機。牆壁上還有一個空調機，牆角有一個開關。"
origin_dataset/IMG20220315163138.jpg,"1. 這張照片展示了一片茂密的森林，樹木高大，葉子繁茂。遠處可以看到一片水域，天空陰沉，雲層厚重，給整體景色帶來了一種沉靜的氛圍。

2. 照片中，前景是各種不同種類的植物，包括高大的草本植物和樹木。樹木的枝葉間隙中，可以看見遠處的水域和天空。天空的陰沉和雲層的厚重，使得整體景色顯得有些陰鬱。

3. 這張照片捕捉到了一個自然環境的瞬間，前景是各種植物，包括樹木和草本植物。遠處的水域和天空，天空陰沉，雲層厚重，給整體景色帶來了一種沉靜的氛圍。植物的種類和數量豐富，顯示出一個豐富多樣的生態系統。"
origin_dataset/15384566_1255240117855903_6235740903241491908_o(1)(1).jpg,"1. 一棵巨大的聖誕樹在夜晚閃耀著藍色的燈光，樹頂上有一個閃亮的星形裝飾，樹幹和樹枝上佈滿了密密麻麻的燈飾，整棵樹在黑暗中顯得格外鮮豔奪目。樹下有幾個人影，似乎在欣賞這場景。

2. 一顆巨大的聖誕樹在夜空中閃耀著藍色的燈光，樹頂上有一個閃亮的星形裝飾，樹幹和樹枝上佈滿了密密麻麻的燈飾，整棵樹在黑暗中顯得格外鮮豔奪目。樹下有幾個人影，似乎在欣賞這場景。

3. 一棵巨大的聖誕樹在夜晚閃耀著藍色的燈光，樹頂上有一個閃亮的星形裝飾，樹幹和樹枝上佈滿了密密麻麻的燈飾，整棵樹在黑暗中顯得格外鮮豔奪目。樹下有幾個人影，似乎在欣賞這場景。"
origin_dataset/IMG20220317144329.jpg,"1. 海浪輕柔拍打著海岸線，沙灘上散發著寧靜的氣息。遠處，一塊孤獨的岩石島嶼隱藏在薄霧中，為這片海景增添了一絲神秘感。

2. 沙灘上，海浪緩緩地拍打著，形成細碎的白色泡沫。遠處，一塊岩石島嶼在薄霧中若隱若現，為這片海景帶來了一絲孤獨與寧靜。

3. 海浪輕柔地拍打著海岸線，沙灘上散發著寧靜的氣息。遠處，一塊岩石島嶼隱藏在薄霧中，為這片海景增添了一絲孤獨與寧靜。"
origin_dataset/IMG20220313131533.jpg,"1. 一片廣闊的稻田，綠意盎然，田間種植著水稻，遠處是連綿的山脈，天空中雲彩飄浮，景色宜人。

2. 一望無際的稻田，田間的水稻長勢良好，遠處的山脈在藍天的襯托下顯得格外壯觀，天空中雲層稀疏，散發出寧靜的氣氛。

3. 稻田廣闊，水稻種植規律，遠處的山脈在藍天的襯托下顯得格外壯觀，天空中雲彩飄浮，景色宜人，田間的水稻長勢良好，遠處的山脈在藍天的襯托下顯得格外壯觀，天空中雲層稀疏，散發出寧靜的氣氛。"
origin_dataset/20230707_180508.jpg,"1. 桌上擺放著多樣化的餐點，包括一盤炒青菜，一盤辣炒肉片，以及一盤帶有綠葉蔬菜的湯品。此外，還有一個帶有木杵的碗，可能是用來調味或搗碎食材的。桌上還有一個帶有檸檬片的玻璃水壺，以及一個帶有勺子的小碗，可能是用來盛放醬料或調味品的。桌面上還有一張菜單，上面有各種食物的圖片和說明。

2. 桌上擺放著多樣化的餐點，包括一盤炒青菜，一盤辣炒肉片，以及一盤帶有綠葉蔬菜的湯品。此外，還有一個帶有木杵的碗，可能是用來調味或搗碎食材的。桌上還有一個帶有檸檬片的玻璃水壺，以及一個帶有勺子的小碗，可能是用來盛放醬料或調味品的。桌面上還有一張菜單，上面有各種食物的圖片和說明。

3. 桌上擺放著多樣化的餐點，包括一盤炒青菜，一盤辣炒肉片，以及一盤帶有綠葉蔬菜的湯品。此外，還有一個帶有木杵的碗，可能是用來調味或搗碎食材的。桌上還有一個帶有檸檬片的玻璃水壺，以及一個帶有勺子的小碗，可能是用來盛放醬料或調味品的。桌面上還有一張菜單，上面有各種食物的圖片和說明。"
origin_dataset/1527003136446.jpg,"1. 一位年輕男子站在樹林中，身穿藍色T恤，T恤上印有白色英文字母。他側身面向前方，頭髮短而黑，表情平靜，目光遠方。周圍是高大的樹木，樹幹粗壯，樹葉茂盛，陽光從樹葉間透下來，形成斑斕的光影效果。

2. 這張照片捕捉了一位年輕男子在森林中的側影。他穿着一件藍色T恤，T恤上印有白色英文字母。男子側身站立，頭髮短而黑，表情平靜，目光遠方。周圍是高大的樹木，樹幹粗壯，樹葉茂盛，陽光從樹葉間透下來，形成斑斕的光影效果。

3. 一位年輕男子站在樹林中，身穿藍色T恤，T恤上印有白色英文字母。他側身面向前方，頭髮短而黑，表情平靜，目光遠方。周圍是高大的樹木，樹幹粗壯，樹葉茂盛，陽光從樹葉間透下來，形成斑斕的光影效果。"
origin_dataset/1550238576872.jpg,"1. 一位年輕男子正在製作甜點，他穿着深色的長袖上衣和白色圍裙，專注地將粉紅色的奶油裝入一個圓形的蛋糕模中。他站在一個工作檯前，檯面上擺放著一個平板電腦、一個裝有草莓的藍色碗、一個裝有果醬的透明碗，以及一些其他調料和工具。背景中可以看到一個掛有塑料袋的木製架子和一張寫有「Chocolate Cupcake」的白紙。

2. 一位年輕人正在製作甜點，他身著深色長袖上衣和白色圍裙，專心地將粉紅色的奶油填入圓形蛋糕模中。他站在一個工作檯前，檯面上有平板電腦、藍色碗裡的草莓、透明碗裡的果醬，以及一些調料和工具。背景中可以看到一個掛有塑料袋的木製架子和寫有「Chocolate Cupcake」的白紙。

3. 一位年輕男子正在製作甜點，他穿著深色長袖上衣和白色圍裙，專注地將粉紅色的奶油裝入圓形蛋糕模中。他站在一個工作檯前，檯面上擺放著平板電腦、藍色碗裡的草莓、透明碗裡的果醬，以及一些調料和工具。背景中可以看到一個掛有塑料袋的木製架子和寫有「Chocolate Cupcake」的白紙。"
origin_dataset/20240211_114923.jpg,"1. 一顆樹在街道旁邊，樹葉已經開始轉黃，顯示出秋天的氣息。樹下有一個綠色的籃球場，籃球場的邊緣有紅色的標誌。籃球場旁邊有一棟建築物，建築物的牆壁是淺色的，門口有鐵製的柵欄。建築物的前面有一個小廣場，廣場上有幾塊石頭和一個鐵製的柵欄。廣場的邊緣有一個紅色的標誌，標誌上寫著「禁止進入」。廣場的後方有一個樓梯，樓梯的旁邊有一個鐵製的柵欄。樓梯的後方有一個建築物，建築物的牆壁是淺色的，門口有鐵製的柵欄。建築物的前面有一個小廣場，廣場上有幾塊石頭和一個鐵製的柵欄。廣場的邊緣有一個紅色的標誌，標誌上寫著「禁止進入」。廣場的後方有一個樓梯，樓梯的旁邊有一個鐵製的柵欄。樓梯的後方有一個建築物，建築物的牆壁是淺色的，門口有鐵製的柵欄。

2. 一顆樹在街道旁邊，樹葉已經開始轉黃，顯示出秋天的氣息。樹下有一個綠色的籃球場，籃球場的邊緣有紅色的標誌。籃球場旁邊有一棟建築物，建築物的牆壁是淺色的，門口有鐵製的柵欄。建築物的前面有一個小廣場，廣場上有幾塊石頭和一個鐵製的柵欄。廣場的邊緣有一個紅色的標誌，標誌上寫著「禁止進入」。廣場的後方有一個樓梯，樓梯的旁邊有一個鐵製的柵欄。樓梯的後方有一個建築物，建築物的牆壁是淺色的，門口有鐵製的柵欄。建築物的前面有一個小廣場，廣場上有幾塊石頭和一個鐵製的柵欄。廣場的邊緣有一個紅色的標誌，標誌上寫著「禁止進入」。廣場的後方有一個樓梯，樓梯的旁邊有一個鐵製的柵欄。樓梯的後方有一個建築物，建築物的牆壁是淺色的，門口有鐵製的柵欄。

3. 一顆樹在街道旁邊，樹葉已經開始轉黃，顯示出秋天的氣息。樹下有一個綠色的籃球場，籃球場的邊緣有紅色的標誌。籃球場旁邊有一棟建築物，建築物的牆壁是淺色的，門口有鐵製的柵欄。建築物的前面有一個小廣場，廣場上有幾塊石頭和一個鐵製的柵欄。廣場的邊緣有一個紅色的標誌，標誌上寫著「禁止進入」。廣場的後方有一個樓梯，樓梯的旁邊有一個鐵製的柵欄。樓梯的後方有一個建築物，建築物的牆壁是淺色的，門口有鐵製的柵欄。建築物的前面有一個小廣場，廣場上有幾塊石頭和一個鐵製的柵欄。廣場的邊緣有一個紅色的標誌，標誌上寫著「禁止進入」。廣場的後方有一個樓梯，樓梯的旁邊有一個鐵製的柵欄。樓梯的後方有一個建築物，建築物的牆壁是淺色的，門口有鐵製的柵欄。"
origin_dataset/IMG20211120172605.jpg,"1. 這幅畫是一幅素描，畫中人物穿着一件長袖上衣，雙手交叉放在胸前，右手舉起，手指自然地彎曲。畫面以黑色鉛筆或鋼筆繪製，背景簡單，沒有其他細節。畫家在右下角簽名並標註了完成日期為2021年11月20日。

2. 畫中人物的頭髮短而凌亂，面部表情平靜，目光直視觀者。上衣的領口和袖口處有細微的線條，表現出衣服的質感。整體風格簡潔，注重線條的運用，表現出人物的靜態姿勢。

3. 這幅素描作品展示了畫家對人物肖像的細膩描繪，特別是對手部和面部的細節處理。人物的雙手交叉，右手舉起，手指自然彎曲，表現出一種自然的姿勢。畫家使用了豐富的線條變化來表現衣服的皺褶和人物的體態，整體風格簡潔而有力。"
origin_dataset/20230108_144302.jpg,"1. 這是一張展示城市街道的圖片，路邊有茂密的樹木，天空湛藍，有幾朵雲彩。路面上有標誌性的白色標線，顯示出方向和停車區。遠處可以看到一些建築物，建築物的外觀現代，窗戶排列整齊。路邊還有一些綠化帶，種植了綠色植物。整體環境看起來非常乾淨和整潔。

2. 圖片中，陽光從左上角照射下來，散發出耀眼的光芒，天空中漂浮著幾朵蓬鬆的雲朵。街道兩旁種植了高大的樹木，樹蔭下投射出斑駁的樹影。路面上有清晰的標誌，指示方向和停車區域。遠處的建築物高聳入雲，窗戶排列整齊，建築風格現代。整體環境充滿了現代都市的氛圍。

3. 這張照片捕捉到了一個晴朗的日子，陽光從左上角照射下來，天空湛藍，有幾朵雲彩。街道兩旁種植了茂密的樹木，樹蔭下投射出斑駁的樹影。路面上有清晰的標誌，指示方向和停車區域。遠處的建築物高聳入雲，窗戶排列整齊，建築風格現代。整體環境充滿了現代都市的氛圍，樹木和建築物的搭配使得整個場景顯得非常生動。"
origin_dataset/IMG_20200216_210721_645.jpg,"1. 一位年輕男子站在廁所鏡前，手持手機自拍。他穿着深色連帽外套和淺色牛仔褲，表情略顯不悅。鏡子上貼有麥當勞的貼紙，顯示出一種日常的氛圍。男子的周圍是廁所的內部，牆壁和地板都是淺色的，燈光柔和。

2. 一位年輕人正在廁所鏡前自拍，他手持一部紅色手機。他穿著一件深色連帽外套和淺色牛仔褲，表情看起來有點不滿。鏡子上貼有麥當勞的貼紙，顯示出一種日常的氛圍。廁所內部的牆壁和地板是淺色的，燈光柔和。

3. 一位年輕男子站在廁所鏡前，手持手機自拍。他穿著深色連帽外套和淺色牛仔褲，表情略顯不悅。鏡子上貼有麥當勞的貼紙，顯示出一種日常的氛圍。廁所內部的牆壁和地板是淺色的，燈光柔和。男子的周圍是廁所的內部，牆壁和地板都是淺色的，燈光柔和。"
origin_dataset/IMG_20210710_125515_499.jpg,"1. 一位年輕的男士，身著深藍色格紋西裝外套，搭配白色襯衫和深藍色西褲，腳穿深色皮鞋，雙手插在褲袋中，坐於木製高腳椅上，背景為純白色，呈現出簡潔而專業的風格。

2. 這位男士的髮型為短髮，側身站立，雙手輕鬆地插在褲袋中，腳部輕微彎曲，坐於木製高腳椅上，身著深藍色格紋西裝外套，白色襯衫和深藍色西褲，腳穿深色皮鞋，背景為純白色，呈現出一種專業且自信的氣質。

3. 這張照片中，一位年輕的男士坐在木製高腳椅上，雙手插在褲袋中，側身站立，雙腳輕微彎曲，身著深藍色格紋西裝外套，白色襯衫和深藍色西褲，腳穿深色皮鞋，背景為純白色，呈現出簡潔而專業的風格。"
origin_dataset/IMG20220220160700.jpg,"1. 展覽現場，兩幅畫作並排展示。左側的畫作以藍色和黃色為主，表現出海邊的風景，海浪拍打著岩石，遠處有幾個人影。右側的畫作則以淡黃色和淡藍色為主，表現出一片廣闊的海景，海面波光粼粼，遠處的山丘若隱若現。兩幅畫作的風格相似，都採用了印象派的繪畫技巧，色彩鮮豔，筆觸輕盈。

2. 展覽現場的牆壁上，有一塊大屏幕，屏幕上顯示著兩幅畫作的複製圖像。左側的畫作以藍色和黃色為主，表現出海邊的風景，海浪拍打著岩石，遠處有幾個人影。右側的畫作則以淡黃色和淡藍色為主，表現出一片廣闊的海景，海面波光粼粼，遠處的山丘若隱若現。兩幅畫作的風格相似，都採用了印象派的繪畫技巧，色彩鮮豔，筆觸輕盈。屏幕的右側還有一塊顯示板，上面寫著中文和英文的詩句，描述著畫作的美。

3. 展覽現場，兩幅畫作並排展示。左側的畫作以藍色和黃色為主，表現出海邊的風景，海浪拍打著岩石，遠處有幾個人影。右側的畫作則以淡黃色和淡藍色為主，表現出一片廣闊的海景，海面波光粼粼，遠處的山丘若隱若現。兩幅畫作的風格相似，都採用了印象派的繪畫技巧，色彩鮮豔，筆觸輕盈。畫作的右側還有一塊顯示板，上面寫著中文和英文的詩句，描述著畫作的美。"
origin_dataset/1514876505887.jpg,"1. 一位年輕的男孩，頭髮是金黃色，正在吃一個黃色的水果，表情非常開心，露出大大的笑容，露出兩顆門牙。背景是淺色的牆壁和木製的傢俱。

2. 一位年輕的男孩，頭髮是金黃色，正在吃一個黃色的水果，表情非常開心，露出大大的笑容，露出兩顆門牙。背景是淺色的牆壁和木製的傢俱，男孩的臉上有一些皺紋，看起來像是在笑的時候皺起的。

3. 一位年輕的男孩，頭髮是金黃色，正在吃一個黃色的水果，表情非常開心，露出大大的笑容，露出兩顆門牙。背景是淺色的牆壁和木製的傢俱，男孩的臉上有一些皺紋，看起來像是在笑的時候皺起的，他的臉部特寫，顯示出他開心的神態。"
origin_dataset/20221203_120659.jpg,"1. 這張照片展示了一棵樹的樹冠，樹葉茂盛，陽光從樹葉間透射下來，形成斑斕的光斑。樹葉在微風中輕輕搖曳，背景是藍天和一些建築物，建築物的窗戶在陽光下顯得格外明亮。

2. 照片中，樹葉在陽光的照射下呈現出鮮豔的綠色，樹冠的葉片間隙中，陽光形成了光束，散發出耀眼的光芒。樹葉在微風中輕輕搖曳，樹冠的結構清晰可見，背景中還可以看到一些建築物的窗戶。

3. 這張照片捕捉到了樹冠的細節，樹葉在陽光的照射下呈現出鮮豔的綠色，樹冠的葉片間隙中，陽光形成了光束，散發出耀眼的光芒。樹葉在微風中輕輕搖曳，樹冠的結構清晰可見，背景中還可以看到一些建築物的窗戶。"
origin_dataset/IMG20220314203617.jpg,"1. 一間室內空間，牆壁上掛有各種標誌和圖片，包括汽車號牌和黑白照片。牆壁上還掛有幾盞造型獨特的燈飾，燈光發出黃色的光芒，營造出溫馨的氛圍。牆壁的顏色為深綠色，與燈光形成鮮明對比。

2. 室內裝飾風格獨特，牆壁上掛有不同風格的標誌和圖片，包括歷史照片和汽車號牌。牆壁上還懸掛著幾盞造型獨特的燈飾，燈光發出柔和的黃色光芒，為空間增添了一絲溫馨感。牆壁的顏色為深綠，與燈光形成鮮明對比，營造出獨特的氛圍。

3. 一間室內空間，牆壁上掛有各種標誌和圖片，包括歷史照片和汽車號牌。牆壁上還懸掛著幾盞造型獨特的燈飾，燈光發出柔和的黃色光芒，營造出溫馨的氛圍。牆壁的顏色為深綠色，與燈光形成鮮明對比，營造出獨特的空間氛圍。"
origin_dataset/IMG20220717182305.jpg,"1. 這是一張城市街景的照片，顯示了一條繁忙的街道。街道兩側有高樓大廈，建築物外觀現代，設計風格各異。街道上有行人在行走，車輛在道路上行駛。路燈和交通標誌清晰可見，顯示出城市的繁忙與活力。建築物上掛有廣告牌，上面有中文標語，顯示出當地的商業活動和文化特徵。

2. 照片中可以看到一些建築物，包括一棟高樓和一棟現代設計的圓形建築。建築物外觀現代，設計風格獨特。街道兩側有樹木，提供了綠色的景觀。街道上有行人和車輛，顯示出城市的繁忙。建築物上掛有廣告牌，上面有中文標語，顯示出當地的商業活動和文化特徵。

3. 這張照片捕捉到了一個城市的街景，顯示了一條繁忙的街道。街道兩側有高樓大廈，建築物外觀現代，設計風格各異。街道上有行人和車輛，顯示出城市的繁忙與活力。建築物上掛有廣告牌，上面有中文標語，顯示出當地的商業活動和文化特徵。建築物的設計風格獨特，顯示出當地的建築風格。"
origin_dataset/IMG_20180615_110756_322.jpg,"1. 五位年輕人站在一起，背景是黑色的牆壁，上面掛著金色的「CONGRATS」氣球字樣。他們都穿着正式的西裝，表情開心，似乎在慶祝某個重要事件。牆壁上還有幾顆金色的星星裝飾，地面上鋪有紅色的地毯，上面有幾條白色的圖案。

2. 五位年輕人排成兩排，前排兩位蹲著，後排三位站著。他們都穿著不同的西裝，表情開心，似乎在慶祝某個重要事件。背景是黑色的牆壁，上面掛著金色的「CONGRATS」氣球字樣，牆壁上還有幾顆金色的星星裝飾，地面上鋪有紅色的地毯，上面有幾條白色的圖案。

3. 五位年輕人站在一起，背景是黑色的牆壁，上面掛著金色的「CONGRATS」氣球字樣。他們都穿著不同的西裝，表情開心，似乎在慶祝某個重要事件。牆壁上還有幾顆金色的星星裝飾，地面上鋪有紅色的地毯，上面有幾條白色的圖案。"
origin_dataset/20240507_180712.jpg,"1. 天空中有層層雲霧，雲朵輕盈，散落在藍色的天際線，遠處的建築物在雲層的映襯下顯得格外鮮明。建築物的外牆顏色為橙色，窗戶排列整齊，建築物的頂部有一些天線和設備。一側的樹木綠意盎然，樹葉在微風中輕搖。

2. 當前的天氣似乎有些陰沉，天空中布滿了厚重的雲層，但仍有幾處藍天露頭。建築物的外牆顏色為橙色，窗戶排列整齊，建築物的頂部有一些天線和設備。建築物旁邊有一個綠色的屋頂，屋頂上有一些綠色植物。遠處的樹木綠意盎然，樹葉在微風中輕搖。

3. 天空中的雲層層層疊疊，雲朵輕盈，散落在藍色的天際線，遠處的建築物在雲層的映襯下顯得格外鮮明。建築物的外牆顏色為橙色，窗戶排列整齊，建築物的頂部有一些天線和設備。建築物旁邊有一個綠色的屋頂，屋頂上有一些綠色植物。遠處的樹木綠意盎然，樹葉在微風中輕搖。"
origin_dataset/1527003390417.jpg,"1. 一位年輕的男子站在森林中，背對著陽光，頭髮是黑色的，短髮，臉部朝向右側，表情平靜，身穿一件藍色的T恤，T恤上印有英文字母。背景是茂密的樹木，樹幹粗壯，樹葉茂盛，陽光從樹葉間透射下來，形成斑斕的光影效果。

2. 這張照片捕捉到了一個年輕男子在森林中的側影。他穿着一件藍色的T恤，T恤上印有英文字母。他的頭髮是黑色的，短髮，臉部朝向右側，表情平靜。背景是茂密的樹木，樹幹粗壯，樹葉茂盛，陽光從樹葉間透射下來，形成斑斕的光影效果。

3. 一位年輕的男子站在森林中，背對著陽光，頭髮是黑色的，短髮，臉部朝向右側，表情平靜，身穿一件藍色的T恤，T恤上印有英文字母。背景是茂密的樹木，樹幹粗壯，樹葉茂盛，陽光從樹葉間透射下來，形成斑斕的光影效果。"
origin_dataset/20230730_183820.jpg,1. 一張攝於橋上的照片，橋樑的欄杆和橋樑的結構在畫面中清晰可見。橋樑的欄杆是鋼筋混凝土結構，欄杆上裝有鐵絲網。橋樑的欄杆和橋樑的結構在畫面中清晰可見。橋樑的欄杆是鋼筋混凝土結構，欄杆上裝有鐵絲網。橋樑的欄杆和橋樑的結構在畫面中清晰可見。橋樑的欄杆是鋼筋混凝土結構，欄杆上裝有鐵絲網。橋樑的欄杆和橋樑的結構在畫面中清晰可見。橋樑的欄杆是鋼筋混凝土結構，欄杆上裝有鐵絲網。橋樑的欄杆和橋樑的結構在畫面中清晰可見。橋樑的欄杆是鋼筋混凝土結構，欄杆上裝有鐵絲網。橋樑的欄杆和橋樑的結構在畫面中清晰可見。橋樑的欄杆是鋼筋混凝土結構，欄杆上裝有鐵絲網。橋樑的欄杆和橋樑的結構在畫面中清晰可見。橋樑的欄杆是鋼筋混凝土結構，欄杆上裝有鐵絲網。橋樑的欄杆和橋樑的結構在畫面中清晰可見。橋樑的欄杆是鋼筋混凝土結構，欄杆上裝有鐵絲網。橋樑的欄杆和橋樑的結構在畫面中清晰可見。橋樑的欄杆是鋼筋混凝土結構，欄杆上裝有鐵絲網。橋樑的欄杆和橋樑的結構在畫面中清晰可見。橋樑的欄杆是鋼筋混凝土結構，欄杆上裝有鐵絲網。橋樑的欄杆和橋樑的結構在畫面中清晰可見。橋樑的欄杆是鋼筋混凝土結構，欄杆上裝有鐵絲網。橋樑的欄杆和橋樑的結構在畫面中清晰可見。橋樑的欄杆是鋼筋混凝土結構，欄杆上裝有鐵絲網。橋樑的欄杆和橋樑的結構在畫面中清晰可見。橋樑的欄杆是鋼筋混凝土結構，欄杆上裝有鐵絲網。橋樑的欄杆和橋樑的結構在畫面中清晰可見。橋樑的欄杆是鋼筋混凝土結構，欄杆上裝有鐵絲網。橋樑的欄杆和橋樑的結構在畫面中清晰可見。橋樑的欄杆是鋼筋混凝土結構，欄杆上裝有鐵絲網。橋樑的欄杆和橋樑的結構在畫面中清晰可見。橋樑的欄杆是鋼筋混凝土結構，欄杆上裝有鐵絲網。橋樑的欄杆和橋樑的結構在畫面中清晰可見。橋樑的欄杆是鋼筋混凝土結構，欄杆上裝有鐵絲網。橋樑的欄杆和橋樑的結構在畫面中清晰可見。橋樑的欄杆是鋼筋混凝土結構，欄杆上裝有鐵絲網。橋樑的欄杆和橋樑的結構在畫面中清晰可見。橋樑的欄杆是鋼筋混凝土結構，欄杆上裝有鐵絲網。橋樑的欄杆和橋樑的結構在畫面中清晰可見。橋樑的欄杆是鋼筋混凝土結構，欄杆上裝有鐵絲網。橋樑的欄杆和橋樑的結構在畫面中清晰可見。橋樑的欄杆是鋼筋混凝土結構，欄杆上裝有鐵絲網。橋樑的欄杆和橋樑的結構在畫面中清晰可見。橋樑的欄杆是鋼筋混凝土結構，欄杆上裝有鐵絲網。橋樑的欄杆和橋樑的結構在畫面中清晰可見。橋樑的欄杆是鋼筋混凝土結構，欄杆上裝有鐵絲網。橋樑的欄杆和橋樑的結構在畫面中清晰可見。橋樑的欄杆是鋼筋混凝土結構，欄杆上裝有鐵絲網。橋樑的欄
origin_dataset/20221225_144336.jpg,"1. 一望無際的綠草地，草地上散落著幾位遊客，他們在享受著晴朗天氣帶來的閒適時光。遠處，一條高架橋橫跨天際，橋上車流不息，橋下則是另一條道路，兩者之間的空間被綠樹和灌木叢所圍繞。橋的另一側，一棟高樓建築矗立，其建築風格現代，與周圍的自然景觀形成鮮明對比。

2. 綠色的草地延伸至天際，草地上有幾個人在活動，其中一人正在踢足球。遠處，一條高架橋橫跨天際，橋上車輛來往不絕。橋下則是另一條道路，兩者之間的空間被綠樹和灌木叢所圍繞。橋的另一側，一棟高樓建築矗立，其建築風格現代，與周圍的自然景觀形成鮮明對比。

3. 一片廣闊的綠草地，草地上散落著幾位遊客，他們在享受著晴朗天氣帶來的閒適時光。遠處，一條高架橋橫跨天際，橋上車流不息，橋下則是另一條道路，兩者之間的空間被綠樹和灌木叢所圍繞。橋的另一側，一棟高樓建築矗立，其建築風格現代，與周圍的自然景觀形成鮮明對比。"
origin_dataset/line_1518613017249.jpg,"1. 桌上擺放著兩盒披薩，一盒已經被部分食用，另一盒則幾乎全數被吃掉。披薩上鋪有各種配料，包括火腿、奶酪和蔬菜。此外，還有一個透明塑料盒裝著一些小點心，可能是餅乾或小蛋糕。桌上還有一個空的披薩盒，以及一些散落的餅乾。背景中可以看到一些人，他們似乎在活動中，但他們的臉部被模糊處理了。

2. 桌子上擺放著各種食物，包括兩盒披薩和一個透明塑料盒裝的小點心。披薩已經被部分食用，而另一盒則幾乎全數被吃掉。披薩上鋪有火腿、奶酪和蔬菜等配料。透明塑料盒裡裝著一些小點心，可能是餅乾或小蛋糕。桌上還有一個空的披薩盒，以及一些散落的餅乾。背景中可以看到一些人，他們似乎在活動中，但他們的臉部被模糊處理了。

3. 桌子上擺放著兩盒披薩和一個透明塑料盒裝的小點心。披薩已經被部分食用，而另一盒則幾乎全數被吃掉。披薩上鋪有火腿、奶酪和蔬菜等配料。透明塑料盒裡裝著一些小點心，可能是餅乾或小蛋糕。桌上還有一個空的披薩盒，以及一些散落的餅乾。背景中可以看到一些人，他們似乎在活動中，但他們的臉部被模糊處理了。"
origin_dataset/20230820_155657.jpg,"1. 海面波光粼粼，天空布滿厚重的烏雲，遠處的港口建築在陰沉的天氣中若隱若現。海面上有幾艘船隻，船隻的輪廓在灰暗的背景中顯得格外突出。

2. 深邃的海面反射著天空的陰沉，遠處的港口建築在烏雲的籠罩下若隱若現。海面上有幾艘船隻，船隻的輪廓在灰暗的背景中顯得格外突出。

3. 海面波光粼粼，天空布滿厚重的烏雲，遠處的港口建築在陰沉的天氣中若隱若現。海面上有幾艘船隻，船隻的輪廓在灰暗的背景中顯得格外突出。"
origin_dataset/IMG20220317145355.jpg,"1. 海浪拍打著海岸，激起白色的浪花。遠處，幾艘船在海面上航行，天空陰沉，雲層厚重，海面波濤洶涌，海浪不斷拍打著海岸線，形成一道道白色的浪花。在海邊，有幾個人在享受海風，其中一個人在海水中戲水，享受著海浪的撫摸。

2. 海浪不斷拍打著海岸，激起白色的浪花。遠處，幾艘船在海面上航行，天空陰沉，雲層厚重，海面波濤洶涌。在海邊，有幾個人在享受海風，其中一個人在海水中戲水，享受著海浪的撫摸。海浪不斷拍打著海岸線，形成一道道白色的浪花，海面波濤洶涌，遠處的船隻在海面上航行，天空陰沉，雲層厚重。

3. 海浪不斷拍打著海岸，激起白色的浪花。遠處，幾艘船在海面上航行，天空陰沉，雲層厚重，海面波濤洶涌。在海邊，有幾個人在享受海風，其中一個人在海水中戲水，享受著海浪的撫摸。海浪不斷拍打著海岸線，形成一道道白色的浪花，海面波濤洶涌，遠處的船隻在海面上航行，天空陰沉，雲層厚重。"
origin_dataset/IMG_20180212_233241_007.jpg,"1. 一間臥室，牆壁為粉紅色，牆上貼有心形裝飾。床鋪有白色床單，床頭櫃上放著一雙運動鞋。床邊有一個黑色背包和一個黑色手提袋。床頭牆上掛有一個鏡子，鏡子旁邊有一個紅色的圓凳。牆角放著兩隻黑色的貓雕像。

2. 房間的牆壁是粉紅色的，牆上貼有心形裝飾。床鋪有白色床單，床頭櫃上放著一雙運動鞋。床邊有一個黑色背包和一個黑色手提袋。床頭牆上掛有一個鏡子，鏡子旁邊有一個紅色的圓凳。牆角放著兩隻黑色的貓雕像。

3. 一間臥室，牆壁為粉紅色，牆上貼有心形裝飾。床鋪有白色床單，床頭櫃上放著一雙運動鞋。床邊有一個黑色背包和一個黑色手提袋。床頭牆上掛有一個鏡子，鏡子旁邊有一個紅色的圓凳。牆角放著兩隻黑色的貓雕像。"
origin_dataset/10384056_632066343559858_4770959813313930167_n(1)(1).jpg,"1. 一間教室內，數位年輕人圍成一圈，似乎在進行討論或遊戲。牆上掛有標語，內容涉及大學和傳統技藝的相關資訊。教室內有吊扇和窗簾，環境簡單而實用。

2. 教室內，一群年輕人圍坐一塊，似乎在進行互動活動。牆上標語提到大學和傳統技藝的相關課程。教室內有吊扇和窗簾，環境簡單而實用。

3. 教室內，數位年輕人圍成一圈，似乎在進行討論或遊戲。牆上標語提到大學和傳統技藝的相關課程。教室內有吊扇和窗簾，環境簡單而實用。"
origin_dataset/20230706_183045.jpg,"1. 這道菜是一盤透明的魚片，擺放在方形的白色盤子上，盤子邊緣有藍色的邊框。魚片上撒有綠色的香菜葉，看起來非常新鮮。魚片旁邊有一小碟醬汁，醬汁顏色較深，可能是用醬油調製的，上面還撒有芝麻等調料。

2. 這道菜的盤子是方形的，邊緣是藍色的，盤子內裝有透明的魚片，魚片上放有綠色的香菜葉。魚片旁邊有一小碟醬汁，醬汁顏色較深，可能是用醬油調製的，上面還撒有芝麻等調料。

3. 這道菜的盤子是方形的，邊緣是藍色的，盤子內裝有透明的魚片，魚片上放有綠色的香菜葉。魚片旁邊有一小碟醬汁，醬汁顏色較深，可能是用醬油調製的，上面還撒有芝麻等調料。魚片看起來非常新鮮，盤子擺放在一個木質的桌面上。"
origin_dataset/IMG20220820215633.jpg,"1. 這座建築物在夜晚被燈光點綴，建築的屋頂和柱子被紅色和金色的燈光照亮，營造出莊嚴而華麗的氛圍。建築的設計融合了傳統中國建築的元素，屋頂的飛檐翹角和精緻的雕刻都展現出中國古典建築的美學特徵。建築前方的廣場上，有幾位遊客在閒逛，他們的影子在地面上投射出來，增加了夜景的層次感。

2. 建築物的屋頂和柱子被紅色和金色的燈光點綴，營造出莊嚴而華麗的氛圍。建築的屋頂採用了傳統中國建築的飛檐翹角設計，屋頂的屋檐和屋脊上裝飾著精緻的雕刻，這些細節都展現出中國古典建築的美學特徵。建築前方的廣場上，有幾位遊客在閒逛，他們的影子在地面上投射出來，增加了夜景的層次感。

3. 建築物在夜晚被燈光點綴，建築的屋頂和柱子被紅色和金色的燈光照亮，營造出莊嚴而華麗的氛圍。建築的屋頂採用了傳統中國建築的飛檐翹角設計，屋頂的屋檐和屋脊上裝飾著精緻的雕刻，這些細節都展現出中國古典建築的美學特徵。建築前方的廣場上，有幾位遊客在閒逛，他們的影子在地面上投射出來，增加了夜景的層次感。"
origin_dataset/20240201_125548.jpg,"1. 這張照片展示了一個城市街景，天空中布滿了蓬鬆的雲朵，遠處可以看到一些建築物和綠色的山丘。前景中有一座綠色的高架橋，橋下是繁忙的街道，車輛和行人來往不絕。建築物的外牆顏色多樣，有淺黃色、深灰色和紅色等。街道兩側有商店和招牌，顯示出當地的商業活動。

2. 照片中，天空湛藍，雲層稀疏，散發出晴朗的氣氛。建築物的外牆顏色較為樸素，以淺黃色和深灰色為主，部分建築物上還裝有鐵窗欄杆。高架橋的綠色護欄與周圍環境形成鮮明對比，橋下是城市街道，車輛和行人穿梭其中，顯示出都市的繁忙景象。

3. 這張照片捕捉到了一個城市的街景，天空中布滿了蓬鬆的雲朵，遠處的山丘綠意盎然。建築物的外牆顏色多樣，有淺黃色、深灰色和紅色等，部分建築物上還裝有鐵窗欄杆。前景中有一座綠色的高架橋，橋下是繁忙的街道，車輛和行人來往不絕，顯示出當地的商業活動和都市的繁忙景象。"
origin_dataset/20240224_233230~2.jpg,"1. 這段程式碼是用於從YouTube下載影片或音訊檔案的Python腳本。首先，定義了一個`find_best`函數，該函數會根據傳入的URL和是否僅下載音訊檔案的參數，取得影片或音訊的最佳流式檔案。如果傳入的URL是音訊檔案，則會取得音訊檔案中品質最好的檔案；否則，會取得影片檔案中品質最高的檔案。在取得最佳檔案後，會進行錯誤處理，如果URL有問題或影片資源不可用，則會顯示相應的錯誤訊息並返回`None`。

2. 程式碼中還定義了一個`download_file`函數，該函數會根據傳入的流式檔案下載對應的檔案。首先，取得流式檔案的檔案路徑，然後根據路徑取得檔案名稱。如果沒有指定檔案名稱，則會使用流式檔案預設的檔案名稱。最後，使用`stream.download`方法下載檔案，並顯示下載完成的訊息。

3. 程式碼的最後部分是主程式，會提示使用者輸入YouTube影片的網址，並詢問是否僅下載音訊檔案。根據使用者的輸入，會調用`find_best`函數取得最佳檔案，並調用`download_file`函數下載檔案。如果使用者輸入的網址有問題或影片資源不可用，則會顯示相應的錯誤訊息。"
origin_dataset/IMG20220311204229.jpg,"1. 一輛電車在夜晚的城市街道上緩緩行駛，車頭的紅色尾燈在黑暗中閃爍。電車的前方是幾棟高聳的建築，建築的窗戶間或有光亮，顯示出城市夜間的繁忙與活力。電車的軌道兩旁是綠意盎然的草地和灌木，燈光從建築和電車上投射下來，形成一道道光束，散發出柔和的光芒。

2. 夜晚的城市街道上，一輛電車在軌道上緩行，車頭的紅色尾燈在黑暗中閃爍。電車的前方是幾棟高聳的建築，建築的窗戶間或有光亮，顯示出城市夜間的繁忙與活力。電車的軌道兩旁是綠意盎然的草地和灌木，燈光從建築和電車上投射下來，形成一道道光束，散發出柔和的光芒。

3. 一輛電車在夜晚的城市街道上緩緩行駛，車頭的紅色尾燈在黑暗中閃爍。電車的前方是幾棟高聳的建築，建築的窗戶間或有光亮，顯示出城市夜間的繁忙與活力。電車的軌道兩旁是綠意盎然的草地和灌木，燈光從建築和電車上投射下來，形成一道道光束，散發出柔和的光芒。"
origin_dataset/line_1547982340601.jpg,"1. 這是一台銀色的MSI筆記型電腦，顯示器為15.6英寸，顯示器上方有一個攝像頭。鍵盤為標準布局，鍵盤上方有一個黑色的連接線，連接到電腦的側邊。電腦放置在一個木質的桌子上，桌面上有一些雜物，包括一個木製的抽屜櫃和一些書籍。

2. 這是一台MSI品牌的筆記型電腦，機身為銀色，顯示器尺寸為15.6英寸。顯示器上方有一個攝像頭，顯示器下方有一個黑色的連接線，連接到電腦的側邊。鍵盤為標準布局，鍵盤上方有一個黑色的連接線。電腦放置在一個木質的桌子上，桌面上有一些雜物，包括一個木製的抽屜櫃和一些書籍。

3. 這是一台MSI品牌的筆記型電腦，機身為銀色，顯示器尺寸為15.6英寸。顯示器上方有一個攝像頭，顯示器下方有一個黑色的連接線，連接到電腦的側邊。鍵盤為標準布局，鍵盤上方有一個黑色的連接線。電腦放置在一個木質的桌子上，桌面上有一些雜物，包括一個木製的抽屜櫃和一些書籍。"
origin_dataset/IMG_20200217_124503_430.jpg,"1. 這張照片展示了一本打開的書，書頁上寫滿了複雜的數學公式和物理學術語。書頁上還有一個簡單的圖形，似乎是一個球體的示意圖，標註了“f”和“1-f”。書的頁邊緣有些捲曲，顯示出它已經被翻閱過多次。書放在一個木質桌面上，桌面上還有一個裝滿食物的碗，碗的顏色是黃色的。書的右下角有一個藍色的圖標，上面寫著“Working”和一支筆的圖案。

2. 這張照片中，一本打開的書放在木質桌面上，書頁上寫滿了數學公式和物理學術語。書頁上有一個簡單的圖形，顯示一個球體的示意圖，標註了“f”和“1-f”。書的頁邊緣有些捲曲，顯示出它已經被翻閱過多次。書的右下角有一個藍色的圖標，上面寫著“Working”和一支筆的圖案。桌面上還有一個裝滿食物的碗，碗的顏色是黃色的。

3. 這張照片中，一本打開的書放在木質桌面上，書頁上寫滿了複雜的數學公式和物理學術語。書頁上有一個簡單的圖形，顯示一個球體的示意圖，標註了“f”和“1-f”。書的頁邊緣有些捲曲，顯示出它已經被翻閱過多次。書的右下角有一個藍色的圖標，上面寫著“Working”和一支筆的圖案。桌面上還有一個裝滿食物的碗，碗的顏色是黃色的。"
origin_dataset/20230721_131504.jpg,"1. 這張照片展示了一個機場的內部景象，透過大面積的玻璃窗可以看到外面的機場跑道和停機坪。天空湛藍，雲朵稀疏，遠處可以看到機場的控制塔和一些停靠的飛機。機場內部有幾位旅客，他們似乎在等待登機或觀看窗外的景致。

2. 照片中，機場的內部環境清晰可見，透過玻璃窗可以看到外面的機場跑道和停機坪。天空晴朗，藍天白雲，遠處的機場控制塔和停機坪上的飛機成為了視野中的主要景點。機場內部有幾位旅客，他們靜靜地坐在窗邊，似乎在等待登機或欣賞窗外的風景。

3. 這張照片捕捉到了一個機場的內部景象，透過大面積的玻璃窗可以看到外面的機場跑道和停機坪。天空湛藍，雲朵稀疏，遠處可以看到機場的控制塔和一些停靠的飛機。機場內部有幾位旅客，他們似乎在等待登機或觀看窗外的景致。機場的建築設計現代，玻璃窗的設計讓室內外的景觀相互連接，營造出一種開放和寬敞的氛圍。"
origin_dataset/IMG20220221185659.jpg,"1. 一隻貓咪被關在一個透明的玻璃箱內，箱子的底部鋪有綠色的草皮。貓咪的毛色是白色和橙色相間，背後掛有一個紅色的紙牌，上面寫著「貓肥家旺」，紙牌上還掛有一個紅色的流蘇。箱子的側面有一個木製的框架，框架上也掛有一個紅色的紙牌，上面寫著「山海珍味」，紙牌上還掛有一個紅色的流蘇。箱子的頂部有一個透明的塑料布，塑料布上有一些水珠，可能是因為下雨或溼氣造成的。箱子的後面有一個綠色的圓形裝飾物，可能是用來吸引顧客的注意。

2. 一隻貓咪被關在一個透明的玻璃箱內，箱子的底部鋪有綠色的草皮。貓咪的毛色是白色和橙色相間，背後掛有一個紅色的紙牌，上面寫著「貓肥家旺」，紙牌上還掛有一個紅色的流蘇。箱子的側面有一個木製的框架，框架上也掛有一個紅色的紙牌，上面寫著「山海珍味」，紙牌上還掛有一個紅色的流蘇。箱子的頂部有一個透明的塑料布，塑料布上有一些水珠，可能是因為下雨或溼氣造成的。箱子的後面有一個綠色的圓形裝飾物，可能是用來吸引顧客的注意。

3. 一隻貓咪被關在一個透明的玻璃箱內，箱子的底部鋪有綠色的草皮。貓咪的毛色是白色和橙色相間，背後掛有一個紅色的紙牌，上面寫著「貓肥家旺」，紙牌上還掛有一個紅色的流蘇。箱子的側面有一個木製的框架，框架上也掛有一個紅色的紙牌，上面寫著「山海珍味」，紙牌上還掛有一個紅色的流蘇。箱子的頂部有一個透明的塑料布，塑料布上有一些水珠，可能是因為下雨或溼氣造成的。箱子的後面有一個綠色的圓形裝飾物，可能是用來吸引顧客的注意。"
origin_dataset/IMG_20200614_131347.jpg,"1. 一張紙上寫著中文筆跡，內容為「千禧年」，並附有一個藍色的鬼形圖案。

2. 桌面上有一個棕色的紙盒，上面標有「natural floss」和「100% silk 30m」的字樣。

3. 紙盒旁邊的紙張上，有藍色的筆跡寫著「千禧年」，並在右下角畫了一個藍色的鬼形圖案。"
origin_dataset/20240423_184506.jpg,"1. 這是一台售賣飲品的自動販賣機，機身上有粉紅色和藍色的廣告，廣告上寫著「思樂冰 SLURPee」，並附有三位女性的圖片。廣告上還寫著「第2杯7折」的促銷活動，以及不同杯型的價格：中杯30元、大杯39元、特大杯45元。機器右側有三個冰沙機頭，機頭上寫著「PULL」，用來拉動冰沙。機器底部有可口可樂的標誌。

2. 這是一台位於便利商店內的自動售賣機，機身設計以粉紅色和藍色為主，廣告上寫著「思樂冰 SLURPee」，並附有三位女性的圖片。廣告上還寫著「第2杯7折」的促銷活動，以及不同杯型的價格：中杯30元、大杯39元、特大杯45元。機器右側有三個冰沙機頭，機頭上寫著「PULL」，用來拉動冰沙。機器底部有可口可樂的標誌。

3. 這是一台位於便利商店內的自動售賣機，機身設計以粉紅色和藍色為主，廣告上寫著「思樂冰 SLURPee」，並附有三位女性的圖片。廣告上還寫著「第2杯7折」的促銷活動，以及不同杯型的價格：中杯30元、大杯39元、特大杯45元。機器右側有三個冰沙機頭，機頭上寫著「PULL」，用來拉動冰沙。機器底部有可口可樂的標誌。"
origin_dataset/11107167_632083676891458_3431717268607350485_n(1)(1).jpg,"1. 一塊金屬質感的招牌，上面刻有黑色的中文字，背景是白色，邊緣有鑲嵌的菱形裝飾。招牌下方有一個紅色圓形標誌，標誌內有禁止吸菸的圖案和文字。

2. 招牌位於一棟建築物的外牆上，建築物的牆面是淺色的磚塊，窗戶是深色的。招牌的反射中可以看到一些綠色植物的影子。

3. 招牌上的文字是中文，內容包括「信義鄉」、「潭南村」、「公處」等字樣，顯示可能是當地的一個行政單位或服務機構。下方的紅色圓形標誌上寫有「本場所禁止吸菸」的字樣。"
origin_dataset/IMG_20210801_143048_116.jpg,"1. 這張圖展示了一個電路操作的示意圖，標題為「Scan 電路操作」。圖中列出了三個步驟：T4、T5、T6 開啟；S1、S2、BT 保持 High；T8 關閉。此外，圖中還標註了多個電路元件，如 T1、T2、T3、T4、T5、T6、T7、T8、S1、S2、BT、CK1、CK2、CK3、CK4、CK5、CK6、CK7、CK8、P、VGH 等。圖右側還有一個時間波形圖，顯示了各個信號的波形變化。

2. 圖中電路元件的標註和操作步驟說明了電路在不同時間點的狀態變化。例如，T4、T5、T6 開啟時，會影響 CK1、CK2、CK3 的波形變化；S1、S2、BT 保持 High 時，會影響 CK4、CK5、CK6 的波形變化；T8 關閉時，會影響 CK7、CK8 的波形變化。這些變化反映了電路在不同時間點的狀態轉換。

3. 圖中還展示了多個信號的波形變化，這些波形變化與電路元件的操作步驟相對應。例如，當 T4、T5、T6 開啟時，CK1、CK2、CK3 的波形會發生變化；當 S1、S2、BT 保持 High 時，CK4、CK5、CK6 的波形會發生變化；當 T8 關閉時，CK7、CK8 的波形會發生變化。這些波形變化反映了電路在不同時間點的狀態轉換。"
origin_dataset/IMG20220316105115.jpg,"1. 這張照片展示了一個城市的街景，前景是一片綠色的樹木和一些農作物，後方則是幾棟建築物，建築物的外觀為現代風格，建築物之間有道路穿插，天空中有一些雲彩，整體環境看起來比較平靜。

2. 照片中可以看到一些建築物，建築物的外觀為現代風格，建築物之間有道路穿插，建築物的後方有一些樹木和農作物，建築物的前面有一條道路，道路兩側有樹木，天空中有一些雲彩，整體環境看起來比較平靜。

3. 這張照片展示了一個城市的街景，建築物的外觀為現代風格，建築物之間有道路穿插，建築物的後方有一些樹木和農作物，建築物的前面有一條道路，道路兩側有樹木，天空中有一些雲彩，整體環境看起來比較平靜。"
origin_dataset/IMG_20200517_141859_220.jpg,"1. 這張圖片展示了一個由木頭和陶瓷製成的遊戲或裝飾品。圖片中可以看到一個黑色的陶瓷盤子，盤子上有一些圖案和符號。盤子的右側有一個木製的圓形底座，上面有幾個小木棍。此外，還有一些小木棍散落在白色桌布上。這些物品看起來像是傳統的遊戲或裝飾品，可能與中國傳統文化有關。

2. 圖片中有一個黑色的陶瓷盤子，盤子上有一些圖案和符號。盤子的右側有一個木製的圓形底座，上面有幾個小木棍。這些小木棍散落在白色桌布上。這些物品看起來像是傳統的遊戲或裝飾品，可能與中國傳統文化有關。盤子的左側有一個黑色的陶瓷杯子，杯子上有一些圖案。這些物品的材質和設計都顯示出一種傳統的風格。

3. 圖片中展示了一個由木頭和陶瓷製成的遊戲或裝飾品。圖片中可以看到一個黑色的陶瓷盤子，盤子上有一些圖案和符號。盤子的右側有一個木製的圓形底座，上面有幾個小木棍。此外，還有一些小木棍散落在白色桌布上。這些物品看起來像是傳統的遊戲或裝飾品，可能與中國傳統文化有關。盤子的左側有一個黑色的陶瓷杯子，杯子上有一些圖案。這些物品的材質和設計都顯示出一種傳統的風格。"
origin_dataset/20240707_175150.jpg,"1. 白板上寫著一連串的數學公式和符號，包括向量、運算符和常數，似乎是在進行某種數學或統計分析。公式中包含如「w」、「x」、「e」、「σ」等符號，以及一些數字和運算符，如加減乘除和指數運算。這些公式可能與機器學習或統計推斷有關，因為其中包含了一個「α」和一個「σ」，這些在這些領域中常見於調整模型參數或計算標準差的情況。

2. 白板上寫著一連串的數學公式和符號，包括向量、運算符和常數，似乎是在進行某種數學或統計分析。公式中包含如「w」、「x」、「e」、「σ」等符號，以及一些數字和運算符，如加減乘除和指數運算。這些公式可能與機器學習或統計推斷有關，因為其中包含了一個「α」和一個「σ」，這些在這些領域中常見於調整模型參數或計算標準差的情況。

3. 白板上寫著一連串的數學公式和符號，包括向量、運算符和常數，似乎是在進行某種數學或統計分析。公式中包含如「w」、「x」、「e」、「σ」等符號，以及一些數字和運算符，如加減乘除和指數運算。這些公式可能與機器學習或統計推斷有關，因為其中包含了一個「α」和一個「σ」，這些在這些領域中常見於調整模型參數或計算標準差的情況。"
origin_dataset/20240707_172159.jpg,"1. 白板上寫著程式碼相關的筆記，包括 `str.find(""@"")` 和 `split` 函數的使用方法。此外，還有一個電子郵件地址「victor.***@gmail.com」，以及一些數字和符號，如 `[8] [9:]` 和 `list`。白板上還有一些圖形和符號，可能是用來輔助說明程式碼的運作。

2. 白板上展示了一個程式碼教學的筆記，重點在於如何使用 `str.find(""@"")` 函數來尋找電子郵件地址中的「@」符號，以及如何使用 `split` 函數來分割字符串。此外，還有一個電子郵件地址「victor.***@gmail.com」，以及一些數字和符號，如 `[8] [9:]` 和 `list`。白板上還有一些圖形和符號，可能是用來輔助說明程式碼的運作。

3. 白板上寫著程式碼相關的筆記，包括 `str.find(""@"")` 和 `split` 函數的使用方法。此外，還有一個電子郵件地址「victor.***@gmail.com」，以及一些數字和符號，如 `[8] [9:]` 和 `list`。白板上還有一些圖形和符號，可能是用來輔助說明程式碼的運作。白板上還寫著一些數字和符號，如 `0.4 0.6`，可能是用來說明程式碼的運作結果或數據分析。"
origin_dataset/IMG20200306160113.jpg,這張圖片顯示了一本筆記本的頁面，上面寫滿了數學公式和計算過程。頁面背景是綠色方格紙，筆記本的頁碼為041。筆記本上寫著關於梯度運算符（∇）和拉普拉斯運算符（∇²）的應用，特別是對於函數f的梯度運算。筆記中還涉及到了Helmholtz方程的推導，該方程是描述波動問題的基礎方程之一。筆記中還提到了如何將Helmholtz方程分解為r、θ和φ三個方向上的偏微分方程，並通過變換為徑向、極角和方位角方向上的偏微分方程來求解。最後，筆記中還提到了如何通過求解這些偏微分方程來得到波函數的解，並指出波函數需要滿足連續性條件。
origin_dataset/IMG20220304140857.jpg,"1. 一片廣闊的農田，土壤呈紅褐色，地表散落著枯黃的草叢和樹枝，遠處有一棵孤立的樹木，天空晴朗，陽光普照。

2. 一望無際的農地，土壤質地疏鬆，顏色為紅褐色，地表雜草叢生，樹木稀疏，遠處的樹木在陽光下顯得格外孤寂。

3. 一片農田，土壤為紅褐色，地表有雜草和樹枝，遠處有一棵樹木，天空晴朗，陽光照射在農田上，使得整個場景顯得格外乾燥。"
origin_dataset/20240507_181155.jpg,"1. 天空布滿了層層雲霧，遠處的樹木在微風中輕搖，交通燈的紅燈亮起，提醒著行車人暫停。

2. 晚霞的餘暉在天空中散發出柔和的光澤，雲朵在微風中緩緩漂浮，交通燈的紅燈在風中搖曳。

3. 天空的顏色漸變，從藍色到粉紅，雲朵在天空中形成了一幅動態的畫面，交通燈的紅燈在風中閃爍。"
origin_dataset/IMG20200628134937.jpg,"1. 一尊雕像的影子投射在牆上，雕像的形狀是一個舞者，雙手高舉，身體彎曲，腳尖點地，動作充滿動感。雕像的底座上似乎有其他裝飾品，但因為光源的照射，這些細節並不清晰。

2. 一束光從後方照射過來，形成了一個舞者的剪影。舞者的姿態是雙手高舉，身體彎曲，腳尖點地，動作優美。光線從後方照射過來，使得舞者的影子在牆上投射出一個清晰的剪影。

3. 一尊雕像的影子投射在牆上，雕像的形狀是一個舞者，雙手高舉，身體彎曲，腳尖點地，動作充滿動感。雕像的底座上似乎有其他裝飾品，但因為光源的照射，這些細節並不清晰。光線從後方照射過來，使得舞者的影子在牆上投射出一個清晰的剪影。"
origin_dataset/20221113_143004.jpg,"1. 這張照片展示了一條寬闊的混凝土道路，兩旁是茂盛的綠草地。遠處可以看到幾棟高樓建築，天空湛藍，雲朵稀疏，環境清幽。

2. 照片中有一條筆直的混凝土道路，兩側是綠意盎然的草地。遠處的建築物在藍天的襯托下顯得格外高聳，天空中散佈著幾朵蓬鬆的雲朵。

3. 這張照片捕捉到了一條寬敞的道路，兩側是茂盛的綠草。遠處的建築物在藍天的襯托下顯得格外突出，天空中散佈著幾朵蓬鬆的雲朵。"
origin_dataset/Screenshot_2018-05-12-09-50-58.jpg,"1. 一尊銅製的雕像，雕像上半身穿着軍裝，下半身則是圓頭圓腦的卡通形象，表情開心，右手舉起，似乎在敬禮。雕像底座是圓柱形的石頭，上面有銘牌，寫著「敬禮両さん像」，並附有地圖。

2. 這是一尊位於公園內的銅製雕像，雕像的上半身是軍裝，下半身則是圓頭圓腦的卡通形象，表情開心，右手舉起敬禮。雕像底座是圓柱形的石頭，上面有銘牌，寫著「敬禮両さん像」，並附有地圖。

3. 一尊銅製的雕像，雕像上半身穿着軍裝，下半身則是圓頭圓腦的卡通形象，表情開心，右手舉起敬禮。雕像底座是圓柱形的石頭，上面有銘牌，寫著「敬禮両さん像」，並附有地圖。雕像位於公園內，背景有圍籬和綠植。"
origin_dataset/20240609_173715.jpg,"1. 這張照片展示了一座現代化的高樓建築，建築外牆為深色，窗戶排列整齊。建築頂部有幾層陽台，陽台邊緣有護欄。建築旁邊有幾棟較低的建築，建築頂部有招牌，招牌上有中文標誌。天空陰沉，雲層厚重，給整體照片帶來一種沉悶的氛圍。

2. 照片中，一幢高樓建築成為視覺焦點，建築外牆為深色，窗戶排列整齊。建築頂部有幾層陽台，陽台邊緣有護欄。建築旁邊有幾棟較低的建築，建築頂部有招牌，招牌上有中文標誌。天空陰沉，雲層厚重，給整體照片帶來一種沉悶的氛圍。

3. 這張照片捕捉到了一幢現代化的高樓建築，建築外牆為深色，窗戶排列整齊。建築頂部有幾層陽台，陽台邊緣有護欄。建築旁邊有幾棟較低的建築，建築頂部有招牌，招牌上有中文標誌。天空陰沉，雲層厚重，給整體照片帶來一種沉悶的氛圍。"
origin_dataset/IMG_20211117_183918_422.jpg,"1. 一位年輕的男子側身站立，背對著一塊標誌牌，遠處是茂密的山林和藍天。他頭髮短而黑，臉部表情平靜，似乎在欣賞眼前的風景。他身後的標誌牌上寫著中文，但內容不清晰。周圍的環境非常自然，陽光充足，天空湛藍，雲朵稀疏。

2. 一位年輕的男子背對著一塊標誌牌，遠處是茂密的山林和藍天。他側身站立，頭髮短而黑，臉部表情平靜，似乎在欣賞眼前的風景。他身後的標誌牌上寫著中文，但內容不清晰。周圍的環境非常自然，陽光充足，天空湛藍，雲朵稀疏。

3. 一位年輕的男子側身站立，背對著一塊標誌牌，遠處是茂密的山林和藍天。他頭髮短而黑，臉部表情平靜，似乎在欣賞眼前的風景。他身後的標誌牌上寫著中文，但內容不清晰。周圍的環境非常自然，陽光充足，天空湛藍，雲朵稀疏。"
origin_dataset/20240208_220742.jpg,"1. 這張照片展示了一間書店的內部，書架上擺滿了各種雜誌和書籍。書店的裝潢以淺色木質為主，環境寬敞明亮。書架上貼有標籤，分類清晰，方便讀者查找。書店內有幾位顧客在瀏覽書籍，環境整潔，燈光柔和。

2. 這張照片中，書店的二樓展示了一個專門的雜誌區。書架上排列著多種雜誌，包括軍事、航空、汽車和機車等主題的雜誌。書店的裝潢風格簡潔現代，以淺色木質為主，燈光設計溫馨，營造出舒適的閱讀氛圍。

3. 這張照片捕捉到了書店的內部景觀，特別是二樓的雜誌區。書架上擺滿了各種雜誌，從軍事、航空到汽車和機車等主題應有盡有。書店的裝潢以淺色木質為主，燈光柔和，環境寬敞明亮。書店內有幾位顧客在瀏覽書籍，環境整潔，氛圍溫馨。"
origin_dataset/20240509_182257.jpg,"1. 天空的雲層在夕陽的照耀下，呈現出柔和的黃色和藍色漸變，遠處的建築物在落日餘暉中顯得格外靜謐。街道兩旁的建築物和樹木在微風中輕搖，車輛和行人在馬路上緩慢行進，形成一幅動態的城市風景畫。

2. 夕陽西下，天空中的雲層被染成了柔和的黃色和藍色，遠處的建築物在落日餘暉中顯得格外靜謐。街道兩旁的建築物和樹木在微風中輕搖，車輛和行人在馬路上緩慢行進，形成一幅動態的城市風景畫。遠處的建築物在落日餘暉中顯得格外靜謐，天空中的雲層被染成了柔和的黃色和藍色漸變。

3. 夕陽西下，天空中的雲層被染成了柔和的黃色和藍色漸變，遠處的建築物在落日餘暉中顯得格外靜謐。街道兩旁的建築物和樹木在微風中輕搖，車輛和行人在馬路上緩慢行進，形成一幅動態的城市風景畫。遠處的建築物在落日餘暉中顯得格外靜謐，天空中的雲層被染成了柔和的黃色和藍色漸變。"
origin_dataset/20230826_155729.jpg,"1. 藍天白雲，遙遠的山巒，綠樹成蔭，一側是寬闊的河流，另一側是現代建築的天際線，構成一幅自然與城市交織的美麗畫面。

2. 河流靜謐，兩岸綠樹成蔭，遠處山巒連綿，天空湛藍，雲朵悠閒，遠處建築群若隱若現，構成一幅現代與自然共存的和諧圖景。

3. 河流蜿蜒，兩岸綠樹成蔭，遠處山巒連綿，天空湛藍，雲朵悠閒，遠處建築群若隱若現，構成一幅現代與自然共存的和諧圖景。"
origin_dataset/IMG_20201128_012309_273.jpg,"1. 綠意盎然的山林，遠處的山峰在薄霧中若隱若現，天空湛藍，幾片雲彩悠然自得地漂浮著。近處的樹木枝葉繁茂，綠意盎然，微風輕拂，帶來陣陣涼意。

2. 山谷間的景色，遠處的山峰在薄霧中若隱若現，天空湛藍，幾片雲彩悠然自得地漂浮著。近處的樹木枝葉繁茂，綠意盎然，微風輕拂，帶來陣陣涼意。遠處的山峰在薄霧中若隱若現，天空湛藍，幾片雲彩悠然自得地漂浮著。

3. 綠意盎然的山林，遠處的山峰在薄霧中若隱若現，天空湛藍，幾片雲彩悠然自得地漂浮著。近處的樹木枝葉繁茂，綠意盎然，微風輕拂，帶來陣陣涼意。遠處的山峰在薄霧中若隱若現，天空湛藍，幾片雲彩悠然自得地漂浮著。"
origin_dataset/IMG20220314130258.jpg,"1. 一張城市街道的照片，路邊有鐵路道口的警示燈，燈柱上是黃黑相間的警示條紋。街道兩旁有建築物，建築物的顏色多樣，有藍色、白色和紅色。街道上有行人，他們在行走。天空晴朗，藍天白雲，環境整潔。

2. 這張照片展示了一個城市街道的場景。街道兩側有建築物，建築物的顏色豐富，包括藍色、白色和紅色。街道上有行人，他們在行走。路邊有一個鐵路道口的警示燈，燈柱上是黃黑相間的警示條紋。天空晴朗，藍天白雲，環境整潔。

3. 這張照片捕捉到了一個城市街道的瞬間。街道兩側有建築物，建築物的顏色多樣，有藍色、白色和紅色。街道上有行人，他們在行走。路邊有一個鐵路道口的警示燈，燈柱上是黃黑相間的警示條紋。天空晴朗，藍天白雲，環境整潔。"
origin_dataset/20230730_191202.jpg,"1. 夜晚的街景，樹葉在前景中搖曳，遠處的建築物在昏暗的光線中若隱若現。窗戶透出微弱的光亮，似乎有人在裡面活動。建築物的牆壁有些斑駁，顯示出年代久遠的痕跡。樹葉的葉脈在光線中顯得格外清晰，葉片在微風中輕輕擺動。

2. 一扇窗戶在夜色中發出微弱的光亮，窗戶的邊緣有些模糊，顯示出時間的痕跡。窗戶旁邊的牆壁上掛著一些雜物，可能是日常用品或裝飾品。建築物的外牆有些斑駁，顯示出年代久遠的痕跡。樹葉在前景中搖曳，葉片在微風中輕輕擺動，與建築物形成鮮明的對比。

3. 夜晚的街景，樹葉在前景中搖曳，遠處的建築物在昏暗的光線中若隱若現。窗戶透出微弱的光亮，似乎有人在裡面活動。建築物的牆壁有些斑駁，顯示出年代久遠的痕跡。建築物的外牆上掛著一些雜物，可能是日常用品或裝飾品。樹葉的葉脈在光線中顯得格外清晰，葉片在微風中輕輕擺動。"
origin_dataset/1527002976454.jpg,"1. 一位年輕的男子側身站立，背對著光線，頭髮隨風輕揚，臉上帶有沉思的表情。他身穿白色T恤，肩上揹著一個黑色的背包，背景是模糊的海灘和藍色的天空，陽光從後方照射過來，形成一種柔和的光暈效果。

2. 這張照片捕捉到了一個年輕男子在日落時分的側影。他背對著光線，頭髮隨風輕揚，臉上帶有沉思的表情。他身穿白色T恤，肩上揹著一個黑色的背包，背景是模糊的海灘和藍色的天空，陽光從後方照射過來，形成一種柔和的光暈效果。

3. 一位年輕的男子側身站立，背對著光線，頭髮隨風輕揚，臉上帶有沉思的表情。他身穿白色T恤，肩上揹著一個黑色的背包，背景是模糊的海灘和藍色的天空，陽光從後方照射過來，形成一種柔和的光暈效果。"
origin_dataset/IMG20220220151325.jpg,"1. 這張照片展示了一個展覽場景，背景是一幅莫內的畫作，畫中兩位女性坐在船上，背景是波光粼粼的水面。畫作的投影在牆上，旁邊有一塊顯示屏，上面有中英文的字幕，內容是莫內的一句名言：“光線的流逝讓人惶恐。任何色彩稍縱即逝，頂多只停留三到四分鐘。” 展覽場地內有幾個觀眾，他們正坐在地上，用手機拍照或錄影。

2. 這張照片捕捉到了一個藝術展覽的瞬間，投影在牆上的莫內作品《日出·印象》清晰可見，畫中兩位女性坐在船上，周圍是波光粼粼的水面。一旁的顯示屏上顯示了莫內的名言：“光線的流逝讓人惶恐。任何色彩稍縱即逝，頂多只停留三到四分鐘。” 展覽場地內有幾個觀眾，他們正坐在地上，用手機記錄這幅畫作。

3. 這張照片呈現了一個藝術展覽的場景，投影在牆上的莫內作品《日出·印象》清晰可見，畫中兩位女性坐在船上，背景是波光粼粼的水面。一旁的顯示屏上顯示了莫內的名言：“光線的流逝讓人惶恐。任何色彩稍縱即逝，頂多只停留三到四分鐘。” 展覽場地內有幾個觀眾，他們正坐在地上，用手機拍照或錄影。"
origin_dataset/IMG20220315162958.jpg,"1. 海邊的風景，遠處是藍色的海面，天空中布滿了灰色的雲層，近處是綠色的植被和岩石，遠處的山丘在海邊若隱若現。

2. 這張照片展示了一片海邊的風景，海面寬廣，天空中布滿了厚重的雲層，遠處的山丘和岩石在海邊若隱若現，近處的植被和岩石顯得格外鮮明。

3. 海邊的風景，遠處是藍色的海面，天空中布滿了灰色的雲層，近處是綠色的植被和岩石，遠處的山丘在海邊若隱若現，近處的植被和岩石顯得格外鮮明。"
origin_dataset/IMG20220317111117.jpg,"1. 一盤裝滿雞肉炒麵的藍色盤子，上面有雞肉、蘑菇和切片的紅蘿蔔，上面還鋪了一層生菜葉。盤子旁邊有一個金屬叉子和一張白色的餐巾紙。盤子後方有一個透明的玻璃杯，裡面裝著一杯帶泡沫的深色飲料，可能是啤酒或果汁。整個擺盤放在一個淺色木紋的桌面上。

2. 一盤雞肉炒麵，擺在一個藍色的圓形盤子上，盤子邊緣有鑲嵌的金屬圓點裝飾。盤子裡的炒麵裡有雞肉、蘑菇和紅蘿蔔，上面還鋪了一層生菜葉。盤子旁邊有一個金屬叉子和一張白色的餐巾紙。盤子後方有一個透明的玻璃杯，裡面裝著一杯帶泡沫的深色飲料，可能是啤酒或果汁。整個擺盤放在一個淺色木紋的桌面上。

3. 一盤雞肉炒麵，擺在一個藍色的圓形盤子上，盤子裡有雞肉、蘑菇和紅蘿蔔，上面還鋪了一層生菜葉。盤子後方有一個透明的玻璃杯，裡面裝著一杯帶泡沫的深色飲料，可能是啤酒或果汁。盤子旁邊有一個金屬叉子和一張白色的餐巾紙。整個擺盤放在一個淺色木紋的桌面上。"
origin_dataset/1527006765459.jpg,"1. 這張照片顯示了一位戴著眼鏡的男子，他沒有穿衣服，背景是簡單的牆壁。照片的風格看起來像是來自於一個社交媒體應用程式，因為可以看到一個發送訊息的按鈕和用戶名稱。

2. 這張照片中的人物沒有穿衣服，只露出上半身。他戴著眼鏡，背景是單色的牆壁。照片的畫面顯示了一個社交媒體應用程式介面，包括用戶名稱和發送訊息的按鈕。

3. 這張照片中的人物沒有穿衣服，只露出上半身。他戴著眼鏡，背景是單色的牆壁。照片的風格類似於一個社交媒體應用程式，可以看到用戶名稱和發送訊息的按鈕。"
origin_dataset/IMG20220317150836.jpg,"1. 海灘上散落著幾處腳印，沙灘上還有一些兒童在玩耍，遠處有幾棟建築物矗立在海邊，天空中雲層稀薄，陽光從雲隙中透出，海浪輕拍著海岸線。

2. 沙灘上散落著腳印，幾名兒童在沙灘上嬉戲，遠處有幾棟建築物，天空中雲層稀薄，陽光從雲隙中透出，海浪輕拍著海岸線。

3. 海灘上散落著腳印，幾名兒童在沙灘上玩耍，遠處有幾棟建築物，天空中雲層稀薄，陽光從雲隙中透出，海浪輕拍著海岸線。"
origin_dataset/IMG20220220160649.jpg,"1. 這張照片展示了一個室內展覽場景，牆上投影了三幅大型的海景畫作。畫面中，海浪拍打著海岸，天空中雲層密布，色彩鮮豔，表現出一種動感的海景。觀眾們背對著攝影機，靜靜地觀看這些畫作，似乎被畫作所吸引。場館的燈光較暗，只有畫作被強調出來，營造出一種專注和沉靜的氛圍。

2. 這張照片捕捉到了一個室內藝術展覽的瞬間，三塊大屏幕上分別投影了三幅風格相近的海景畫。畫面中，海浪拍打著海岸，天空中雲層密布，色彩鮮豔，表現出一種動感的海景。觀眾們背對著攝影機，靜靜地觀看這些畫作，似乎被畫作所吸引。場館的燈光較暗，只有畫作被強調出來，營造出一種專注和沉靜的氛圍。

3. 這張照片展示了一個室內展覽場景，牆上投影了三幅大型的海景畫作。畫面中，海浪拍打著海岸，天空中雲層密布，色彩鮮豔，表現出一種動感的海景。觀眾們背對著攝影機，靜靜地觀看這些畫作，似乎被畫作所吸引。場館的燈光較暗，只有畫作被強調出來，營造出一種專注和沉靜的氛圍。"
origin_dataset/IMG20200628121916.jpg,"1. 這座雕像矗立在博物館的展覽廳中，背景是高大的拱形天花板和排列有序的其他雕塑。雕像的基座上刻有拉丁文“VENI NEC RECEDAM”，意為“我來了，不會再離開”。雕像的底座是大理石製成，底座上還刻有雕塑家的名字“DANIEL BARCAGLIA”以及創作年份“1893”和地點“MADRID”。

2. 雕像表現了一位裸體的男性，雙腿交叉，雙臂自然垂落，表情凝重，目光遠眺。他的身體肌肉緊張，肌肉的細節表現得非常精緻，顯示出雕塑家高超的技巧。雕像的底座上還刻有拉丁文“VENI NEC RECEDAM”，意為“我來了，不會再離開”。

3. 這座雕像位於一個寬敞的博物館展覽廳內，背景是高大的拱形天花板和排列有序的其他雕塑。雕像的底座是大理石製成，底座上刻有雕塑家的名字“DANIEL BARCAGLIA”以及創作年份“1893”和地點“MADRID”。雕像表現了一位裸體的男性，雙腿交叉，雙臂自然垂落，表情凝重，目光遠眺。雕像的底座上還刻有拉丁文“VENI NEC RECEDAM”，意為“我來了，不會再離開”。"
origin_dataset/11127201_632080496891776_2149055024787890708_n(1)(1).jpg,"1. 一間教室內，數位成人與兒童正在互動。成人們站在桌子旁，似乎在指導或參與某項活動。兒童們則圍繞在桌子周圍，其中一位兒童正坐在桌子邊緣，表情略顯不悅。教室內有大面積的窗戶，透進自然光，牆壁上掛有黑板，牆角有一台電風扇。地板為淺色，牆壁為白色，環境整潔明亮。

2. 教室內，數位成人與兒童正在活動。成人們站在桌子旁，似乎在指導或參與某項活動。兒童們圍繞在桌子周圍，其中一位兒童正坐在桌子邊緣，表情略顯不悅。教室內有大面積的窗戶，透進自然光，牆壁上掛有黑板，牆角有一台電風扇。地板為淺色，牆壁為白色，環境整潔明亮。

3. 教室內，數位成人與兒童正在互動。成人們站在桌子旁，似乎在指導或參與某項活動。兒童們圍繞在桌子周圍，其中一位兒童正坐在桌子邊緣，表情略顯不悅。教室內有大面積的窗戶，透進自然光，牆壁上掛有黑板，牆角有一台電風扇。地板為淺色，牆壁為白色，環境整潔明亮。"
origin_dataset/1531753010641.jpg,"1. 一位年輕男子站在海岸邊，海浪拍打著沙灘，他身穿藍色T恤和牛仔短褲，雙手握著一部手機，似乎在觀看或操作著手機上的內容。背景是無邊的海面，波浪輕柔地拍打著海岸，天空陰沉，可能是一個陰天的天氣。

2. 一位年輕人站在海岸邊，海浪不斷地拍打著沙灘，他手持一部手機，似乎在專注地觀看或操作著手機上的內容。他身著簡單的藍色T恤和牛仔短褲，腳下是濕漉漉的沙灘，海浪的聲音在耳邊響起，天空陰沉，可能是一個陰天的天氣。

3. 一位年輕男子站在海岸邊，海浪輕柔地拍打著沙灘，他手持一部手機，似乎在專注地觀看或操作著手機上的內容。他身著簡單的藍色T恤和牛仔短褲，腳下是濕漉漉的沙灘，海浪的聲音在耳邊響起，天空陰沉，可能是一個陰天的天氣。背景是無邊的海面，波浪輕柔地拍打著海岸。"
origin_dataset/1528036893954.jpg,"1. 三位年輕人坐在電影院的座位上，他們面帶微笑，似乎在享受電影。其中一位穿著黑色外套，另一位穿著白色T恤，第三位則穿著藍色上衣。他們的坐姿自然，顯得相當開心和放鬆。

2. 這張照片捕捉到了三位年輕人在電影院的瞬間。他們坐在一排紅色的座椅上，背景是黑暗的電影院內部。他們的臉上都洋溢著笑容，顯得非常開心。他們的坐姿和表情都透露出一種輕鬆和愉悅的氛圍。

3. 這張照片展示了三位年輕人在電影院的場景。他們坐在一排紅色的座椅上，背景是黑暗的電影院內部。他們的坐姿自然，顯得相當開心和放鬆。他們的臉上都洋溢著笑容，顯得非常開心。這張照片捕捉到了他們在享受電影時的瞬間。"
origin_dataset/IMG_20171215_202303_218.jpg,"1. 一張照片中，桌上有一杯拿鐵咖啡，杯中泡沫上有一個心形圖案。背景中可以看到另一杯透明玻璃杯和一個不規則形狀的白色物品。桌面上還有一個數字顯示器，顯示2022年，並附有兩個微笑的表情符號。

2. 桌面上有一杯拿鐵咖啡，杯中泡沫上有一個心形圖案。背景中有一個透明玻璃杯和一個不規則形狀的白色物品。桌面上還有一個數字顯示器，顯示2022年，並附有兩個微笑的表情符號。桌面上還有一個數字顯示器，顯示2022年，並附有兩個微笑的表情符號。

3. 桌面上有一杯拿鐵咖啡，杯中泡沫上有一個心形圖案。背景中有一個透明玻璃杯和一個不規則形狀的白色物品。桌面上還有一個數字顯示器，顯示2022年，並附有兩個微笑的表情符號。桌面上還有一個數字顯示器，顯示2022年，並附有兩個微笑的表情符號。"
origin_dataset/20231104_170038.jpg,"1. 一羣年輕人聚集在戶外，背景是綠樹成蔭的環境。他們似乎在進行社交活動，有些人攜帶背包，顯示出他們可能剛剛參加完活動或準備前往其他地方。周圍的樹木和建築物表明這可能是在一個公園或社區中心。

2. 這張照片捕捉到了一群年輕人在一起的瞬間。他們站在樹蔭下，似乎在閒聊或等待某個活動開始。背景中可以看到一些裝飾品，可能暗示這是一個慶祝活動或特殊場合。人們的姿態和表情顯示出他們之間的親密關係。

3. 這張照片展示了戶外的一個社交場景。幾個人站在一起，背景是綠樹和建築物。他們的姿態和表情顯示出他們正在交流或等待某個活動開始。周圍的環境看起來很宜人，適合進行社交活動。"
origin_dataset/1515601974419.jpg,"1. 兩位年輕人站在室內，其中一位手持一柄發出藍光的光劍，似乎在進行一場虛擬的光劍對決。他們的周圍是玻璃地板和一些展示架，上面擺放著各種工具和裝飾品。背景中可以看到一些標語和圖案，顯示出這可能是一個創意工作室或展覽場地。

2. 一位年輕人手持藍光光劍，與另一位年輕人對峙。他們似乎在進行一場有趣的遊戲或表演，周圍環境是一個室內空間，有玻璃地板和展示架。背景中有一些標語和圖案，顯示出這可能是一個創意工作室或展覽場地。

3. 兩位年輕人站在室內，一位手持藍光光劍，另一位則手持綠光光劍。他們似乎在進行一場虛擬的光劍對決。周圍環境是一個室內空間，有玻璃地板和展示架，背景中有一些標語和圖案，顯示出這可能是一個創意工作室或展覽場地。"
origin_dataset/20230806_165350.jpg,"1. 天空布滿了濃密的雲層，陽光從雲隙間透出，形成斑斕的光線，照射在樹葉上，樹葉在光線的照射下閃爍著微光。遠處可以看到一棟建築物，建築物上有中文標語。

2. 一束陽光從雲隙間照射下來，樹葉在光線的照射下閃爍著微光。樹木茂盛，樹冠寬大，樹葉在微風中輕輕搖曳。遠處建築物的招牌上寫著中文，建築物的顏色為黃色。

3. 天空被厚重的雲層覆蓋，陽光從雲隙間透出，形成斑斕的光線，照射在樹葉上，樹葉在光線的照射下閃爍著微光。樹木茂盛，樹冠寬大，樹葉在微風中輕輕搖曳。遠處建築物的招牌上寫著中文，建築物的顏色為黃色。"
origin_dataset/IMG20220317142956.jpg,"1. 三名女性站在沙灘上，背對著海浪，遠處有幾艘船和一些建築物。天空陰沉，海浪拍打著海岸線，沙灘上留下腳印。

2. 三名女性站在沙灘上，背對著海浪，遠處有幾艘船和一些建築物。天空陰沉，海浪拍打著海岸線，沙灘上留下腳印。遠處的山丘在霧中若隱若現。

3. 三名女性站在沙灘上，背對著海浪，遠處有幾艘船和一些建築物。天空陰沉，海浪拍打著海岸線，沙灘上留下腳印。遠處的山丘在霧中若隱若現，海面波光粼粼。"
origin_dataset/IMG20220220154936.jpg,"1. 一場在昏暗的展覽館內舉行的活動，觀眾們圍坐在大屏幕前，觀看投影在牆上的畫作。畫作是印象派風格，表現了舞者在舞臺上的姿態，色彩柔和，充滿了動感。觀眾們靜靜地觀看，似乎被畫作所吸引。

2. 展覽館內，數個大型屏幕投影出一幅幅印象派風格的畫作，畫中舞者在舞臺上輕盈地舞動，色彩柔和，充滿了動感。觀眾們圍坐在屏幕前，靜靜地觀看，似乎被畫作所吸引。展覽館內的燈光昏暗，只有屏幕上的畫作發出柔和的光線。

3. 在昏暗的展覽館內，數個大型屏幕投影出一幅幅印象派風格的畫作，畫中舞者在舞臺上輕盈地舞動，色彩柔和，充滿了動感。觀眾們圍坐在屏幕前，靜靜地觀看，似乎被畫作所吸引。展覽館內的燈光昏暗，只有屏幕上的畫作發出柔和的光線。"
origin_dataset/1517840852365.jpg,"1. 一隻穿著格子毛衣的狗站在公園的紅磚地上，前方有一個藍色的食盆和一個透明的水瓶。背景中可以看到一些建築物和樹木，環境綠意盎然。

2. 圖片中有一隻狗，它穿著一件灰色的格子毛衣，站在公園的紅磚地面上。前方有一個藍色的食盆和一個透明的水瓶。背景中可以看到一些建築物和樹木，環境綠意盎然。

3. 一隻穿著格子毛衣的狗站在公園的紅磚地上，前方有一個藍色的食盆和一個透明的水瓶。背景中可以看到一些建築物和樹木，環境綠意盎然。"
origin_dataset/IMG_20210423_125620_959.jpg,"1. 一位年輕的男子站在鏡子前，鏡子反射出他的全身。他上身赤裸，露出健壯的胸肌和手臂肌肉。他穿着黑色的長褲，雙手自然垂放在身體兩側。背景中可以看到一些書籍和裝飾品，牆壁上掛有一個裝飾花盤。鏡子的邊框是深色的，鏡子的反射面非常清晰。

2. 一位年輕的男子站在鏡子前，鏡子反射出他的全身。他上身赤裸，露出健壯的胸肌和手臂肌肉。他雙手自然垂放在身體兩側，雙臂肌肉緊實。背景中可以看到一些書籍和裝飾品，牆壁上掛有一個裝飾花盤。鏡子的邊框是深色的，鏡子的反射面非常清晰。

3. 一位年輕的男子站在鏡子前，鏡子反射出他的全身。他上身赤裸，露出健壯的胸肌和手臂肌肉。他雙手自然垂放在身體兩側，雙臂肌肉緊實。背景中可以看到一些書籍和裝飾品，牆壁上掛有一個裝飾花盤。鏡子的邊框是深色的，鏡子的反射面非常清晰。男子的臉部表情自然，雙眼直視鏡子。"
origin_dataset/20240208_213029.jpg,"1. 這是一棟現代化的建築，建築外牆以玻璃和鋼材構成，窗戶間隔排列，呈現出簡潔而現代的設計風格。建築頂部有幾塊亮起的招牌，招牌上寫有「eslite spectrum」等字樣，顯示出這是一棟商業建築。建築的一樓有玻璃門窗，門窗內展示著各種商品，門窗上方掛有「READ 24 HOURS」的標語，顯示出這是一間24小時營業的書店。建築的外牆上還掛有幾塊廣告牌，上面寫有「mt x eslite」等字樣，顯示出這間書店與其他品牌有合作關係。

2. 這是一棟現代化的建築，建築外牆以玻璃和鋼材構成，窗戶間隔排列，呈現出簡潔而現代的設計風格。建築頂部有幾塊亮起的招牌，招牌上寫有「eslite spectrum」等字樣，顯示出這是一棟商業建築。建築的一樓有玻璃門窗，門窗內展示著各種商品，門窗上方掛有「READ 24 HOURS」的標語，顯示出這是一間24小時營業的書店。建築的外牆上還掛有幾塊廣告牌，上面寫有「mt x eslite」等字樣，顯示出這間書店與其他品牌有合作關係。

3. 這是一棟現代化的建築，建築外牆以玻璃和鋼材構成，窗戶間隔排列，呈現出簡潔而現代的設計風格。建築頂部有幾塊亮起的招牌，招牌上寫有「eslite spectrum」等字樣，顯示出這是一棟商業建築。建築的一樓有玻璃門窗，門窗內展示著各種商品，門窗上方掛有「READ 24 HOURS」的標語，顯示出這是一間24小時營業的書店。建築的外牆上還掛有幾塊廣告牌，上面寫有「mt x eslite」等字樣，顯示出這間書店與其他品牌有合作關係。"
origin_dataset/20230721_094032.jpg,"1. 這張照片從車窗拍攝，鏡頭外是藍天白雲，遠處有山丘，近處有綠樹和護欄，車輛正在行駛中，鏡頭有些模糊。

2. 照片中，天空湛藍，雲朵蓬鬆，遠處是連綿的山丘，近處有綠樹和護欄，車輛在行駛中，鏡頭有些模糊。

3. 這張照片從車窗拍攝，鏡頭外是藍天和蓬鬆的白雲，遠處有山丘，近處有綠樹和護欄，車輛正在行駛中，鏡頭有些模糊。"
origin_dataset/20231203_165328.jpg,"1. 這間餐廳內部裝潢簡潔現代，牆壁上掛滿了各種綠色植物，營造出自然的氛圍。餐廳內設有多張白色桌椅，桌面上鋪有大理石紋理的桌布，增添了一絲高雅感。餐廳的門口處有一扇藍色的門，門旁邊有一個透明的玻璃窗，可以透過玻璃窗看到室內的裝飾和桌椅擺設。

2. 餐廳內部的裝潢設計非常獨特，牆壁上掛滿了各種綠色植物，營造出自然的氛圍。餐廳內設有多張白色桌椅，桌面上鋪有大理石紋理的桌布，增添了一絲高雅感。餐廳的門口處有一扇藍色的門，門旁邊有一個透明的玻璃窗，可以透過玻璃窗看到室內的裝飾和桌椅擺設。餐廳的內部空間寬敞，採光良好，讓人感覺非常舒適。

3. 這間餐廳內部裝潢簡潔現代，牆壁上掛滿了各種綠色植物，營造出自然的氛圍。餐廳內設有多張白色桌椅，桌面上鋪有大理石紋理的桌布，增添了一絲高雅感。餐廳的門口處有一扇藍色的門，門旁邊有一個透明的玻璃窗，可以透過玻璃窗看到室內的裝飾和桌椅擺設。餐廳的內部空間寬敞，採光良好，讓人感覺非常舒適。餐廳的裝潢設計非常注重細節，從牆壁上的植物到桌椅的擺設，都展現出設計師的用心。"
origin_dataset/FB_IMG_1485272661635(1)(1).jpg,"1. 一塊空曠的水泥地，地面上散落著一些枯葉。兩棵樹矗立在地中央，樹幹粗壯，樹冠茂盛，枝葉繁茂。樹旁邊有一堵紅磚牆，牆上有一個門口，門口處有一個鐵製的門。牆的另一側有一個鐵製的圍欄，圍欄後方有一個鐵製的梯子。牆的遠處有一個鐵製的水塔，水塔的頂部有一個鐵製的蓋子。牆的遠處還有一個鐵製的圍欄，圍欄後方有一個鐵製的梯子。牆的遠處還有一個鐵製的水塔，水塔的頂部有一個鐵製的蓋子。牆的遠處還有一個鐵製的圍欄，圍欄後方有一個鐵製的梯子。牆的遠處還有一個鐵製的水塔，水塔的頂部有一個鐵製的蓋子。

2. 一塊空曠的水泥地，地面上散落著一些枯葉。兩棵樹矗立在地中央，樹幹粗壯，樹冠茂盛，枝葉繁茂。樹旁邊有一堵紅磚牆，牆上有一個門口，門口處有一個鐵製的門。牆的另一側有一個鐵製的圍欄，圍欄後方有一個鐵製的梯子。牆的遠處有一個鐵製的水塔，水塔的頂部有一個鐵製的蓋子。牆的遠處還有一個鐵製的圍欄，圍欄後方有一個鐵製的梯子。牆的遠處還有一個鐵製的水塔，水塔的頂部有一個鐵製的蓋子。牆的遠處還有一個鐵製的圍欄，圍欄後方有一個鐵製的梯子。牆的遠處還有一個鐵製的水塔，水塔的頂部有一個鐵製的蓋子。

3. 一塊空曠的水泥地，地面上散落著一些枯葉。兩棵樹矗立在地中央，樹幹粗壯，樹冠茂盛，枝葉繁茂。樹旁邊有一堵紅磚牆，牆上有一個門口，門口處有一個鐵製的門。牆的另一側有一個鐵製的圍欄，圍欄後方有一個鐵製的梯子。牆的遠處有一個鐵製的水塔，水塔的頂部有一個鐵製的蓋子。牆的遠處還有一個鐵製的圍欄，圍欄後方有一個鐵製的梯子。牆的遠處還有一個鐵製的水塔，水塔的頂部有一個鐵製的蓋子。牆的遠處還有一個鐵製的圍欄，圍欄後方有一個鐵製的梯子。牆的遠處還有一個鐵製的水塔，水塔的頂部有一個鐵製的蓋子。"
origin_dataset/IMG_20180519_141615_739.jpg,"1. 這是一道以圓形的糯米糕為主的甜品，上面放了一個冰淇淋球，搭配了多種小圓球狀的水果，包括綠色的青梅和黑色的黑豆，以及一些白色的圓形水果。糯米糕表面撒有糖粉，呈現出金黃色澤，看起來非常誘人。這道甜品被盛放在一個有藍色圓點邊緣的白色碗中，碗放在一張木質桌面上。

2. 這道甜品由糯米糕和冰淇淋組成，糯米糕表面撒有糖粉，呈現出金黃色澤，上面放了一個冰淇淋球。糯米糕周圍圍繞著多種小圓球狀的水果，包括綠色的青梅和黑色的黑豆，以及一些白色的圓形水果。這些水果被淋上了醬汁，使得整道甜品看起來更加豐富多彩。這道甜品被盛放在一個有藍色圓點邊緣的白色碗中，碗放在一張木質桌面上。

3. 這道甜品以糯米糕為主，上面放了一個冰淇淋球，搭配了多種小圓球狀的水果，包括綠色的青梅和黑色的黑豆，以及一些白色的圓形水果。糯米糕表面撒有糖粉，呈現出金黃色澤，看起來非常誘人。這道甜品被盛放在一個有藍色圓點邊緣的白色碗中，碗放在一張木質桌面上。甜品上還貼有三個可愛的黃色雞蛋表情貼紙，增加了整道甜品的趣味性。"
origin_dataset/20230912_151051.jpg,"1. 藍天白雲，天空清澈，雲朵輕盈飄浮，建築物的陽台和綠樹成蔭的樹木在畫面右側顯現，建築物為藍色，陽台有鐵欄杆，樹木茂盛，綠意盎然。

2. 雲層稀疏，天空藍得透徹，幾朵蓬鬆的雲朵散落在藍天之上，建築物的陽台和綠樹成蔭的樹木在畫面右側顯現，建築物為藍色，陽台有鐵欄杆，樹木茂盛，綠意盎然。

3. 藍天白雲，天空清澈，幾朵蓬鬆的雲朵散落在藍天之上，建築物的陽台和綠樹成蔭的樹木在畫面右側顯現，建築物為藍色，陽台有鐵欄杆，樹木茂盛，綠意盎然。"
origin_dataset/IMG20220220163125.jpg,"1. 一羣人圍坐在室內，觀看大型投影屏幕上的畫作。畫作呈現出一種印象派風格，表現了城市風景，天空中漂浮著雲霧，建築物和橋樑構成了一幅動態的街景。畫面的色彩柔和，充滿了光與影的變化，給人一種寧靜而悠遠的感覺。

2. 展覽館內，數十位觀眾靜靜地圍坐在投影屏幕前，聚精會神地觀看畫作。畫作以油畫技法呈現，表現了城市沿河的風景，河面上有船隻緩緩行駛，岸邊則是繁忙的碼頭和行人。畫面的構圖豐富，色彩鮮豔，給人一種生動而真實的視覺體驗。

3. 在一個昏暗的展覽空間內，觀眾們圍坐在投影屏幕前，共同欣賞一幅幅精美的畫作。這些畫作以油畫形式呈現，描繪了城市沿河的風景，天空中雲霧飄渺，建築物和橋樑構成了一幅動態的街景。畫面的色彩柔和，充滿了光與影的變化，給人一種寧靜而悠遠的感覺。"
origin_dataset/11110763_632076566892169_8705734900967127746_n(1)(1).jpg,"1. 這張照片中有三個人，他們站在室內，背景是玻璃門和牆上的時鐘。照片中的人們穿着不同的衣服，一個穿著灰色外套和黑色褲子，另一個穿著藍色牛仔褲和黑色鞋子，第三個人則穿著黑色上衣和黑色褲子。他們似乎在進行某種活動或討論。

2. 照片中，一個人穿著灰色外套和黑色褲子，腳穿著紅色的運動鞋，另一個人穿著藍色牛仔褲和黑色鞋子，第三個人則穿著黑色上衣和黑色褲子。他們站在室內，背景是玻璃門和牆上的時鐘。他們的姿態和表情看起來很自然，似乎在進行某種活動或討論。

3. 這張照片中有三個人，他們站在室內，背景是玻璃門和牆上的時鐘。照片中的人們穿着不同的衣服，一個穿著灰色外套和黑色褲子，另一個穿著藍色牛仔褲和黑色鞋子，第三個人則穿著黑色上衣和黑色褲子。他們的姿態和表情看起來很自然，似乎在進行某種活動或討論。"
origin_dataset/1529165699903.jpg,"1. 這張照片捕捉了兩位畢業生在畢業典禮後的歡樂時刻。他們身著黑色畢業袍，胸前佩戴著黃色的畢業證書帶，面帶微笑，雙手比出勝利的V字形，顯露出他們的高興與自豪。背景中，眾多畢業生和家長們在一座現代建築前聚集，建築的設計獨特，由三角形的玻璃窗組成，頂部尖銳，與周圍的綠樹和藍天形成鮮明對比。天空晴朗，陽光普照，整個場景充滿了慶祝的氣氛。

2. 這張照片展示了兩位畢業生在畢業典禮後的歡樂時刻。他們身著黑色畢業袍，胸前佩戴著黃色的畢業證書帶，面帶微笑，雙手比出勝利的V字形，顯露出他們的高興與自豪。背景中，眾多畢業生和家長們在一座現代建築前聚集，建築的設計獨特，由三角形的玻璃窗組成，頂部尖銳，與周圍的綠樹和藍天形成鮮明對比。天空晴朗，陽光普照，整個場景充滿了慶祝的氣氛。

3. 這張照片捕捉了兩位畢業生在畢業典禮後的歡樂時刻。他們身著黑色畢業袍，胸前佩戴著黃色的畢業證書帶，面帶微笑，雙手比出勝利的V字形，顯露出他們的高興與自豪。背景中，眾多畢業生和家長們在一座現代建築前聚集，建築的設計獨特，由三角形的玻璃窗組成，頂部尖銳，與周圍的綠樹和藍天形成鮮明對比。天空晴朗，陽光普照，整個場景充滿了慶祝的氣氛。"
origin_dataset/1528557828514.jpg,"1. 一羣人聚集在一座建築物前，建築物上方懸掛著一塊橫幅，上面寫著「東海大學107年畢業典禮」。人們面帶笑容，似乎在慶祝畢業儀式。背景中可以看到其他人在活動中，有些人穿着畢業服，手持花束，顯得非常喜慶。

2. 這張照片捕捉到了一個畢業典禮的場景。建築物上方的橫幅標明了這是東海大學在2018年的畢業典禮。人們排成一排，面帶笑容，似乎在與他人合影。背景中可以看到其他人在活動中，有些人穿着畢業服，手持花束，顯得非常喜慶。

3. 這張照片展示了一個畢業典禮的場景。建築物上方的橫幅標明了這是東海大學在2018年的畢業典禮。人們排成一排，面帶笑容，似乎在與他人合影。背景中可以看到其他人在活動中，有些人穿着畢業服，手持花束，顯得非常喜慶。建築物的設計風格和橫幅上的文字顯示出這是一個正式而重要的慶祝活動。"
origin_dataset/20231104_181717.jpg,"1. 一位年輕的男子，戴著金框眼鏡，穿著藍色花紋襯衫，面帶微笑，站在一張桌子旁。桌上有一個透明的水晶酒杯，裡面裝著白色液體，可能是酒或飲料。背景中可以看到一扇白色木門，門上裝有鐵製的門閂。牆壁上掛著一串白色花朵裝飾。

2. 一位年輕的男子，戴著金框眼鏡，穿著藍色花紋襯衫，面帶微笑，站在一張桌子旁。桌上有一個透明的水晶酒杯，裡面裝著白色液體，可能是酒或飲料。背景中可以看到一扇白色木門，門上裝有鐵製的門閂。牆壁上掛著一串白色花朵裝飾。

3. 一位年輕的男子，戴著金框眼鏡，穿著藍色花紋襯衫，面帶微笑，站在一張桌子旁。桌上有一個透明的水晶酒杯，裡面裝著白色液體，可能是酒或飲料。背景中可以看到一扇白色木門，門上裝有鐵製的門閂。牆壁上掛著一串白色花朵裝飾。"
origin_dataset/IMG20220314201310.jpg,"1. 這是一條夜市，兩旁是攤位，上面掛有五顏六色的燈飾，營造出熱鬧的氛圍。攤位上掛有標語，顯示商品名稱和價格。攤位前有許多行人，他們在攤位間走動，似乎在尋找喜歡的商品。夜市的建築物有紅色的屋頂，屋檐下掛有燈飾，增添了夜市的氛圍。

2. 夜市的攤位上掛有標語，顯示商品名稱和價格，例如「二件300元」。攤位前有許多行人，他們在攤位間走動，似乎在尋找喜歡的商品。夜市的建築物有紅色的屋頂，屋檐下掛有燈飾，增添了夜市的氛圍。攤位上的燈飾五顏六色，營造出熱鬧的氛圍。

3. 這是一條夜市，兩旁是攤位，上面掛有五顏六色的燈飾，營造出熱鬧的氛圍。攤位前有許多行人，他們在攤位間走動，似乎在尋找喜歡的商品。夜市的建築物有紅色的屋頂，屋檐下掛有燈飾，增添了夜市的氛圍。攤位上掛有標語，顯示商品名稱和價格，例如「二件300元」。"
origin_dataset/IMG20220317142058.jpg,"1. 海邊的沙灘上，兩個人在散步，天空陰沉，海浪拍打著海岸線，遠處可以看到一些建築物和樹木。
2. 沙灘上散落著腳印，海浪不斷拍打著海岸，天空灰蒙蒙的，遠處有幾個人在遠處的建築物旁邊。
3. 一對夫婦在沙灘上散步，海浪輕拍著海岸，天空陰沉，遠處有建築物和樹木。"
origin_dataset/IMG20220315163823.jpg,"1. 海邊的風景，遠處是廣闊的海洋，天空中漂浮著幾朵雲彩，近處有樹木和綠草，遠處的海面反射著天空的顏色，形成了一幅美麗的自然畫面。

2. 這張照片展示了一片海邊的風景，海面寬廣無垠，天空中散落著幾朵雲彩，近處的樹木和綠草顯得格外鮮明，遠處的海面反射著天空的顏色，構成了一幅寧靜而美麗的自然畫面。

3. 這張照片捕捉到了海邊的風景，遠處是無垠的海洋，天空中飄浮著幾朵雲彩，近處的樹木和綠草顯得格外鮮明，遠處的海面反射著天空的顏色，構成了一幅寧靜而美麗的自然畫面。"
origin_dataset/10475864_632051646894661_4126424736828737973_n(1)(1).jpg,"1. 兩位年輕人正跪坐在鋪有藍白條紋的布料上，他們似乎在整理或摺疊一件深藍色的衣物。兩人都穿着短袖上衣和長褲，其中一位穿著灰色上衣和深色長褲，另一位則穿著黑色上衣和淺色長褲。他們的動作看起來很專注，可能是在進行某項特定的任務或活動。

2. 這張照片捕捉到了兩位年輕人在一起的瞬間，他們正忙於整理一件深藍色的衣物。他們位於鋪有藍白條紋布料的平面上，這塊布料可能用於鋪設或保護地面。兩人都穿着適合活動的服裝，顯示出他們可能正在進行一項需要身體活動的活動。他們的動作和表情顯示出他們對手頭任務的專注和投入。

3. 這張照片展示了兩位年輕人在一起的場景，他們正忙於整理一件深藍色的衣物。他們位於鋪有藍白條紋布料的平面上，這塊布料可能用於鋪設或保護地面。兩人都穿着適合活動的服裝，顯示出他們可能正在進行一項需要身體活動的活動。他們的動作和表情顯示出他們對手頭任務的專注和投入。背景中的藍白條紋布料為整個場景增添了一絲清新的感覺。"
origin_dataset/20240328_165608.jpg,"1. 這張照片展示了一座高聳入雲的摩天大樓，建築外觀為現代風格，由多層樓層構成，頂部有一個突出的天線。大樓周圍有樹木和灌木，樹葉在微風中輕搖。天空陰沉，雲層厚重，但陽光從雲隙中透出，為大樓投下柔和的光線。

2. 照片中，一幢現代建築在樹木的襯托下顯得格外引人注目。建築的外觀為玻璃和鋼材構成，層層疊疊，構成了一個龐大的結構。建築頂部有一個天線，與周圍的樹木形成鮮明對比。樹木的葉子已經開始轉黃，顯示出秋天的氣息。天空陰沉，但陽光從雲隙中透出，為建築投下柔和的光線。

3. 這張照片捕捉到了一幢現代建築的全貌，建築外觀為玻璃和鋼材構成，層層疊疊，構成了一個龐大的結構。建築頂部有一個天線，與周圍的樹木形成鮮明對比。建築周圍有樹木和灌木，樹葉在微風中輕搖。天空陰沉，雲層厚重，但陽光從雲隙中透出，為建築投下柔和的光線。"
origin_dataset/20230707_190741.jpg,"1. 一間餐廳的門口，招牌上寫著「湘閣里辣」，顯示出湖南菜的特色。招牌燈光閃爍，吸引路人的注意。門口停著幾輛車，其中一輛車的車牌號碼為「鄂A16118」。建築物外牆為淺色磚塊，窗戶裝有鐵柵欄。

2. 一間餐廳的門口，招牌上寫著「湘閣里辣」，顯示出湖南菜的特色。招牌燈光閃爍，吸引路人的注意。門口停著幾輛車，其中一輛車的車牌號碼為「鄂A16118」。建築物外牆為淺色磚塊，窗戶裝有鐵柵欄。

3. 一間餐廳的門口，招牌上寫著「湘閣里辣」，顯示出湖南菜的特色。招牌燈光閃爍，吸引路人的注意。門口停著幾輛車，其中一輛車的車牌號碼為「鄂A16118」。建築物外牆為淺色磚塊，窗戶裝有鐵柵欄。"
origin_dataset/IMG20220315163348.jpg,"1. 山區風景：遠處是連綿起伏的山脈，山頂被薄薄的雲霧籠罩，山腳下則是茂密的綠樹。近處的山腰上，植被茂盛，綠意盎然。山腳下有一片湖泊，湖水清澈湛藍，反射著天空的顏色。近景處，一塊石頭堆疊在草地上，旁邊有一個鐵絲網圍欄，風吹動著周圍的草叢。

2. 自然環境：這張照片捕捉了自然環境的美麗。遠處的山脈和近處的湖泊構成了一幅壯麗的風景畫。山頂的雲霧給整幅畫面增添了一絲神秘感。近景的草叢和石頭則為整幅畫面帶來了豐富的細節。鐵絲網圍欄的存在暗示了這裡可能是一個受保護的自然區域。

3. 風景攝影：這張照片展示了風景攝影的優美。遠處的山脈和近處的湖泊構成了一幅壯麗的風景畫。山頂的雲霧給整幅畫面增添了一絲神秘感。近景的草叢和石頭則為整幅畫面帶來了豐富的細節。鐵絲網圍欄的存在暗示了這裡可能是一個受保護的自然區域。整體來說，這張照片展示了自然環境的美麗和豐富。"
origin_dataset/IMG20220316162512.jpg,"1. 海灘上鋪滿了灰色的石頭，海浪輕輕拍打著海岸線。遠處的山丘上長滿了茂密的綠樹，山頂有一座建築物。天空陰沉，雲層厚重，海面波濤洶涌。

2. 灰色的石頭鋪滿了整片海灘，海浪不斷拍打著海岸線。遠處的山丘上長滿了綠樹，山頂有一座建築物。天空灰暗，雲層厚重，海面波濤洶涌。

3. 海灘上散落著灰色的石頭，海浪輕輕拍打著海岸線。遠處的山丘上長滿了綠樹，山頂有一座建築物。天空陰沉，雲層厚重，海面波濤洶涌。"
origin_dataset/IMG20211207192319.jpg,"1. 一間店鋪的門口，門前停著兩輛機車，一輛黑色，一輛紅色。門口的玻璃窗內可以看到店內的裝潢，有書架、植物和一些擺飾品。門口上方有一塊黑底白字的招牌，寫著「J&J cafe」。門口的牆壁上掛著一些相框，牆壁顏色為淺色。門口的地面鋪有石頭和磚塊，旁邊有一些綠植。

2. 一間咖啡館的門口，門前停著兩輛機車，一輛黑色，一輛紅色。門口的玻璃窗內可以看到店內的裝潢，有書架、植物和一些擺飾品。門口上方有一塊黑底白字的招牌，寫著「J&J cafe」。門口的牆壁上掛著一些相框，牆壁顏色為淺色。門口的地面鋪有石頭和磚塊，旁邊有一些綠植。

3. 一間店鋪的門口，門前停著兩輛機車，一輛黑色，一輛紅色。門口的玻璃窗內可以看到店內的裝潢，有書架、植物和一些擺飾品。門口上方有一塊黑底白字的招牌，寫著「J&J cafe」。門口的牆壁上掛著一些相框，牆壁顏色為淺色。門口的地面鋪有石頭和磚塊，旁邊有一些綠植。"
origin_dataset/IMG20220313134834.jpg,"1. 一望無際的稻田，綠意盎然，遠處是連綿起伏的山脈，天空中雲層厚重，但仍有部分藍天露頭，遠處的建築物隱約可見。

2. 路邊的護欄上裝飾著幾朵精緻的花和蝴蝶圖案，護欄後方是廣闊的稻田，稻苗齊整，遠處的山脈在雲霧中若隱若現，天空藍白相間，雲層厚重。

3. 綠色的稻田延伸至遠處，護欄上裝飾著幾朵花和蝴蝶圖案，護欄後方是廣闊的稻田，遠處的山脈在雲霧中若隱若現，天空藍白相間，雲層厚重，遠處的建築物隱約可見。"
origin_dataset/FB_IMG_1526429570381.jpg,"1. 夕陽西下，金色的光束穿透雲層，灑在海面上，形成美麗的光線效果。遠處的城市建築在夕陽的照耀下顯得格外溫暖，建築物的輪廓在夕陽的映襯下顯得格外清晰。海面上有幾艘船隻，靜靜地停泊在那裡，與遠處的城市形成了一幅美麗的畫面。

2. 夕陽的餘暉灑在海面上，形成一片金黃色的光澤。遠處的城市建築在夕陽的照耀下顯得格外溫暖，建築物的輪廓在夕陽的映襯下顯得格外清晰。海面上有幾艘船隻，靜靜地停泊在那裡，與遠處的城市形成了一幅美麗的畫面。天空中雲層厚重，但夕陽的光線穿透雲層，形成美麗的光線效果。

3. 夕陽西下，金色的光束穿透雲層，灑在海面上，形成美麗的光線效果。遠處的城市建築在夕陽的照耀下顯得格外溫暖，建築物的輪廓在夕陽的映襯下顯得格外清晰。海面上有幾艘船隻，靜靜地停泊在那裡，與遠處的城市形成了一幅美麗的畫面。天空中雲層厚重，但夕陽的光線穿透雲層，形成美麗的光線效果。"
origin_dataset/20231101_161023.jpg,"1. 藍天白雲，天空清澈，雲朵輕盈飄浮，散發出寧靜的氛圍。遠處的建築物在藍天的襯托下顯得格外鮮明，建築的玻璃窗反射出陽光，閃耀著光芒。

2. 天空湛藍，雲朵稀疏，散落在藍天之上，形成一幅美麗的畫面。建築物的玻璃窗在陽光的照射下，反射出耀眼的光芒，與藍天形成鮮明對比，構成一幅現代都市的風景畫。

3. 藍天與白雲交織，構成一幅寧靜的天空畫面。建築物的玻璃窗在陽光的照射下，反射出閃爍的光芒，與藍天形成鮮明對比。遠處的建築物在藍天的襯托下，顯得格外鮮明，散發出現代都市的氣息。"
origin_dataset/20231111_172353.jpg,"1. 這間餐廳的牆壁上掛有幾幅色彩鮮豔的抽象畫，營造出輕鬆愉快的氛圍。牆壁下方的櫃檯上擺放著一些餐具和飲料，櫃檯後方的牆壁上掛有一幅黑色底色的彩色字母畫，增添了一絲趣味。餐廳內的燈光柔和，牆壁上還掛有一盞藍色的落地燈，提供充足的照明。餐廳內的桌椅排列整齊，桌椅的顏色搭配自然，營造出舒適的用餐環境。

2. 這間餐廳的裝潢風格簡潔現代，牆壁上掛有幾幅色彩鮮豔的抽象畫，營造出輕鬆愉快的氛圍。餐廳內的桌椅排列整齊，桌椅的顏色搭配自然，營造出舒適的用餐環境。餐廳內的燈光柔和，牆壁上還掛有一盞藍色的落地燈，提供充足的照明。櫃檯後方的牆壁上掛有一幅黑色底色的彩色字母畫，增添了一絲趣味。

3. 這間餐廳的牆壁上掛有幾幅色彩鮮豔的抽象畫，營造出輕鬆愉快的氛圍。餐廳內的桌椅排列整齊，桌椅的顏色搭配自然，營造出舒適的用餐環境。餐廳內的燈光柔和，牆壁上還掛有一盞藍色的落地燈，提供充足的照明。櫃檯後方的牆壁上掛有一幅黑色底色的彩色字母畫，增添了一絲趣味。餐廳的裝潢風格簡潔現代，營造出現代化的用餐氛圍。"
origin_dataset/20240809_175807.jpg,"1. 這張照片展示了一座高聳入雲的摩天大樓，建築外觀為藍色玻璃幕牆，建築頂部有一個圓形的天線。建築旁邊有一座較低的建築，建築上有一些綠色的植物裝飾。天空是藍色的，有幾朵雲彩飄浮在空中。

2. 照片中有一座現代化的摩天大樓，建築的外觀是藍色的玻璃幕牆，建築頂部有一個圓形的天線。建築的旁邊有一座較低的建築，建築上有一些綠色的植物裝飾。天空是藍色的，有幾朵雲彩飄浮在空中。

3. 這張照片中有一座現代化的摩天大樓，建築的外觀是藍色的玻璃幕牆，建築頂部有一個圓形的天線。建築的旁邊有一座較低的建築，建築上有一些綠色的植物裝飾。天空是藍色的，有幾朵雲彩飄浮在空中。"
origin_dataset/20240611_151222.jpg,"1. 這是一張蘋果產品的特寫照片，顯示了產品的背蓋部分，上面有蘋果的標誌。背蓋為純白色，標誌為灰色，設計簡潔。

2. 蘋果的標誌位於背蓋的中央，標誌的設計為一個簡單的蘋果圖形，左側有一片葉子。背蓋的材質看起來光滑，反射出周圍的環境。

3. 背蓋的邊緣有一個小的開口，可能是用於安裝或拆卸的開口。背蓋的顏色為純白色，與標誌的灰色形成鮮明對比。背景中可以看到一些模糊的藍色和黑色元素，可能是桌布或布料。"
origin_dataset/20240602_165722.jpg,"1. 這是一本中文書籍的圖片，書頁上顯示了關於前推法的步驟說明。書頁上有一個標題「前推法」，並列出了幾個步驟，包括建立最早可開始的時間或日期、羅列所有需要做的事情、進行排程、報告專案相關內容、討論完成日期、確認各項細節等。每個步驟旁邊都有綠色的圓形標籤，標籤上寫著「步驟」和「說明」。書頁的右下角標註了頁碼「270」。

2. 這張圖片展示了一本中文書籍的某頁，頁面上有關於前推法的詳細步驟說明。步驟包括：建立最早可開始的時間或日期、羅列所有需要做的事情、進行排程、報告專案相關內容、討論完成日期、確認各項細節。每個步驟旁邊都有綠色的圓形標籤，標籤上寫著「步驟」和「說明」。書頁的右下角標註了頁碼「270」。

3. 這張圖片顯示了一本中文書籍的某頁，頁面上詳細列出了前推法的步驟。步驟包括：建立最早可開始的時間或日期、羅列所有需要做的事情、進行排程、報告專案相關內容、討論完成日期、確認各項細節。每個步驟旁邊都有綠色的圓形標籤，標籤上寫著「步驟」和「說明」。書頁的右下角標註了頁碼「270」。"
origin_dataset/IMG20220317144159.jpg,"1. 海浪拍打著海岸，激起白色的浪花。遠處的島嶼在霧氣中若隱若現，天空灰蒙蒙的，海面波濤洶涌。

2. 沙灘上散落著幾行腳印，海浪不斷地拍打著海岸。遠處的島嶼隱約可見，天空陰沉，海面波濤洶涌。

3. 海浪輕撫著沙灘，激起細碎的浪花。遠處的島嶼在霧氣中若隱若現，天空灰暗，海面波濤洶涌。"
origin_dataset/20240525_174932.jpg,"1. 一位年輕的男子，上身赤裸，露出健壯的胸肌和腹部。他手持一部手機，似乎正在自拍。背景中可以看到一張床，床上鋪有條紋床單，床頭櫃上擺放著一些物品，包括一個鐘表和一些書籍。牆壁上掛有一幅畫框，畫框內的內容不清晰。整個環境看起來像是室內的臥室。

2. 一位年輕的男子，上身赤裸，露出健壯的胸肌和腹部。他手持一部手機，似乎正在自拍。背景中可以看到一張床，床上鋪有條紋床單，床頭櫃上擺放著一些物品，包括一個鐘表和一些書籍。牆壁上掛有一幅畫框，畫框內的內容不清晰。整個環境看起來像是室內的臥室，牆壁顏色為白色，床頭櫃是深色的。

3. 一位年輕的男子，上身赤裸，露出健壯的胸肌和腹部。他手持一部手機，似乎正在自拍。背景中可以看到一張床，床上鋪有條紋床單，床頭櫃上擺放著一些物品，包括一個鐘表和一些書籍。牆壁上掛有一幅畫框，畫框內的內容不清晰。整個環境看起來像是室內的臥室，牆壁顏色為白色，床頭櫃是深色的，床頭櫃上還有一個黑色的時鐘。"
origin_dataset/20240602_162850.jpg,"1. 這是一本日記本，專門用來記錄每日的時間安排和任務完成情況。書中提供了詳細的步驟說明，幫助讀者如何有效地使用這本日記。首先，讀者需要列出待辦事項，然後暫停下來，拿出空白筆記，準備開始寫間歇式日記。在任務與任務之間的空檔時間，讀者需要記錄自己剛剛完成的任務。最後，讀者需要用幾個句子記錄下對於前一個任務還有什麼尚未完成的部分，並思考接下來要怎麼做。這樣做可以讓讀者更安心地去做下一個工作。

2. 這本日記本的設計非常注重時間管理，提供了詳細的步驟來幫助讀者有效安排每日的時間。首先，讀者需要列出待辦事項，然後暫停下來，拿出空白筆記，準備開始寫間歇式日記。在任務與任務之間的空檔時間，讀者需要記錄自己剛剛完成的任務。最後，讀者需要用幾個句子記錄下對於前一個任務還有什麼尚未完成的部分，並思考接下來要怎麼做。這樣做可以讓讀者更安心地去做下一個工作。

3. 這本日記本專門用來記錄每日的時間安排和任務完成情況。書中提供了詳細的步驟說明，幫助讀者如何有效地使用這本日記。首先，讀者需要列出待辦事項，然後暫停下來，拿出空白筆記，準備開始寫間歇式日記。在任務與任務之間的空檔時間，讀者需要記錄自己剛剛完成的任務。最後，讀者需要用幾個句子記錄下對於前一個任務還有什麼尚未完成的部分，並思考接下來要怎麼做。這樣做可以讓讀者更安心地去做下一個工作。"
origin_dataset/IMG20220304130125.jpg,"1. 一輛小型轎車駛離前方的路口，路邊停有幾輛車輛，遠處有一座建築物，建築物旁邊有樹木和電線杆，天空晴朗。

2. 路邊停有幾輛車輛，遠處有一座建築物，建築物旁邊有樹木和電線杆，天空晴朗。前方有一輛小型轎車駛離路口，路面上有斑馬線。

3. 路邊停有幾輛車輛，遠處有一座建築物，建築物旁邊有樹木和電線杆，天空晴朗。前方有一輛小型轎車駛離路口，路面上有斑馬線，電線杆上掛有交通標誌。"
origin_dataset/IMG20210422175429.jpg,"1. 這幅畫中，五名士兵正步調一致地行進，他們身穿綠色迷彩服，頭戴綠色頭盔，手持步槍，面帶嚴肅表情。他們的隊伍中有一名士兵手持一面鮮紅的旗幟，旗幟上有一個白色圖案。背景是藍天和綠色的樹木，地面上鋪滿了綠色的草。

2. 這幅畫表現了五名士兵在行進中的場景，他們身著綠色迷彩服，頭戴綠色頭盔，手持步槍，步伐穩健。隊伍中有一名士兵手持一面鮮紅的旗幟，旗幟上有一個白色圖案。背景是藍天和綠色的樹木，地面上鋪滿了綠色的草。

3. 這幅畫描繪了五名士兵在行進中的情景，他們身著綠色迷彩服，頭戴綠色頭盔，手持步槍，步伐一致。隊伍中有一名士兵手持一面鮮紅的旗幟，旗幟上有一個白色圖案。背景是藍天和綠色的樹木，地面上鋪滿了綠色的草。"
origin_dataset/IMG20220220160028.jpg,"1. 三塊大屏幕展示著印象派畫家的作品，畫面中兩位女性坐在小船上，背景是綠色的水面和樹木。畫面的色彩柔和，表現出一種寧靜的氛圍。

2. 展覽館內，觀眾們圍坐在大屏幕前，專注地觀看畫作。畫面中的女性頭戴草帽，身穿白色洋裝，坐在小船上，周圍是綠色的水面和樹木，整體畫面充滿了自然的寧靜美。

3. 展覽館內，三塊大屏幕展示著印象派畫家的作品，畫面中兩位女性坐在小船上，背景是綠色的水面和樹木。畫面的色彩柔和，表現出一種寧靜的氛圍，觀眾們圍坐在大屏幕前，專注地觀看畫作。"
origin_dataset/IMG_20180727_115015_087.jpg,"1. 這是一輛停放在室內展示場的BMW機車。機車的車身主要顏色為銀色，車頭裝有圓形前燈，車把上裝有後視鏡。車座為棕色皮革，車架為黑色金屬結構，車輪為黑色輪圈，車尾裝有尾燈。機車停在一個展示架上，周圍有幾個人在觀看。

2. 這輛BMW機車停在室內展示場，車身為銀色，車頭裝有圓形前燈，車把上裝有後視鏡。車座為棕色皮革，車架為黑色金屬結構，車輪為黑色輪圈，車尾裝有尾燈。機車停在一個展示架上，周圍有幾個人在觀看。

3. 這是一輛停放在室內展示場的BMW機車。機車的車身為銀色，車頭裝有圓形前燈，車把上裝有後視鏡。車座為棕色皮革，車架為黑色金屬結構，車輪為黑色輪圈，車尾裝有尾燈。機車停在一個展示架上，周圍有幾個人在觀看。"
origin_dataset/20240602_164548.jpg,"1. 這張圖片展示了一本書的某頁，頁面上有許多綠色的方框和文字，文字內容是關於如何養成每天寫作習慣的建議。每個綠色方框內都有一個標題和一段描述，例如「讓習慣有吸引力」、「降低阻力」、「讓習慣顯而易見」等，並且每個方框下方都有步驟號碼，如「Step 7」、「Step 8」等，顯示了這些建議的順序。

2. 圖片中的文字詳細描述了如何通過設置環境、使用提醒工具、以及創造動機等方式來幫助養成每天寫作的習慣。例如，建議將寫作的工具放在容易拿到的地方，或者在開始寫作前播放輕鬆的音樂來提升心情。此外，還提到可以使用手機的提醒功能，以及在書桌前放置一本筆記本和一支筆，以便隨時記錄想法。

3. 圖片中的文字還提供了具體的實踐方法，如每天早上一起床就開始寫作，或者在每天早上看到自己寫作的記錄時，提醒自己繼續寫作。這些方法旨在幫助讀者建立和維持寫作的習慣，從而達到每天寫作的目標。每一個建議都附有步驟號碼，讓讀者可以按照順序逐一實踐，逐步建立寫作習慣。"
origin_dataset/1529683286998.jpg,"1. 三位畢業生身著學士服，頭戴學士帽，站在戶外的草地上，背景中可以看到其他畢業生和校園建築。他們面帶微笑，其中一位同學舉起手指比出勝利的姿勢，另一位同學則懷抱一束花束，花束上綁有小熊玩偶。他們的學士服上繡有校徽，校徽設計為一座塔形建築。背景中，其他畢業生和校園建築清晰可見，顯示出歡樂的畢業慶典氛圍。

2. 三位畢業生站在戶外的草地上，他們身著學士服，頭戴學士帽，面帶微笑。其中一位同學舉起手指比出勝利的姿勢，另一位同學懷抱一束花束，花束上綁有小熊玩偶。他們的學士服上繡有校徽，校徽設計為一座塔形建築。背景中，其他畢業生和校園建築清晰可見，顯示出歡樂的畢業慶典氛圍。他們的學士服上繡有校徽，校徽設計為一座塔形建築。

3. 三位畢業生站在戶外的草地上，他們身著學士服，頭戴學士帽，面帶微笑。其中一位同學舉起手指比出勝利的姿勢，另一位同學懷抱一束花束，花束上綁有小熊玩偶。他們的學士服上繡有校徽，校徽設計為一座塔形建築。背景中，其他畢業生和校園建築清晰可見，顯示出歡樂的畢業慶典氛圍。他們的學士服上繡有校徽，校徽設計為一座塔形建築。"
origin_dataset/20231015_135506.jpg,"1. 這間餐廳的裝潢現代簡約，採用大量的玻璃窗戶，讓室內外的景觀相互連結。室內擺設以深色調為主，搭配幾盞燈飾，營造出溫馨的用餐氛圍。窗戶外側可以看到綠意盎然的樹木和停在路邊的機車，增添了一絲自然與都市的交織感。

2. 餐廳內部的設計充滿了現代感，牆壁和地板採用木質材料，營造出溫暖的質感。窗戶旁邊的椅子採用皮革材質，質感優雅，搭配黑色框架，顯得既時尚又實用。窗戶外側的綠樹和停車場的機車，為室內帶來了自然與都市的對比。

3. 這間餐廳的裝潢設計獨特，採用大量的玻璃窗戶，讓室內外的景觀相互連結。窗戶外側可以看到綠意盎然的樹木和停在路邊的機車，營造出自然與都市的交織感。室內擺設以深色調為主，搭配幾盞燈飾，營造出溫馨的用餐氛圍。窗戶旁邊的椅子採用皮革材質，質感優雅，搭配黑色框架，顯得既時尚又實用。"
origin_dataset/IMG20220311154832.jpg,"1. 這是一張展示城市公園的照片。公園內有茂盛的樹木，包括棕櫚樹和常綠樹，樹蔭下鋪設了灰色的石板路。公園的中央有一個標誌牌，上面寫著「城市光廊」，顯示出公園的主題。背景中可以看到現代建築，建築外牆為玻璃和鋼材構成，反射出陽光。公園周圍環境整潔，綠化良好，是市民休閒的好去處。

2. 圖片中展示了一個城市公園的場景。公園內種植了多種樹木，包括高大的棕櫚樹和常綠樹，樹木間隙處鋪設了灰色的石板路。公園中央設有一個標誌牌，上面寫著「城市光廊」，顯示出公園的主題。背景中可以看到現代建築，建築外牆為玻璃和鋼材構成，反射出陽光。公園周圍環境整潔，綠化良好，是市民休閒的好去處。

3. 這張照片捕捉到了一個城市公園的場景。公園內種植了多種樹木，包括高大的棕櫚樹和常綠樹，樹木間隙處鋪設了灰色的石板路。公園中央設有一個標誌牌，上面寫著「城市光廊」，顯示出公園的主題。背景中可以看到現代建築，建築外牆為玻璃和鋼材構成，反射出陽光。公園周圍環境整潔，綠化良好，是市民休閒的好去處。"
origin_dataset/20231107_133544.jpg,"1. 藍天白雲，天空清澈，雲朵輕盈飄浮，散發出寧靜的氛圍。遠處的建築物在藍天的襯托下顯得格外高聳，建築的玻璃窗反射出陽光，閃耀著光芒。

2. 雲層在藍天中形成錯綜複雜的圖案，雲朵的形狀多變，有的像蓬鬆的棉花糖，有的像飛翔的鳥兒。建築物的玻璃幕牆在陽光下閃耀，反射出藍天的顏色，與周圍的自然景觀形成鮮明對比。

3. 藍天與白雲構成一幅美麗的畫面，雲朵在天空中自由飄浮，散發出寧靜的氣息。建築物的玻璃幕牆在陽光下閃耀，反射出藍天的顏色，與周圍的自然景觀形成鮮明對比。遠處的建築物在藍天的襯托下顯得格外高聳，建築的玻璃窗反射出陽光，閃耀著光芒。"
origin_dataset/IMG20220315163002.jpg,"1. 海邊的風景，遠處是藍色的海面，天空中布滿了厚重的雲層，近處是綠色的植被和岩石，遠處有兩座小島，島上植被茂盛。

2. 這是一幅海邊的風景圖，海面寬廣，天空陰沉，遠處有兩座小島，島上植被茂盛，近處是綠色的植被和岩石，海邊的風景非常美麗。

3. 海邊的風景，遠處是藍色的海面，天空中布滿了厚重的雲層，近處是綠色的植被和岩石，遠處有兩座小島，島上植被茂盛，海邊的風景非常美麗。"
origin_dataset/received_947869111980539(1)(1).jpeg,"1. 一張綠色的信封，上面寫有寄件人的地址：Pamela Dimitrova, Str. Sinchech №4, 2500 Kyustendil。寄件人地址的寫法有些不規則，可能因為手寫的原因。信封上還貼有兩枚郵票，郵票上印有動物圖案。信封的右側寫有收件人的地址：Zhonghe, Str. Xingnan Rd №13, Sector: 2, Lane: 3, Floor: 2, 235 New Taipei City, Taiwan。收件地址的寫法也有些不規則，可能是因為手寫的原因。信封的右上角有郵局的戳記，顯示信件已經被寄出。

2. 這是一張綠色的信封，上面寫有寄件人的地址：Pamela Dimitrova, Str. Sinchech №4, 2500 Kyustendil。寄件地址的寫法有些不規則，可能是因為手寫的原因。信封上還貼有兩枚郵票，郵票上印有動物圖案。信封的右側寫有收件人的地址：Zhonghe, Str. Xingnan Rd №13, Sector: 2, Lane: 3, Floor: 2, 235 New Taipei City, Taiwan。收件地址的寫法也有些不規則，可能是因為手寫的原因。信封的右上角有郵局的戳記，顯示信件已經被寄出。

3. 一張綠色的信封，上面寫有寄件人的地址：Pamela Dimitrova, Str. Sinchech №4, 2500 Kyustendil。寄件地址的寫法有些不規則，可能是因為手寫的原因。信封上還貼有兩枚郵票，郵票上印有動物圖案。信封的右側寫有收件人的地址：Zhonghe, Str. Xingnan Rd №13, Sector: 2, Lane: 3, Floor: 2, 235 New Taipei City, Taiwan。收件地址的寫法也有些不規則，可能是因為手寫的原因。信封的右上角有郵局的戳記，顯示信件已經被寄出。"
origin_dataset/IMG20220315110946.jpg,"1. 一碗熱騰騰的麵條，上面放著一顆剛剛煎好的荷包蛋，蛋黃鮮黃，蛋白半熟。麵條上還散落著一些紅辣椒，看起來相當開胃。碗邊是藍白相間的條紋，碗裡的麵條湯汁濃郁，看起來非常美味。碗旁邊有一杯熱茶，茶杯是白色，杯身有幾何圖案，杯內的茶湯色澤深沉，表面有泡沫，顯得非常溫暖。

2. 桌上擺著一盤麵條，麵條上放著一顆荷包蛋，蛋黃鮮黃，蛋白半熟。麵條上散落著一些紅辣椒，看起來相當開胃。碗邊是藍白相間的條紋，碗裡的麵條湯汁濃郁，看起來非常美味。碗旁邊有一杯熱茶，茶杯是白色，杯身有幾何圖案，杯內的茶湯色澤深沉，表面有泡沫，顯得非常溫暖。碗後方有一個鐵籃，籃裡放著一包餐巾紙，籃子的設計簡潔實用。

3. 桌上擺著一盤麵條，麵條上放著一顆荷包蛋，蛋黃鮮黃，蛋白半熟。麵條上散落著一些紅辣椒，看起來相當開胃。碗邊是藍白相間的條紋，碗裡的麵條湯汁濃郁，看起來非常美味。碗旁邊有一杯熱茶，茶杯是白色，杯身有幾何圖案，杯內的茶湯色澤深沉，表面有泡沫，顯得非常溫暖。碗後方有一個鐵籃，籃裡放著一包餐巾紙，籃子的設計簡潔實用。桌面上還有一雙粉紅色的鞋子，顯得非常活潑。"
origin_dataset/IMG20220311205804.jpg,"1. 夜晚的碼頭上，一艘標有“Taiwan Coast Guard”字樣的白色護衛艦停泊在碼頭邊緣。艦體上寫有編號“CG 128”，艦體的側面裝飾著紅白相間的標誌。碼頭邊緣有幾棵樹，樹枝在夜空中顯得格外突出。碼頭上散落著幾位行人，他們在燈光下緩步行走，似乎在欣賞這艘護衛艦。碼頭的地面鋪設著磚塊，反射出燈光，形成一道道光線。碼頭的遠處，可以看到一些建築物的燈光，為夜景增添了一絲溫暖。

2. 在夜色中，碼頭邊緣停泊著一艘大型的白色護衛艦，艦體上寫有“Taiwan Coast Guard”和編號“CG 128”。護衛艦的側面裝飾著紅白相間的標誌，艦體在夜空中顯得格外醒目。碼頭邊緣有幾棵樹，樹枝在夜空中顯得格外突出。碼頭上散落著幾位行人，他們在燈光下緩步行走，似乎在欣賞這艘護衛艦。碼頭的地面鋪設著磚塊，反射出燈光，形成一道道光線。碼頭的遠處，可以看到一些建築物的燈光，為夜景增添了一絲溫暖。

3. 夜晚的碼頭上，一艘標有“Taiwan Coast Guard”字樣的白色護衛艦停泊在碼頭邊緣。艦體上寫有編號“CG 128”，艦體的側面裝飾著紅白相間的標誌。碼頭邊緣有幾棵樹，樹枝在夜空中顯得格外突出。碼頭上散落著幾位行人，他們在燈光下緩步行走，似乎在欣賞這艘護衛艦。碼頭的地面鋪設著磚塊，反射出燈光，形成一道道光線。碼頭的遠處，可以看到一些建築物的燈光，為夜景增添了一絲溫暖。碼頭的欄杆上掛著幾盞燈，燈光在夜空中閃爍，為碼頭增添了一絲活躍的氣氛。"
origin_dataset/1549426041230.jpg,"1. 一位年長的婦女，頭戴一頂藍色的棒球帽，身穿紫色的羽絨外套，坐在花紋的沙發上。她的手放在腿上，表情看起來很安詳。背景中可以看到一張桌子，上面擺放著電話、花瓶和一些書籍。牆壁上掛著一個裝飾品，看起來像是傳統的掛飾。

2. 一位年長的婦女，頭戴一頂藍色的棒球帽，身穿紫色的羽絨外套，坐在花紋的沙發上。她的手放在腿上，表情看起來很安詳。背景中可以看到一張桌子，上面擺放著電話、花瓶和一些書籍。牆壁上掛著一個裝飾品，看起來像是傳統的掛飾。沙發的靠背上有兩塊花紋的枕頭，增添了一絲溫馨的感覺。

3. 一位年長的婦女，頭戴一頂藍色的棒球帽，身穿紫色的羽絨外套，坐在花紋的沙發上。她的手放在腿上，表情看起來很安詳。背景中可以看到一張桌子，上面擺放著電話、花瓶和一些書籍。牆壁上掛著一個裝飾品，看起來像是傳統的掛飾。沙發的靠背上有兩塊花紋的枕頭，增添了一絲溫馨的感覺。牆壁上還掛著一個電話機，顯示出這是一個家庭環境。"
origin_dataset/20240727_164806.jpg,"1. 一羣音樂家在室內音樂廳排成一列，他們身穿黑色服裝，手持樂器，似乎剛剛完成演出。音樂廳的牆壁是淺色的，上面有幾盞燈光，燈光從上到下排列，為場景提供了柔和的照明。音樂家們面帶微笑，顯得非常開心和滿足。

2. 一羣音樂家在室內音樂廳排成一列，他們手持樂器，身穿黑色服裝，似乎剛剛完成演出。音樂廳的牆壁是淺色的，上面有幾盞燈光，燈光從上到下排列，為場景提供了柔和的照明。音樂家們面帶微笑，顯得非常開心和滿足。音樂廳的座位區有幾排椅子，音樂家們站在舞台前，背後是樂譜架。

3. 一羣音樂家在室內音樂廳排成一列，他們手持樂器，身穿黑色服裝，似乎剛剛完成演出。音樂廳的牆壁是淺色的，上面有幾盞燈光，燈光從上到下排列，為場景提供了柔和的照明。音樂家們面帶微笑，顯得非常開心和滿足。音樂廳的座位區有幾排椅子，音樂家們站在舞台前，背後是樂譜架。音樂廳的設計非常現代，牆壁的燈光設計增加了場景的美感。"
origin_dataset/IMG20220317141419.jpg,"1. 這張照片中，一個人站在海邊，背景是波濤洶涌的海浪和遠處的島嶼。他面帶微笑，頭髮略顯凌亂，穿著一件白色T恤和一件藍色外套，肩上背著一個迷彩背包。海浪拍打著海岸，天空陰沉，整體氛圍略顯陰鬱。

2. 這張照片捕捉到了一個人在海邊的自拍。他面帶微笑，頭髮自然地垂落，穿著一件白色T恤和一件藍色外套，肩上背著一個迷彩背包。海浪在後方拍打著海岸，天空陰沉，遠處可以看到一座島嶼。整體氛圍略顯陰鬱，但他的微笑為照片增添了一絲樂觀。

3. 這張照片中，一個人站在海邊，背景是波濤洶涌的海浪和遠處的島嶼。他面帶微笑，頭髮略顯凌亂，穿著一件白色T恤和一件藍色外套，肩上背著一個迷彩背包。海浪拍打著海岸，天空陰沉，整體氛圍略顯陰鬱。這張照片捕捉到了一個人在自然環境中的瞬間，無論是海浪的壯觀還是天空的陰沉，都為這張照片增添了豐富的層次感。"
origin_dataset/20230731_165202.jpg,"1. 藍天白雲，綠樹成蔭，建築物錯落有致，街道兩旁的樹木茂盛，建築物的顏色以白色和灰色為主，窗戶排列整齊，建築物頂部有天線和衛星天線，建築物的設計風格簡潔現代，街道兩側的樹木為城市帶來了綠色的氛圍。

2. 雲層稀疏，天空湛藍，建築物的頂部有許多天線和衛星天線，建築物的顏色以白色和灰色為主，窗戶排列整齊，建築物的設計風格簡潔現代，街道兩側的樹木茂盛，綠樹成蔭，建築物的頂部有天線和衛星天線，建築物的設計風格簡潔現代，街道兩側的樹木為城市帶來了綠色的氛圍。

3. 雲層稀疏，天空湛藍，建築物的頂部有許多天線和衛星天線，建築物的顏色以白色和灰色為主，窗戶排列整齊，建築物的設計風格簡潔現代，街道兩側的樹木茂盛，綠樹成蔭，建築物的頂部有天線和衛星天線，建築物的設計風格簡潔現代，街道兩側的樹木為城市帶來了綠色的氛圍。"
origin_dataset/20231107_194739.jpg,"1. 本文件為房屋租賃協議書，涉及雙方簽訂的租賃條款。甲方為出租方，乙方為承租方。租賃地址為新北市汐止區宜興街30巷12號5樓（1房）。租賃期限自民國112年10月1日起至民國113年10月1日止。租金為每月新臺幣8200元，乙方不得任意要求調整租金。押金為新臺幣16400元，乙方於租期屆滿或租賃契約終止時交還房屋時返還之。每月租金請於每月10日前，匯入台灣銀行仁愛分行，帳號為1220008084795，戶名為蔡武訓，金額為租金8200元。租金若遲誤一天，需支付遲誤一天租金NT$100元。乙方租約期間相關費用由甲方支付，包括水費、網路月租費、管理費、瓦斯費、第四台月租費及電費（電費度數自18820度起算，每度6元，並與租金一同支付甲方）。房屋稅、地價稅由甲方負擔。租賃期間內，乙方不得任意要求調整租金。乙方若違約，甲方將採取斷電處理，乙方若私自復電者視同違約。乙方租約期間相關費用由甲方支付，包括水費、網路月租費、管理費、瓦斯費、第四台月租費及電費（電費度數自18820度起算，每度6元，並與租金一同支付甲方）。房屋稅、地價稅由甲方負擔。租賃期間內，乙方不得任意要求調整租金。乙方若違約，甲方將採取斷電處理，乙方若私自復電者視同違約。

2. 本文件為房屋租賃協議書，涉及雙方簽訂的租賃條款。甲方為出租方，乙方為承租方。租賃地址為新北市汐止區宜興街30巷12號5樓（1房）。租賃期限自民國112年10月1日起至民國113年10月1日止。租金為每月新臺幣8200元，乙方不得任意要求調整租金。押金為新臺幣16400元，乙方於租期屆滿或租賃契約終止時交還房屋時返還之。每月租金請於每月10日前，匯入台灣銀行仁愛分行，帳號為1220008084795，戶名為蔡武訓，金額為租金8200元。租金若遲誤一天，需支付遲誤一天租金NT$100元。乙方租約期間相關費用由甲方支付，包括水費、網路月租費、管理費、瓦斯費、第四台月租費及電費（電費度數自18820度起算，每度6元，並與租金一同支付甲方）。房屋稅、地價稅由甲方負擔。租賃期間內，乙方不得任意要求調整租金。乙方若違約，甲方將採取斷電處理，乙方若私自復電者視同違約。乙方租約期間相關費用由甲方支付，包括水費、網路月租費、管理費、瓦斯費、第四台月租費及電費（電費度數自18820度起算，每度6元，並與租金一同支付甲方）。房屋稅、地價稅由甲方負擔。租賃期間內，乙方不得任意要求調整租金。乙方若違約，甲方將採取斷電處理，乙方若私自復電者視同違約。

3. 本文件為房屋租賃協議書，涉及雙方簽訂的租賃條款。甲方為出租方，乙方為承租方。租賃地址為新北市汐止區宜興街30巷12號5樓（1房）。租賃期限自民國112年10月1日起至民國113年10月1日止。租金為每月新臺幣8200元，乙方不得任意要求調整租金。押金為新臺幣16400元，乙方於租期屆滿或租賃契約"
origin_dataset/11133753_632064453560047_435554272552026064_n(1)(1).jpg,"1. 一間教室內，數十名學生圍坐在椅子上，其中一名學生站起來，似乎在進行講話或表演。教室內有幾張椅子，牆壁上掛有幾張海報，窗戶旁邊有幾盞燈，天花板上掛有幾盞吊扇。學生們表情活躍，似乎在參與一場活動或討論。

2. 教室內，一群學生圍坐在椅子上，其中一名學生站起來，似乎在進行講話或表演。牆壁上掛有幾張海報，窗戶旁邊有幾盞燈，天花板上掛有幾盞吊扇。學生們表情活躍，似乎在參與一場活動或討論。教室內的氛圍熱鬧，學生們的互動顯得非常自然。

3. 教室內，數十名學生圍坐在椅子上，其中一名學生站起來，似乎在進行講話或表演。牆壁上掛有幾張海報，窗戶旁邊有幾盞燈，天花板上掛有幾盞吊扇。學生們表情活躍，似乎在參與一場活動或討論。教室內的氛圍熱鬧，學生們的互動顯得非常自然，他們的談話和笑聲傳遍整個教室。"
origin_dataset/1549434105851.jpg,"1. 五位成員坐在室內，背景是白色磁磚牆壁，牆上掛有紅色的裝飾品。他們坐在一張木製沙發上，沙發前有一張鋪有花布的桌子，桌上放著一些雜誌和遙控器。沙發後方有一個綠色的冰箱，冰箱上貼有幾張彩色的磁鐵。牆壁上還掛有一幅畫，畫中是海景。沙發旁邊有一個木製的桌子，上面放著一些物品，包括一個紅色的布袋和一盆綠色植物。

2. 五位成員坐在一起，背景是白色磁磚牆壁，牆上掛有紅色的裝飾品。他們坐在一張木製沙發上，沙發前有一張鋪有花布的桌子，桌上放著一些雜誌和遙控器。沙發後方有一個綠色的冰箱，冰箱上貼有幾張彩色的磁鐵。牆壁上還掛有一幅畫，畫中是海景。沙發旁邊有一個木製的桌子，上面放著一些物品，包括一個紅色的布袋和一盆綠色植物。

3. 五位成員坐在一起，背景是白色磁磚牆壁，牆上掛有紅色的裝飾品。他們坐在一張木製沙發上，沙發前有一張鋪有花布的桌子，桌上放著一些雜誌和遙控器。沙發後方有一個綠色的冰箱，冰箱上貼有幾張彩色的磁鐵。牆壁上還掛有一幅畫，畫中是海景。沙發旁邊有一個木製的桌子，上面放著一些物品，包括一個紅色的布袋和一盆綠色植物。"
origin_dataset/1552911508680.jpg,"1. 這張照片展示了一座現代化的建築群，建築外牆以玻璃和鋼材構成，反射出周圍的天空和城市景觀。建築的頂部有一個大型的廣告牌，上面展示了一個時尚品牌的廣告。建築的入口處有燈光裝飾，顯得非常亮麗。建築前的廣場上有一些行人和車輛，顯示出繁忙的城市生活景象。

2. 照片中可以看到一棟現代化的摩天大樓，建築外牆由玻璃和鋼材構成，反射出周圍的環境。建築頂部有一個大型的廣告牌，上面展示了一個時尚品牌的廣告。建築的入口處有燈光裝飾，顯得非常亮麗。建築前的廣場上有一些行人和車輛，顯示出繁忙的城市生活景象。建築旁邊有一條道路，道路上有幾輛車輛在行駛，顯示出城市的交通狀況。

3. 這張照片展示了一座現代化的建築群，建築外牆以玻璃和鋼材構成，反射出周圍的天空和城市景觀。建築的頂部有一個大型的廣告牌，上面展示了一個時尚品牌的廣告。建築的入口處有燈光裝飾，顯得非常亮麗。建築前的廣場上有一些行人和車輛，顯示出繁忙的城市生活景象。建築旁邊有一條道路，道路上有幾輛車輛在行駛，顯示出城市的交通狀況。建築的周圍有一些綠化帶，種植了許多樹木，為城市增添了一絲綠意。"
origin_dataset/20231104_202706.jpg,"1. 這是一個戶外的婚禮佈置場景，夜晚的環境中，燈飾垂掛在樹枝上，散發出溫暖的光線。場景的背景是一棵大樹，樹枝延伸到上方，樹葉茂盛。場景的中央有一個木製的展示區，展示區的後方有一塊木板裝飾，上面掛有幾張照片，照片中是新人的親密畫面。展示區的前方有一張木桌，桌上擺放著一些裝飾品，包括花束、蠟燭和相框，相框中是新人的相片。展示區的左側有一塊布幔，上面寫有「Welcome to our Wedding」的歡迎語，布幔上還繪有新人的卡通圖像。展示區的右側有一個木製的展示櫃，櫃門上也掛有新人的相片。展示區的後方有一個大型的電視屏幕，屏幕上播放著新人的親密畫面。展示區的左側還有一個木桶，桶上掛有花束，桶的後方有一個木製的花架，上面擺放著一些花束和裝飾品。展示區的前方有一張長桌，桌上擺放著一些裝飾品，包括花束、蠟燭和相框，相框中是新人的相片。展示區的前方還有一張木製的長椅，椅背上掛有新人的卡通圖像。展示區的前方還有一個大型的電視屏幕，屏幕上播放著新人的親密畫面。

2. 這是一個戶外的婚禮佈置場景，夜晚的環境中，燈飾垂掛在樹枝上，散發出溫暖的光線。場景的背景是一棵大樹，樹枝延伸到上方，樹葉茂盛。場景的中央有一個木製的展示區，展示區的後方有一塊木板裝飾，上面掛有幾張照片，照片中是新人的親密畫面。展示區的前方有一張木桌，桌上擺放著一些裝飾品，包括花束、蠟燭和相框，相框中是新人的相片。展示區的左側有一塊布幔，上面寫有「Welcome to our Wedding」的歡迎語，布幔上還繪有新人的卡通圖像。展示區的右側有一個木製的展示櫃，櫃門上也掛有新人的相片。展示區的後方有一個大型的電視屏幕，屏幕上播放著新人的親密畫面。展示區的左側還有一個木桶，桶上掛有花束，桶的後方有一個木製的花架，上面擺放著一些花束和裝飾品。展示區的前方有一張長桌，桌上擺放著一些裝飾品，包括花束、蠟燭和相框，相框中是新人的相片。展示區的前方還有一張木製的長椅，椅背上掛有新人的卡通圖像。展示區的前方還有一個大型的電視屏幕，屏幕上播放著新人的親密畫面。

3. 這是一個戶外的婚禮佈置場景，夜晚的環境中，燈飾垂掛在樹枝上，散發出溫暖的光線。場景的背景是一棵大樹，樹枝延伸到上方，樹葉茂盛。場景的中央有一個木製的展示區，展示區的後方有一塊木板裝飾，上面掛有幾張照片，照片中是新人的親密畫面。展示區的前方有一張木桌，桌上擺放著一些裝飾品，包括花束、蠟燭和相框，相框中是新人的相片。展示區的左側有一塊布幔，上面寫有「Welcome to our Wedding」的歡迎語，布幔上還繪有新人的卡通圖像。展示區的右側有一個木製的展示櫃，櫃門上也掛有新人的相片。展示區的後方有一個大型的電視屏幕，屏幕上播放著新人的親密畫面。展示區的左側還有一個木桶，桶上掛有花束，桶的後方有一個木製的花架，上面擺放著一些花束和裝飾品。展示區的前方有一張長桌，桌上擺放著一些裝飾品，包括花束、蠟燭和相框，相框中是新人的相片。展示區的前方還有一張木製的"
origin_dataset/IMG20200621161724.jpg,"1. 一株綠色植物擺放在窗邊，葉片寬大，葉尖略帶尖銳，種植在一個紅色的花盆中。窗戶外側有鐵製的窗欄，窗戶內側透出一絲陽光，窗戶外側可以看到一棟建築物，建築物的牆壁上掛有紅色的橫幅，上面寫有中文字樣。建築物的周圍有綠色的灌木和樹木，建築物的後方有一條道路，道路兩側有樹木和灌木。

2. 一株綠色植物擺放在窗邊，葉片寬大，葉尖略帶尖銳，種植在一個紅色的花盆中。窗戶外側有鐵製的窗欄，窗戶內側透出一絲陽光，窗戶外側可以看到一棟建築物，建築物的牆壁上掛有紅色的橫幅，上面寫有中文字樣。建築物的周圍有綠色的灌木和樹木，建築物的後方有一條道路，道路兩側有樹木和灌木。建築物的牆壁上掛有紅色的橫幅，上面寫有中文字樣，建築物的牆壁上掛有紅色的橫幅，上面寫有中文字樣。

3. 一株綠色植物擺放在窗邊，葉片寬大，葉尖略帶尖銳，種植在一個紅色的花盆中。窗戶外側有鐵製的窗欄，窗戶內側透出一絲陽光，窗戶外側可以看到一棟建築物，建築物的牆壁上掛有紅色的橫幅，上面寫有中文字樣。建築物的周圍有綠色的灌木和樹木，建築物的後方有一條道路，道路兩側有樹木和灌木。建築物的牆壁上掛有紅色的橫幅，上面寫有中文字樣。"
origin_dataset/IMG_20210914_201651730.jpg,"1. 一位年輕的男性，留著短黑髮，臉上帶著口罩，身穿黑色短袖T恤，正在鏡子前自拍。背景中可以看到一排黑色的櫃子，櫃子上方掛著一串紅綠相間的聖誕節裝飾旗。牆壁上有一個黃色的警告牌，地上有一盆綠色植物。牆壁和地板都是白色的，牆壁下方有一條淺色的木紋裝飾。

2. 一位年輕的男性，留著短黑髮，臉上帶著口罩，身穿黑色短袖T恤，正在鏡子前自拍。背景中可以看到一排黑色的櫃子，櫃子上方掛著一串紅綠相間的聖誕節裝飾旗。牆壁上有一個黃色的警告牌，地上有一盆綠色植物。牆壁和地板都是白色的，牆壁下方有一條淺色的木紋裝飾。

3. 一位年輕的男性，留著短黑髮，臉上帶著口罩，身穿黑色短袖T恤，正在鏡子前自拍。背景中可以看到一排黑色的櫃子，櫃子上方掛著一串紅綠相間的聖誕節裝飾旗。牆壁上有一個黃色的警告牌，地上有一盆綠色植物。牆壁和地板都是白色的，牆壁下方有一條淺色的木紋裝飾。"
origin_dataset/received_947869371980513(1)(1).jpeg,"1. 這是一片茂密的紅樹林，樹木枝條盤根錯節，形成了一個天然的拱橋，綠葉在微風中輕輕搖曳，倒映在清澈的水面上，構成了一幅寧靜而美麗的自然畫面。

2. 河流兩岸的紅樹林茂盛，樹枝垂掛，形成了一個天然的綠色拱橋，綠葉在微風中輕輕搖曳，倒映在清澈的水面上，構成了一幅寧靜而美麗的自然畫面。

3. 紅樹林中的河流兩岸，樹木枝條盤根錯節，形成了一個天然的拱橋，綠葉在微風中輕輕搖曳，倒映在清澈的水面上，構成了一幅寧靜而美麗的自然畫面。"
origin_dataset/1533397972320.jpg,"1. 一位年輕的男子，頭髮短而黑，穿着一件黑色的短袖T恤，他正用吸管喝著一杯黃色的飲料。背景中可以看到一些模糊的物品，似乎是在一個室內場景，可能是一個餐廳或咖啡館。

2. 這張照片中，一位年輕的男性正舉著一杯帶有吸管的飲料，他穿著一件黑色的T恤，背景中還有一位戴著耳機的男子，似乎是在一個室內環境，可能是餐廳或咖啡廳。

3. 這張照片捕捉到了一位年輕的男子，他正舉著一杯帶有吸管的飲料，穿著一件黑色的T恤。背景中還有一位戴著耳機的男子，似乎是在一個室內場景，可能是餐廳或咖啡館。"
origin_dataset/FB_IMG_1485272674123(1)(1).jpg,"1. 一隻毛色為紅白相間的柴犬，正靜靜地躺在室內的地板上。它戴着一個綠色的項圈，項圈上有幾個金屬環。柴犬的耳朵立起，眼睛看向一旁，顯得非常警覺。背景中可以看到一扇門和一塊玻璃窗，門是木製的，門邊有一塊灰色的地毯。

2. 一隻毛色為紅白相間的柴犬，正靜靜地躺在室內的地板上。它戴着一個綠色的項圈，項圈上有幾個金屬環。柴犬的耳朵立起，眼睛看向一旁，顯得非常警覺。背景中可以看到一扇門和一塊玻璃窗，門是木製的，門邊有一塊灰色的地毯。地板是淺色的，看起來像是水泥地。

3. 一隻毛色為紅白相間的柴犬，正靜靜地躺在室內的地板上。它戴着一個綠色的項圈，項圈上有幾個金屬環。柴犬的耳朵立起，眼睛看向一旁，顯得非常警覺。背景中可以看到一扇門和一塊玻璃窗，門是木製的，門邊有一塊灰色的地毯。地板是淺色的，看起來像是水泥地。門邊有一塊灰色的地毯，門的邊緣可以看到一些黑色的鐵件。"
origin_dataset/IMG20220316141335.jpg,"1. 這張照片中，一個人站在戶外，背景是綠色的草地和一些岩石。他留著黑色的短髮，臉上帶著微笑，露出整齊的白牙。他穿著一件藍色的牛仔外套，裡面是一件白色的衣服，上面有黑色的英文字母。背景中還有一個木製的觀景台和一些樹木。

2. 這張照片捕捉到了一個人在戶外的瞬間，他面帶微笑，露出整齊的白牙。他留著黑色的短髮，穿著一件藍色的牛仔外套，裡面是一件白色的衣服，上面有黑色的英文字母。背景是綠色的草地和一些岩石，遠處還有一個木製的觀景台和一些樹木。

3. 這張照片中，一個人站在戶外，背景是綠色的草地和一些岩石。他留著黑色的短髮，臉上帶著微笑，露出整齊的白牙。他穿著一件藍色的牛仔外套，裡面是一件白色的衣服，上面有黑色的英文字母。背景中還有一個木製的觀景台和一些樹木。"
origin_dataset/20230916_115445.jpg,"1. 藍天白雲，遠處是連綿起伏的山脈，山腳下是綠意盎然的森林，近處是建築與樹木的交織，構成一幅自然與城市共存的美麗畫面。

2. 雲層輕盈，散落在藍天之上，山脈層疊，綠樹成蔭，遠處建築隱約可見，近處樹木茂盛，構成一幅寧靜而優美的自然風景圖。

3. 天空湛藍，雲朵飄逸，山脈連綿，綠樹成蔭，建築與自然相得益彰，遠近景緻交織，構成一幅和諧而美麗的自然風景圖。"
origin_dataset/IMG_0248.JPG,"1. 一隻手正握著一串用竹签串起的棉花糖，棉花糖上淋上了巧克力醬，巧克力醬從棉花糖上滴落，散落在黑色的盤子上。盤子放在一張深色的桌面上，背景模糊，看不清晰。

2. 一隻手握著一串用竹签串起的棉花糖，棉花糖上淋上了巧克力醬，巧克力醬從棉花糖上滴落，散落在黑色的盤子上。盤子放在一張深色的桌面上，背景模糊，看不清晰。

3. 一隻手握著一串用竹签串起的棉花糖，棉花糖上淋上了巧克力醬，巧克力醬從棉花糖上滴落，散落在黑色的盤子上。盤子放在一張深色的桌面上，背景模糊，看不清晰。"
origin_dataset/IMG_20210805_183834_004.jpg,"1. 這幅畫中，一個金髮小男孩正親吻著一隻毛茸茸的狐狸。小男孩穿着一件黃色的外套，狐狸則是白色和橙色相間的毛髮。畫面的背景是柔和的黃綠色調，給人一種溫馨和安靜的感覺。畫家在2019年完成這幅作品，並在畫作右下角簽名並標註了年份。

2. 這幅插畫表現了一個小男孩與狐狸之間的親密互動。小男孩的金髮和黃色外套與狐狸的白色和橙色毛髮形成鮮明對比。畫面的背景色調柔和，營造出一種溫馨和祥和的氛圍。畫家在2019年完成這幅作品，並在畫作右下角簽名並標註了年份。

3. 這幅插畫描繪了一個小男孩親吻著一隻狐狸的場景。小男孩的金髮和黃色外套與狐狸的白色和橙色毛髮形成鮮明對比。畫面的背景色調柔和，營造出一種溫馨和祥和的氛圍。畫家在2019年完成這幅作品，並在畫作右下角簽名並標註了年份。"
origin_dataset/IMG20220303232857.jpg,"1. 這張照片展示了一個夜晚的城市公園景觀。公園內有一條小溪，溪水在燈光的照耀下反射出柔和的光芒。兩旁種植了茂盛的樹木，樹枝在微風中輕輕搖曳。遠處可以看到一些建築物，其中一棟高樓特別顯眼，燈光綻放，顯示出城市的繁華。公園內有幾個人在散步或休息，環境平靜而安靜。

2. 照片中，夜幕降臨的城市公園顯得格外寧靜。公園內的小溪在燈光的照耀下，水面上泛起細微的波紋，倒映出周圍的景致。兩側的樹木在微風中輕搖，樹葉間的燈光點綴出一絲溫馨。遠處的建築物在夜色中若隱若現，其中一棟高樓特別引人注目，燈光綻放，顯示出城市的活力。公園內偶爾有幾個人影，或坐或行，享受著這份寧靜與安詳。

3. 這張照片捕捉到了一個夜晚的城市公園的場景。公園內有一條小溪，溪水在燈光的照耀下閃閃發亮，倒映出周圍的景致。兩旁的樹木在微風中輕輕搖曳，樹枝間的燈光點綴出一絲溫馨。遠處的建築物在夜色中若隱若現，其中一棟高樓特別顯眼，燈光綻放，顯示出城市的繁華。公園內偶爾有幾個人影，或坐或行，享受著這份寧靜與安詳。"
origin_dataset/20240707_181302.jpg,"1. 藍天白雲，建築林立，現代都市的景象。

2. 高樓林立，天空湛藍，雲朵輕盈。

3. 城市建築，藍天白雲，現代都市的風景。"
origin_dataset/1550238513041.jpg,"1. 一隻手正從一個印有圓形圖案的白色紙盒中拿出一個圓形的物品。紙盒上印有紅色和綠色的圓形圖案，以及一些中文文字。紙盒的側面有一個紅色的長條形圖案，上面有白色的小圓點。紙盒的底部有一個圓形的圖案，顯示出不同的顏色，從黃色到黑色。

2. 一隻手正從一個印有圓形圖案的白色紙盒中拿出一個圓形的物品。紙盒上印有紅色和綠色的圓形圖案，以及一些中文文字。紙盒的側面有一個紅色的長條形圖案，上面有白色的小圓點。紙盒的底部有一個圓形的圖案，顯示出不同的顏色，從黃色到黑色。

3. 一隻手正從一個印有圓形圖案的白色紙盒中拿出一個圓形的物品。紙盒上印有紅色和綠色的圓形圖案，以及一些中文文字。紙盒的側面有一個紅色的長條形圖案，上面有白色的小圓點。紙盒的底部有一個圓形的圖案，顯示出不同的顏色，從黃色到黑色。"
origin_dataset/IMG_20200214_124342_603.jpg,"1. 這是一張展示城市街道的圖片，路邊有許多商店和招牌，招牌上寫著中文。街道兩側停有許多機車和汽車，電線杆上掛有各種標誌和電線。路邊有一個禁止轉彎的標誌，並標明禁止轉彎的車輛類型。路面上有紅色的邊線，標示出道路的邊界。路邊的建築物看起來舊舊的，但仍然保有舊時代的建築風格。整體來說，這是一張展示城市街道日常生活的照片。

2. 這張照片捕捉到了一個繁忙的城市街道場景。街道兩側是各種商店和餐廳，招牌上寫著中文，顯示出當地的商業活動。路邊停滿了機車和汽車，顯示出這裡是個交通繁忙的地方。電線杆上掛滿了各種標誌和電線，顯示出城市的複雜電力系統。路邊有一個禁止轉彎的標誌，並標明禁止轉彎的車輛類型。路面上有紅色的邊線，標示出道路的邊界。整體來說，這是一張展示城市街道日常生活的照片。

3. 這張照片展示了一個繁忙的城市街道。街道兩側是各種商店和餐廳，招牌上寫著中文，顯示出當地的商業活動。路邊停滿了機車和汽車，顯示出這裡是個交通繁忙的地方。電線杆上掛滿了各種標誌和電線，顯示出城市的複雜電力系統。路邊有一個禁止轉彎的標誌，並標明禁止轉彎的車輛類型。路面上有紅色的邊線，標示出道路的邊界。整體來說，這是一張展示城市街道日常生活的照片。"
origin_dataset/1490172267395(1)(1).jpg,"1. 天氣很熱的時候，女朋友為什麼會生氣？
2. 月子餓了，女朋友為什麼會生氣？
3. 我也不知道為什麼，女朋友為什麼會生氣？"
origin_dataset/IMG20220309152615.jpg,"1. 一排白色的展示櫃，櫃子上有六幅畫作，每幅畫作都用黑色邊框裝裱，背景為白色。畫作內容各異，包括一個類似岩石的圖案、一個人類形象、一隻蜜蜂、一隻蝸牛、一個冰淇淋和一個圓形的圖案。

2. 展示櫃共有六個展示格，其中三個展示格內有畫作，分別是岩石、人形和蜜蜂。另外三個展示格是空的，沒有任何物品。

3. 展示櫃的牆面是白色的，櫃子內部有六個展示格，其中三個展示格內有畫作，分別是岩石、人形和蜜蜂。展示櫃的牆面和櫃子內部的顏色都是白色的，櫃子的邊框是黑色的。"
origin_dataset/IMG_20211124_231325_560.jpg,"1. 這幅畫是一幅素描，畫中人物穿着一件寬鬆的長袖上衣，雙手交叉於胸前，手指緊握，表情嚴肅。畫面以細緻的筆觸表現出人物的輪廓和細節，背景簡單，突出了人物的特徵。

2. 畫家使用了濃淡不同的筆觸來表現人物的肌膚、衣服和手部的細節。人物的臉部表情沉思，雙眼直視觀者，給人一種堅毅和內斂的印象。畫作的右下角標註了完成日期和畫家的簽名。

3. 這幅素描作品展示了畫家對人物肖像的細膩描繪技巧。人物的頭髮短而凌亂，臉部輪廓分明，雙手交叉於胸前，手指緊握，表現出一種堅毅和內斂的特質。畫家在表現人物的細節時，使用了濃淡不同的筆觸，使得整幅畫作既簡潔又豐富。"
origin_dataset/IMG20220316162513.jpg,"1. 海灘上鋪滿了灰色的石頭，海浪輕輕拍打著海岸線。遠處的山丘上長滿了茂密的綠樹，山頂有一座建築物。天空陰沉，雲層厚重，海面波濤洶涌。

2. 灰色的石頭鋪滿了海灘，海浪不斷拍打著海岸線。遠處的山丘上長滿了綠樹，山頂有一座建築物。天空陰沉，雲層厚重，海面波濤洶涌。

3. 海灘上散落著灰色的石頭，海浪輕輕拍打著海岸線。遠處的山丘上長滿了茂密的綠樹，山頂有一座建築物。天空陰沉，雲層厚重，海面波濤洶涌。"
origin_dataset/20231224_173436.jpg,"1. 一隻手正舉著一包裝有聖誕節主題的透明塑膠袋，袋上印有聖誕老人、聖誕樹和禮物等圖案，並寫有「Merry Christmas」的字樣。背景是鋪有磚塊的地磚。

2. 一隻手握著一包裝有聖誕節元素的透明塑膠袋，袋上繪有聖誕老人、聖誕樹和禮物等圖案，並印有「Merry Christmas」的字樣。地面上鋪有磚塊，背景模糊。

3. 一隻手舉著一包裝有聖誕節主題的透明塑膠袋，袋上印有聖誕老人、聖誕樹和禮物等圖案，並寫有「Merry Christmas」的字樣。地面上鋪有磚塊，背景是鋪有磚塊的地磚。"
origin_dataset/10451719_632080290225130_6152073898520470429_n(1)(1).jpg,"1. 學校教室內，數位兒童圍繞著長桌，桌上有彩色筆，兒童們似乎在進行繪畫或寫作活動。教室內有大面積的玻璃窗，透進自然光，牆壁上掛有白板，上面寫有字跡。兒童們的姿態各異，有的坐著，有的站著，顯得非常活躍。

2. 教室內，兒童們圍繞著長桌，桌面上鋪有彩色筆，兒童們似乎在進行繪畫或寫作活動。兒童們的姿態各異，有的坐著，有的站著，顯得非常活躍。教室內有大面積的玻璃窗，透進自然光，牆壁上掛有白板，上面寫有字跡。

3. 教室內，兒童們圍繞著長桌，桌面上鋪有彩色筆，兒童們似乎在進行繪畫或寫作活動。兒童們的姿態各異，有的坐著，有的站著，顯得非常活躍。教室內有大面積的玻璃窗，透進自然光，牆壁上掛有白板，上面寫有字跡。"
origin_dataset/20240602_160854.jpg,"1. 每天早上從撰寫子彈筆記開始，當一天事情很多很亂時，兩個小動作可以幫助自己獲得更有掌控力的一天。第一個小動作是：每天早上回看一下「子彈筆記」，確認今天的重心，幫助自己減少混亂中的失誤，在繁忙中掌握關鍵，並且懂得取捨，知道如何停止。第二個小動作是：一邊把各種意外行動記錄到「子彈筆記」，讓自己可以隨時回顧在忙什麼，即使亂中也有序，避免空忙。以一天最後結束時，忘了自己做了什麼重要行動。「子彈筆記」不是安排時間，而是做出選擇：目標沒達成、排程做不到、待辦清單沒完成，不是問題。在大多數時候，我們通常認為為待辦清單與時間管理息息相關，似乎是為了計畫的制定與準確執行。但基於我多年來使用「子彈筆記」的經驗，我發現它的真正價值其實在兩個方面：第一，它幫助我們能夠安心地結束每天的工作。第二，它讓讓我們在一天結束時，能夠清晰地知道自己完成了哪些事情。或許這才是「子彈筆記」對大多數人來說最重要的功能。

2. 每天早上從撰寫子彈筆記開始，當一天事情很多很亂時，兩個小動作可以幫助自己獲得更有掌控力的一天。第一個小動作是：每天早上回看一下「子彈筆記」，確認今天的重心，幫助自己減少混亂中的失誤，在繁忙中掌握關鍵，並且懂得取捨，知道如何停止。第二個小動作是：一邊把各種意外行動記錄到「子彈筆記」，讓自己可以隨時回顧在忙什麼，即使亂中也有序，避免空忙。以一天最後結束時，忘了自己做了什麼重要行動。「子彈筆記」不是安排時間，而是做出選擇：目標沒達成、排程做不到、待辦清單沒完成，不是問題。在大多數時候，我們通常認為為待辦清單與時間管理息息相關，似乎是為了計畫的制定與準確執行。但基於我多年來使用「子彈筆記」的經驗，我發現它的真正價值其實在兩個方面：第一，它幫助我們能夠安心地結束每天的工作。第二，它讓讓我們在一天結束時，能夠清晰地知道自己完成了哪些事情。或許這才是「子彈筆記」對大多數人來說最重要的功能。

3. 每天早上從撰寫子彈筆記開始，當一天事情很多很亂時，兩個小動作可以幫助自己獲得更有掌控力的一天。第一個小動作是：每天早上回看一下「子彈筆記」，確認今天的重心，幫助自己減少混亂中的失誤，在繁忙中掌握關鍵，並且懂得取捨，知道如何停止。第二個小動作是：一邊把各種意外行動記錄到「子彈筆記」，讓自己可以隨時回顧在忙什麼，即使亂中也有序，避免空忙。以一天最後結束時，忘了自己做了什麼重要行動。「子彈筆記」不是安排時間，而是做出選擇：目標沒達成、排程做不到、待辦清單沒完成，不是問題。在大多數時候，我們通常認為為待辦清單與時間管理息息相關，似乎是為了計畫的制定與準確執行。但基於我多年來使用「子彈筆記」的經驗，我發現它的真正價值其實在兩個方面：第一，它幫助我們能夠安心地結束每天的工作。第二，它讓讓我們在一天結束時，能夠清晰地知道自己完成了哪些事情。或許這才是「子彈筆記」對大多數人來說最重要的功能。"
origin_dataset/IMG20220220160149.jpg,"1. 三塊大屏幕展示了一幅幅馬術比賽的場景，畫面中可以看到騎手們身著色彩鮮豔的賽服，騎著馬匹在草地上疾馳。背景是茂密的樹木和遠處的建築，畫面充滿了運動的氣息和生動的色彩。

2. 屏幕上呈現了多個畫面，每個畫面都描繪了不同的馬術比賽場景。畫面中，騎手們身著各色賽服，與馬匹一同馳騁在綠意盎然的草地上。背景中還可以看到觀眾們在觀看比賽，場景生動而充滿活力。

3. 三塊大屏幕展示了多個馬術比賽的場景，每個畫面都充滿了運動的氣息。畫面中，騎手們身著色彩鮮豔的賽服，與馬匹一同馳騁在草地上。背景中還可以看到茂密的樹木和遠處的建築，以及觀眾們在觀看比賽的場景。整體畫面生動而充滿活力。"
origin_dataset/line_1537502902122.jpg,"1. 一張桌子上有個披薩盒，上面寫著「MY HOT BOX」，並有披薩圖案和人形插圖。披薩盒的顏色主要是紅色和棕色，背景中可以看到一些人坐在桌子旁，似乎在聚精會神地聽講或進行活動。

2. 桌子上放著一個披薩盒，盒面上有「MY HOT BOX」的標誌，並附有中文說明。背景中可以看到幾個學生，他們似乎正在聚精會神地聽講或進行活動，桌面上還有一張白紙，上面寫著一些文字。

3. 桌子上有一個披薩盒，盒面上寫著「MY HOT BOX」，並有中文說明。背景中可以看到幾個學生，他們似乎正在聚精會神地聽講或進行活動。披薩盒的顏色主要是紅色和棕色，桌面上還有一張白紙，上面寫著一些文字。"
origin_dataset/IMG20220304141440.jpg,"1. 這是一張公園的照片，照片中有一條鋪設好的石板小路，兩旁種植了多棵樹木。樹木的樹幹粗壯，樹冠稀疏，顯示出秋天的景象。樹葉已經開始轉黃，地面上散落著一些枯葉。背景中可以看到一片綠色的草地，以及更多的樹木和灌木。天空晴朗，陽光從樹葉間照射下來，形成斑斕的光影效果。

2. 照片展示了一個公園的景觀，公園內有一條蜿蜒的小路，兩側是排列有序的樹木。樹木的樹幹筆直，樹冠稀疏，顯示出秋天的特徵。樹葉已經轉黃，地面上散落著一些枯葉。背景中可以看到一片綠色的草地，以及更多的樹木和灌木。公園的環境非常寧靜，陽光從樹葉間照射下來，形成斑斕的光影效果。

3. 這張照片捕捉到了一個公園的景象，公園內有一條鋪設好的石板小路，兩旁種植了多棵樹木。樹木的樹幹粗壯，樹冠稀疏，顯示出秋天的景象。樹葉已經開始轉黃，地面上散落著一些枯葉。背景中可以看到一片綠色的草地，以及更多的樹木和灌木。公園的環境非常寧靜，陽光從樹葉間照射下來，形成斑斕的光影效果。"
origin_dataset/20221120_193606.jpg,"1. 一羣人在一個室內場地內，似乎是在一個鐵軌上進行活動。場地內有許多人在鐵軌旁邊，他們似乎在進行某種活動或遊戲。場地的天花板上掛有燈飾，場地的牆壁上有一些標誌和指示牌。場地的地面鋪有鐵軌，鐵軌旁邊有一些石頭裝飾。場地的牆壁上有一些標誌和指示牌，顯示了場地的規則或注意事項。

2. 一羣人在一個室內場地內，似乎是在一個鐵軌上進行活動。場地內有許多人在鐵軌旁邊，他們似乎在進行某種活動或遊戲。場地的天花板上掛有燈飾，場地的牆壁上有一些標誌和指示牌。場地的地面鋪有鐵軌，鐵軌旁邊有一些石頭裝飾。場地的牆壁上有一些標誌和指示牌，顯示了場地的規則或注意事項。

3. 一羣人在一個室內場地內，似乎是在一個鐵軌上進行活動。場地內有許多人在鐵軌旁邊，他們似乎在進行某種活動或遊戲。場地的天花板上掛有燈飾，場地的牆壁上有一些標誌和指示牌。場地的地面鋪有鐵軌，鐵軌旁邊有一些石頭裝飾。場地的牆壁上有一些標誌和指示牌，顯示了場地的規則或注意事項。"
origin_dataset/IMG20220315164817.jpg,"1. 海邊的風景，遠處是廣闊的海面，天空中漂浮著雲朵，近處有綠色的植被和一些建築物，遠處的海面上有幾艘船隻。

2. 這張照片展示了一個海邊的景觀，海面寬廣，天空中散佈著雲朵，遠處的海面上有幾艘船隻，近處的海邊有建築物和綠色的植被。

3. 這張照片捕捉到了一個海邊的風景，遠處是無垠的海面，天空中漂浮著雲朵，近處的海邊有建築物和綠色的植被，遠處的海面上有幾艘船隻。"
origin_dataset/12042893_901341486623314_5179340999243139266_n(1)(1).jpg,"1. 一羣年輕人正在室內表演舞蹈，他們身穿白色T恤和紅色背心，頭戴紅色頭巾，背景是一塊寫有“KAVIRAZ”的布條，布條上還繪有綠色的葉子圖案。表演者們動作同步，表情充滿活力，顯得非常熱情。

2. 在室內的舞臺上，一群年輕人正在進行舞蹈表演。他們的服裝統一，主要是白色T恤搭配紅色背心，頭上還系著紅色的頭巾。背景的布條上寫著“KAVIRAZ”，並繪有綠色的葉子圖案。表演者們動作協調，顯得非常有活力。

3. 室內的舞臺上，一群年輕人正在進行舞蹈表演。他們的服裝統一，主要是白色T恤搭配紅色背心，頭上還系著紅色的頭巾。背景的布條上寫著“KAVIRAZ”，並繪有綠色的葉子圖案。表演者們動作同步，顯得非常有活力，觀眾席上的人們也看得非常投入。"
origin_dataset/10358744_632088683557624_3219072985932178213_n(1)(1).jpg,"1. 這張照片中有兩位女性和一位兒童。其中一位女性抱着兒童，兩人都面帶微笑，似乎在享受這段時間。兒童穿着橙色上衣和白色褲子，腳上穿著白色鞋子。背景是一條鋪有石板的小路，兩旁有綠色植物和一些建築物。天氣似乎不錯，陽光充足。

2. 這張照片捕捉到了一個家庭的幸福時刻。一位母親抱着她的孩子，兩人都面帶微笑，顯得非常開心。母親穿著灰色外套和藍色褲子，孩子則穿著橙色上衣和白色褲子，腳上穿著白色鞋子。背景是一條鋪有石板的小路，兩旁有綠色植物和一些建築物。環境看起來很安靜，天氣晴朗。

3. 這張照片展示了家庭的溫馨時刻。一位母親抱着她的孩子，兩人都面帶微笑，顯得非常開心。母親穿著灰色外套和藍色褲子，孩子則穿著橙色上衣和白色褲子，腳上穿著白色鞋子。背景是一條鋪有石板的小路，兩旁有綠色植物和一些建築物。環境看起來很安靜，天氣晴朗，整個場景充滿了家庭的溫馨和快樂。"
origin_dataset/20240213_122847.jpg,"1. 這是一條鋪設著灰色磚塊的步道，兩旁種植了綠色的灌木和樹木，樹葉在微風中輕輕搖曳。步道的盡頭可以看到一些建築物，建築物的外牆是淺色的，窗戶排列整齊。步道的兩側還設有欄杆，欄杆上掛有綠色的植物裝飾。步道的盡頭還可以看到一些建築物，建築物的外牆是淺色的，窗戶排列整齊。步道的盡頭還可以看到一些建築物，建築物的外牆是淺色的，窗戶排列整齊。

2. 步道兩旁種植了綠色的灌木和樹木，樹葉在微風中輕輕搖曳。步道的盡頭可以看到一些建築物，建築物的外牆是淺色的，窗戶排列整齊。步道的兩側還設有欄杆，欄杆上掛有綠色的植物裝飾。步道的盡頭還可以看到一些建築物，建築物的外牆是淺色的，窗戶排列整齊。步道的盡頭還可以看到一些建築物，建築物的外牆是淺色的，窗戶排列整齊。

3. 步道兩旁種植了綠色的灌木和樹木，樹葉在微風中輕輕搖曳。步道的盡頭可以看到一些建築物，建築物的外牆是淺色的，窗戶排列整齊。步道的兩側還設有欄杆，欄杆上掛有綠色的植物裝飾。步道的盡頭還可以看到一些建築物，建築物的外牆是淺色的，窗戶排列整齊。步道的盡頭還可以看到一些建築物，建築物的外牆是淺色的，窗戶排列整齊。"
origin_dataset/11156324_632078203558672_3626334253098917507_n(1)(1).jpg,"1. 有四個人在室內，其中一個人戴著黑色帽子，正在與其他人互動。他們似乎在進行某種活動或遊戲，因為其中一個人舉起雙手，似乎在做某個動作。背景中可以看到一扇門和一些標籤，顯示這可能是一個教室或會議室。

2. 這張照片捕捉到了四個人在室內的瞬間。他們似乎在進行一項活動，因為其中一個人舉起雙手，可能是在做某個動作。背景中有一扇門和一些標籤，顯示這可能是一個教室或會議室。四個人的姿態和表情顯示出他們正在積極參與。

3. 這張照片展示了四個人在室內的場景。他們似乎在進行某種活動，因為其中一個人舉起雙手，可能是在做某個動作。背景中有一扇門和一些標籤，顯示這可能是一個教室或會議室。四個人的姿態和表情顯示出他們正在積極參與。"
origin_dataset/IMG_20180831_105716_466.jpg,"1. 這張照片展示了一個鐵路車站的月台，月台上有一條鐵軌延伸至遠處。月台邊緣有一排座位，供乘客等候。月台的牆壁上有一些玻璃窗，透過玻璃窗可以看到站內的其他部分。照片的右側有一個黃色的防滑條紋，用於提醒乘客注意安全。照片的右上角有一個表情圖標，顯示出一種疲憊或困倦的表情。

2. 這張照片捕捉到了一個鐵路車站的場景，特別是月台部分。月台的鐵軌延伸至遠處，並在遠端消失在光線中。月台的牆壁上裝有玻璃窗，透過這些窗戶可以看到站內的其他區域。月台邊緣設有座位，供乘客等候。照片的右側有一條黃色的防滑條紋，用於提醒乘客注意安全。照片的右上角有一個表情圖標，顯示出一種疲憊或困倦的表情。

3. 這張照片呈現了一個鐵路車站的月台，月台的鐵軌延伸至遠處，並在遠端消失在光線中。月台的牆壁上裝有玻璃窗，透過這些窗戶可以看到站內的其他區域。月台邊緣設有座位，供乘客等候。照片的右側有一條黃色的防滑條紋，用於提醒乘客注意安全。照片的右上角有一個表情圖標，顯示出一種疲憊或困倦的表情。"
origin_dataset/IMG20200218145908.jpg,"1. 這張照片展示了一個公園的景觀，公園內有一條小河，河邊有綠色的草地和一些樹木。河上有兩座橋，一座是紅色的拱橋，另一座是現代風格的橋樑。背景中可以看到一些建築物，包括一棟高樓和一些低層建築。天空晴朗，陽光充足，整個場景顯得非常明亮和開闊。

2. 圖片中有一個公園，公園內有一條小河，河邊鋪設了綠色的草地，草地旁邊有一些樹木。河上有兩座橋，一座是紅色的拱橋，另一座是現代風格的橋樑。背景中可以看到一些建築物，包括一棟高樓和一些低層建築。天空晴朗，陽光充足，整個場景顯得非常明亮和開闊。公園內還有一些遊客，他們在河邊散步或休息。

3. 這張照片展示了一個公園的景觀，公園內有一條小河，河邊鋪設了綠色的草地，草地旁邊有一些樹木。河上有兩座橋，一座是紅色的拱橋，另一座是現代風格的橋樑。背景中可以看到一些建築物，包括一棟高樓和一些低層建築。天空晴朗，陽光充足，整個場景顯得非常明亮和開闊。公園內還有一些遊客，他們在河邊散步或休息。照片的右側還有一個由紅色花材組成的拱形裝置，增加了公園的景觀美觀。"
origin_dataset/20240129_151530.jpg,"1. 一處美麗的戶外景點，綠意盎然的山丘上開滿了黃色的花朵，形成一片花海。遠處的山丘上種植著綠色的樹木，樹木間有電線橫跨。近處有一棟木製的涼亭，涼亭下有幾位遊客在休息。陽光從上方照射下來，散發出溫暖的光芒。

2. 一片廣闊的花田，種植著黃色的花朵，形成一片美麗的花海。花田旁邊有一棟木製的涼亭，涼亭下有幾位遊客在休息。遠處的山丘上種植著綠色的樹木，樹木間有電線橫跨。陽光從上方照射下來，散發出溫暖的光芒。

3. 一處戶外景點，近處的花田種植著黃色的花朵，形成一片美麗的花海。花田旁邊有一棟木製的涼亭，涼亭下有幾位遊客在休息。遠處的山丘上種植著綠色的樹木，樹木間有電線橫跨。陽光從上方照射下來，散發出溫暖的光芒。"
origin_dataset/IMG20220317121529.jpg,"1. 一張照片中，一輛藍色的行李箱停在人行道上，背景是綠色的圍欄和一塊寫有中文的標語牌。標語牌上寫著「不知道為什麼，我總會在這裡那裡遇見他」。背景中可以看到一些建築物和樹木，環境看起來像是公園或社區的入口。

2. 照片展示了一個公園或社區的入口，入口處有一塊寫有中文的標語牌，上面寫著「不知道為什麼，我總會在這裡那裡遇見他」。標語牌下方有一輛藍色的行李箱停在人行道上。背景中可以看到綠色的圍欄、樹木和一些建築物，環境看起來很平靜。

3. 一張照片中，一輛藍色的行李箱停在人行道上，背景是綠色的圍欄和一塊寫有中文的標語牌。標語牌上寫著「不知道為什麼，我總會在這裡那裡遇見他」。背景中可以看到一些建築物和樹木，環境看起來像是公園或社區的入口。"
origin_dataset/IMG20220604180437.jpg,"1. 這幅畫是一幅精緻的素描，畫中人物有着濃密的眉毛和深邃的雙眼，頭髮是捲曲的短髮，側臉的特寫表現出一種沉思的神態。畫家使用了豐富的陰影技巧，使得人物的輪廓和髮絲都顯得非常細膩和真實。畫作的右下角簽名為「Aaron」，日期為「2022.6.4」。

2. 這是一幅以素描形式完成的人物肖像畫，畫中人物的臉部特寫表現出一種內斂的神態，雙眼深邃，眉毛濃密，頭髮是捲曲的短髮，側臉的特寫表現出一種沉思的神態。畫家使用了豐富的陰影技巧，使得人物的輪廓和髮絲都顯得非常細膩和真實。畫作的右下角簽名為「Aaron」，日期為「2022.6.4」。

3. 這幅畫是一幅精緻的素描，畫中人物有着濃密的眉毛和深邃的雙眼，頭髮是捲曲的短髮，側臉的特寫表現出一種沉思的神態。畫家使用了豐富的陰影技巧，使得人物的輪廓和髮絲都顯得非常細膩和真實。畫作的右下角簽名為「Aaron」，日期為「2022.6.4」。"
origin_dataset/IMG20220220145849.jpg,"1. 三位觀眾坐在黑暗的展覽館內，面前是三塊巨大的投影屏幕。屏幕中展示的是不同景觀，其中一塊顯示了綠色的天空和一個圓形的太陽，另一塊則是灰蒙蒙的建築物。觀眾們似乎在用手機拍照或錄影，其中一位觀眾戴著口罩，另一位則沒有。展覽館的地面反射出投影的圖案，形成了一種特殊的視覺效果。

2. 在一個昏暗的展覽館內，三位觀眾坐在投影屏幕前。屏幕顯示了不同的場景，包括一個綠色的天空和太陽，以及一些建築物。觀眾們正在用手機記錄這些場景，其中一位觀眾戴著口罩。展覽館的地面反射出投影的圖案，形成了一種特殊的視覺效果。

3. 三位觀眾坐在一個昏暗的展覽館內，面前是三塊巨大的投影屏幕。屏幕中展示了不同的景觀，包括一個綠色的天空和太陽，以及一些建築物。觀眾們正在用手機拍照或錄影，其中一位觀眾戴著口罩。展覽館的地面反射出投影的圖案，形成了一種特殊的視覺效果。"
origin_dataset/IMG20220316160106.jpg,"1. 海邊的風景，天空布滿了厚重的雲層，海面波濤洶涌，遠處的山丘被綠色植被覆蓋，近處的沙灘上長滿了綠草和野花，一側有一條鋪設好的磚石小路，路邊種植了一些綠植。

2. 這是一幅海邊的風景畫，天空中雲層密布，海面波濤洶涌，遠處的山丘被綠色植被覆蓋，近處的沙灘上長滿了綠草和野花，一側有一條鋪設好的磚石小路，路邊種植了一些綠植。

3. 海邊的風景，天空中雲層密布，海面波濤洶涌，遠處的山丘被綠色植被覆蓋，近處的沙灘上長滿了綠草和野花，一側有一條鋪設好的磚石小路，路邊種植了一些綠植。"
origin_dataset/20230707_180751.jpg,"1. 這張照片展示了一道中國菜，主要是一盤魚頭，上面鋪滿了剁椒和蔥花，魚頭旁邊還有一盤炒青菜和一盤米線。魚頭的湯汁看起來濃郁，魚頭的肉質看起來鮮嫩多汁。這道菜的擺盤和裝飾都很精緻，顯示出中國菜的傳統風格。

2. 這張照片中的菜餚包括魚頭、炒青菜和米線。魚頭上鋪滿了剁椒和蔥花，看起來非常開胃。魚頭的湯汁濃郁，魚肉質地鮮嫩。魚頭的擺盤和裝飾都很精緻，顯示出中國菜的傳統風格。這道菜看起來非常美味，適合與朋友或家人一起享用。

3. 這張照片展示了一道中國菜，主要是一盤魚頭，上面鋪滿了剁椒和蔥花，魚頭的湯汁濃郁，魚肉質地鮮嫩。魚頭的擺盤和裝飾都很精緻，顯示出中國菜的傳統風格。這道菜看起來非常美味，適合與朋友或家人一起享用。此外，這張照片還展示了其他幾道菜餚，包括炒青菜和米線，這些菜餚看起來也很美味。"
origin_dataset/IMG20220309145631.jpg,"1. 這間空間看起來像是個多功能的餐廳或咖啡廳，內部裝潢簡潔現代。牆壁上掛有不同國家的國旗，營造出國際化的氛圍。牆邊有一排書架，擺滿了書籍，顯示出這裏可能也是一個閱讀或學習的地方。牆上還掛有一個投影幕，顯示出這裏可能有舉辦會議或活動的功能。空間內有長桌和椅子，適合多人聚會。牆邊還有一個吧檯，擺放著一些調酒工具和杯子，顯示出這裏可能也是一個酒吧或調酒區。牆邊還有一個廚房，擺放著一些廚具和餐具，顯示出這裏可能是一個開放式的廚房。牆邊還有一個書架，擺滿了書籍，顯示出這裏可能也是一個閱讀或學習的地方。牆上還掛有一個投影幕，顯示出這裏可能有舉辦會議或活動的功能。空間內有長桌和椅子，適合多人聚會。牆邊還有一個吧檯，擺放著一些調酒工具和杯子，顯示出這裏可能也是一個酒吧或調酒區。牆邊還有一個廚房，擺放著一些廚具和餐具，顯示出這裏可能是一個開放式的廚房。

2. 這間空間看起來像是個多功能的餐廳或咖啡廳，內部裝潢簡潔現代。牆壁上掛有不同國家的國旗，營造出國際化的氛圍。牆邊有一排書架，擺滿了書籍，顯示出這裏可能也是一個閱讀或學習的地方。牆上還掛有一個投影幕，顯示出這裏可能有舉辦會議或活動的功能。空間內有長桌和椅子，適合多人聚會。牆邊還有一個吧檯，擺放著一些調酒工具和杯子，顯示出這裏可能也是一個酒吧或調酒區。牆邊還有一個廚房，擺放著一些廚具和餐具，顯示出這裏可能是一個開放式的廚房。牆邊還有一個書架，擺滿了書籍，顯示出這裏可能也是一個閱讀或學習的地方。牆上還掛有一個投影幕，顯示出這裏可能有舉辦會議或活動的功能。空間內有長桌和椅子，適合多人聚會。牆邊還有一個吧檯，擺放著一些調酒工具和杯子，顯示出這裏可能也是一個酒吧或調酒區。牆邊還有一個廚房，擺放著一些廚具和餐具，顯示出這裏可能是一個開放式的廚房。

3. 這間空間看起來像是個多功能的餐廳或咖啡廳，內部裝潢簡潔現代。牆壁上掛有不同國家的國旗，營造出國際化的氛圍。牆邊有一排書架，擺滿了書籍，顯示出這裏可能也是一個閱讀或學習的地方。牆上還掛有一個投影幕，顯示出這裏可能有舉辦會議或活動的功能。空間內有長桌和椅子，適合多人聚會。牆邊還有一個吧檯，擺放著一些調酒工具和杯子，顯示出這裏可能也是一個酒吧或調酒區。牆邊還有一個廚房，擺放著一些廚具和餐具，顯示出這裏可能是一個開放式的廚房。牆邊還有一個書架，擺滿了書籍，顯示出這裏可能也是一個閱讀或學習的地方。牆上還掛有一個投影幕，顯示出這裏可能有舉辦會議或活動的功能。空間內有長桌和椅子，適合多人聚會。牆邊還有一個吧檯，擺放著一些調酒工具和杯子，顯示出這裏可能也是一個酒吧或調酒區。牆邊還有一個廚房，擺放著一些廚具和餐具，顯示出這裏可能是一個開放式的廚房。"
origin_dataset/20230814_171830.jpg,"1. 一排高大的樹木排列在街道兩側，樹冠茂密，遮擋了部分陽光，形成斑斕的光影效果。樹下是鋪設的方磚人行道，兩旁停有幾輛汽車。遠處可以看到一些建築物，建築外牆為淺色，窗戶排列整齊。天空中雲層稀疏，陽光從雲隙中透出，散發出柔和的光芒。

2. 街道兩側的建築物外牆為淺色，窗戶排列整齊，建築風格簡潔現代。建築前停有幾輛汽車，車輛顏色各異。樹木茂盛，樹冠遮擋了部分陽光，形成斑斕的光影效果。人行道鋪設方磚，整體環境清潔整潔，顯得非常安靜。

3. 一排樹木排列在街道兩側，樹冠茂密，樹下是鋪設的方磚人行道。建築物外牆為淺色，窗戶排列整齊，建築風格簡潔現代。建築前停有幾輛汽車，車輛顏色各異。天空中雲層稀疏，陽光從雲隙中透出，散發出柔和的光芒。整體環境清潔整潔，顯得非常安靜。"
origin_dataset/20231005_153611.jpg,"1. 這是一個室內空間，牆壁為白色，窗戶旁邊掛著紫色的簾子。牆壁上有一個壁掛式空調機，窗戶旁邊有一張木製的桌子，上面放著一台開啓的筆記型電腦和一盞檯燈。桌子旁邊有一張鐵製的椅子，椅子上放著一張格子布。牆壁上還有一些簡單的塗鴉，包括幾隻貓的圖案。牆壁下方有一個木製的櫃子，櫃子上放著一些雜物，包括一個藍色的塑膠袋和一些罐子。牆壁下方還有一個洗衣籃，籃子裡沒有物品。地板是淺色的，牆壁和地板之間有一個小的轉角。

2. 這是一個簡單的室內空間，牆壁為白色，窗戶旁邊掛著紫色的簾子。牆壁上有一個壁掛式空調機，窗戶旁邊有一張木製的桌子，上面放著一台開啓的筆記型電腦和一盞檯燈。桌子旁邊有一張鐵製的椅子，椅子上放著一張格子布。牆壁上有一些簡單的塗鴉，包括幾隻貓的圖案。牆壁下方有一個木製的櫃子，櫃子上放著一些雜物，包括一個藍色的塑膠袋和一些罐子。牆壁下方還有一個洗衣籃，籃子裡沒有物品。地板是淺色的，牆壁和地板之間有一個小的轉角。

3. 這是一個室內空間，牆壁為白色，窗戶旁邊掛著紫色的簾子。牆壁上有一個壁掛式空調機，窗戶旁邊有一張木製的桌子，上面放著一台開啓的筆記型電腦和一盞檯燈。桌子旁邊有一張鐵製的椅子，椅子上放著一張格子布。牆壁上有一些簡單的塗鴉，包括幾隻貓的圖案。牆壁下方有一個木製的櫃子，櫃子上放著一些雜物，包括一個藍色的塑膠袋和一些罐子。牆壁下方還有一個洗衣籃，籃子裡沒有物品。地板是淺色的，牆壁和地板之間有一個小的轉角。"
origin_dataset/IMG_20171231_215846_237.jpg,"1. 一張夜間的照片，背景中有一個大型的抓娃娃機，機器內部有許多彩色的玩偶。前景中，有人正舉著一個紅色的氣球，氣球上貼有三個笑臉表情圖案。周圍有幾個人在活動中，背景燈光閃爍，營造出歡樂的氛圍。

2. 這張照片捕捉到了一個夜間的娛樂場景，中心是一台大型的抓娃娃機，機器內部閃爍著五顏六色的燈光，顯示出豐富的玩偶。前景中，一個人舉著一個紅色的氣球，氣球上貼有三個笑臉表情圖案，給照片增添了歡樂的元素。周圍有幾個人在活動中，背景燈光閃爍，營造出歡樂的氛圍。

3. 這張照片展示了一個夜間的娛樂場景，背景中有一個大型的抓娃娃機，機器內部閃爍著五顏六色的燈光，顯示出豐富的玩偶。前景中，一個人舉著一個紅色的氣球，氣球上貼有三個笑臉表情圖案，給照片增添了歡樂的元素。周圍有幾個人在活動中，背景燈光閃爍，營造出歡樂的氛圍。"
origin_dataset/IMG20220309145633.jpg,"1. 這間餐廳的裝潢風格現代簡約，採用大量的自然光，使得整個空間明亮通透。餐廳內擺設了多種不同風格的傢俱，包括圓形和方形的木製桌椅，以及幾張軟墊沙發。牆壁上掛有幾面國旗，增添了一絲國際化的氛圍。餐廳內還種植了幾盆大型綠植，為空間帶來了生機與綠意。

2. 餐廳的設計採用了開放式的空間布局，使得客人的視野能夠延伸到餐廳的後方。餐廳的後方有一個小露臺，露臺上擺放了幾張椅子和桌子，供客人在戶外用餐。餐廳內的裝飾品包括幾幅抽象藝術畫作，以及幾盞吊燈，營造出一種現代而高雅的氛圍。

3. 餐廳的裝潢風格融合了現代與自然元素，牆壁上掛有幾面國旗，顯示出餐廳的國際化特徵。餐廳內擺設了多種不同風格的傢俱，包括圓形和方形的木製桌椅，以及幾張軟墊沙發。餐廳內還種植了幾盆大型綠植，為空間帶來了生機與綠意。餐廳的後方有一個小露臺，露臺上擺放了幾張椅子和桌子，供客人在戶外用餐。餐廳內的裝飾品包括幾幅抽象藝術畫作，以及幾盞吊燈，營造出一種現代而高雅的氛圍。"
origin_dataset/IMG20220317142926.jpg,"1. 海浪輕撫著沙灘，激起白色的浪花，遠處的島嶼在薄霧中若隱若現，天空灰蒙蒙的，海面波濤洶涌。

2. 沙灘上散落著一些小石子，海浪不斷拍打著海岸線，激起細碎的泡沫。遠處的島嶼在薄霧中隱約可見，天空陰沉沉的，海面波浪不斷起伏。

3. 沙灘上沒有遊人，只有海浪輕柔地拍打著海岸線，激起白色的浪花。遠處的島嶼在薄霧中若隱若現，天空灰蒙蒙的，海面波濤洶涌。"
origin_dataset/IMG20220313113720.jpg,"1. 這張照片展示了一個廣闊的戶外景點，天空湛藍，雲朵稀疏。前景是一片綠草如茵的草地，草地邊緣有一條灰色的水泥路。路的盡頭有一個大型的建築物，建築物的頂部呈圓錐形，外觀類似於一個巨大的石頭堆積。建築物的周圍有一些樹木和灌木，提供了綠色的背景。建築物的前面停有幾輛汽車，幾個人在建築物周圍活動。遠處可以看到一些山丘，山丘的邊緣被樹木覆蓋。

2. 這張照片捕捉到了一個晴朗的天氣下的戶外場景。照片的中心是一個大型的建築物，建築物的頂部呈圓錐形，類似於一個巨大的石頭堆積。建築物的周圍有幾棵樹和一些灌木，提供了綠色的背景。建築物前面有一條灰色的水泥路，路的兩側停有幾輛汽車，幾個人在建築物周圍活動。遠處可以看到一些山丘，山丘的邊緣被樹木覆蓋。天空湛藍，雲朵稀疏，給整個場景帶來了明亮和開闊的感覺。

3. 這張照片展示了一個戶外的場景，天空湛藍，雲朵稀疏。前景是一片綠草如茵的草地，草地邊緣有一條灰色的水泥路。路的盡頭有一個大型的建築物，建築物的頂部呈圓錐形，類似於一個巨大的石頭堆積。建築物的周圍有一些樹木和灌木，提供了綠色的背景。建築物的前面停有幾輛汽車，幾個人在建築物周圍活動。遠處可以看到一些山丘，山丘的邊緣被樹木覆蓋。建築物的設計獨特，與周圍的自然環境形成鮮明對比。"
origin_dataset/20240509_213800.jpg,"1. 一位年輕男子站在浴室裡，身穿白色短袖上衣和綠色短褲，雙手舉起一部手機，似乎在自拍或錄製視頻。浴室牆面為淺色瓷磚，牆上有一扇玻璃門，門上裝有把手和鎖。男子的姿態自然，表情看不清楚，但似乎在專注於手機螢幕。

2. 一位年輕人站在浴室內，身著白色T恤和綠色短褲，雙手舉起一部手機，可能是在進行自拍或錄製視頻。浴室牆壁為淺色瓷磚，牆上有一扇玻璃門，門上裝有把手和鎖。男子的姿態和表情看起來很自然，似乎專注於手機螢幕。

3. 一位年輕男子站在浴室裡，身穿白色短袖上衣和綠色短褲，雙手舉起一部手機，似乎在自拍或錄製視頻。浴室牆面為淺色瓷磚，牆上有一扇玻璃門，門上裝有把手和鎖。男子的姿態自然，表情看不清楚，但似乎在專注於手機螢幕。"
origin_dataset/IMG_20200205_125244_400.jpg,"1. 2020年台灣物理年會暨科技部計畫成果發表會，於2020年2月5日至7日在臺灣屏東大學舉辦。此證件上標有與會者姓名呂俊廷，並附有身分證號碼13120709。證件上還標註了與會地點為臺灣屏東大學，並附有相關的標誌和圖案。

2. 這是一張2020年台灣物理年會暨科技部計畫成果發表會的參會證件，日期為2020年2月5日至7日，地點在臺灣屏東大學。證件上顯示與會者姓名為呂俊廷，並附有身分證號碼13120709。證件上還標註了與會地點為臺灣屏東大學，並附有相關的標誌和圖案。

3. 這是一張2020年台灣物理年會暨科技部計畫成果發表會的參會證件，日期為2020年2月5日至7日，地點在臺灣屏東大學。證件上顯示與會者姓名為呂俊廷，並附有身分證號碼13120709。證件上還標註了與會地點為臺灣屏東大學，並附有相關的標誌和圖案。"
origin_dataset/IMG20211206130653.jpg,"1. 一片廣闊的綠地，草地上有一棵孤獨的樹，樹葉茂盛，樹幹粗壯。遠處是藍天和一排雲朵，天空清澈無雲。地面上有一條水泥路，路邊有磚塊鋪成的邊緣。遠處還有一個樹木和一些建築物的構件。

2. 一處開闊的草地，草地上有一棵樹，樹葉茂盛，樹幹粗壯。天空湛藍，雲朵稀疏，遠處的海面波光粼粼。地面上有一條水泥路，路邊有磚塊鋪成的邊緣。遠處還有一個樹木和一些建築物的構件。

3. 一片開闊的草地，草地上有一棵樹，樹葉茂盛，樹幹粗壯。天空湛藍，雲朵稀疏，遠處的海面波光粼粼。地面上有一條水泥路，路邊有磚塊鋪成的邊緣。遠處還有一個樹木和一些建築物的構件。"
origin_dataset/line_1538995955030.jpg,"1. 一張照片中，桌面上放著兩個一次性餐盒。一個是圓形的，裡面裝著一塊塊的肉片，肉片上淋著醬汁，還有一些切塊的蔬菜，如紅蘿蔔和玉米粒。另一個是方形的，裡面裝著類似的食物，但肉片較少，醬汁較多。兩個餐盒旁邊都有一個透明的蓋子，蓋子上有一個小圓形的標誌。兩個餐盒的外觀上都有彩色的圖案和文字，但文字不清晰。桌面上還有一個黑色的鍵盤，鍵盤上有一些白色的文字和圖案。

2. 桌面上有一個木紋的桌面，上面放著兩個一次性餐盒。一個是圓形的，裡面裝著一塊塊的肉片，肉片上淋著醬汁，還有一些切塊的蔬菜，如紅蘿蔔和玉米粒。另一個是方形的，裡面裝著類似的食物，但肉片較少，醬汁較多。兩個餐盒旁邊都有一個透明的蓋子，蓋子上有一個小圓形的標誌。兩個餐盒的外觀上都有彩色的圖案和文字，但文字不清晰。桌面上還有一個黑色的鍵盤，鍵盤上有一些白色的文字和圖案。

3. 桌面上有一個木紋的桌面，上面放著兩個一次性餐盒。一個是圓形的，裡面裝著一塊塊的肉片，肉片上淋著醬汁，還有一些切塊的蔬菜，如紅蘿蔔和玉米粒。另一個是方形的，裡面裝著類似的食物，但肉片較少，醬汁較多。兩個餐盒旁邊都有一個透明的蓋子，蓋子上有一個小圓形的標誌。兩個餐盒的外觀上都有彩色的圖案和文字，但文字不清晰。桌面上還有一個黑色的鍵盤，鍵盤上有一些白色的文字和圖案。"
origin_dataset/IMG_20201107_092406_736.jpg,"1. 一盤熱騰騰的炒麵，上面鋪著一塊烤得金黃的豬肉，搭配著一些蔬菜，看起來非常美味。盤子是白色的，邊緣有紅藍色的條紋，放在一張黃色的桌布上。桌布的邊緣還有一張報紙，上面有文字和圖片，但看不清楚內容。

2. 這張照片展示了一盤炒麵，麵條細長，表面有油光，看起來非常有彈性。麵條上鋪著一塊烤得金黃的豬肉，肉質鮮嫩，表面有烤痕。肉旁邊還有一些蔬菜，看起來像是黃瓜片，增加了整道菜的顏色和口感。盤子是白色的，邊緣有紅藍色的條紋，放在一張黃色的桌布上。桌布的邊緣還有一張報紙，上面有文字和圖片，但看不清楚內容。

3. 一盤炒麵擺在桌面上，麵條細長，表面有油光，看起來非常有彈性。麵條上鋪著一塊烤得金黃的豬肉，肉質鮮嫩，表面有烤痕。肉旁邊還有一些蔬菜，看起來像是黃瓜片，增加了整道菜的顏色和口感。盤子是白色的，邊緣有紅藍色的條紋，放在一張黃色的桌布上。桌布的邊緣還有一張報紙，上面有文字和圖片，但看不清楚內容。"
origin_dataset/IMG20210725163459.jpg,"1. 一處綠意盎然的巷弄，兩旁種滿了茂盛的樹木和灌木，綠葉成蔭，散發出濃郁的自然氣息。小徑鋪設著方磚，兩側是綠色的植被，遠處可以看到幾棟建築物，建築物的顏色從淺黃到紅色不等，建築風格簡單實用。陽光從樹葉間透下來，形成斑斕的光影效果，給這條小巷帶來了溫暖的氛圍。

2. 這條巷弄的兩側被茂密的樹木和灌木圍繞，形成了一個自然的綠色屏障。小徑鋪設着方磚，兩側的綠植看起來非常茂盛，樹葉間的陽光斑斕地散落下來，給這條小巷帶來了生機勃勃的感覺。遠處的建築物顏色多樣，從淺黃到紅色，建築風格簡單實用，與周圍的自然環境形成了一種和諧的對比。

3. 這條巷弄兩側被茂盛的樹木和灌木圍繞，形成了一個自然的綠色空間。小徑鋪設着方磚，兩側的綠植看起來非常茂盛，樹葉間的陽光斑斕地散落下來，給這條小巷帶來了生機勃勃的感覺。遠處的建築物顏色多樣，從淺黃到紅色，建築風格簡單實用，與周圍的自然環境形成了一種和諧的對比。整體來說，這條巷弄既充滿了自然的美，又不失城市的實用性。"
origin_dataset/IMG20200628133621.jpg,"1. 一間室內空間，牆壁和天花板上投影出複雜的花卉圖案。中央懸掛著一個藍色的立方體燈飾，燈飾內部有精緻的花卉圖案，燈光從內部透出，形成一個美麗的光影效果。立方體下方的地板上也投影出同樣的花卉圖案，形成一種視覺上的延伸效果。牆角有兩位觀眾，一位坐在嬰兒車上，另一位站立，似乎在欣賞這件藝術作品。

2. 這是一個室內展示場景，牆壁和天花板上投影出精緻的花卉圖案。中央有一個藍色的立方體燈飾，燈飾內部有複雜的花卉圖案，從內部透出燈光，形成一個美麗的光影效果。立方體下方的地板上也投影出同樣的花卉圖案，形成一種視覺上的延伸效果。牆角有兩位觀眾，一位坐在嬰兒車上，另一位站立，似乎在欣賞這件藝術作品。

3. 一間室內空間，牆壁和天花板上投影出複雜的花卉圖案。中央懸掛著一個藍色的立方體燈飾，燈飾內部有精緻的花卉圖案，燈光從內部透出，形成一個美麗的光影效果。立方體下方的地板上也投影出同樣的花卉圖案，形成一種視覺上的延伸效果。牆角有兩位觀眾，一位坐在嬰兒車上，另一位站立，似乎在欣賞這件藝術作品。"
origin_dataset/IMG20220315145603.jpg,"1. 海邊的風景，遠處是無邊的海洋，天空中散佈著幾朵雲彩，近處的護欄和綠色的植被構成了一幅自然的畫面。

2. 一處海邊的景觀，護欄外是湛藍的海面，海浪輕拍著岩石，遠處的天空中漂浮著幾朵雲，近處的綠草和護欄構成了一幅寧靜的海邊風景。

3. 一處海邊的景觀，護欄外是無邊的海洋，海浪輕拍著岩石，遠處的天空中散佈著幾朵雲彩，近處的綠草和護欄構成了一幅寧靜的海邊風景。"
origin_dataset/1529165287922.jpg,"1. 這張照片捕捉了兩位畢業生在畢業典禮上與背景中的紀念塔合影的瞬間。他們身穿學士服，面帶微笑，顯得非常開心。背景中，其他畢業生和觀眾在紀念塔周圍聚集，享受這場慶祝活動。天空晴朗，綠樹成蔭，營造出一種歡樂而莊重的氛圍。

2. 這張照片展示了兩位畢業生在畢業典禮上與紀念塔合影的場景。他們站在紀念塔前，背景中可以看到其他畢業生和觀眾。兩位畢業生面帶微笑，顯得非常開心。紀念塔的設計獨特，與周圍的綠樹和晴朗的天空形成鮮明對比，營造出一種歡樂而莊重的氛圍。

3. 這張照片記錄了兩位畢業生在畢業典禮上與紀念塔合影的瞬間。他們身穿學士服，面帶微笑，顯得非常開心。背景中，其他畢業生和觀眾在紀念塔周圍聚集，享受這場慶祝活動。紀念塔的設計獨特，與周圍的綠樹和晴朗的天空形成鮮明對比，營造出一種歡樂而莊重的氛圍。"
origin_dataset/line_1519103609831.jpg,"1. 這是一道精緻的生魚片料理，碗中盛放著薄片的鮭魚，上面鋪有鮮紅的魚子醬，再撒上一些綠色的蔥花，看起來色香味俱全，令人垂涎欲滴。

2. 碗中裝有精緻的鮭魚生魚片，搭配上鮮紅的魚子醬，上面撒有綠色的蔥花，呈現出豐富的色彩和層次感，是一道非常吸引人的美食。

3. 這道料理以鮭魚生魚片為主，上面鋪有鮮紅的魚子醬，再撒上綠色的蔥花，呈現出豐富的色澤和口感，是一道非常精緻的日本料理。"
origin_dataset/IMG20220316155632.jpg,"1. 一輛停在公園廣場上的黑色機車，前方是公園內的廣場，廣場上有一座大型的石雕佛像，佛像後方是綠意盎然的樹木和一些建築物。廣場兩側有綠色的灌木和草地，遠處可以看到停車場和一些車輛。天空陰沉，雲層密布，給公園帶來了一種寧靜的氛圍。

2. 公園廣場上停着一輛黑色機車，廣場中央有一座大型的石雕佛像，佛像後方是茂密的樹木和一些建築物。廣場兩側是綠色的灌木和草地，遠處可以看到停車場和一些車輛。天空陰沉，雲層密布，給公園帶來了一種寧靜的氛圍。

3. 公園廣場上停着一輛黑色機車，廣場中央有一座大型的石雕佛像，佛像後方是綠意盎然的樹木和一些建築物。廣場兩側是綠色的灌木和草地，遠處可以看到停車場和一些車輛。天空陰沉，雲層密布，給公園帶來了一種寧靜的氛圍。"
origin_dataset/IMG20220316162505.jpg,"1. 海灘上鋪滿了細小的石頭，沙質較為粗糙，沒有細沙。海浪輕拍著海岸線，激起細小的浪花。遠處的山丘被茂密的綠樹覆蓋，山頂有一座建築物。天空陰沉，雲層厚重，顯示出一種陰鬱的氣氛。

2. 這片海岸線的沙灘上散落著許多大小不一的石頭，沙質較為粗糙。海浪不斷拍打著海岸線，激起白色的浪花。遠處的山丘被茂密的綠樹覆蓋，山頂有一座建築物。天空陰沉，雲層厚重，顯示出一種陰鬱的氣氛。

3. 海灘上鋪滿了細小的石頭，沙質較為粗糙，沒有細沙。海浪輕拍著海岸線，激起細小的浪花。遠處的山丘被茂密的綠樹覆蓋，山頂有一座建築物。天空陰沉，雲層厚重，顯示出一種陰鬱的氣氛。海邊的風景靜謐而孤寂，海浪聲和風聲交織在一起，形成一種獨特的自然音樂。"
origin_dataset/IMG20220311210832.jpg,"1. 一張夜景照片，顯示一座現代建築風格的橋樑，橋樑上裝飾著幾根白色鋼索，橋樑下方是河流，河面上倒映著橋樑的光線。橋樑旁邊有一個標有「救生圈」字樣的白色圓形標誌，標誌上還寫有「Lifebuoy」英文字樣。背景中可以看到一些建築物，建築物的外牆上裝飾著紅色的燈光，建築物的頂部有幾座高聳的塔樓，塔樓上也裝飾著燈光。整體環境在夜晚的照明下顯得非常美麗。

2. 這張照片捕捉到了一個城市的夜景，照片的中心是一座現代設計的橋樑，橋樑的結構由幾根白色鋼索支撐，橋樑下方是河流，河面上倒映著橋樑的光線。橋樑旁邊有一個標有「救生圈」字樣的白色圓形標誌，標誌上還寫有「Lifebuoy」英文字樣。背景中可以看到一些建築物，建築物的外牆上裝飾著紅色的燈光，建築物的頂部有幾座高聳的塔樓，塔樓上也裝飾著燈光。整體環境在夜晚的照明下顯得非常美麗。

3. 這張照片展示了一個城市的夜景，照片的焦點是一座現代風格的橋樑，橋樑的結構由幾根白色鋼索支撐，橋樑下方是河流，河面上倒映著橋樑的光線。橋樑旁邊有一個標有「救生圈」字樣的白色圓形標誌，標誌上還寫有「Lifebuoy」英文字樣。背景中可以看到一些建築物，建築物的外牆上裝飾著紅色的燈光，建築物的頂部有幾座高聳的塔樓，塔樓上也裝飾著燈光。整體環境在夜晚的照明下顯得非常美麗。"
origin_dataset/11096611_632067290226430_8973192460739545849_n(1)(1).jpg,"1. 一羣年輕人聚集在教室內，似乎正在參加一場活動。背景牆上掛有紅色的布條，上面寫著中文標語。學生們站在教室中央，部分人面朝前方，似乎在聽講師講話。教室內有幾排椅子，靠牆邊放著一些行李和個人物品。牆壁上掛有窗簾，窗戶旁邊有幾個人在活動。

2. 教室內，一群學生圍繞在前方，似乎在聽講師講話。講師站在黑板前，黑板上寫著中文。學生們的姿態各異，有站立的，有坐著的。教室內的環境比較簡單，牆壁上掛有窗簾，窗戶旁邊有幾個學生在活動。牆邊放著一些行李和個人物品。

3. 教室內，一群學生圍繞在前方，似乎在聽講師講話。講師站在黑板前，黑板上寫著中文。學生們的姿態各異，有站立的，有坐著的。教室內的環境比較簡單，牆壁上掛有窗簾，窗戶旁邊有幾個學生在活動。牆邊放著一些行李和個人物品，顯示出學生們可能剛剛到達或即將離開。"
origin_dataset/1554172212403.jpg,"1. 這是一輛藍色的捷豹車，停在地下停車場。車頭前方的格柵上有一個紅色的獅子頭標誌。車牌號碼為AXC-1258。

2. 車身光澤鮮豔，車頭設計流線型，前燈設計獨特。停車場的牆壁上繪有幾隻白色的羊圖案。

3. 車輛停在B5-E的車位，周圍有其他車輛。車頭的格柵和前燈設計彰顯出豪華與運動的風格。"
origin_dataset/1520004044210.jpg,"1. 一橋橫跨於水面上，橋身點綴著五彩繽紛的燈飾，夜晚的光景美不勝收。橋兩側的樹木也裝飾著燈飾，形成一道道光的隧道，引人入勝。橋下的水面反射著燈光，波光粼粼，增添了一絲詩意。

2. 橋上掛滿了形狀多樣的燈飾，有圓形、方形、三角形等，色彩豐富，從藍色到黃色，從綠色到紫色，交相輝映。橋兩側的樹木和欄杆上也綴滿了燈飾，形成一道道光的隧道，引人入勝。橋下的水面反射著燈光，波光粼粼，增添了一絲詩意。

3. 橋上掛滿了形狀多樣的燈飾，有圓形、方形、三角形等，色彩豐富，從藍色到黃色，從綠色到紫色，交相輝映。橋兩側的樹木和欄杆上也綴滿了燈飾，形成一道道光的隧道，引人入勝。橋下的水面反射著燈光，波光粼粼，增添了一絲詩意。橋的另一側還有一個大型的網狀裝置，由多個圓形燈飾組成，構成了一個獨特的景觀。"
origin_dataset/IMG20220316140940.jpg,"1. 一處湖泊周圍環繞著茂密的綠樹，遠處有幾棟建築物隱藏在樹叢之中。天空布滿了厚重的雲層，反射在湖面上，形成一片寧靜的景象。湖邊散落著幾塊岩石，湖水清澈，倒映著周圍的景致。

2. 湖泊周圍的環境非常優美，湖水清澈，倒映著周圍的綠樹和岩石。遠處的建築物在樹叢中若隱若現，天空被厚重的雲層覆蓋，反射在湖面上，營造出一種寧靜的氛圍。湖邊的草地和岩石構成了自然與人工景觀的完美結合。

3. 湖泊周圍的環境非常宜人，湖水清澈，倒映著周圍的綠樹和岩石。遠處的建築物在樹叢中若隱若現，天空被厚重的雲層覆蓋，反射在湖面上，營造出一種寧靜的氛圍。湖邊的草地和岩石構成了自然與人工景觀的完美結合，遠處的建築物為這片自然景觀增添了一絲現代感。"
origin_dataset/IMG_20200619_191357.jpg,"1. 物理學家布里淵（L. Brillouin）在他的著作《週期結構中的波傳播-電波濾波器與晶體品格》中提出「布里淵區」-Brillouin zone的概念，這段話顯示19世紀的科學家能夠從表面上看似不同的現象中看出其普遍性，並利用對此普遍性的理解貫通不同物理領域裡的知識。在今日這個知識領域分得太細的時代，上述的觀念很值得人們省思。

2. 在第二章裡，我們介紹了在二維系統中統一處理電磁波與聲波的方法，在這一章裡，我們也見到了布洛赫定理可以適用於量子與古典系統。再看看近年來光子晶體與「聲子晶體」（sonic crystals，phononic crystals）的研究的交互影響，似乎暗示一

3. 波會被阻擋與反射，因此可做隔音器等）的研究的交互影響[17,8]，似乎暗示一"
origin_dataset/1485250865030(1)(1).jpg,"1. 夜晚的街道上，一羣人聚集在裝飾著串燈的樹旁，這些串燈從樹枝垂下，發出柔和的光芒，營造出溫馨的氛圍。人們在樹下閒逛，有說有笑，享受著這段時光。背景中，建築物的窗戶亮著燈光，顯示出城市生活的繁忙與活力。

2. 一羣人聚集在樹旁，樹上掛滿了串燈，這些串燈在夜空中閃爍，營造出浪漫的氛圍。人們在樹下閒逛，有說有笑，享受著這段時光。背景中，建築物的窗戶亮著燈光，顯示出城市生活的繁忙與活力。

3. 夜晚的街道上，一羣人聚集在裝飾著串燈的樹旁，這些串燈從樹枝垂下，發出柔和的光芒，營造出溫馨的氛圍。人們在樹下閒逛，有說有笑，享受著這段時光。背景中，建築物的窗戶亮著燈光，顯示出城市生活的繁忙與活力。"
origin_dataset/IMG20220315154256.jpg,"1. 一位年輕的男子，留著短黑髮，臉上帶著微笑，顯得非常親切。他穿著一件黑色的外套，裡面搭配了一件淺色的內衣。背景是一條道路，兩旁是綠色的植被，看起來像是在戶外的自然環境中。

2. 這張照片中，一位年輕的亞洲男子站在一條鋪有柏油的道路旁邊，背景是綠色的植被和岩石。他留著短黑髮，臉上帶著溫馨的笑容，顯得非常親切。他穿著一件黑色的外套，裡面搭配了一件淺色的內衣，看起來像是在戶外的自然環境中。

3. 這張照片中，一位年輕的亞洲男子站在一條鋪有柏油的道路旁邊，背景是綠色的植被和岩石。他留著短黑髮，臉上帶著溫馨的笑容，顯得非常親切。他穿著一件黑色的外套，裡面搭配了一件淺色的內衣，看起來像是在戶外的自然環境中。"
origin_dataset/IMG_20210703_183321_392.jpg,"1. 夕陽西下，天際線被染成橙紅色，陽光穿透雲層，形成耀眼的光束，散發出溫暖的光芒。遠處的山丘被濃密的樹木覆蓋，山腳下隱約可見建築物的輪廓，構成一幅寧靜而美麗的鄉村風景畫。

2. 夕陽從山後緩緩落下，天空從藍色漸變至橙紅色，陽光在雲層間穿行，形成美麗的光束。山丘上綠意盎然，樹木茂盛，遠處的建築物在夕陽的照耀下顯得格外溫馨。

3. 夕陽西下，天空被染成漸變的橙紅色，陽光從雲層間透出，形成耀眼的光束。山丘上綠樹成蔭，遠處的建築物在夕陽的照耀下顯得格外溫馨。遠處的山丘被濃密的樹木覆蓋，構成一幅寧靜而美麗的鄉村風景畫。"
origin_dataset/20230729_111714.jpg,"1. 這張照片展示了樹冠的景象，樹葉茂盛，綠意盎然。樹枝在風中輕輕搖曳，樹冠的葉子在微風中輕輕擺動，散發出一種寧靜的氣氛。天空中雲層密布，但依然透出一些藍色，給整體的視覺效果增添了一絲清新。

2. 照片中，樹冠佔據了大部分視野，樹葉的顏色從深綠到淺綠不等，葉片在微風中輕輕搖曳。樹枝錯綜複雜，形成了一個複雜的網狀結構。天空中雲層厚重，但依然有幾處藍色的天空露出來，給整體的視覺效果增添了一絲清新。

3. 這張照片捕捉到了樹冠的景象，樹葉茂盛，綠意盎然。樹枝在風中輕輕搖曳，樹冠的葉子在微風中輕輕擺動，散發出一種寧靜的氣氛。天空中雲層密布，但依然透出一些藍色，給整體的視覺效果增添了一絲清新。"
origin_dataset/IMG_20201018_105652_705.jpg,"1. 這張照片展示了一座傳統的中國建築，門楣上雕刻著精緻的圖案和文字。門楣上方的屋檐裝飾著豐富的金色雕花，門兩側有兩根高大的柱子，柱子上掛有寫有漢字的牌匾。門前有幾位遊客，他們似乎在參觀或拍照。門前的地面上鋪有石磚，門前有一個石獅子雕像。門前的牆壁上掛有一塊告示牌，上面寫著相關的信息。

2. 這張照片捕捉到了一座傳統的中國建築的入口處。建築的門楣上雕刻著精緻的圖案和文字，門楣上方的屋檐裝飾著豐富的金色雕花。門兩側有兩根高大的柱子，柱子上掛有寫有漢字的牌匾。門前有幾位遊客，他們似乎在參觀或拍照。門前的地面上鋪有石磚，門前有一個石獅子雕像。門前的牆壁上掛有一塊告示牌，上面寫著相關的信息。

3. 這張照片展示了一座傳統的中國建築，門楣上雕刻著精緻的圖案和文字。門楣上方的屋檐裝飾著豐富的金色雕花，門兩側有兩根高大的柱子，柱子上掛有寫有漢字的牌匾。門前有幾位遊客，他們似乎在參觀或拍照。門前的地面上鋪有石磚，門前有一個石獅子雕像。門前的牆壁上掛有一塊告示牌，上面寫著相關的信息。建築的風格和裝飾顯示出濃厚的中國傳統文化特色。"
origin_dataset/IMG20220309152824.jpg,"1. 這是一個室內空間，牆壁和天花板都是白色的。牆壁上掛有一幅畫，畫中有一個太空人，背景是太空和行星。畫的右側有一塊展板，上面寫著中文文字，介紹了這幅畫的相關信息。展板下方有一個展示台，上面展示了一些小冊子或卡片。

2. 展覽空間的牆壁上掛有一幅太空主題的插畫，插畫中有一個太空人，背景是太空和行星。展覽空間的牆壁上還有一塊展板，上面寫著中文文字，介紹了這幅插畫的相關信息。展覽空間的牆壁上還有一個展示台，上面展示了一些小冊子或卡片。

3. 展覽空間的牆壁上掛有一幅太空主題的插畫，插畫中有一個太空人，背景是太空和行星。展覽空間的牆壁上還有一塊展板，上面寫著中文文字，介紹了這幅插畫的相關信息。展覽空間的牆壁上還有一個展示台，上面展示了一些小冊子或卡片。展覽空間的牆壁上還有一個展示台，上面展示了一些小冊子或卡片。"
origin_dataset/IMG_20210706_232840_869.jpg,"1. 這幅畫中，一個金髮小男孩正親吻著一隻狐狸。小男孩的臉部特寫，表現出溫柔與親密的感覺。狐狸的臉部特寫，表現出安詳與信任。小男孩的右手輕柔地撫摸著狐狸的背部，動作溫柔而細膩。背景是柔和的黃色調，營造出溫馨的氛圍。整幅畫作表現出人與動物之間的深厚情感。

2. 這幅畫作的主題是人與動物之間的親密關係。畫中，一個金髮小男孩親吻著一隻狐狸，表現出人與動物之間的深厚情感。小男孩的臉部特寫，表現出溫柔與親密的感覺。狐狸的臉部特寫，表現出安詳與信任。小男孩的右手輕柔地撫摸著狐狸的背部，動作溫柔而細膩。背景是柔和的黃色調，營造出溫馨的氛圍。整幅畫作表現出人與動物之間的深厚情感。

3. 這幅畫作的主題是人與動物之間的親密關係。畫中，一個金髮小男孩親吻著一隻狐狸，表現出人與動物之間的深厚情感。小男孩的臉部特寫，表現出溫柔與親密的感覺。狐狸的臉部特寫，表現出安詳與信任。小男孩的右手輕柔地撫摸著狐狸的背部，動作溫柔而細膩。背景是柔和的黃色調，營造出溫馨的氛圍。整幅畫作表現出人與動物之間的深厚情感。"
origin_dataset/received_947869591980491(1)(1).jpeg,"1. 這是一座位於公園內的雕像，雕像底座為方形石柱，石柱上刻有中文銘文。雕像後方有一棵光禿的樹，樹旁有紅磚圍牆。雕像前方鋪有紅磚，並設有鐵鏈欄杆。

2. 雕像底座為方形石柱，石柱上刻有中文銘文。雕像後方有一棵光禿的樹，樹旁有紅磚圍牆。雕像前方鋪有紅磚，並設有鐵鏈欄杆。雕像後方的樹葉已經落光，顯示出冬季或早春的景象。

3. 這座雕像位於公園內，底座為方形石柱，石柱上刻有中文銘文。雕像後方有一棵光禿的樹，樹旁有紅磚圍牆。雕像前方鋪有紅磚，並設有鐵鏈欄杆。雕像後方的樹葉已經落光，顯示出冬季或早春的景象。"
origin_dataset/1550238578782.jpg,"1. 一位年輕男子正在廚房裡準備食物。他穿着一件黑色的長袖上衣和一塊印有大象圖案的圍裙。他正用一把綠色的勺子從一個大鐵碗裡舀出奶油，倒入一個裝有紙袋的玻璃杯裡。桌面上還放著一個平板電腦、一個藍色的杯子、一個紅色的碗和一些草莓。背景中可以看到一張寫有「Chocolate Cupcake」的海報。

2. 一位年輕人正在進行烘焙活動。他身著黑色長袖上衣和印有大象圖案的圍裙，專注地用綠色的勺子從大鐵碗裡舀出奶油，倒入裝有紙袋的玻璃杯中。桌面上擺放著平板電腦、藍色杯子、紅色碗和草莓。背景中有一張標有「Chocolate Cupcake」的海報。

3. 一位年輕人正在廚房裡準備食物。他穿著黑色長袖上衣和印有大象圖案的圍裙，正在用綠色的勺子從大鐵碗裡舀出奶油，倒入裝有紙袋的玻璃杯中。桌面上有平板電腦、藍色杯子、紅色碗和草莓。背景中有一張標有「Chocolate Cupcake」的海報。"
origin_dataset/IMG_20200221_040654_049.jpg,"1. 聽到警鈴響，以為發生火災，馬上衝了出去，結果是虛驚一場，臉上露出驚嚇的表情。

2. 聽到警鈴響，以為發生火災，馬上衝了出去，結果是虛驚一場，臉上露出驚嚇的表情。

3. 聽到警鈴響，以為發生火災，馬上衝了出去，結果是虛驚一場，臉上露出驚嚇的表情。"
origin_dataset/20240208_213449.jpg,"1. 這是一家現代風格的餐廳，內部裝潢以木質元素為主，地板鋪設了不同顏色和紋理的木板，營造出溫馨的氛圍。餐廳的牆壁和櫃檯均採用木質材料，櫃檯上擺放著幾種精美的餐具和裝飾品。餐廳的後方設有開放式的廚房，可以看到廚師在忙碌地準備食物。餐廳的天花板上掛有幾盞燈，燈光柔和，營造出舒適的用餐環境。餐廳的牆壁上掛有幾幅裝飾畫，增加了空間的藝術感。餐廳的牆壁上還掛有一塊標牌，上面寫著餐廳的名稱和一些相關信息。

2. 這是一家現代風格的餐廳，內部裝潢以木質元素為主，地板鋪設了不同顏色和紋理的木板，營造出溫馨的氛圍。餐廳的牆壁和櫃檯均採用木質材料，櫃檯上擺放著幾種精美的餐具和裝飾品。餐廳的後方設有開放式的廚房，可以看到廚師在忙碌地準備食物。餐廳的天花板上掛有幾盞燈，燈光柔和，營造出舒適的用餐環境。餐廳的牆壁上掛有幾幅裝飾畫，增加了空間的藝術感。餐廳的牆壁上還掛有一塊標牌，上面寫著餐廳的名稱和一些相關信息。

3. 這是一家現代風格的餐廳，內部裝潢以木質元素為主，地板鋪設了不同顏色和紋理的木板，營造出溫馨的氛圍。餐廳的牆壁和櫃檯均採用木質材料，櫃檯上擺放著幾種精美的餐具和裝飾品。餐廳的後方設有開放式的廚房，可以看到廚師在忙碌地準備食物。餐廳的天花板上掛有幾盞燈，燈光柔和，營造出舒適的用餐環境。餐廳的牆壁上掛有幾幅裝飾畫，增加了空間的藝術感。餐廳的牆壁上還掛有一塊標牌，上面寫著餐廳的名稱和一些相關信息。"
origin_dataset/20240208_215038.jpg,"1. 這張照片展示了一間大型超市的內部，貨架上擺放著各種食品。可以看到多種包裝的零食、餅乾和點心，顏色豐富，品種多樣。超市的天花板上裝有許多照明燈，使得整個空間明亮而寬敞。背景中還可以看到一些其他貨架和貨品，顯示出超市的規模和品類豐富。

2. 照片中，超市的貨架上擺放著各種食品，包括餅乾、點心和零食。這些食品的包裝顏色鮮豔，品種多樣，從而吸引顧客的注意。超市的天花板上裝有許多照明燈，使得整個空間明亮而寬敞。背景中還可以看到一些其他貨架和貨品，顯示出超市的規模和品類豐富。

3. 這張照片展示了一間大型超市的內部，貨架上擺放著各種食品。可以看到多種包裝的零食、餅乾和點心，顏色豐富，品種多樣。超市的天花板上裝有許多照明燈，使得整個空間明亮而寬敞。背景中還可以看到一些其他貨架和貨品，顯示出超市的規模和品類豐富。"
origin_dataset/IMG20220304200934.jpg,"1. 夜晚的街道上，一盞燈光在樹叢間閃爍，樹木的枝葉在微風中輕搖，遠處的建築物在黑暗中若隱若現。路邊停着幾輛車，車燈在夜色中閃爍。整體環境顯得靜謐而安靜。

2. 在夜晚的街道上，一盞燈光在樹叢間閃爍，樹木的枝葉在微風中輕搖，遠處的建築物在黑暗中若隱若現。路邊停着幾輛車，車燈在夜色中閃爍。整體環境顯得靜謐而安靜，樹木的影子在地面上投射出斑駁的光影。

3. 夜晚的街道上，一盞燈光在樹叢間閃爍，樹木的枝葉在微風中輕搖，遠處的建築物在黑暗中若隱若現。路邊停着幾輛車，車燈在夜色中閃爍。整體環境顯得靜謐而安靜，樹木的影子在地面上投射出斑駁的光影，遠處的建築物在黑暗中若隱若現，車燈在夜色中閃爍。"
origin_dataset/20240626_190253.jpg,"1. 天空中的電線杆和電線構成了一幅城市日落的景象。電線杆上掛著幾條電線，電線在天空中延伸，形成了一種線條美。電線杆的影子投射在地面上，與樹木的剪影交相輝映。遠處的建築物在落日的餘暉中若隱若現，天空中雲層厚重，雲朵在夕陽的照耀下呈現出不同的顏色，從淺藍到深灰，構成了一幅美麗的自然畫面。

2. 這張照片捕捉到了一個城市日落的瞬間。電線杆和電線構成了照片的主要構圖元素，電線在天空中延伸，形成了一種線條美。電線杆的影子投射在地面上，與樹木的剪影交相輝映。遠處的建築物在落日的餘暉中若隱若現，天空中雲層厚重，雲朵在夕陽的照耀下呈現出不同的顏色，從淺藍到深灰，構成了一幅美麗的自然畫面。

3. 這張照片展示了電線杆和電線在城市日落時的景象。電線杆和電線構成了照片的主要構圖元素，電線在天空中延伸，形成了一種線條美。電線杆的影子投射在地面上，與樹木的剪影交相輝映。遠處的建築物在落日的餘暉中若隱若現，天空中雲層厚重，雲朵在夕陽的照耀下呈現出不同的顏色，從淺藍到深灰，構成了一幅美麗的自然畫面。"
origin_dataset/12036420_901341476623315_3228000120098434752_n(1)(1).jpg,"1. 一羣年輕人站在室內的舞台上，背景是一塊寫有「KAVIAZ」字樣的橫幅。他們穿着統一的紅色和白色上衣，搭配黑色褲子，頭戴不同顏色的頭巾，正在表演。舞台前方有幾個觀眾席，觀眾們坐在椅子上觀看表演。舞台後方有兩臺電風扇，用以散熱。舞台的牆壁是白色的，上面有幾扇大窗戶，窗外可以看到綠色的樹葉。

2. 一群年輕人正在室內的舞台上表演，他們的表演服裝包括紅色和白色上衣，搭配黑色褲子，頭戴不同顏色的頭巾。背景橫幅上寫有「KAVIAZ」字樣。舞台前方有觀眾席，觀眾們坐在椅子上觀看表演。舞台後方有兩臺電風扇，用以散熱。牆壁是白色的，上面有幾扇大窗戶，窗外可以看到綠色的樹葉。

3. 一群年輕人站在室內的舞台上，他們的表演服裝包括紅色和白色上衣，搭配黑色褲子，頭戴不同顏色的頭巾。背景橫幅上寫有「KAVIAZ」字樣。舞台前方有幾個觀眾席，觀眾們坐在椅子上觀看表演。舞台後方有兩臺電風扇，用以散熱。牆壁是白色的，上面有幾扇大窗戶，窗外可以看到綠色的樹葉。"
origin_dataset/IMG20220218064139.jpg,"1. 一張照片展示了一個湖泊，湖水靜靜地反射著周圍的景緻。湖邊有一排紅色的護欄，護欄後方是綠色的草地和一些樹木。遠處可以看到一些建築物，建築物的頂部被厚重的雲層遮蓋，天空顯得灰暗。湖面上有幾艘小船，船上有幾個人，似乎在享受著風景。

2. 照片中，一處湖泊位於前景，湖水靜靜地反射著周圍的景緻。湖邊有一排紅色的護欄，護欄後方是綠色的草地和一些樹木。遠處可以看到一些建築物，建築物的頂部被厚重的雲層遮蓋，天空顯得灰暗。湖面上有幾艘小船，船上有幾個人，似乎在享受著風景。遠處的建築物看起來有點模糊，可能是因為天氣的原因。

3. 這張照片捕捉到了一個湖泊的景象，湖水靜靜地反射著周圍的景緻。湖邊有一排紅色的護欄，護欄後方是綠色的草地和一些樹木。遠處可以看到一些建築物，建築物的頂部被厚重的雲層遮蓋，天空顯得灰暗。湖面上有幾艘小船，船上有幾個人，似乎在享受著風景。遠處的建築物看起來有點模糊，可能是因為天氣的原因。照片的右側有一塊樹木，樹木的葉子顯得比較茂盛。"
origin_dataset/IMG_20180821_143138_264.jpg,"1. 一隻小型犬隻，毛色為淺黃色與白色相間，耳朵尖尖，脖子上綁著藍色的項圈，正靜靜地躺在鋪有方磚的地面上，背景是磚牆與階梯。

2. 一隻小型犬隻，毛色為淺黃色與白色相間，耳朵尖尖，脖子上綁著藍色的項圈，正靜靜地躺在鋪有方磚的地面上，背景是磚牆與階梯。

3. 一隻小型犬隻，毛色為淺黃色與白色相間，耳朵尖尖，脖子上綁著藍色的項圈，正靜靜地躺在鋪有方磚的地面上，背景是磚牆與階梯。"
origin_dataset/20240824_170341.jpg,"1. 一位年輕男子，頭戴一頂灰色的棒球帽，帽檐朝前，帽上有一個紅色的標誌。他身穿一件深藍色的短袖T恤，露出雙臂。他站在一間室內，牆壁是白色的，牆上掛著一串紅綠相間的聖誕節裝飾旗。他用右手舉著一部手機，似乎在自拍。背景中有一扇黑色的門，門上裝有兩條白色的拉手。門的右側有一塊木製的牆板，牆板上有一個小的開關面板。

2. 一位年輕男子，頭戴一頂灰色的棒球帽，帽檐朝前，帽上有一個紅色的標誌。他身穿一件深藍色的短袖T恤，露出雙臂。他站在一間室內，牆壁是白色的，牆上掛著一串紅綠相間的聖誕節裝飾旗。他用右手舉著一部手機，似乎在自拍。背景中有一扇黑色的門，門上裝有兩條白色的拉手。門的右側有一塊木製的牆板，牆板上有一個小的開關面板。

3. 一位年輕男子，頭戴一頂灰色的棒球帽，帽檐朝前，帽上有一個紅色的標誌。他身穿一件深藍色的短袖T恤，露出雙臂。他站在一間室內，牆壁是白色的，牆上掛著一串紅綠相間的聖誕節裝飾旗。他用右手舉著一部手機，似乎在自拍。背景中有一扇黑色的門，門上裝有兩條白色的拉手。門的右側有一塊木製的牆板，牆板上有一個小的開關面板。"
origin_dataset/received_1566449356784790.jpeg,"1. 一隻柯基犬正坐在駕駛座上，前爪放在車的方向盤上，嘴巴張開，露出齒齦，似乎在開心地吠叫。牠的毛色是紅白相間，耳朵直立，表情活潑，看起來非常開心。

2. 這張照片展示了一隻柯基犬坐在車內的駕駛座上，前爪放在方向盤上，嘴巴張開，露出齒齦，似乎在開心地吠叫。牠的毛色是紅白相間，耳朵直立，表情活潑，看起來非常開心。

3. 一隻柯基犬坐在車內的駕駛座上，前爪放在方向盤上，嘴巴張開，露出齒齦，似乎在開心地吠叫。牠的毛色是紅白相間，耳朵直立，表情活潑，看起來非常開心。"
origin_dataset/IMG20220303145734.jpg,"1. 一間室內空間內，展示櫃中有一個大型的火箭模型，模型上寫有“NASA”的字樣，並附有美國國旗圖案。火箭模型由多個部分組成，包括主體、燃料罐和引擎，並以透明的展示櫃保護。展示櫃下方的櫃檯上，還擺放著其他小型的模型和書籍。

2. 一間室內空間內，展示櫃中有一個大型的火箭模型，模型上寫有“NASA”的字樣，並附有美國國旗圖案。火箭模型由多個部分組成，包括主體、燃料罐和引擎，並以透明的展示櫃保護。展示櫃下方的櫃檯上，還擺放著其他小型的模型和書籍。展示櫃上方的天花板上，有幾盞長方形的燈管照明，並可以看到一些管道和通風口。

3. 一間室內空間內，展示櫃中有一個大型的火箭模型，模型上寫有“NASA”的字樣，並附有美國國旗圖案。火箭模型由多個部分組成，包括主體、燃料罐和引擎，並以透明的展示櫃保護。展示櫃下方的櫃檯上，還擺放著其他小型的模型和書籍。展示櫃上方的天花板上，有幾盞長方形的燈管照明，並可以看到一些管道和通風口。展示櫃後方的牆壁上，掛有幾幅畫作，牆壁下方的櫃檯上，擺放著一些書籍和雜誌。"
origin_dataset/IMG_20210613_010138_297.jpg,"1. 這是一張由AI生成的卡通人物頭像，頭髮是黑色的，短髮，眉毛濃密，眼睛大而圓，表情從驚訝到微笑變化多端。背景是純白色的，頭像下方有三個笑臉表情圖案，右下角有“Voilà AI Artist”的標誌。

2. 這張圖片展示了一個由AI創作的卡通人物，頭髮是黑色的，短髮，眉毛濃密，眼睛大而圓，表情從驚訝到微笑變化多端。背景是純白色的，頭像下方有三個笑臉表情圖案，右下角有“Voilà AI Artist”的標誌。

3. 這張圖片是一個由AI生成的卡通人物頭像，頭髮是黑色的，短髮，眉毛濃密，眼睛大而圓，表情從驚訝到微笑變化多端。背景是純白色的，頭像下方有三個笑臉表情圖案，右下角有“Voilà AI Artist”的標誌。"
origin_dataset/431914_632084976891328_485044857506669779_n(1)(1).jpg,"1. 一群人在石板路上圍成一圈，似乎在聽一位女性講解。她手持藍色文件夾，周圍有成人和兒童，背景是一座石屋和樹木。

2. 一羣人聚集在石屋前，聽一位女性講解。她站在石板路上，身邊有成人和兒童，背景是樹木和石屋。

3. 一群人在石板路上圍成一圈，聽一位女性講解。她手持藍色文件夾，周圍有成人和兒童，背景是樹木和石屋。"
origin_dataset/IMG_20211223_025104_006.jpg,"1. 這張圖片顯示了一篇長篇的中文文章，內容涉及哲學、心理學和生活哲理的討論。文章從對自我意識的探討開始，談論了自我意識的形成、實現以及對個人生活影響的過程。文章還深入分析了自我實現的意義，以及如何通過積極的思考和行動來實現自我。此外，文章也討論了如何在現實生活中找到自我實現的途徑，並強調了自我實現對於個人成長和幸福的重要性。

2. 這張圖片展示了一篇關於哲學和心理學的深入分析文章。文章從自我意識的形成和實現開始，探討了自我意識在個人生活中的重要性。文章進一步討論了自我實現的過程，以及如何通過積極的思考和行動來實現自我。此外，文章還分析了自我實現對於個人成長和幸福的重要性，並強調了在現實生活中找到自我實現途徑的必要性。

3. 這張圖片呈現了一篇關於哲學和心理學的深入分析文章。文章從自我意識的形成和實現開始，探討了自我意識在個人生活中的重要性。文章進一步討論了自我實現的過程，以及如何通過積極的思考和行動來實現自我。此外，文章還分析了自我實現對於個人成長和幸福的重要性，並強調了在現實生活中找到自我實現途徑的必要性。文章還討論了如何透過積極的思考和行動來實現自我，以及如何在現實生活中找到自我實現的途徑。"
origin_dataset/IMG20220315172859.jpg,"1. 這間房間內設有兩頂帳篷，一頂是白色底帶有圖案的帳篷，另一頂是彩色的帳篷。帳篷旁邊有一張木製的梯子，梯子上掛有彩色的裝飾品。房間內還有一張木製的圓形桌子和一個小凳子，凳子上放有一個綠色的坐墊。房間的地板是木質的，牆壁是白色的。窗戶外可以看到一些建築物和綠色的植物。

2. 房間內設有兩頂帳篷，帳篷的顏色和圖案各不相同。一頂是白色底帶有圖案的帳篷，另一頂是彩色的帳篷。帳篷旁邊有一張木製的梯子，梯子上掛有彩色的裝飾品。房間內還有一張木製的圓形桌子和一個小凳子，凳子上放有一個綠色的坐墊。房間的地板是木質的，牆壁是白色的。窗戶外可以看到一些建築物和綠色的植物。

3. 這間房間內設有兩頂帳篷，一頂是白色底帶有圖案的帳篷，另一頂是彩色的帳篷。帳篷旁邊有一張木製的梯子，梯子上掛有彩色的裝飾品。房間內還有一張木製的圓形桌子和一個小凳子，凳子上放有一個綠色的坐墊。房間的地板是木質的，牆壁是白色的。窗戶外可以看到一些建築物和綠色的植物。"
origin_dataset/11149330_632082456891580_217795856211854211_n(1)(1).jpg,"1. 這是一座建築物，外牆為白色，柱子和欄杆為藍色。建築物的入口處有一個拱形門廊，門廊上掛有中文標語。建築物的內部有幾個人在活動，門口處堆放著一些貨物。

2. 建築物的外觀為現代風格，白色外牆搭配藍色欄杆和柱子，顯得非常清新。建築物的入口處有一個拱形門廊，門廊上掛有中文標語。建築物的內部有幾個人在活動，門口處堆放著一些貨物。

3. 這是一座建築物，外牆為白色，柱子和欄杆為藍色。建築物的入口處有一個拱形門廊，門廊上掛有中文標語。建築物的內部有幾個人在活動，門口處堆放著一些貨物。建築物的設計風格現代，外牆的顏色搭配顯得非常清新。"
origin_dataset/IMG20220315155202.jpg,"1. 這張照片中，一個人頭戴黑色頭盔，頭盔上有紅色的裝飾。他戴著一層藍色的一次性口罩，口罩的帶子垂在下巴下方。背景是模糊的綠色植被，天空是白色的。

2. 這張照片顯示了一個頭戴黑色頭盔的人，頭盔上有紅色的裝飾。他戴著藍色的一次性口罩，口罩的帶子垂在下巴下方。背景是模糊的綠色植被，天空是白色的。

3. 這張照片中，一個人頭戴黑色頭盔，頭盔上有紅色的裝飾。他戴著藍色的一次性口罩，口罩的帶子垂在下巴下方。背景是模糊的綠色植被，天空是白色的。"
origin_dataset/1529166055547.jpg,"1. 這張照片捕捉了畢業生在教堂前的歡樂時刻。畢業生身著學士服，頭戴學士帽，手持畢業證書和花束，面帶微笑，與朋友合影。背景中，其他畢業生和家人在教堂前慶祝，天空晴朗，綠樹成蔭，氛圍歡樂而喜慶。

2. 照片中，一位畢業生站在教堂前，與朋友合影。畢業生身著學士服，頭戴學士帽，手持畢業證書和花束，面帶微笑。背景中，其他畢業生和家人在教堂前慶祝，天空晴朗，綠樹成蔭，氛圍歡樂而喜慶。教堂建築獨特，三角形屋頂設計引人注目。

3. 這張照片展示了畢業生在教堂前的歡樂時刻。畢業生身著學士服，頭戴學士帽，手持畢業證書和花束，面帶微笑，與朋友合影。背景中，其他畢業生和家人在教堂前慶祝，天空晴朗，綠樹成蔭，氛圍歡樂而喜慶。教堂建築獨特，三角形屋頂設計引人注目。"
origin_dataset/IMG_20210517_202809_358.jpg,"1. 一位年輕的男子側身站立，頭髮隨風輕揚，背後的陽光將他的臉部染上了一層柔和的黃色光暈。他身穿一件淺紫色T恤，肩上揹著一個黑色的背包，背後的景緻模糊，似乎是在一個廣闊的戶外空間，可能是海灘或廣場。

2. 這張照片捕捉到了一個年輕男子的側臉，陽光從他的頭頂照射下來，形成了一個美麗的光暈效果。他背後的環境模糊不清，但可以辨識出是一片廣闊的戶外空間，可能是海灘或廣場。他身穿淺紫色T恤，肩上揹著一個黑色的背包，似乎在享受這段時間。

3. 一位年輕的男子側身站立，頭髮隨風輕揚，背後的陽光將他的臉部染上了一層柔和的黃色光暈。他身穿一件淺紫色T恤，肩上揹著一個黑色的背包，背後的景緻模糊，似乎是在一個廣闊的戶外空間，可能是海灘或廣場。他側臉的特寫，捕捉到了他沉思的神態，背後的光暈為這張照片增添了一絲詩意。"
origin_dataset/IMG_20210805_183312_773.jpg,"1. 四位年輕人站在海邊，背景是海面和天空。他們都穿着畢業袍，其中兩位穿著有不同顏色的領巾。他們的腳直接踩在海灘上，海浪輕輕拍打著他們的腳。太陽從海平面上方照射過來，散發出柔和的光芒。

2. 四位年輕人站在一起，背景是海面和天空。他們都穿著畢業袍，其中兩位穿著有不同顏色的領巾。他們的腳直接踩在海灘上，海浪輕輕拍打著他們的腳。太陽從海平面上方照射過來，散發出柔和的光芒。他們看起來非常開心，似乎在慶祝畢業。

3. 四位年輕人站在海邊，背景是海面和天空。他們都穿著畢業袍，其中兩位穿著有不同顏色的領巾。他們的腳直接踩在海灘上，海浪輕輕拍打著他們的腳。太陽從海平面上方照射過來，散發出柔和的光芒。他們看起來非常開心，似乎在慶祝畢業。海面反射著陽光，海浪輕柔地拍打著海岸線。"
origin_dataset/IMG_20180727_125020_889.jpg,"1. 一輛閃耀的金色摩托車停放在人行道上，車牌號碼為「LAF-361」。摩托車的車身和輪圈都塗有閃亮的金色塗料，反射出周圍的環境。車頭裝有透明的頭盔，頭盔上有一個綠色的反光鏡片。摩托車後方停有一輛黑色的機車，機車上也有一個紅色的標誌牌，上面寫有「ATUZ」的字樣。背景中可以看到幾輛汽車和一些路標，顯示出這是在一個城市街道上。

2. 一輛閃亮的金色摩托車停在人行道上，車牌號碼為「LAF-361」。摩托車的車身和輪圈都塗有閃亮的金色塗料，反射出周圍的環境。車頭裝有透明的頭盔，頭盔上有一個綠色的反光鏡片。摩托車後方停有一輛黑色的機車，機車上也有一個紅色的標誌牌，上面寫有「ATUZ」的字樣。背景中可以看到幾輛汽車和一些路標，顯示出這是在一個城市街道上。

3. 一輛閃亮的金色摩托車停在人行道上，車牌號碼為「LAF-361」。摩托車的車身和輪圈都塗有閃亮的金色塗料，反射出周圍的環境。車頭裝有透明的頭盔，頭盔上有一個綠色的反光鏡片。摩托車後方停有一輛黑色的機車，機車上也有一個紅色的標誌牌，上面寫有「ATUZ」的字樣。背景中可以看到幾輛汽車和一些路標，顯示出這是在一個城市街道上。"
origin_dataset/10003902_632052606894565_358592992657069063_n(1)(1).jpg,"1. 五位年輕人站在室內，背景牆上掛有幾張布告板，上面貼有圖片和文字。他們似乎在進行一場活動或討論，其中一位穿著格子襯衫的女性正在動作，可能是在表演或解釋某個主題。牆壁上還有幾張寫有中文的標籤，顯示出這可能是一個中文環境下的活動。

2. 五位年輕人聚集在室內，牆壁上掛有布告板，上面貼有圖片和文字。他們似乎在進行一場活動或討論，其中一位穿著格子襯衫的女性正在動作，可能是在表演或解釋某個主題。牆壁上還有幾張寫有中文的標籤，顯示出這可能是一個中文環境下的活動。

3. 五位年輕人站在室內，背景牆上掛有幾張布告板，上面貼有圖片和文字。他們似乎在進行一場活動或討論，其中一位穿著格子襯衫的女性正在動作，可能是在表演或解釋某個主題。牆壁上還有幾張寫有中文的標籤，顯示出這可能是一個中文環境下的活動。"
origin_dataset/IMG_20201130_164946.jpg,"1. 一棟現代化的建築，建築外牆以玻璃和白色鋼材構成，窗戶排列整齊，反射出天空的藍色。建築前有一排綠樹，樹葉茂盛，綠意盎然。建築入口處有兩位穿著正式服裝的男子，正在行走。建築前的地面鋪有磚塊，兩側有綠化帶，種植了紅色的花卉和綠色的灌木。

2. 一棟現代化的建築，建築外牆以玻璃和白色鋼材構成，窗戶排列整齊，反射出天空的藍色。建築前有一排綠樹，樹葉茂盛，綠意盎然。建築入口處有兩位穿著正式服裝的男子，正在行走。建築前的地面鋪有磚塊，兩側有綠化帶，種植了紅色的花卉和綠色的灌木。建築旁邊有一根紅白相間的杆子，杆子底部是黃色的底座。

3. 一棟現代化的建築，建築外牆以玻璃和白色鋼材構成，窗戶排列整齊，反射出天空的藍色。建築前有一排綠樹，樹葉茂盛，綠意盎然。建築入口處有兩位穿著正式服裝的男子，正在行走。建築前的地面鋪有磚塊，兩側有綠化帶，種植了紅色的花卉和綠色的灌木。建築旁邊有一根紅白相間的杆子，杆子底部是黃色的底座。建築後方有一個小紅色的郵筒。"
origin_dataset/IMG_20210130_220735_094.jpg,"1. 這張照片拍攝於夜晚，一側是樹木，另一側是橋樑。橋樑上有燈光照明，橋下有水體，橋兩側有行人道，環境看起來很寧靜。照片中還可以看到一些樹木的枝葉，以及橋樑的結構。照片下方有文字標註，寫著「透透透氣」，並附有兩個表情符號。

2. 照片展示了一個夜晚的公園景觀。照片中有一棵樹，樹旁有一條彎曲的行人道，行人道兩側有燈光照明。背景中有一座橋樑，橋樑上有燈光，橋下有水體。橋兩側的行人道上沒有行人。照片下方有文字標註，寫著「透透透氣」，並附有兩個表情符號。

3. 這張照片是在夜晚拍攝的，顯示了一個公園的景觀。照片中有一棵樹，樹旁有一條彎曲的行人道，行人道兩側有燈光照明。背景中有一座橋樑，橋樑上有燈光，橋下有水體。橋兩側的行人道上沒有行人。照片下方有文字標註，寫著「透透透氣」，並附有兩個表情符號。"
origin_dataset/20230806_124547.jpg,"1. 一間書店內，書架上擺放著各種書籍，書籍封面設計多樣，有插畫風格的封面，也有幾何圖形的封面。書架上方掛有一張月曆，月曆上繪有可愛的插畫，顯示著二月的日期。書店內的環境溫馨，牆壁上掛有幾幅插畫，增添了一絲藝術氣息。書店內還有一位顧客，背對著攝影者，似乎在閱讀書籍。

2. 一間書店的內部，書架上排列著多種書籍，書籍的封面設計風格多樣，有插畫風格的，也有幾何圖形的。書架上方掛有一張月曆，月曆上繪有可愛的插畫，顯示著二月的日期。書店內的牆壁上掛有幾幅插畫，增添了一絲藝術氣息。書店內還有一位顧客，背對著攝影者，似乎在閱讀書籍。

3. 一間書店的內部，書架上擺放著各種書籍，書籍的封面設計多樣，有插畫風格的，也有幾何圖形的。書架上方掛有一張月曆，月曆上繪有可愛的插畫，顯示著二月的日期。書店內的環境溫馨，牆壁上掛有幾幅插畫，增添了一絲藝術氣息。書店內還有一位顧客，背對著攝影者，似乎在閱讀書籍。"
origin_dataset/20240824_170340.jpg,"1. 一位年輕男子，頭戴一頂深色棒球帽，帽檐朝前，帽上有一個紅色的標誌。他身穿一件深藍色短袖T恤，右手舉起一部手機，似乎正在自拍。背景是一扇黑色的門，門邊掛著幾面小旗子，旗子上印有綠色和紅色的圖案。牆壁是白色的，門的上方有一個小型的吸頂燈。地面鋪有白色方磚，牆角處有一塊木質的裝飾板。

2. 一位年輕人，頭戴一頂深色棒球帽，帽檐朝前，帽上有一個紅色的標誌。他身穿一件深藍色短袖T恤，右手舉起一部手機，似乎正在自拍。背景是一扇黑色的門，門邊掛著幾面小旗子，旗子上印有綠色和紅色的圖案。牆壁是白色的，門的上方有一個小型的吸頂燈。地面鋪有白色方磚，牆角處有一塊木質的裝飾板。

3. 一位年輕男子，頭戴一頂深色棒球帽，帽檐朝前，帽上有一個紅色的標誌。他身穿一件深藍色短袖T恤，右手舉起一部手機，似乎正在自拍。背景是一扇黑色的門，門邊掛著幾面小旗子，旗子上印有綠色和紅色的圖案。牆壁是白色的，門的上方有一個小型的吸頂燈。地面鋪有白色方磚，牆角處有一塊木質的裝飾板。"
origin_dataset/IMG20220220160228.jpg,"1. 這張照片展示了一個室內展覽場景，牆上投影了三幅色彩鮮豔的畫作。畫作風格為點彩畫，畫面細膩，色彩豐富，表現了不同的場景和人物。左側的畫作描繪了樹林和人物在樹下活動的場景，中間的畫作則呈現了公園裡的活動，人物和景物都以點彩技法呈現，右側的畫作則是室內場景，一位穿著紫色裙子的婦女在洗衣服，背景是黃色的牆壁和一個白色的水壺。

2. 展覽場地的牆壁上投影了三幅點彩畫，這些畫作色彩鮮豔，表現了不同的主題。左側的畫作展示了樹林和樹下活動的人物，中間的畫作則是公園裡的場景，人物和景物都以點彩技法呈現，右側的畫作則是室內場景，一位穿著紫色裙子的婦女在洗衣服，背景是黃色的牆壁和一個白色的水壺。觀眾們坐在黑暗的場地裡，專注地觀看這些投影畫作。

3. 這張照片捕捉到了一個室內展覽場景，牆上投影了三幅色彩豐富的點彩畫。左側的畫作描繪了樹林和樹下活動的人物，中間的畫作則是公園裡的場景，人物和景物都以點彩技法呈現，右側的畫作則是室內場景，一位穿著紫色裙子的婦女在洗衣服，背景是黃色的牆壁和一個白色的水壺。觀眾們坐在黑暗的場地裡，專注地觀看這些投影畫作。"
origin_dataset/1514728673949.jpg,"1. 一張夜間的照片，前景中有一個紅色的氣球，氣球被某人舉在面前，遮住了臉部。背景中有一個大型的機械抓娃娃機，機器內部有許多彩色的玩具。機器的外殼發出柔和的光線，周圍有幾個人在活動，但他們的臉部被模糊處理了。

2. 這張照片是在夜晚拍攝的，前景中有一個紅色的氣球，氣球被某人舉在面前，遮住了臉部。背景中有一個大型的機械抓娃娃機，機器內部有許多彩色的玩具。機器的外殼發出柔和的光線，周圍有幾個人在活動，但他們的臉部被模糊處理了。

3. 這張照片是在夜晚拍攝的，前景中有一個紅色的氣球，氣球被某人舉在面前，遮住了臉部。背景中有一個大型的機械抓娃娃機，機器內部有許多彩色的玩具。機器的外殼發出柔和的光線，周圍有幾個人在活動，但他們的臉部被模糊處理了。"
origin_dataset/IMG20220311154830.jpg,"1. 這是一張公園的照片，公園內有高大的棕櫚樹和綠色的灌木。公園的地面鋪有灰色的石板路，兩旁種植了綠色的樹木和灌木。遠處可以看到一些建築物，建築物的外牆是白色的，窗戶是透明的。天空是藍色的，沒有雲彩，陽光充足，整個公園看起來非常明亮和開闊。

2. 圖片展示了一個公園的場景，公園內有茂盛的棕櫚樹和綠色的灌木。公園的地面鋪設了灰色的石板路，兩側種植了綠色的樹木和灌木。遠處可以看到一些建築物，建築物的外牆是白色的，窗戶是透明的。天空是藍色的，沒有雲彩，陽光充足，整個公園看起來非常明亮和開闊。

3. 這張照片捕捉到了一個公園的場景，公園內有高大的棕櫚樹和綠色的灌木。公園的地面鋪設了灰色的石板路，兩側種植了綠色的樹木和灌木。遠處可以看到一些建築物，建築物的外牆是白色的，窗戶是透明的。天空是藍色的，沒有雲彩，陽光充足，整個公園看起來非常明亮和開闊。"
origin_dataset/20230820_151333.jpg,"1. 一碗白飯搭配撕碎的雞肉，放在黑色碗中。
2. 另一碗湯，裡面有雞骨和雞肉，湯色呈黃色，上面有一顆紅色的枸杞。
3. 一旁有一個銀色的湯匙，放在白色桌面上。"
origin_dataset/20230730_204039.jpg,"1. 一排排的燈柱在夜晚的街道上排列成行，燈光柔和地照耀著周圍的環境。燈柱的顏色是黃色，燈光的顏色是白色，燈光的亮度適中，既不會過於刺眼，也足以讓人感到安全。燈柱的材質看起來像是水泥或混凝土，表面有些許的斑駁和污漬，顯示出一定的年代感。燈柱的設計簡單而實用，燈光的佈置則是整齊劃一，形成了一種規律的美感。

2. 在夜晚的街道上，一排排的燈柱排列成行，燈光柔和地照耀著周圍的環境。燈柱的材質看起來像是水泥或混凝土，表面有些許的斑駁和污漬，顯示出一定的年代感。燈柱的設計簡單而實用，燈光的佈置則是整齊劃一，形成了一種規律的美感。燈光的顏色是白色，亮度適中，既不會過於刺眼，也足以讓人感到安全。燈柱的排列方式讓整條街道看起來非常整潔，燈光的佈置則是整齊劃一，形成了一種規律的美感。

3. 在夜晚的街道上，一排排的燈柱排列成行，燈光柔和地照耀著周圍的環境。燈柱的材質看起來像是水泥或混凝土，表面有些許的斑駁和污漬，顯示出一定的年代感。燈柱的設計簡單而實用，燈光的佈置則是整齊劃一，形成了一種規律的美感。燈光的顏色是白色，亮度適中，既不會過於刺眼，也足以讓人感到安全。燈柱的排列方式讓整條街道看起來非常整潔，燈光的佈置則是整齊劃一，形成了一種規律的美感。燈柱的排列方式讓整條街道看起來非常整潔，燈光的佈置則是整齊劃一，形成了一種規律的美感。"
origin_dataset/IMG20200628134239.jpg,"1. 這是一個室內空間，牆壁和地板都是淺色的。牆壁上有一個不規則的圓形開口，開口內有黑色的筆跡，寫著「I am not here」。開口的邊緣是黑色的，開口的邊緣和牆壁之間有一條細長的黑色線條。開口的邊緣和牆壁之間有一條細長的黑色線條。

2. 這是一個現代藝術展示，展示了一個不規則的圓形開口，開口內有黑色的筆跡，寫著「I am not here」。開口的邊緣是黑色的，開口的邊緣和牆壁之間有一條細長的黑色線條。開口的邊緣和牆壁之間有一條細長的黑色線條。

3. 這是一個室內空間，牆壁和地板都是淺色的。牆壁上有一個不規則的圓形開口，開口內有黑色的筆跡，寫著「I am not here」。開口的邊緣是黑色的，開口的邊緣和牆壁之間有一條細長的黑色線條。開口的邊緣和牆壁之間有一條細長的黑色線條。"
origin_dataset/IMG20220220162832.jpg,"1. 一場室內展覽，觀眾圍坐在大型投影屏幕前，屏幕展示的是巴黎街景，人們撐著雨傘，背景是古典建築和街燈，畫面細膩，色彩柔和，呈現出一種靜謐的氛圍。

2. 展覽場地內，觀眾席上坐滿了人，他們靜靜地觀看前方的投影，投影上是巴黎的街景，人們撐著雨傘，街道兩旁是古典建築，燈光柔和，呈現出一種古典而寧靜的氛圍。

3. 展覽空間內，觀眾圍坐在投影屏幕前，屏幕顯示的是巴黎街景，人們撐著雨傘，背景是古典建築和街燈，畫面細膩，色彩柔和，呈現出一種靜謐而古典的氛圍。"
origin_dataset/IMG20220220160957.jpg,"1. 這張照片展示了一個室內展覽場景，兩塊大屏幕顯示著波濤洶涌的海面畫面。畫面中，海浪翻騰，波峰疊起，白色的浪花在海面上閃耀。畫面的色彩以藍色為主，表現出海洋的深邃與廣闊。觀眾站在屏幕前，似乎在觀賞這幅壯麗的海景畫。

2. 展覽場地內，兩塊巨大的屏幕並排展示，屏幕上播放著海浪翻騰的動畫。畫面中的海浪波動起伏，白色的浪花在海面上閃耀。觀眾站在屏幕前，專注地觀看這幅動態的海景畫。

3. 這張照片捕捉到了一個室內展覽的場景，兩塊大屏幕顯示著海浪翻騰的動畫。畫面中的海浪波動起伏，白色的浪花在海面上閃耀。觀眾站在屏幕前，專注地觀看這幅動態的海景畫。背景的燈光柔和，突顯出畫面的動感與壯麗。"
origin_dataset/20240604_074140.jpg,"1. 這張照片展示了一個標有「COMPUTEX TAIPEI」的入口，日期為2024年6月4日至7日，地點為TaiNEX 1 & 2。入口上方有一塊大招牌，上面寫著「Main Entrance」，並標明了入口號碼「1」。招牌的顏色為粉紅、藍色和黑色，設計風格現代，背景為玻璃門，門前有幾株綠植裝飾。

2. 照片中可以看到COMPUTEX TAIPEI的入口處，入口上方的招牌上寫著「COMPUTEX TAIPEI」，日期為2024年6月4日至7日，地點為TaiNEX 1 & 2。招牌下方有一塊大招牌，上面寫著「Main Entrance」，並標明了入口號碼「1」。招牌的顏色為粉紅、藍色和黑色，設計風格現代，背景為玻璃門，門前有幾株綠植裝飾。

3. 這張照片捕捉到了COMPUTEX TAIPEI的入口，日期為2024年6月4日至7日，地點為TaiNEX 1 & 2。入口上方的招牌上寫著「COMPUTEX TAIPEI」，日期為2024年6月4日至7日，地點為TaiNEX 1 & 2。招牌下方有一塊大招牌，上面寫著「Main Entrance」，並標明了入口號碼「1」。招牌的顏色為粉紅、藍色和黑色，設計風格現代，背景為玻璃門，門前有幾株綠植裝飾。"
origin_dataset/IMG20220220155052.jpg,"1. 這張圖片展示了一個展覽的場景，背景是黑色的牆面，牆面上有兩塊顯示屏。左側的顯示屏上有一幅抽象的畫作，畫面以綠色為主，帶有橙色的斑點。右側的顯示屏上則是一幅人物的畫作，人物的臉部被模糊處理，只顯示了身體的一部分。畫作的顏色以綠色和藍色為主，帶有橙色的斑點。在右側的顯示屏下方，有一段英文和中文的字幕，英文寫道：“Art is about emotion; if art needs to be explained, it is no longer art.” 中文則是對應的翻譯。在左側的顯示屏下方，同樣有一段英文和中文的字幕，英文寫道：“Pierre-Auguste Renoir”，中文則是對應的翻譯。

2. 展覽場景的背景是黑色的牆面，牆面上有兩塊顯示屏。左側的顯示屏上有一幅抽象的畫作，畫面以綠色為主，帶有橙色的斑點。右側的顯示屏上則是一幅人物的畫作，人物的臉部被模糊處理，只顯示了身體的一部分。畫作的顏色以綠色和藍色為主，帶有橙色的斑點。在右側的顯示屏下方，有一段英文和中文的字幕，英文寫道：“Art is about emotion; if art needs to be explained, it is no longer art.” 中文則是對應的翻譯。在左側的顯示屏下方，同樣有一段英文和中文的字幕，英文寫道：“Pierre-Auguste Renoir”，中文則是對應的翻譯。

3. 展覽場景的背景是黑色的牆面，牆面上有兩塊顯示屏。左側的顯示屏上有一幅抽象的畫作，畫面以綠色為主，帶有橙色的斑點。右側的顯示屏上則是一幅人物的畫作，人物的臉部被模糊處理，只顯示了身體的一部分。畫作的顏色以綠色和藍色為主，帶有橙色的斑點。在右側的顯示屏下方，有一段英文和中文的字幕，英文寫道：“Art is about emotion; if art needs to be explained, it is no longer art.” 中文則是對應的翻譯。在左側的顯示屏下方，同樣有一段英文和中文的字幕，英文寫道：“Pierre-Auguste Renoir”，中文則是對應的翻譯。"
origin_dataset/IMG_20210429_133522_833.jpg,"1. 這張照片中，一個人穿着畢業袍，背景是公園，有樹木和綠色的草地。畢業袍的領口是黃色的，上面有紅色的圖案。照片的上半部分有一些心形的圖案。

2. 這張照片展示了一位穿著畢業袍的人，背景是公園，可以看到樹木和綠色的草地。畢業袍的領口是黃色的，上面有紅色的圖案。照片的上半部分有一些心形的圖案。

3. 這張照片中，一個人穿著畢業袍，背景是公園，有樹木和綠色的草地。畢業袍的領口是黃色的，上面有紅色的圖案。照片的上半部分有一些心形的圖案。"
origin_dataset/20230731_151403.jpg,"1. 一束陽光穿透樹葉，形成斑斕的光線，散發出溫暖的光芒，樹葉在微風中輕輕搖曳，綠意盎然，遠處建築的屋頂若隱若現。

2. 树冠茂密，葉片在微風中輕擺，陽光從樹葉間透出，形成光斑，散發出柔和的光線，遠處建築的屋頂在樹冠後若隱若現。

3. 树冠繁茂，葉片在微風中輕搖，陽光從樹葉間透出，形成光斑，散發出溫暖的光芒，遠處建築的屋頂在樹冠後若隱若現。"
origin_dataset/IMG20220220163251.jpg,"1. 一羣人在觀看一場大型的投影藝術展覽，場地內設有三塊巨大的屏幕，屏幕上展示著一幅幅色彩豔麗的畫作，畫面中是威尼斯的風景，天空被渲染成黃橙色，水面上散發著柔和的光澤，遠處的建築物在薄霧中若隱若現，觀眾們圍坐在屏幕前，靜靜地欣賞這場視覺盛宴。

2. 在一個寬敞的展覽空間內，數十位觀眾圍坐在三塊巨大的屏幕前，屏幕上的畫作是威尼斯的風景，天空被渲染成黃橙色，水面上散發著柔和的光澤，遠處的建築物在薄霧中若隱若現。觀眾們靜靜地觀看，沉浸於這場視覺藝術的饗宴之中。

3. 一場大型的投影藝術展覽在一個寬敞的展覽空間內舉行，場地內設有三塊巨大的屏幕，屏幕上展示著一幅幅色彩豔麗的畫作，畫面中是威尼斯的風景，天空被渲染成黃橙色，水面上散發著柔和的光澤，遠處的建築物在薄霧中若隱若現。觀眾們圍坐在屏幕前，靜靜地欣賞這場視覺盛宴。"
origin_dataset/20230826_150807.jpg,"1. 這張照片展示了一座現代化的橋樑，橋樑上有多條道路，橋樑下方是綠意盎然的河岸，兩側有茂密的樹木和草地。遠處可以看到城市的建築群，天空湛藍，雲朵稀疏，整體景色非常宜人。

2. 照片中有一座大型的橋樑，橋樑上有數條道路，橋樑下方是清澈的河流，兩側是綠色的植被和草地。背景中可以看到城市的建築，天空藍色，雲朵散佈，景色非常美麗。

3. 這張照片捕捉到了一個現代化的橋樑，橋樑上有幾條道路，橋樑下方是綠色的河岸，兩側有茂密的樹木和草地。遠處的城市建築群清晰可見，天空湛藍，雲朵稀疏，整體景色非常宜人。"
origin_dataset/IMG20220317150106.jpg,"1. 海浪拍打著海岸，激起白色的浪花。遠處的島嶼在薄霧中若隱若現，天空陰沉，雲層厚重，海面波濤洶涌。

2. 黑色的沙灘上，海浪不斷地拍打著，激起細小的泡沫。遠處的島嶼隱約可見，天空灰暗，雲層密布，海面波浪不斷起伏。

3. 黑色的沙灘上，海浪不斷拍打著，激起白色的浪花。遠處的島嶼在薄霧中若隱若現，天空陰沉，雲層厚重，海面波濤洶涌。"
origin_dataset/IMG_20180727_111842_041.jpg,"1. 一輛紅色的杜卡迪機車停放在室內展示場，機車前部的擋風玻璃和車把清晰可見。機車後方有兩位顧客，一位穿著黑色上衣和牛仔褲，另一位穿著紅色上衣和黑色褲子。背景牆上掛有杜卡迪的標誌和一些相關的展示板。

2. 室內展示場內，一輛紅色的杜卡迪機車被展示在前方，機車的設計流線型，前擋風玻璃和車把設計顯得非常現代。機車後方有兩位顧客，一位穿著黑色上衣和牛仔褲，另一位穿著紅色上衣和黑色褲子。背景牆上掛有杜卡迪的標誌和一些相關的展示板。

3. 一輛紅色的杜卡迪機車停放在室內展示場，機車前部的擋風玻璃和車把清晰可見。機車後方有兩位顧客，一位穿著黑色上衣和牛仔褲，另一位穿著紅色上衣和黑色褲子。背景牆上掛有杜卡迪的標誌和一些相關的展示板。"
origin_dataset/IMG20220317145537.jpg,"1. 這張照片展示了一片海景，海浪輕柔地拍打着海岸。天空陰沉，雲層密布，給整體的氛圍帶來了一種沉靜而略顯憂鬱的感覺。海邊有兩個人，他們站在淺水中，似乎在享受海風和海浪的觸摸。遠處可以看到一些建築物的輪廓，可能是燈塔或碼頭，為這片海景增添了一絲遠方的景緻。

2. 照片中，海浪輕柔地拍打著海岸，天空陰沉，雲層密布，給整體的氛圍帶來了一種沉靜而略顯憂鬱的感覺。海邊有兩個人，他們站在淺水中，似乎在享受海風和海浪的觸摸。遠處可以看到一些建築物的輪廓，可能是燈塔或碼頭，為這片海景增添了一絲遠方的景緻。海浪輕柔地拍打著海岸，天空陰沉，雲層密布，給整體的氛圍帶來了一種沉靜而略顯憂鬱的感覺。

3. 這張照片捕捉到了一片海景，海浪輕柔地拍打着海岸。天空陰沉，雲層密布，給整體的氛圍帶來了一種沉靜而略顯憂鬱的感覺。海邊有兩個人，他們站在淺水中，似乎在享受海風和海浪的觸摸。遠處可以看到一些建築物的輪廓，可能是燈塔或碼頭，為這片海景增添了一絲遠方的景緻。海浪輕柔地拍打著海岸，天空陰沉，雲層密布，給整體的氛圍帶來了一種沉靜而略顯憂鬱的感覺。"
origin_dataset/IMG_20210801_143018_964.jpg,"1. 這張圖展示了一個掃描電路的操作原理圖。圖中包含多個電路元件，如T1、T2、T3等，以及時鐘信號CK1、CK2、CK3等。圖右側的波形圖顯示了各個時鐘信號的波形變化，並標註了S1和S2的輸出狀態。圖中還標註了CK4、CK1、CK2、CK3、CK5等時鐘信號的波形變化，以及S1和S2的輸出狀態。圖中還標註了CK4、CK1、CK2、CK3、CK5等時鐘信號的波形變化，以及S1和S2的輸出狀態。

2. 圖中顯示了一個掃描電路的操作原理圖，包含多個電路元件，如T1、T2、T3等，以及時鐘信號CK1、CK2、CK3等。圖右側的波形圖顯示了各個時鐘信號的波形變化，並標註了S1和S2的輸出狀態。圖中還標註了CK4、CK1、CK2、CK3、CK5等時鐘信號的波形變化，以及S1和S2的輸出狀態。

3. 圖中展示了一個掃描電路的操作原理圖，包含多個電路元件，如T1、T2、T3等，以及時鐘信號CK1、CK2、CK3等。圖右側的波形圖顯示了各個時鐘信號的波形變化，並標註了S1和S2的輸出狀態。圖中還標註了CK4、CK1、CK2、CK3、CK5等時鐘信號的波形變化，以及S1和S2的輸出狀態。"
origin_dataset/20230814_170046.jpg,"1. 一幢高樓建築矗立在晴朗的藍天之下，建築的外牆是淺色的，窗戶排列整齊，建築的頂部有幾層陽台。建築的右側有一棵茂盛的樹木，樹葉在微風中輕輕搖曳。天空中散佈著幾朵蓬鬆的雲朵，雲朵在藍天的映襯下顯得格外鮮明。

2. 高樓建築的頂部有幾層陽台，建築的外牆是淺色的，窗戶排列整齊。建築的右側有一棵茂盛的樹木，樹葉在微風中輕輕搖曳。天空中散佈著幾朵蓬鬆的雲朵，雲朵在藍天的映襯下顯得格外鮮明。建築的頂部有幾層陽台，建築的外牆是淺色的，窗戶排列整齊。

3. 一幢高樓建築矗立在晴朗的藍天之下，建築的外牆是淺色的，窗戶排列整齊，建築的頂部有幾層陽台。建築的右側有一棵茂盛的樹木，樹葉在微風中輕輕搖曳。天空中散佈著幾朵蓬鬆的雲朵，雲朵在藍天的映襯下顯得格外鮮明。建築的頂部有幾層陽台，建築的外牆是淺色的，窗戶排列整齊。"
origin_dataset/IMG20220304151308.jpg,"1. 這是一張展示了一條林蔭小道的照片。小道兩旁種植了高大的棕櫚樹和松樹，樹蔭下鋪設了水泥路。路的盡頭可以看到一些建築物，建築物的牆壁是淺色的，窗戶排列整齊。路邊還設有燈柱，燈柱上掛有燈泡。路的兩側是綠色的草地，草地上散落著一些樹葉。天空晴朗，陽光從樹葉間照射下來，形成斑斕的光影效果。

2. 這張照片捕捉到了一個公園的場景。公園內有一條筆直的小路，兩旁是茂盛的樹木，包括高大的棕櫚樹和常綠的松樹。小路兩側的樹蔭下，鋪設了水泥路面，路邊設有燈柱，燈柱上掛有燈泡。遠處可以看到一些建築物，建築物的牆壁是淺色的，窗戶排列整齊。公園內的草地綠意盎然，散落著一些樹葉。天空晴朗，陽光從樹葉間照射下來，形成斑斕的光影效果。

3. 這張照片展示了一個公園的景觀。公園內有一條小路，兩旁種植了高大的棕櫚樹和松樹，樹蔭下鋪設了水泥路。路邊設有燈柱，燈柱上掛有燈泡。遠處可以看到一些建築物，建築物的牆壁是淺色的，窗戶排列整齊。公園內的草地綠意盎然，散落著一些樹葉。天空晴朗，陽光從樹葉間照射下來，形成斑斕的光影效果。"
origin_dataset/20240725_184212.jpg,"1. 夕陽西下，天空漸漸轉為深藍色，遠處的山峰在薄霧中若隱若現。近處的建築物在燈光的照耀下顯得溫馨而安靜，電線和建築構件構成了一幅現代與自然交融的圖景。

2. 夕陽的餘暉散落在建築的屋頂上，反射出柔和的黃色光芒。遠處的山峰在薄霧中若隱若現，天空漸漸轉為深藍色。近處的建築物在燈光的照耀下顯得溫馨而安靜，電線和建築構件構成了一幅現代與自然交融的圖景。

3. 夕陽西下，天空漸漸轉為深藍色，遠處的山峰在薄霧中若隱若現。近處的建築物在燈光的照耀下顯得溫馨而安靜，電線和建築構件構成了一幅現代與自然交融的圖景。遠處的山峰在薄霧中若隱若現，天空漸漸轉為深藍色。"
origin_dataset/IMG_20200627_205454_531.jpg,"1. 海邊的夕陽，金色的陽光灑在海面上，波光粼粼。天空中雲彩綿綿，散發出柔和的藍色調。海邊有幾個人在戲水，享受著這份寧靜與美好。

2. 夕陽西下，海邊的沙灘上散落著幾個人影，他們或坐或站，靜靜地看著海浪拍打著海岸。天空中雲層稀疏，陽光從雲隙中透出，形成一道道光束，灑在海面上，形成美麗的光線效果。

3. 海邊的夕陽，金色的陽光灑在海面上，波光粼粼。天空中雲彩綿綿，散發出柔和的藍色調。海邊有幾個人在戲水，享受著這份寧靜與美好。海浪輕輕拍打著海岸，沙灘上散落著幾個人影，他們或坐或站，靜靜地看著海浪拍打著海岸。天空中雲層稀疏，陽光從雲隙中透出，形成一道道光束，灑在海面上，形成美麗的光線效果。"
origin_dataset/IMG20220313134822.jpg,"1. 一望無際的稻田，綠意盎然，田間的電線杆和電線橫跨在天空之下，遠處是連綿起伏的山丘，山頂被薄薄的雲霧籠罩，天空中雲層稀疏，散發出寧靜的氣氛。

2. 綠色的稻田延伸至遠處的山丘，山丘上植被茂盛，山腳下是幾棟建築，電線杆和電線在田間橫跨，天空中雲層稀疏，散發出寧靜的氣氛。

3. 綠意盎然的稻田，田間的電線杆和電線橫跨在天空之下，遠處是連綿起伏的山丘，山頂被薄薄的雲霧籠罩，天空中雲層稀疏，散發出寧靜的氣氛。"
origin_dataset/20230721_092618.jpg,"1. 一輛車從路邊的服務站駛過，服務站的標誌上寫著「東莞城市服務工作站」，指示牌上還有「DONGGUAN CITY SERVICE STATION」的英文字樣。服務站周圍有幾輛貨車停靠，遠處可以看到高大的電塔和藍天白雲。

2. 路邊的服務站前有一塊指示牌，上面寫著「東莞城市服務工作站」，指示牌旁邊有幾輛貨車停靠。服務站的建築物後方有幾棵樹，遠處可以看到高大的電塔和藍天白雲。

3. 一輛車駛過東莞城市服務工作站，服務站的標誌上寫著「東莞城市服務工作站」，指示牌上還有「DONGGUAN CITY SERVICE STATION」的英文字樣。服務站前有幾輛貨車停靠，遠處可以看到高大的電塔和藍天白雲。"
origin_dataset/IMG20220313132710.jpg,"1. 一片廣闊的稻田，綠意盎然，遠處是連綿起伏的山丘，山頂被雲霧籠罩，天空湛藍，幾朵蓬鬆的雲朵悠然漂浮。

2. 稻田中間有一道水泥溝渠，兩側是茂盛的稻苗，遠處山丘上綠樹成蔭，山頂被厚重的雲層覆蓋，天空清澈，幾朵雲朵散落在藍天之上。

3. 稻田廣闊，稻苗翠綠，遠處山丘層疊，山頂被雲霧籠罩，天空湛藍，幾朵蓬鬆的雲朵悠然漂浮。"
origin_dataset/1798825_632069336892892_5726743375680499196_n(1)(1).jpg,"1. 一群年輕人圍坐在一起，似乎在進行一項活動或討論。他們的表情看起來很專注，可能是在進行一場遊戲或團隊協作。背景中可以看到牆壁上掛著一些海報和公告，顯示這可能是在學校或社區中心的場所。

2. 一羣年輕人聚集在一起，似乎在進行一項活動。他們的姿態和表情顯示出他們正在積極參與，可能是在進行一場遊戲或討論。背景中的牆壁上掛著海報和公告，顯示這可能是在學校或社區中心的場所。

3. 一群年輕人圍坐在一起，似乎在進行一項活動或討論。他們的表情看起來很專注，可能是在進行一場遊戲或團隊協作。背景中可以看到牆壁上掛著一些海報和公告，顯示這可能是在學校或社區中心的場所。"
origin_dataset/11057253_632081633558329_993917020017315026_n(1)(1).jpg,"1. 兩位女性在室內活動，其中一位正在用氣球製作工具製作氣球造型。她們站在一張桌子旁，桌子上有幾個已經完成的氣球造型。背景中可以看到一扇大窗戶，窗戶旁邊有一張桌子，上面放著一些氣球和工具。牆壁是淺藍色的，地板是淺色的。牆壁上有一個小黑板，上面寫著一些字。牆壁上還有一個開關和一個插座。

2. 一位女性正在指導另一位女性製作氣球造型。她們站在室內，背景中有一扇大窗戶。牆壁是淺藍色的，地板是淺色的。牆壁上有一個小黑板，上面寫著一些字。牆壁上還有一個開關和一個插座。桌子上放著幾個已經完成的氣球造型，還有一些氣球和製作工具。牆壁上有一個小黑板，上面寫著一些字。牆壁上還有一個開關和一個插座。

3. 兩位女性在室內活動，其中一位正在指導另一位女性製作氣球造型。她們站在一張桌子旁，桌子上放著幾個已經完成的氣球造型，還有一些氣球和製作工具。背景中可以看到一扇大窗戶，窗戶旁邊有一張桌子，上面放著一些氣球和工具。牆壁是淺藍色的，地板是淺色的。牆壁上有一個小黑板，上面寫著一些字。牆壁上還有一個開關和一個插座。"
origin_dataset/1549433831282.jpg,"1. 一組五人與兩隻狗在鄉間小路上合影。他們站在一棟紅色建築物前，背景是綠樹和電線杆。五人中，兩位男性和三位女性，都面帶微笑。他們的服裝風格各異，從休閒到運動裝都有。其中一位女性手持一袋水果，包括芒果和蘋果。兩隻狗一隻是黑色，另一隻是棕色，都站在他們的身邊。

2. 五人與兩隻狗在鄉間小路上合影。他們站在一棟紅色建築物前，背景是綠樹和電線杆。五人中，兩位男性和三位女性，都面帶微笑。他們的服裝風格各異，從休閒到運動裝都有。其中一位女性手持一袋水果，包括芒果和蘋果。兩隻狗一隻是黑色，另一隻是棕色，都站在他們的身邊。

3. 五人與兩隻狗在鄉間小路上合影。他們站在一棟紅色建築物前，背景是綠樹和電線杆。五人中，兩位男性和三位女性，都面帶微笑。他們的服裝風格各異，從休閒到運動裝都有。其中一位女性手持一袋水果，包括芒果和蘋果。兩隻狗一隻是黑色，另一隻是棕色，都站在他們的身邊。"
origin_dataset/20240129_151527.jpg,"1. 一望無際的黃花田，花海中散落著幾棵紅色的櫻花樹，遠處是綠意盎然的山丘，山丘上種植著茂密的樹木，天空湛藍，陽光普照，整體景色非常美麗。

2. 一片廣闊的黃花田，田間散落著幾棵紅色的櫻花樹，遠處是綠色的山丘，山丘上佈滿了茂密的樹木，天空晴朗，陽光照射在花田上，景色非常宜人。

3. 一片廣闊的黃花田，田間散落著幾棵紅色的櫻花樹，遠處是綠色的山丘，山丘上佈滿了茂密的樹木，天空湛藍，陽光普照，整體景色非常美麗。"
origin_dataset/20240506_223753.jpg,"1. 這張照片展示了一座高聳的建築，夜晚時分，建築的頂部和側面被燈光點綴，呈現出鮮豔的紅色和白色光線。建築的頂部有一個突出的紅色燈光裝置，與建築的白色燈光形成鮮明對比。建築的周圍環境較暗，但可以看到一些樹木和建築物的輪廓，顯示出城市夜景的氛圍。

2. 照片中，一棟高大的建築在夜間被燈光裝飾，建築的頂部和側面閃爍著紅色和白色的光線。建築的頂部有一個紅色的燈光裝置，與建築的白色燈光形成鮮明對比。建築的周圍環境較暗，但可以看到一些樹木和建築物的輪廓，顯示出城市夜景的氛圍。

3. 這張照片捕捉到了一棟高聳的建築在夜晚的景象，建築的頂部和側面被紅色和白色的燈光點綴。建築的頂部有一個突出的紅色燈光裝置，與建築的白色燈光形成鮮明對比。建築的周圍環境較暗，但可以看到一些樹木和建築物的輪廓，顯示出城市夜景的氛圍。"
origin_dataset/20230912_151047.jpg,"1. 藍天白雲，天空清澈，雲朵輕盈飄浮，建築物的屋頂和綠樹成蔭的樹木在畫面右側顯現，街道燈和交通鏡頭在畫面下方。

2. 雲層稀疏，天空湛藍，建築物的藍色屋頂和綠色樹葉在畫面右側，街道燈和交通鏡頭在畫面下方，樹木茂盛，環境清幽。

3. 藍天為背景，白雲飄浮，建築物的屋頂和綠樹在畫面右側，街道燈和交通鏡頭在畫面下方，環境明亮，自然與城市景觀相得益彰。"
origin_dataset/IMG20200328135446.jpg,"1. 這是一座現代風格的建築，外牆塗成純白，窗戶採用簡潔的長方形設計，窗戶下方有淺色的窗簾。建築的牆面有幾處不規則的凹凸，可能是建築材料的自然特徵。建築的頂部有一個鐵製的欄杆，欄杆下方有一個小門，門框為紅色。建築的前方有一塊水泥地，地面上散落著一些石子和雜草。

2. 這座建築的外觀非常簡潔，以白色為主調，窗戶和門框的顏色與建築的主體形成鮮明對比。建築的牆面有幾處不規則的凹凸，可能是建築材料的自然特徵。建築的頂部有一個鐵製的欄杆，欄杆下方有一個小門，門框為紅色。建築的前方有一塊水泥地，地面上散落著一些石子和雜草。

3. 這座建築的外牆塗成純白，窗戶採用簡潔的長方形設計，窗戶下方有淺色的窗簾。建築的牆面有幾處不規則的凹凸，可能是建築材料的自然特徵。建築的頂部有一個鐵製的欄杆，欄杆下方有一個小門，門框為紅色。建築的前方有一塊水泥地，地面上散落著一些石子和雜草。建築的設計風格簡潔現代，適合現代都市的環境。"
origin_dataset/received_947869521980498(1)(1).jpeg,"1. 這是一塊刻有漢字的石碑，位於一個公園或紀念地點。石碑的底座由磚塊構成，石碑本身則是直立的長方形，上面刻有四個漢字。背景中可以看到樹木和一些建築物，顯示出這是一個開放的空間。石碑的周圍鋪設了磚塊地面，並有一條小路通向石碑。在石碑的右側，有一個穿著淺色衣服的人站在那裡。

2. 石碑位於一個公園或紀念地點，周圍有樹木和建築物。石碑的底座由磚塊構成，石碑本身是直立的長方形，上面刻有四個漢字。石碑的周圍鋪設了磚塊地面，並有一條小路通向石碑。在石碑的右側，有一個穿著淺色衣服的人站在那裡。背景中可以看到樹木和一些建築物。

3. 這是一塊刻有漢字的石碑，位於一個公園或紀念地點。石碑的底座由磚塊構成，石碑本身是直立的長方形，上面刻有四個漢字。石碑的周圍鋪設了磚塊地面，並有一條小路通向石碑。在石碑的右側，有一個穿著淺色衣服的人站在那裡。背景中可以看到樹木和一些建築物。"
origin_dataset/IMG20200218150331.jpg,"1. 一張照片中，天空湛藍，幾片樹葉在風中輕擺，遠處有一座高樓，樓頂有一根高高的天線，天空中有一條細長的飛機雲。

2. 照片中，樹葉在微風中搖曳，天空清澈無雲，遠處的高樓頂部有一根天線，天空中有一條細長的飛機雲。

3. 一張照片中，樹葉在微風中輕擺，天空湛藍，遠處有一座高樓，樓頂有一根高高的天線，天空中有一條細長的飛機雲。"
origin_dataset/line_1526722408801.jpg,"1. 一張照片展示了一座橋樑，橋樑的欄杆有些斑駁，顯示出一些鏽蝕的痕跡。橋樑下方是一片綠色的草地，草地上有一些雜草和樹木。背景中可以看到遠處的山丘和一些電塔，天空湛藍，雲朵稀疏。

2. 照片中有一座橋樑，橋樑的欄杆已經有些破舊，表面有明顯的鏽蝕和斑駁。橋樑下方是一片開闊的草地，草地上散落著一些雜草和樹木。遠處可以看到山丘和電塔，天空晴朗，雲朵稀少。

3. 這張照片捕捉到了一處橋樑的場景，橋樑的欄杆已經顯露出鏽蝕的跡象，表面斑駁不整。橋樑下方是一片草地，草地上有雜草和樹木。背景中可以看到遠處的山丘和電塔，天空藍色，雲朵稀疏。"
origin_dataset/IMG20200628144453.jpg,"1. 這是一尊阿波羅（福玻斯）的雕像，雕像位於一個公園內，背景是藍天和一些建築。雕像的底座上刻有中文和英文的銘文，說明了雕像的名稱和阿波羅的神祇特徵。雕像的造型優美，表現了古希臘神話中的阿波羅形象，他手持弓箭，頭戴桂冠，雙臂伸展，神態自信。

2. 雕像位於一個開放的空間，背景是清澈的藍天和一些建築，遠處還可以看到綠樹成蔭。雕像的底座上刻有中文和英文的銘文，說明了雕像的名稱和阿波羅的神祇特徵。阿波羅的雕像表現了古希臘神話中的形象，他手持弓箭，頭戴桂冠，雙臂伸展，神態自信，是光明、知識、音樂、詩歌與神諭的主宰者。

3. 雕像位於一個公園內，背景是藍天和一些建築，遠處還可以看到綠樹成蔭。雕像的底座上刻有中文和英文的銘文，說明了雕像的名稱和阿波羅的神祇特徵。阿波羅的雕像表現了古希臘神話中的形象，他手持弓箭，頭戴桂冠，雙臂伸展，神態自信，是光明、知識、音樂、詩歌與神諭的主宰者。雕像的造型優美，表現了古希臘神話中的阿波羅形象，他手持弓箭，頭戴桂冠，雙臂伸展，神態自信。"
origin_dataset/20230720_191219.jpg,"1. 這間餐廳的裝潢採用傳統日式風格，牆壁上掛有寫有日文的木牌，燈籠上也寫有日文，營造出濃厚的日本文化氛圍。餐廳內部的裝飾以木製為主，牆壁和天花板都採用木質材料，營造出溫馨的用餐環境。餐廳內的燈光柔和，燈籠的光線從天花板上照射下來，給整個空間帶來了溫暖的氛圍。餐廳的門口處有一塊寫有日文的招牌，門口處還掛有一個紅色的燈籠，上面寫有日文，營造出濃厚的日本文化氛圍。

2. 這間餐廳的裝潢採用傳統日式風格，牆壁上掛有寫有日文的木牌，燈籠上也寫有日文，營造出濃厚的日本文化氛圍。餐廳內部的裝飾以木製為主，牆壁和天花板都採用木質材料，營造出溫馨的用餐環境。餐廳內的燈光柔和，燈籠的光線從天花板上照射下來，給整個空間帶來了溫暖的氛圍。餐廳的門口處有一塊寫有日文的招牌，門口處還掛有一個紅色的燈籠，上面寫有日文，營造出濃厚的日本文化氛圍。

3. 這間餐廳的裝潢採用傳統日式風格，牆壁上掛有寫有日文的木牌，燈籠上也寫有日文，營造出濃厚的日本文化氛圍。餐廳內部的裝飾以木製為主，牆壁和天花板都採用木質材料，營造出溫馨的用餐環境。餐廳內的燈光柔和，燈籠的光線從天花板上照射下來，給整個空間帶來了溫暖的氛圍。餐廳的門口處有一塊寫有日文的招牌，門口處還掛有一個紅色的燈籠，上面寫有日文，營造出濃厚的日本文化氛圍。"
origin_dataset/IMG20220317140113.jpg,"1. 海浪輕撫著沙灘，激起白色的浪花，遠處的島嶼隱約可見，天空布滿了厚重的雲層，整體氛圍靜謐而肅穆。

2. 沙灘上散落著幾行腳印，海浪不斷拍打著海岸線，遠處的島嶼在薄霧中若隱若現，天空的陰沉為整幅畫面增添了一絲冷靜的氣息。

3. 沙灘上留下幾道清晰的足跡，海浪輕柔地拍打著海岸，遠處的島嶼在薄霧中隱約可見，天空的陰沉為整幅畫面帶來了一絲肅穆的氛圍。"
origin_dataset/IMG_20180521_111312_024.jpg,"1. 一片廣闊的農田，土壤呈深紅色，種植著一些幼苗，遠處有樹木和電線杆，天空藍白相間，雲朵輕盈飄浮。

2. 一望無際的農地，土壤為深紅色，種植著幼苗，遠處樹木茂盛，電線杆隱約可見，天空中雲彩稀疏，藍天為背景。

3. 一片廣袤的農田，土壤為深紅色，種植著幼苗，遠處樹木茂密，電線杆隱約可見，天空藍白相間，雲朵輕盈飄浮。"
origin_dataset/IMG20220317144413.jpg,"1. 海灘上散落著幾位遊客，他們在沙灘上閒適地走動，享受著海風的輕拂。遠處的山丘被綠色植被覆蓋，山腳下有幾棟建築物，建築物後方的天空中雲層稀疏，散發出一種寧靜的氛圍。

2. 沙灘上散落著幾位遊客，他們在沙灘上閒適地走動，享受著海風的輕拂。遠處的山丘被綠色植被覆蓋，山腳下有幾棟建築物，建築物後方的天空中雲層稀疏，散發出一種寧靜的氛圍。海浪輕拍著海岸線，帶給人一種平靜的感覺。

3. 海灘上散落著幾位遊客，他們在沙灘上閒適地走動，享受著海風的輕拂。遠處的山丘被綠色植被覆蓋，山腳下有幾棟建築物，建築物後方的天空中雲層稀疏，散發出一種寧靜的氛圍。海浪輕拍著海岸線，帶給人一種平靜的感覺。沙灘上散落著幾隻海鳥，悠閒地在沙灘上覓食。"
origin_dataset/IMG20220316155637.jpg,"1. 這張照片展示了一個公園的景觀，公園內有一條蜿蜒的小路，兩旁是茂密的綠樹和草地。公園的邊緣有一個木製的長椅，供遊客休息。遠處可以看到一些建築物和山丘，山丘上有一些植被和建築。天空陰沉，雲層厚重，給整體的氛圍帶來了一種靜謐而略顯陰鬱的感覺。

2. 照片中，公園的景觀非常宜人，綠色的草地和茂密的樹木構成了主要的背景。公園內設有木製的長椅，供遊客在閒暇時坐下來休息。公園的邊緣有一條小路，通向遠處的山丘。山丘上有一些建築物，遠處還可以看到一些建築。天空陰沉，雲層厚重，給整體的氛圍帶來了一種靜謐而略顯陰鬱的感覺。

3. 這張照片捕捉到了一個公園的場景，公園內有一條小路，兩旁是茂盛的綠樹和草地。公園的邊緣設有木製的長椅，供遊客休息。遠處可以看到一些建築物和山丘，山丘上有一些植被和建築。天空陰沉，雲層厚重，給整體的氛圍帶來了一種靜謐而略顯陰鬱的感覺。"
origin_dataset/22826_632083630224796_2398483403754549932_n(1)(1).jpg,"1. 這張照片展示了一棟建築物的外牆，牆上有一排垂直排列的中文字樣，字體為金色，背景為白色磚塊。建築物的屋頂部分可以看到一些紅色的瓦片，牆壁上還有一個黑色的門口，門口上方有一塊金屬裝飾板，上面有圖案。牆壁的右側有一根電線垂下。

2. 這張照片中，一棟建築物的外牆上刻有金色的中文字樣，這些字樣垂直排列，背景是白色的磚塊。建築物的屋頂部分有紅色的瓦片，牆壁上還有一個黑色的門口，門口上方有一塊金屬裝飾板，上面有圖案。牆壁的右側有一根電線垂下。

3. 這張照片捕捉到了一棟建築物的外牆，牆上刻有金色的中文字樣，這些字樣垂直排列，背景是白色的磚塊。建築物的屋頂部分有紅色的瓦片，牆壁上還有一個黑色的門口，門口上方有一塊金屬裝飾板，上面有圖案。牆壁的右側有一根電線垂下。"
origin_dataset/IMG_20210527_221452_514.jpg,"1. 銀色的人特別喜歡銀色，每三個人中就有一個特別喜歡銀色。
2. 在別人眼中，銀色的人身上有與生俱來的高貴氣質。
3. 銀色的人舉手投足間優雅大方，自帶閃亮光環。"
origin_dataset/20231107_151933.jpg,"1. 天空布滿了細密的雲層，這些雲層在陽光的照射下呈現出柔和的白色調。遠處的建築物在雲層的映襯下顯得格外高大，建築的玻璃幕牆反射出周圍的環境，呈現出現代都市的特徵。

2. 空氣中瀰漫著一種寧靜的氛圍，天空的雲層在微風的吹拂下輕盈地漂浮著，遠處的建築物在這片雲海中若隱若現，建築的玻璃幕牆在陽光的照射下閃爍著微光，建築的外觀在這片天空下顯得格外現代和優雅。

3. 天空中的雲層細密而層疊，這些雲層在陽光的照射下呈現出柔和的白色調，遠處的建築物在這片雲海中顯得格外高大，建築的玻璃幕牆反射出周圍的環境，建築的外觀在這片天空下顯得格外現代和優雅。"
origin_dataset/20230721_092620.jpg,"1. 一輛黑色轎車停在路邊，車牌號碼為「粵B 3GM85」。車輛停在一個寬敞的停車場，停車場內有幾輛汽車停靠。停車場的邊緣有綠色的圍欄和一些樹木。遠處可以看到一些建築物和電力塔，天空晴朗，有幾朵雲朵漂浮在空中。

2. 一輛貨車駛過停車場，貨車上載有貨物。停車場內停有幾輛汽車，包括一輛白色轎車和一輛藍色貨車。停車場的邊緣有綠色的圍欄和一些樹木。遠處可以看到一些建築物和電力塔，天空晴朗，有幾朵雲朵漂浮在空中。

3. 一輛黑色轎車停在路邊，車牌號碼為「粵B 3GM85」。停車場內有幾輛汽車停靠，包括一輛白色轎車和一輛藍色貨車。停車場的邊緣有綠色的圍欄和一些樹木。遠處可以看到一些建築物和電力塔，天空晴朗，有幾朵雲朵漂浮在空中。"
origin_dataset/IMG20220316140951.jpg,"1. 這是一幅展示湖泊與周圍自然風景的圖片。湖水靜謐，反射著天空的陰沉雲彩。湖邊有綠色的草地和一些岩石，遠處可以看到茂密的樹木和遠山。天空布滿了厚重的雲層，給整幅畫面帶來了一種沉悶的氣氛。

2. 圖片中有一片湖泊，湖水清澈，反射出天空的陰沉雲彩。湖邊鋪設了石頭路，兩旁是茂盛的綠草和樹木。遠處可以看到一些建築物和遠山，天空中雲層厚重，給整幅畫面帶來了一種沉悶的氣氛。

3. 這張圖片展示了一片湖泊，湖水靜謐，反射著天空的陰沉雲彩。湖邊鋪設了石頭路，兩旁是茂盛的綠草和樹木。遠處可以看到一些建築物和遠山，天空中雲層厚重，給整幅畫面帶來了一種沉悶的氣氛。"
origin_dataset/12106800_901336399957156_5676767040655459742_n(1)(1).jpg,"1. 四位年輕人排成一列，手牽手，面向同一方向，似乎在進行一項團隊活動或遊戲。他們都穿着紅色的背心，背心上有一條黑色的邊緣，邊緣上有幾條細長的條紋。他們的頭上都繫著紅色的頭帶，頭帶上有白色的條紋。他們的腳步一致，顯得非常協調。背景中可以看到一扇玻璃門和一堵牆，牆上掛著一幅畫，畫中有一個穿著紅色衣服的人物。整體氛圍看起來很熱鬧，可能是在室內的活動場所。

2. 這張照片中有四個年輕人，他們排成一列，手牽手，面向同一方向。他們都穿著紅色的背心，背心上有黑色的邊緣和細長的條紋。頭上繫著紅色的頭帶，頭帶上有白色的條紋。他們的腳步一致，顯得非常協調。背景中可以看到一扇玻璃門和一堵牆，牆上掛著一幅畫，畫中有一個穿著紅色衣服的人物。整體氛圍看起來很熱鬧，可能是在室內的活動場所。

3. 四位年輕人排成一列，手牽手，面向同一方向，似乎在進行一項團隊活動或遊戲。他們都穿著紅色的背心，背心上有黑色的邊緣和細長的條紋。頭上繫著紅色的頭帶，頭帶上有白色的條紋。他們的腳步一致，顯得非常協調。背景中可以看到一扇玻璃門和一堵牆，牆上掛著一幅畫，畫中有一個穿著紅色衣服的人物。整體氛圍看起來很熱鬧，可能是在室內的活動場所。"
origin_dataset/IMG20220316162514.jpg,"1. 海灘上鋪滿了細小的黑色石子，遠處是波濤洶涌的海面，海浪拍打著海岸線。對岸有一座綠意盎然的小山丘，山丘上種滿了茂密的樹木，山頂有一座建築物。天空陰沉，雲層厚重，整體氣氛略顯陰鬱。

2. 這張照片展示了一片荒蕪的海灘，沙灘上散落著一些枯枝和石塊。海浪不斷拍打著海岸線，激起白色的浪花。對岸的山丘上長滿了綠樹，山頂有一棟建築物。天空布滿了厚重的雲層，整體環境略顯冷清。

3. 海灘上鋪滿了黑色的石子，遠處是波濤洶涌的海面，海浪不斷拍打著海岸線。對岸有一座綠意盎然的小山丘，山丘上種滿了茂密的樹木，山頂有一座建築物。天空陰沉，雲層厚重，整體氣氛略顯陰鬱。"
origin_dataset/20240208_234811.jpg,"1. 這是一間現代化的書店，內部裝潢以淺色為主，牆壁和地板均採用大理石紋理的材料，營造出高雅的氛圍。書架上擺放著各種類型的書籍，從文學到藝術，從歷史到科技，應有盡有。書店內還設有閱讀區，供顧客在舒適的環境中閱讀。書店的設計注重空間的利用，書架和展示櫃的排列井然有序，既方便顧客查找書籍，又不失美感。

2. 這間書店的內部裝潢採用現代簡約風格，牆壁和天花板均採用淺色木質材料，營造出溫馨的氛圍。書架上擺放著各種類型的書籍，從文學到藝術，從歷史到科技，應有盡有。書店內還設有閱讀區，供顧客在舒適的環境中閱讀。書店的設計注重空間的利用，書架和展示櫃的排列井然有序，既方便顧客查找書籍，又不失美感。

3. 這間書店的內部裝潢採用現代簡約風格，牆壁和天花板均採用淺色木質材料，營造出溫馨的氛圍。書架上擺放著各種類型的書籍，從文學到藝術，從歷史到科技，應有盡有。書店內還設有閱讀區，供顧客在舒適的環境中閱讀。書店的設計注重空間的利用，書架和展示櫃的排列井然有序，既方便顧客查找書籍，又不失美感。"
origin_dataset/IMG20211010212029.jpg,"1. 車牌號碼為3160-DQ，背景為白色，字體為黑色，車牌位於車尾部，車牌上方有車廠標誌，車尾燈亮起，車身為深色。

2. 車牌號碼為3160-DQ，車牌為白色底黑色字，車尾燈亮起，車身為深色，車尾部有車廠標誌，車牌號碼位於車尾部。

3. 車牌號碼為3160-DQ，車尾燈亮起，車身為深色，車尾部有車廠標誌，車牌為白色底黑色字，車牌號碼位於車尾部。"
origin_dataset/IMG20211206131004.jpg,"1. 一間紅色的小屋，位於空曠的停車場旁，周圍有綠樹環繞。小屋的屋頂是斜的，門窗是白色的，門窗上裝有玻璃。停車場的地面是灰色的水泥地，上面有白色的劃線。天空是藍色的，沒有雲彩。

2. 一間紅色的小屋，位於一個空曠的停車場旁邊。小屋的屋頂是斜的，門窗是白色的，門窗上裝有玻璃。停車場的地面是灰色的水泥地，上面有白色的劃線。周圍有綠樹環繞，天空是藍色的，沒有雲彩。

3. 一間紅色的小屋，位於一個空曠的停車場旁邊。小屋的屋頂是斜的，門窗是白色的，門窗上裝有玻璃。停車場的地面是灰色的水泥地，上面有白色的劃線。周圍有綠樹環繞，天空是藍色的，沒有雲彩。"
origin_dataset/1529165742324.jpg,"1. 這張照片捕捉了兩位年輕人站在草地上，背景是一座現代建築，建築的設計獨特，頂部有一個十字架。他們面帶微笑，雙手比出勝利的V字形，似乎在慶祝某個重要時刻。周圍有許多穿著畢業服的人，顯示這可能是一場畢業典禮。天空晴朗，陽光普照，整個場景充滿了歡樂和慶祝的氛圍。

2. 這張照片展示了兩位年輕人站在一起，背景是一座具有現代建築風格的建築，建築頂部有一個十字架。他們面帶微笑，雙手比出勝利的V字形，似乎在慶祝某個重要時刻。周圍有許多穿著畢業服的人，顯示這可能是一場畢業典禮。建築的設計獨特，頂部有一個十字架，背景的天空晴朗，陽光普照，整個場景充滿了歡樂和慶祝的氛圍。

3. 這張照片中，兩位年輕人站在草地上，背景是一座現代建築，建築頂部有一個十字架。他們面帶微笑，雙手比出勝利的V字形，似乎在慶祝某個重要時刻。周圍有許多穿著畢業服的人，顯示這可能是一場畢業典禮。建築的設計獨特，頂部有一個十字架，背景的天空晴朗，陽光普照，整個場景充滿了歡樂和慶祝的氛圍。"
origin_dataset/IMG_20211231_140529_097.jpg,"1. 這幅畫是一幅以鉛筆繪製的肖像畫，畫中人物為一位留有鬍鬚的男性。畫家通過細膩的筆觸表現出人物的面部特徵，包括濃密的眉毛、深邃的眼睛、挺拔的鼻樑以及鬍鬚的細節。畫作的背景簡單，突出了人物的面部特徵，整體風格簡潔而真實。

2. 這幅肖像畫採用鉛筆繪製，表現出一位留有鬍鬚的男性。畫家通過細膩的筆觸表現出人物的面部特徵，包括濃密的眉毛、深邃的眼睛、挺拔的鼻樑以及鬍鬚的細節。畫作的背景簡單，突出了人物的面部特徵，整體風格簡潔而真實。畫家在表現人物的神態時，注重細節，使得畫作具有真實感。

3. 這幅畫是一幅以鉛筆繪製的肖像畫，畫中人物為一位留有鬍鬚的男性。畫家通過細膩的筆觸表現出人物的面部特徵，包括濃密的眉毛、深邃的眼睛、挺拔的鼻樑以及鬍鬚的細節。畫作的背景簡單，突出了人物的面部特徵，整體風格簡潔而真實。畫家在表現人物的神態時，注重細節，使得畫作具有真實感。這幅畫作展示了畫家對人物特徵的精準捕捉和對細節的精緻表現。"
origin_dataset/Screenshot_2018-06-01-10-18-01.jpg,"1. 這張圖片展示了一條筆直的公路，兩側是茂密的森林和高聳的山峰。路的盡頭隱約可以看到一座高聳的山峰，天空陰沉，給整張圖片帶來了一種沉靜而莊嚴的氛圍。圖片下方有一段英文的鼓舞人心的名言，提醒人們在沉默中努力工作，讓成功成為一種聲音。

2. 圖片中是一條延伸至遠方的公路，兩側是茂密的樹林和高聳的山峰。天空陰沉，給整張圖片帶來了一種沉靜而莊嚴的氛圍。圖片下方有一段英文的鼓舞人心的名言，提醒人們在沉默中努力工作，讓成功成為一種聲音。

3. 這張圖片展示了一條筆直的公路，兩側是茂密的森林和高聳的山峰。路的盡頭隱約可以看到一座高聳的山峰，天空陰沉，給整張圖片帶來了一種沉靜而莊嚴的氛圍。圖片下方有一段英文的鼓舞人心的名言，提醒人們在沉默中努力工作，讓成功成為一種聲音。"
origin_dataset/IMG_20200517_125439_267.jpg,"1. 一張餐廳的桌面上，擺放著一雙黑色筷子、一個透明玻璃杯和一個白色陶瓷碗。碗中似乎裝有白色的紙巾。桌面上還有一張黑色的餐巾紙，上面寫有金色的字。桌面上的燈光柔和，投射出柔和的影子。

2. 桌面上有一雙黑色筷子、一個透明玻璃杯和一個白色陶瓷碗。碗中似乎裝有白色的紙巾。桌面上還有一張黑色的餐巾紙，上面寫有金色的字。桌面上的燈光柔和，投射出柔和的影子。桌面上的餐具和裝飾看起來非常乾淨和整齊。

3. 一張餐廳的桌面上，擺放著一雙黑色筷子、一個透明玻璃杯和一個白色陶瓷碗。碗中似乎裝有白色的紙巾。桌面上還有一張黑色的餐巾紙，上面寫有金色的字。桌面上的燈光柔和，投射出柔和的影子。桌面上的餐具和裝飾看起來非常乾淨和整齊，給人一種舒適和高雅的用餐氛圍。"
origin_dataset/20231202_165325.jpg,"1. 夕陽西下，天空被染成橙黃色，電線在建築之間橫跨，形成錯綜複雜的網狀結構。建築物的窗戶和陽臺上掛滿了綠植，增添了一絲生機。電線杆上掛有各種電線和電表，顯示出城市的繁忙與複雜。

2. 一排排建築物在夕陽的照耀下顯得格外鮮明，窗戶和陽臺上掛滿了綠植，給建築增添了一絲綠意。電線在建築之間橫跨，形成錯綜複雜的網狀結構，電線杆上掛有各種電線和電表，顯示出城市的繁忙與複雜。

3. 夕陽西下，天空被染成橙黃色，電線在建築之間橫跨，形成錯綜複雜的網狀結構。建築物的窗戶和陽臺上掛滿了綠植，增添了一絲生機。電線杆上掛有各種電線和電表，顯示出城市的繁忙與複雜。"
origin_dataset/1535382544992_1.jpg,"1. 一位年輕男子坐在室內，頭戴一頂黑色棒球帽，帽檐朝前，帽上印有“Supreme”字樣。他身穿一件深色短袖T恤和淺色牛仔褲，手腕上戴著一塊黑色手錶。他雙手握著一部手機，似乎在看螢幕。背景中可以看到其他幾個人，他們坐在不同的位置，似乎在進行不同的活動。室內裝潢簡單，牆壁為淺色，地板為木質，燈光柔和。

2. 一位年輕男子坐在室內，頭戴一頂黑色棒球帽，帽檐朝前，帽上印有“Supreme”字樣。他身穿一件深色短袖T恤和淺色牛仔褲，手腕上戴著一塊黑色手錶。他雙手握著一部手機，似乎在看螢幕。背景中可以看到其他幾個人，他們坐在不同的位置，似乎在進行不同的活動。室內裝潢簡單，牆壁為淺色，地板為木質，燈光柔和。男子的姿態看起來很專注，似乎在思考或等待某件事情。

3. 一位年輕男子坐在室內，頭戴一頂黑色棒球帽，帽檐朝前，帽上印有“Supreme”字樣。他身穿一件深色短袖T恤和淺色牛仔褲，手腕上戴著一塊黑色手錶。他雙手握著一部手機，似乎在看螢幕。背景中可以看到其他幾個人，他們坐在不同的位置，似乎在進行不同的活動。室內裝潢簡單，牆壁為淺色，地板為木質，燈光柔和。男子的姿態看起來很專注，似乎在思考或等待某件事情。他身邊的環境看起來像是咖啡廳或休息區，有桌子和椅子，以及一些裝飾品。"
origin_dataset/20240518_174549.jpg,"1. 一位年輕男子，頭戴圓框眼鏡，身穿深藍色短袖上衣和綠色短褲，正在浴室鏡前自拍。他雙手舉起一部手機，鏡子反射出他側身的姿態。背景中可以看到浴室的牆面和門，門上掛有幾面小旗子，上面寫有「聖誕快樂」的字樣。

2. 一位年輕人，留有短髮，戴著圓形眼鏡，身穿深藍色T恤和綠色短褲，正在浴室鏡前自拍。他雙手舉起一部手機，鏡子反射出他側身的姿態。浴室牆面為白色方磚，門上掛有幾面小旗子，上面寫有「聖誕快樂」的字樣。

3. 一位年輕男子，頭戴圓框眼鏡，身穿深藍色短袖上衣和綠色短褲，正在浴室鏡前自拍。他雙手舉起一部手機，鏡子反射出他側身的姿態。浴室牆面為白色方磚，門上掛有幾面小旗子，上面寫有「聖誕快樂」的字樣。背景中還可以看到浴室的門和牆壁上的開關。"
origin_dataset/20230805_175716.jpg,"1. 一束陽光從樹叢間透射出來，形成一道光束，散發出溫暖的光芒。樹葉在微風中輕輕搖曳，綠色的葉片在陽光下閃耀，散發出寧靜的氛圍。

2. 樹木的枝幹粗壯，樹冠茂盛，陽光從樹葉間隙間透射出來，形成光斑。樹葉在微風中輕輕搖曳，散發出寧靜的氛圍，陽光在樹葉間閃耀，散發出溫暖的光芒。

3. 樹木的枝幹粗壯，樹冠茂盛，陽光從樹葉間隙間透射出來，形成光斑。樹葉在微風中輕輕搖曳，散發出寧靜的氛圍，陽光在樹葉間閃耀，散發出溫暖的光芒。遠處的建築物在樹葉的掩映下若隱若現，散發出一種寧靜而祥和的氛圍。"
origin_dataset/DSC_0006(1)(1).JPG,"1. 一場夜間活動，場景中有一個大型的裝置藝術，裝置藝術上發射出藍色的光束，光束直指天空。周圍聚集了許多觀眾，他們圍繞在裝置藝術周圍，似乎在觀賞或等待某個表演開始。背景中可以看到一些燈光和建築物的輪廓。

2. 在夜晚的場景中，一羣人聚集在一個大型裝置藝術旁邊，裝置藝術發射出藍色的光束，這些光束直指天空。周圍的觀眾似乎在等待或觀賞某個表演。背景中可以看到一些燈光和建築物的輪廓，顯示出活動的場地可能是一個公園或廣場。

3. 一場夜間活動，場景中有一個大型的裝置藝術，裝置藝術上發射出藍色的光束，光束直指天空。周圍聚集了許多觀眾，他們圍繞在裝置藝術周圍，似乎在觀賞或等待某個表演開始。背景中可以看到一些燈光和建築物的輪廓，顯示出活動的場地可能是一個公園或廣場。"
origin_dataset/20231111_145314.jpg,"1. 這是一張展示運動場的圖片。運動場的跑道是紅色的，跑道內側是綠色的草地。運動場的後方有一棟建築物，建築物的牆壁是紅色的，頂部有綠色的瓦片。建築物的後方有一些樹木，樹木的葉子是綠色的。天空是白色的，有幾朵雲。

2. 圖片中展示了一個運動場，跑道是紅色的，跑道內側是綠色的草地。運動場的後方有一棟建築物，建築物的牆壁是紅色的，頂部有綠色的瓦片。建築物的後方有一些樹木，樹木的葉子是綠色的。天空是白色的，有幾朵雲。運動場的右側有一個籃球架，籃球架的後方有一個藍色的圍欄。

3. 這張圖片展示了一個運動場，跑道是紅色的，跑道內側是綠色的草地。運動場的後方有一棟建築物，建築物的牆壁是紅色的，頂部有綠色的瓦片。建築物的後方有一些樹木，樹木的葉子是綠色的。天空是白色的，有幾朵雲。運動場的右側有一個籃球架，籃球架的後方有一個藍色的圍欄。運動場的左側有一個籃球場，籃球場的後方有一個籃球架。籃球場的後方有一個籃球架，籃球架的後方有一個籃球架。籃球場的後方有一個籃球架，籃球架的後方有一個籃球架。籃球場的後方有一個籃球架，籃球架的後方有一個籃球架。籃球場的後方有一個籃球架，籃球架的後方有一個籃球架。籃球場的後方有一個籃球架，籃球架的後方有一個籃球架。籃球場的後方有一個籃球架，籃球架的後方有一個籃球架。籃球場的後方有一個籃球架，籃球架的後方有一個籃球架。籃球場的後方有一個籃球架，籃球架的後方有一個籃球架。籃球場的後方有一個籃球架，籃球架的後方有一個籃球架。籃球場的後方有一個籃球架，籃球架的後方有一個籃球架。籃球場的後方有一個籃球架，籃球架的後方有一個籃球架。籃球場的後方有一個籃球架，籃球架的後方有一個籃球架。籃球場的後方有一個籃球架，籃球架的後方有一個籃球架。籃球場的後方有一個籃球架，籃球架的後方有一個籃球架。籃球場的後方有一個籃球架，籃球架的後方有一個籃球架。籃球場的後方有一個籃球架，籃球架的後方有一個籃球架。籃球場的後方有一個籃球架，籃球架的後方有一個籃球架。籃球場的後方有一個籃球架，籃球架的後方有一個籃球架。籃球場的後方有一個籃球架，籃球架的後方有一個籃球架。籃球場的後方有一個籃球架，籃球架的後方有一個籃球架。籃球場的後方有一個籃球架，籃球架的後方有一個籃球架。籃球場的後方有一個籃球架，籃球架的後方有一個籃球架。籃球場的後方有一個籃球架，籃球架的後方有一個籃球架。籃球場的後方有一個籃球架，籃球架"
origin_dataset/20230705_184744.jpg,"1. 一盤酸菜魚，魚片鮮嫩，湯汁濃郁，上面撒有紅辣椒和蔥花，盤邊寫有“酸菜魚”字樣。
2. 桌上擺放一盤酸菜魚，魚片與酸菜搭配，湯汁中還加入了一些紅辣椒，盤邊寫有“酸菜魚”字樣。
3. 一盤酸菜魚，魚片與酸菜搭配，湯汁中加入紅辣椒，盤邊寫有“酸菜魚”字樣，盤邊還有一個鏟子。"
origin_dataset/20230826_150618.jpg,"1. 這張照片展示了一片廣闊的綠地，綠地上有幾個人在活動。遠處可以看到一座高架橋，橋上似乎有車輛行駛。背景是藍天和一些分散的雲朵，遠處還有一些建築物。整體氛圍非常開闊和清新。

2. 照片中，一排綠色的草地佔據了前景，草地旁邊有一個圍欄，圍欄後方是幾個人在活動。背景中有一座高架橋，橋上似乎有車輛行駛。遠處可以看到藍天和一些分散的雲朵，以及一些建築物。整體景色非常宜人，適合休閒和運動。

3. 這張照片捕捉到了一個晴朗的日子，天空湛藍，雲朵稀疏。前景是一片綠地，綠地上有幾個人在活動。遠處有一座高架橋，橋上似乎有車輛行駛。背景中可以看到一些建築物，遠處還有一座小山丘。整體景色非常開闊，適合放鬆和享受自然。"
origin_dataset/10525961_632077176892108_1419528743828714809_n(1)(1).jpg,"1. 一間室內空間，地板鋪有灰色石紋地磚，牆壁為白色。空間內有幾個人，他們似乎在閒聊或等待某事。牆上掛有時鐘和一些標誌，顯示出這可能是一個學校或辦公室的環境。窗戶透進自然光，空間內的氛圍比較輕鬆。

2. 一位女性站在前方，她留著長髮，穿著黑色外套和牛仔褲，腳上穿著紅色的運動鞋。她身邊有幾個人，他們都站在一個室內空間裡，這個空間看起來像是學校或辦公室。牆壁上掛有時鐘和標誌，窗戶透進自然光，空間內的氛圍比較輕鬆。

3. 一間室內空間，牆壁為白色，地板鋪有灰色石紋地磚。空間內有幾個人，他們似乎在閒聊或等待某事。牆上掛有時鐘和一些標誌，顯示出這可能是一個學校或辦公室的環境。窗戶透進自然光，空間內的氛圍比較輕鬆。前景中有一位女性，她留著長髮，穿著黑色外套和牛仔褲，腳上穿著紅色的運動鞋。"
origin_dataset/20240707_173959.jpg,"1. 白板上寫著一系列的數學公式和向量，包括向量w、x和k的計算過程，以及一個涉及sigmoid函數的公式。這些公式似乎是在描述一種機器學習或統計分析中的過程，可能與感知器或邏輯回歸相關。

2. 白板上詳細地列出了向量w、x和k的值，並展示了如何通過調整w的值來調整k的值，這可能是在演示一種迭代調整方法，以達到最佳的模型參數。

3. 白板上展示了向量w、x和k的計算過程，並通過調整w的值來調整k的值，這可能是在演示一種機器學習中的訓練過程，其中涉及到向量和sigmoid函數的使用。"
origin_dataset/IMG_20210423_123253_190.jpg,"1. 這是一間室內健身房，內部設有各種健身器材，包括重量訓練機器和跑步機。天花板上裝有燈光，牆壁上掛有顯示屏。地面上鋪有灰色的地板，牆壁為白色。健身房內有幾位正在使用器材的顧客。

2. 健身房內設有多種健身器材，包括重量訓練機器和跑步機。牆壁上掛有顯示屏，天花板上裝有燈光。地面上鋪有灰色的地板，牆壁為白色。健身房內有幾位正在使用器材的顧客。

3. 健身房內設有各種健身器材，包括重量訓練機器和跑步機。牆壁上掛有顯示屏，天花板上裝有燈光。地面上鋪有灰色的地板，牆壁為白色。健身房內有幾位正在使用器材的顧客。"
origin_dataset/IMG_20180729_135955_216.jpg,"1. 山頂的綠色植被在陽光下閃耀，遠處的山峰在藍天的襯托下顯得格外壯觀。山腳下的小鎮散發出濃郁的生活氣息，建築與自然完美融合。

2. 綠色的山丘在風中輕輕搖曳，遠處的山頂在藍天的映襯下顯得遙不可及。山腳下的小鎮在遠處若隱若現，散發出濃郁的生活氣息。

3. 山頂的綠色植被在陽光下閃耀，遠處的山峰在藍天的襯托下顯得格外壯觀。山腳下的小鎮散發出濃郁的生活氣息，建築與自然完美融合。"
origin_dataset/IMG20220308150714.jpg,"1. 一處寬闊的水道，水面上反射著陽光，水質清澈。遠處可以看到一些建築物和燈柱，天空湛藍無雲，陽光從左側照射過來，形成一道光線。

2. 水道兩側有護欄，護欄後方是綠色的植被。遠處的建築物和燈柱構成了一個遠景，天空晴朗，陽光照射在水面上，形成光斑。

3. 水道兩側有建築物，建築物後方是綠色的植被。遠處可以看到一些建築物和燈柱，天空湛藍無雲，陽光從左側照射過來，形成一道光線。"
origin_dataset/IMG20211016222106.jpg,"1. 這幅素描畫作展示了兩隻酒杯的圖像，一隻酒杯傾斜，另一隻直立。畫面以灰色調呈現，表現出酒杯的透明質感和光影效果。畫家使用了細緻的筆觸來勾勒出酒杯的輪廓和內部結構，並通過不同的深淺灰色來表現出酒杯的立體感和空間感。整體畫面簡潔而富有層次，表現出一種靜謐的氛圍。

2. 素描畫作中，兩隻酒杯被繪製在白色的紙張上，紙張的邊緣有螺旋裝訂。畫家以灰色調表現出酒杯的透明質感，並通過不同的深淺灰色來表現出酒杯的立體感和光影效果。畫面中的酒杯一個傾斜，一個直立，表現出一種靜謐的氛圍。畫家使用細緻的筆觸來勾勒出酒杯的輪廓和內部結構，並通過不同的深淺灰色來表現出酒杯的立體感和空間感。

3. 這幅素描畫作展示了兩隻酒杯的圖像，一隻酒杯傾斜，另一隻直立。畫面以灰色調呈現，表現出酒杯的透明質感和光影效果。畫家使用了細緻的筆觸來勾勒出酒杯的輪廓和內部結構，並通過不同的深淺灰色來表現出酒杯的立體感和空間感。整體畫面簡潔而富有層次，表現出一種靜謐的氛圍。畫家將酒杯放置在白色的紙張上，紙張的邊緣有螺旋裝訂。"
origin_dataset/20230921_171503.jpg,"1. 夕陽西下，天際線被染上了一層柔和的橙色，遠處的城市建築在薄霧中若隱若現，近處的山丘上樹木茂盛，構成了一幅寧靜而美麗的自然與城市交織的畫面。

2. 夕陽從雲層間透出，散發出溫暖的光芒，天空漸漸從藍色轉為橙色，遠處的城市建築在薄霧中隱約可見，近處的山丘上樹木繁茂，構成了一幅寧靜而美麗的自然與城市交織的畫面。

3. 夕陽西下，天際線被染上了一層柔和的橙色，遠處的城市建築在薄霧中若隱若現，近處的山丘上樹木茂盛，構成了一幅寧靜而美麗的自然與城市交織的畫面。"
origin_dataset/IMG_20201122_102735_832.jpg,"1. 這張照片展示了一個位於山區的觀景臺，天空湛藍，陽光明媚。觀景臺的木製欄杆旁邊，有幾個人在欣賞遠處的山景。前景中，樹枝和樹葉在微風中輕擺，為整幅畫面增添了自然的氛圍。遠處的山峰層疊，綠樹成蔭，構成了一幅美麗的自然風景畫。

2. 照片中，觀景臺的木製欄杆上，有幾個人在觀賞遠處的山景。前景的樹枝和樹葉在微風中輕搖，陽光從樹葉間透射下來，形成斑斕的光影效果。遠處的山峰層疊，綠樹成蔭，天空湛藍，陽光明媚，構成了一幅美麗的自然風景畫。

3. 這張照片捕捉到了一個位於山區的觀景臺的場景。觀景臺的木製欄杆旁邊，有幾個人在欣賞遠處的山景。前景的樹枝和樹葉在微風中輕搖，陽光從樹葉間透射下來，形成斑斕的光影效果。遠處的山峰層疊，綠樹成蔭，天空湛藍，陽光明媚，構成了一幅美麗的自然風景畫。"
origin_dataset/FB_IMG_1503716839332(1)(1).jpg,"1. 一羣人在森林小徑上行走，陽光從樹叢間照射下來，形成斑斕的光影效果。樹木茂盛，地面上散落著枯葉，遠處的天空透出黃金色的光暈，給整幅畫面帶來了溫暖的氛圍。

2. 這張照片捕捉到了一群人在森林中行走的瞬間。陽光從樹葉間透射下來，形成光線和影子的交錯，營造出一種詩意的氛圍。遠處的天空被染成了黃金色，與森林的深綠色形成鮮明對比。

3. 一群人在森林小徑上緩步前行，陽光從樹叢間灑落，形成斑斕的光影效果。遠處的天空被染成了黃金色，與深綠色的樹木形成鮮明對比。地面上散落著枯葉，給整幅畫面增添了一絲自然的質感。"
origin_dataset/20230124_143325.jpg,"1. 一張照片中，展示了一個自助餐的場景。桌面上擺放著各種食物，包括一盤螃蟹、一些蔬菜和玉米。螃蟹被擺放在一個木製的托盤上，看起來非常新鮮。此外，還有一個裝滿橙色湯汁的白色碗，碗邊有一個湯匙。在螃蟹旁邊，還有一個裝滿白色食物的竹籠。照片的右側有一個標籤，上面寫著「Tomato Sauce」，顯示這是一種番茄醬。照片的左側可以看到一個人的手，她正在拿取食物。背景中可以看到一些餐具和裝飾。

2. 這張照片捕捉到了一個豐富的自助餐場景。桌面上擺放著各種食物，包括一盤螃蟹、一些蔬菜和玉米。螃蟹被擺放在一個木製的托盤上，看起來非常新鮮。此外，還有一個裝滿橙色湯汁的白色碗，碗邊有一個湯匙。在螃蟹旁邊，還有一個裝滿白色食物的竹籠。照片的右側有一個標籤，上面寫著「Tomato Sauce」，顯示這是一種番茄醬。照片的左側可以看到一個人的手，她正在拿取食物。背景中可以看到一些餐具和裝飾。

3. 這張照片展示了一個自助餐的場景。桌面上擺放著各種食物，包括一盤螃蟹、一些蔬菜和玉米。螃蟹被擺放在一個木製的托盤上，看起來非常新鮮。此外，還有一個裝滿橙色湯汁的白色碗，碗邊有一個湯匙。在螃蟹旁邊，還有一個裝滿白色食物的竹籠。照片的右側有一個標籤，上面寫著「Tomato Sauce」，顯示這是一種番茄醬。照片的左側可以看到一個人的手，她正在拿取食物。背景中可以看到一些餐具和裝飾。"
origin_dataset/IMG20220220155254.jpg,"1. 一場大型展覽活動，場地內設有多個大型展板，展板上印有“FOLIES BERGERE”的標誌，並附有相關的歷史圖片和文字描述。展覽現場人潮洶湧，參觀者們紛紛駐足觀看，並用相機記錄下這一刻。場地內的燈光設計精緻，展覽的氛圍濃厚，吸引著眾多觀眾前來參觀。

2. 一場以“FOLIES BERGERE”為主題的大型展覽活動，展覽現場設有多個大型展板，展板上印有相關的歷史圖片和文字描述。展覽現場人潮洶湧，參觀者們紛紛駐足觀看，並用相機記錄下這一刻。場地內的燈光設計精緻，展覽的氛圍濃厚，吸引著眾多觀眾前來參觀。

3. 一場大型展覽活動，場地內設有多個大型展板，展板上印有“FOLIES BERGERE”的標誌，並附有相關的歷史圖片和文字描述。展覽現場人潮洶湧，參觀者們紛紛駐足觀看，並用相機記錄下這一刻。場地內的燈光設計精緻，展覽的氛圍濃厚，吸引著眾多觀眾前來參觀。"
origin_dataset/1551548354463.jpg,"1. 一位年長的婦女坐在一張黃色的椅子上，椅子的背板上有精美的雕花。她穿着一件格子的長袖上衣，下身是黑色的褲子。她的雙手放在腿上，雙腳輕輕地搭在椅子的扶手上。背景中可以看到一張桌子，上面放著一個白色的杯子和一些書籍。牆壁上掛著一個黑色的衣架，衣架上掛著一個粉紅色的塑膠袋。地上有一個紅色的垃圾桶和一雙拖鞋。

2. 一位年長的婦女坐在一張黃色的椅子上，椅子的背板上有精美的雕花。她穿着一件格子的長袖上衣，下身是黑色的褲子。她的雙手放在腿上，雙腳輕輕地搭在椅子的扶手上。背景中可以看到一張桌子，上面放著一個白色的杯子和一些書籍。牆壁上掛著一個黑色的衣架，衣架上掛著一個粉紅色的塑膠袋。地上有一個紅色的垃圾桶和一雙拖鞋。牆壁的顏色是淺灰色，牆壁上沒有任何裝飾。

3. 一位年長的婦女坐在一張黃色的椅子上，椅子的背板上有精美的雕花。她穿着一件格子的長袖上衣，下身是黑色的褲子。她的雙手放在腿上，雙腳輕輕地搭在椅子的扶手上。背景中可以看到一張桌子，上面放著一個白色的杯子和一些書籍。牆壁上掛著一個黑色的衣架，衣架上掛著一個粉紅色的塑膠袋。地上有一個紅色的垃圾桶和一雙拖鞋。牆壁的顏色是淺灰色，牆壁上沒有任何裝飾。地上鋪著一塊灰色的地毯，地毯的邊緣有幾條黑色的縫線。"
origin_dataset/20230721_133414.jpg,"1. 這張照片展示了一個繁忙的機場場景，機場跑道寬廣，兩側停泊著多架飛機。機場的控制塔高聳在遠處，天空湛藍，雲朵稀疏，遠山若隱若現。地面上有貨運車輛和貨櫃，顯示出機場的繁忙運作。機場建築現代，設計簡潔，與周圍的自然風景形成鮮明對比。

2. 照片中，機場的停機坪上停泊著多架飛機，機身顏色各異，機翼上標有不同航空公司的標誌。機場的控制塔位於遠處，其高聳的建築在藍天的映襯下格外顯眼。地面上有貨運車輛和貨櫃，顯示出機場的貨運活動。遠處的山脈和藍天白雲構成了一幅美麗的自然風景。

3. 這張照片捕捉到了一個晴朗的機場場景，機場跑道寬廣，兩側停泊著多架飛機。機場的控制塔高聳在遠處，天空湛藍，雲朵稀疏，遠山若隱若現。地面上有貨運車輛和貨櫃，顯示出機場的繁忙運作。機場建築現代，設計簡潔，與周圍的自然風景形成鮮明對比。"
origin_dataset/IMG_20220209_000110_296.jpg,"1. 一位年輕的男性，身著一件純白的短袖T恤，搭配淺色的長褲，坐在白色的方塊上，雙手輕鬆地放在腿上，表情平靜，背景為純白，突顯出簡約的風格。

2. 一位年輕的亞洲男性，身著簡單的白色T恤和淺色長褲，坐在白色方塊上，雙手輕放在腿上，表情平靜，背景為純白，呈現出一種清新簡約的氛圍。

3. 一位年輕的男性，身著純白的短袖T恤和淺色長褲，坐在白色的方塊上，雙手輕鬆地放在腿上，表情平靜，背景為純白，呈現出一種簡約而清新的風格。"
origin_dataset/IMG_20201201_120142_403.jpg,"1. 一張辦公桌的圖片，桌面上有一台黑色的筆記型電腦，電腦後方有一瓶綠色瓶蓋的飲料，桌面上還有一個帶蓋的白色容器，容器內似乎裝有食物。桌面上還有黑色的鍵盤和顯示器，顯示器上顯示著白屏。背景中可以看到辦公室的隔間牆和天花板上的燈管。

2. 這張照片展示了一個辦公環境，桌面上有一台黑色的筆記型電腦，電腦後方有一瓶綠色瓶蓋的飲料，桌面上還有一個帶蓋的白色容器，容器內似乎裝有食物。桌面上還有黑色的鍵盤和顯示器，顯示器上顯示著白屏。背景中可以看到辦公室的隔間牆和天花板上的燈管。

3. 這張照片捕捉到了一個辦公桌的場景，桌面上有一台黑色的筆記型電腦，電腦後方有一瓶綠色瓶蓋的飲料，桌面上還有一個帶蓋的白色容器，容器內似乎裝有食物。桌面上還有黑色的鍵盤和顯示器，顯示器上顯示著白屏。背景中可以看到辦公室的隔間牆和天花板上的燈管。"
origin_dataset/IMG_20180330_153702_688.jpg,"1. 一株樹在開花，樹上開滿了粉紅色的花朵，樹葉間的花朵在陽光下閃耀。樹的樹幹粗壯，樹冠茂盛，樹葉綠色鮮豔。樹下是一片綠色的草地，草地上的樹影斑斕。背景中可以看到幾棵樹和一些建築物，天空藍色，沒有雲彩。

2. 一株樹在開花，樹上開滿了粉紅色的花朵，樹葉間的花朵在陽光下閃耀。樹的樹幹粗壯，樹冠茂盛，樹葉綠色鮮豔。樹下是一片綠色的草地，草地上的樹影斑斕。背景中可以看到幾棵樹和一些建築物，天空藍色，沒有雲彩。樹的樹幹上有一些樹皮的裂紋，樹葉間的花朵在微風中輕輕搖曳。

3. 一株樹在開花，樹上開滿了粉紅色的花朵，樹葉間的花朵在陽光下閃耀。樹的樹幹粗壯，樹冠茂盛，樹葉綠色鮮豔。樹下是一片綠色的草地，草地上的樹影斑斕。背景中可以看到幾棵樹和一些建築物，天空藍色，沒有雲彩。樹的樹幹上有一些樹皮的裂紋，樹葉間的花朵在微風中輕輕搖曳。樹的樹冠在風中輕輕搖曳，樹葉間的花朵在微風中輕輕搖曳。"
origin_dataset/11147584_632087520224407_2600753671276585241_n(1)(1).jpg,"1. 一群人在圍觀一張藍色的圖表，圖表上寫有中文和英文的標題，圖表的內容似乎與地圖有關，圖表上還貼有幾張小紙片，紙片上也寫有文字。人們圍繞在圖表旁邊，似乎在討論或觀看圖表上的內容。

2. 一羣人聚集在一起，圍繞著一張藍色的圖表，圖表上寫有中文和英文的標題，圖表的內容看起來像是地圖。圖表上還貼有幾張小紙片，紙片上也寫有文字。人們圍繞在圖表旁邊，似乎在討論或觀看圖表上的內容。

3. 一羣人在圍觀一張藍色的圖表，圖表上寫有中文和英文的標題，圖表的內容似乎與地圖有關，圖表上還貼有幾張小紙片，紙片上也寫有文字。人們圍繞在圖表旁邊，似乎在討論或觀看圖表上的內容。"
origin_dataset/IMG20220308150715.jpg,"1. 一處寬廣的水塘，水面上泛起細微的波紋，反射著陽光。遠處可以看到一些建築物和電線杆，天空湛藍無雲，陽光從左上角照射下來，形成一道光線。

2. 水塘周圍環境較為簡陋，遠處有幾棟建築物和電線杆，建築物的顏色較暗，可能是由於天氣晴朗，陽光照射下，建築物的輪廓變得清晰。水塘的水質較為混濁，但水面上的波紋顯得平靜。

3. 水塘的對岸有幾棟建築物，建築物的顏色較暗，可能是由於天氣晴朗，陽光照射下，建築物的輪廓變得清晰。水塘的水質較為混濁，但水面上的波紋顯得平靜。遠處的電線杆和建築物在水塘的反射下，形成了一幅靜謐的鄉村風景。"
origin_dataset/IMG_20200205_192546_078.jpg,"1. 夜晚的場景，燈光下，一羣人排隊在一個有遮蓋的攤位前。攤位上方有紅色的遮陽篷，攤位後方有一座建築物，建築物的牆壁上有許多窗戶。地面上散落著一些紙張和樹葉，地磚是黑色和白色的菱形圖案。

2. 一羣人在夜晚的場景中排隊，他們站在一個有遮蓋的攤位前。攤位上方有紅色的遮陽篷，攤位後方有一座建築物，建築物的牆壁上有許多窗戶。地面上散落著一些紙張和樹葉，地磚是黑色和白色的菱形圖案。

3. 夜晚的場景，燈光下，一羣人排隊在一個有遮蓋的攤位前。攤位上方有紅色的遮陽篷，攤位後方有一座建築物，建築物的牆壁上有許多窗戶。地面上散落著一些紙張和樹葉，地磚是黑色和白色的菱形圖案。"
origin_dataset/1533569854712.jpg,"1. 一位年輕男子坐在草地上，背對著一望無際的海景。他身穿深色T恤和牛仔褲，腳上是黑色的運動鞋。他的姿態輕鬆，雙腿交叉，雙手交疊放在膝蓋上。背景中，遠處的山丘被綠色植被覆蓋，海面上有幾艘船隻，天空湛藍，陽光普照。

2. 一位年輕人坐在一片綠意盎然的草地上，背對著海景。他身著深色T恤和牛仔褲，腳穿黑色運動鞋。他的姿態悠閒，雙腿交叉，雙手交疊放在膝蓋上。遠處的山丘被綠色植被覆蓋，海面上有幾艘船隻，天空湛藍，陽光普照。

3. 一位年輕男子坐在一片綠意盎然的草地上，背對著海景。他身著深色T恤和牛仔褲，腳穿黑色運動鞋。他的姿態輕鬆，雙腿交叉，雙手交疊放在膝蓋上。遠處的山丘被綠色植被覆蓋，海面上有幾艘船隻，天空湛藍，陽光普照。"
origin_dataset/20240509_213757.jpg,"1. 一位年輕男子，留著短髮，身穿白色T恤，下身穿著綠色短褲，他正用一部手機自拍，背景是一面灰色的牆壁，牆壁上有一扇黑色的門，門上裝有把手和鎖。

2. 一位年輕人，頭髮短而黑，上身穿著白色T恤，下身是綠色短褲，他手持一部手機，正在自拍。背景是一面灰色的牆，牆上有一扇黑色的門，門上裝有把手和鎖。

3. 一位年輕的男性，頭髮短而黑，上身穿著白色T恤，下身是綠色短褲，他手持一部手機，正在自拍。背景是一面灰色的牆，牆上有一扇黑色的門，門上裝有把手和鎖。"
origin_dataset/20230218_164016.jpg,"1. 這張照片展示了一棵樹的枝條，樹上開滿了粉紅色的花朵，背景是藍色的天空。樹枝錯綜複雜，有些枝條上還掛著幾片綠葉。整體感覺非常清新自然。

2. 照片中，樹枝上綴滿了粉紅色的花朵，與藍色的天空形成鮮明對比。樹枝的結構非常複雜，有些枝條上還掛著幾片綠葉，給整體帶來了一絲生機。

3. 這張照片捕捉到了樹枝的細節，樹上開滿了粉紅色的花朵，與藍色的天空形成鮮明對比。樹枝的結構非常複雜，有些枝條上還掛著幾片綠葉，給整體帶來了一絲生機。"
origin_dataset/20230820_180751.jpg,"1. 一場雨過後，天空中出現了一道美麗的彩虹，橫跨著灰暗的雲層。一旁的樹木和建築物在雨後的清新中顯得格外鮮明，建築物的紅色屋頂和白色牆面在彩虹的映襯下更顯出一種獨特的美。

2. 當雨過天晴時，天空中出現了一道彩虹，橫跨著厚重的雲層。建築物的屋頂和牆面在彩虹的映襯下顯得格外鮮明，樹木的綠葉在雨後的清新中顯得格外鮮明，建築物的紅色屋頂和白色牆面在彩虹的映襯下更顯出一種獨特的美。

3. 當雨過天晴時，天空中出現了一道彩虹，橫跨著厚重的雲層。建築物的屋頂和牆面在彩虹的映襯下顯得格外鮮明，樹木的綠葉在雨後的清新中顯得格外鮮明，建築物的紅色屋頂和白色牆面在彩虹的映襯下更顯出一種獨特的美。"
origin_dataset/20230711_205145.jpg,"1. 這是一杯冰飲，杯身標有「LET'S DRINK!」的字樣，並附有「A LITTLE TEA」的標籤，顯示出品牌名稱。杯內裝有茶飲，底部有黑色的珍珠，表面有奶油層，呈現出濃郁的茶香與奶香的融合。

2. 這是一杯冰飲，杯身標有「LET'S DRINK!」的字樣，並附有「A LITTLE TEA」的標籤，顯示出品牌名稱。杯內裝有茶飲，底部有黑色的珍珠，表面有奶油層，呈現出濃郁的茶香與奶香的融合。杯身設計簡單，但充滿了品牌特色。

3. 這是一杯冰飲，杯身標有「LET'S DRINK!」的字樣，並附有「A LITTLE TEA」的標籤，顯示出品牌名稱。杯內裝有茶飲，底部有黑色的珍珠，表面有奶油層，呈現出濃郁的茶香與奶香的融合。杯身設計簡單，但充滿了品牌特色，適合在室內或戶外享用。"
origin_dataset/IMG20220315145559.jpg,"1. 這是一條沿海公路，兩旁是陡峭的山崖，路邊設有護欄，保護行車安全。遠處是無垠的海洋，天空陰沉，雲層厚重，海面波濤洶涌，風景壯麗。

2. 公路兩側是茂密的植被，綠意盎然，護欄上裝有橙色的警示燈，提醒駕駛注意安全。遠處的海面波濤洶涌，天空陰沉，雲層厚重，海天一色，景色壯麗。

3. 這條公路蜿蜒曲折，兩側是陡峭的山崖，護欄保護著行車安全。遠處是無垠的海洋，天空陰沉，雲層厚重，海面波濤洶涌，風景壯麗。公路兩側是茂密的植被，綠意盎然，護欄上裝有橙色的警示燈，提醒駕駛注意安全。"
origin_dataset/20230814_160324.jpg,"1. 這是一本標題為「一本書終結你的拖延症」的書籍，書封上有一隻貓的插圖，背景是星空和山峰。書封上還標註了「日本銷售突破20萬冊」的成就，以及「透過「小行動」打開大腦的行動開關，懶人也能變身「行動派」的37個科學方法」的副標題。書的作者是林于樟，由太平信孝編譯。

2. 這本書的封面設計以白色為主，搭配黑色和藍色的圖案，書封上有一隻貓的剪影，背景是星空和山峰。書封上標註了「日本銷售突破20萬冊」，並強調了「透過「小行動」打開大腦的行動開關，懶人也能變身「行動派」的37個科學方法」。書的作者是林于樟，由太平信孝編譯。

3. 這是一本標題為「一本書終結你的拖延症」的書籍，書封上有一隻貓的插圖，背景是星空和山峰。書封上標註了「日本銷售突破20萬冊」，並強調了「透過「小行動」打開大腦的行動開關，懶人也能變身「行動派」的37個科學方法」。書的作者是林于樟，由太平信孝編譯。書封上還有一個圓形的標籤，標註了「19」。"
origin_dataset/IMG20220220155057.jpg,"1. 三塊大屏幕展示著三幅畫作，每幅畫作都以不同的顏色和風格呈現。最左側的畫作以綠色為主調，畫中人物側身，頭髮為紅色。中間的畫作以藍色為主調，畫中人物側坐，頭髮為黑色。最右側的畫作以綠色為主調，畫中人物側坐，頭髮為黑色，背景中還有一些小動物的圖案。

2. 這三幅畫作分別展示在三塊大屏幕上，每幅畫作的風格和顏色各不相同。最左側的畫作以綠色為主調，人物側身，頭髮為紅色。中間的畫作以藍色為主調，人物側坐，頭髮為黑色。最右側的畫作以綠色為主調，人物側坐，頭髮為黑色，背景中還有一些小動物的圖案。

3. 三塊大屏幕展示著三幅畫作，每幅畫作的風格和顏色各不相同。最左側的畫作以綠色為主調，人物側身，頭髮為紅色。中間的畫作以藍色為主調，人物側坐，頭髮為黑色。最右側的畫作以綠色為主調，人物側坐，頭髮為黑色，背景中還有一些小動物的圖案。"
origin_dataset/1514876511850.jpg,"1. 這是一張顯示電視螢幕的圖片，螢幕上播放的是一個卡通節目。畫面中有一個穿著紅色上衣的卡通男孩，他正坐在地上，頭靠在膝蓋上，表情看起來很沮喪或疲憊。背景中可以看到一個穿著綠色上衣的卡通女孩，她站在門口，似乎在看著男孩。電視螢幕右上角有「衛視中文台HD」的標誌。螢幕下方有中文字幕，內容是「紫丁香啊 它是朵什麽样的花」。

2. 這張圖片展示了一個電視螢幕，螢幕上播放的是一個卡通節目。畫面中有一個穿著紅色上衣的卡通男孩，他坐在地上，頭靠在膝蓋上，表情看起來很疲憊。背景中有一個穿著綠色上衣的卡通女孩，她站在門口，似乎在看著男孩。電視螢幕右上角有「衛視中文台HD」的標誌。螢幕下方有中文字幕，內容是「紫丁香啊 它是朵什麽样的花」。

3. 這張圖片顯示了一個電視螢幕，螢幕上播放的是一個卡通節目。畫面中有一個穿著紅色上衣的卡通男孩，他坐在地上，頭靠在膝蓋上，表情看起來很疲憊。背景中有一個穿著綠色上衣的卡通女孩，她站在門口，似乎在看著男孩。電視螢幕右上角有「衛視中文台HD」的標誌。螢幕下方有中文字幕，內容是「紫丁香啊 它是朵什麽样的花」。"
origin_dataset/IMG20211206133014.jpg,"1. 海邊的風景，海浪拍打著岩石，天空湛藍，雲朵稀疏，海面波光粼粼，岩石散落在淺灘上，海浪輕撫著岩石，形成白色的浪花。

2. 海邊的風景，海浪拍打著岩石，天空湛藍，雲朵稀疏，海面波光粼粼，岩石散落在淺灘上，海浪輕撫著岩石，形成白色的浪花，海風輕拂，帶來涼爽的感覺。

3. 海邊的風景，海浪拍打著岩石，天空湛藍，雲朵稀疏，海面波光粼粼，岩石散落在淺灘上，海浪輕撫著岩石，形成白色的浪花，海風輕拂，帶來涼爽的感覺，遠處的海天一色，構成一幅美麗的畫面。"
origin_dataset/20240727_152633.jpg,"1. 一間寬敞的會議室，牆壁上裝有方形的燈光裝置，地板鋪有深色的地毯。會議室內有數排長桌，桌面上放有筆記本和文件，桌旁坐著幾位正在聚精會神聽講的學生，他們的頭部微微前傾，顯得非常專注。

2. 會議室內的裝修風格簡潔現代，牆壁上排列著方形的燈光裝置，散發出柔和的光線。會議室內有長桌和長椅，桌面上擺放著筆記本和文件，桌旁坐著幾位學生，他們的頭部前傾，顯得非常專注地聽講。

3. 一間寬敞的會議室，牆壁上裝有方形的燈光裝置，散發出柔和的光線。會議室內有長桌和長椅，桌面上擺放著筆記本和文件，桌旁坐著幾位學生，他們的頭部前傾，顯得非常專注地聽講。會議室的地板鋪有深色的地毯，牆壁上裝有方形的燈光裝置，散發出柔和的光線。"
origin_dataset/20231015_135515.jpg,"1. 這張照片展示了一個室內空間，從上往下看。空間內有幾根橫向的木質樑柱，牆壁上裝有燈具，燈光柔和。牆壁上還有一個開口，可以看到外面的綠色植物和建築。空間內有幾張椅子和桌子，擺放得整齊有序。牆壁上還有一些裝飾品，增加了室內的氛圍。

2. 照片中是一個室內空間，從上往下看。空間內有幾根橫向的木質樑柱，牆壁上裝有燈具，燈光柔和。牆壁上有一個開口，可以看到外面的綠色植物和建築。空間內有幾張椅子和桌子，擺放得整齊有序。牆壁上還有一些裝飾品，增加了室內的氛圍。牆壁上還有一個開口，可以看到外面的綠色植物和建築。

3. 這張照片展示了一個室內空間，從上往下看。空間內有幾根橫向的木質樑柱，牆壁上裝有燈具，燈光柔和。牆壁上有一個開口，可以看到外面的綠色植物和建築。空間內有幾張椅子和桌子，擺放得整齊有序。牆壁上還有一些裝飾品，增加了室內的氛圍。牆壁上還有一個開口，可以看到外面的綠色植物和建築。"
origin_dataset/20230814_100413.jpg,"1. 一盞紅色的交通燈掛在電線杆上，背景是藍天和幾朵白色的雲朵。電線杆上還有其他設備，包括一些電線和一個黑色的裝置。

2. 照片中，一盞紅色的交通燈位於電線杆的一側，電線杆上掛有電線和一個黑色的裝置。背景是藍天和幾朵白色的雲朵。

3. 一盞紅色的交通燈掛在電線杆上，電線杆上還有其他設備，包括一些電線和一個黑色的裝置。背景是藍天和幾朵白色的雲朵。"
origin_dataset/1529165282255.jpg,"1. 這張照片中有兩位穿著畢業袍的學生，他們站在一座建築物前，背景是藍天和綠樹。建築物的設計獨特，形狀像是一座塔，頂部有尖銳的尖頂。兩位學生面帶微笑，其中一位還比出大拇指的手勢。背景中還可以看到其他穿著畢業袍的人，他們似乎正在參加畢業典禮。

2. 這張照片捕捉到了一個畢業典禮的場景。兩位穿著畢業袍的學生站在建築物前，建築物的設計非常獨特，形狀像是一座塔，頂部有尖銳的尖頂。背景中可以看到藍天和綠樹，以及其他穿著畢業袍的人，他們似乎正在參加畢業典禮。兩位學生面帶微笑，其中一位還比出大拇指的手勢。

3. 這張照片展示了兩位穿著畢業袍的學生，他們站在一座建築物前，建築物的設計獨特，形狀像是一座塔，頂部有尖銳的尖頂。背景是藍天和綠樹，還可以看到其他穿著畢業袍的人，他們似乎正在參加畢業典禮。兩位學生面帶微笑，其中一位還比出大拇指的手勢。建築物的設計非常引人注目，與周圍的自然環境形成鮮明對比。"
origin_dataset/IMG20220315163213.jpg,"1. 海邊的風景，遠處是連綿的山丘，山丘上長滿了茂密的樹木。海面寬廣，天空布滿了厚重的雲層，整體氣氛略顯陰沉。

2. 一望無際的海面，海天一色，遠處的山丘在海風的吹拂下若隱若現。近處的樹木郁郁蔥蔥，綠意盎然，與海面形成鮮明對比。

3. 綠意盎然的樹木在風中搖曳，遠處的山丘在海風的吹拂下若隱若現。海面寬廣，天空布滿了厚重的雲層，整體氣氛略顯陰沉。"
origin_dataset/20230914_064334~2.jpg,"1. 一扇門邊的窗戶，窗簾是垂直百葉窗，透出一絲陽光，窗簾的影子在牆上投射出條紋狀的光影，牆壁是白色的，門是淺色的，門邊的窗框是淺色的，窗戶的邊緣有些模糊，窗簾的顏色是淺灰色，窗簾的縫隙中透出一絲陽光，陽光在窗簾上形成條紋狀的光影。

2. 一扇門邊的窗戶，窗簾是垂直百葉窗，窗簾的顏色是淺灰色，窗簾的縫隙中透出一絲陽光，陽光在窗簾上形成條紋狀的光影，窗簾的影子在牆上投射出條紋狀的光影，牆壁是白色的，門是淺色的，門邊的窗框是淺色的，窗簾的縫隙中透出一絲陽光，陽光在窗簾上形成條紋狀的光影。

3. 一扇門邊的窗戶，窗簾是垂直百葉窗，窗簾的顏色是淺灰色，窗簾的縫隙中透出一絲陽光，陽光在窗簾上形成條紋狀的光影，窗簾的影子在牆上投射出條紋狀的光影，牆壁是白色的，門是淺色的，門邊的窗框是淺色的，窗簾的縫隙中透出一絲陽光，陽光在窗簾上形成條紋狀的光影。"
origin_dataset/IMG_20200719_152040_094.jpg,"1. 這張漫畫展示了三個孩子，分別代表數學、物理和化學。數學的孩子坐在地上，似乎有些沮喪，而物理和化學的孩子則站在他身邊，並沒有幫助他。這幅漫畫似乎在諷刺某些人對數學的忽視，並暗示數學在科學領域的重要性。

2. 漫畫中，數學的孩子坐在地上，顯得有些沮喪，而物理和化學的孩子則站在他身邊，並沒有幫助他。這幅漫畫似乎在諷刺某些人對數學的忽視，並暗示數學在科學領域的重要性。漫畫的底部標註了日期「2020年7月18日」，並附有英文「That's true 😅」，強調了數學在科學中的重要性。

3. 這張漫畫展示了三個孩子，分別代表數學、物理和化學。數學的孩子坐在地上，似乎有些沮喪，而物理和化學的孩子則站在他身邊，並沒有幫助他。這幅漫畫似乎在諷刺某些人對數學的忽視，並暗示數學在科學領域的重要性。漫畫的底部標註了日期「2020年7月18日」，並附有英文「That's true 😅」，強調了數學在科學中的重要性。"
origin_dataset/IMG20220304150826.jpg,"1. 這是一片綠意盎然的公園，樹木茂盛，枝葉繁茂，散發出濃郁的自然氣息。公園內的樹木種類多樣，樹幹粗壯，樹冠寬廣，形成了一個天然的綠色長廊。地面上鋪滿了落葉，散發出淡淡的泥土香氣。公園內的空氣清新，陽光從樹葉間透射下來，形成斑斕的光影效果，給人一種寧靜祥和的感覺。

2. 公園內的樹木種類豐富，有高大的喬木和低矮的灌木，樹葉顏色從綠色到黃色不等，顯示出不同的季節變化。公園的地面鋪滿了綠色的草皮和枯黃的樹葉，形成了一幅美麗的自然畫面。公園內還設有幾處座椅，供遊人休息，遠處可以看到一些建築物，可能是公園的管理處或遊客中心。公園的環境非常優美，是人們休閒娛樂的好去處。

3. 公園內的樹木種類繁多，樹幹粗壯，樹冠寬廣，形成了一個天然的綠色長廊。公園的地面鋪滿了綠色的草皮和枯黃的樹葉，散發出淡淡的泥土香氣。公園內還設有幾處座椅，供遊人休息，遠處可以看到一些建築物，可能是公園的管理處或遊客中心。公園的環境非常優美，陽光從樹葉間透射下來，形成斑斕的光影效果，給人一種寧靜祥和的感覺。公園內還有一些遊人，他們在樹蔭下閒坐，享受著這份寧靜與美好。"
origin_dataset/IMG20220317145532.jpg,"1. 海邊的風景，天空陰沉，海浪拍打著海岸，遠處有兩艘船在海面上航行。一位女士站在海邊，背對著攝影者，似乎在觀賞海景。

2. 一位女士站在海邊，背對著攝影者，遠處的海面上有兩艘船在航行。天空陰沉，海浪拍打著海岸，形成白色的浪花。

3. 海邊的風景，天空陰沉，海浪拍打著海岸，遠處有兩艘船在海面上航行。一位女士站在海邊，背對著攝影者，似乎在觀賞海景。"
origin_dataset/1529216855062.jpg,"1. 這張照片捕捉了畢業典禮的歡樂時刻。前景中，一位畢業生身著黑色學士服，頭戴學士帽，手持鮮花，與一位穿著藍色襯衫的男子站在一起。背景中，其他畢業生和觀眾在教堂前的廣場上慶祝，有些人舉著氣球，場景充滿了歡樂與慶祝的氛圍。

2. 照片展示了畢業典禮的場景。前景中，一位畢業生身著學士服，頭戴學士帽，手持鮮花，與一位穿著藍色襯衫的男子站在一起。背景中，其他畢業生和觀眾在教堂前的廣場上慶祝，有些人舉著氣球，場景充滿了歡樂與慶祝的氛圍。

3. 這張照片記錄了畢業典禮的精彩時刻。前景中，一位畢業生身著學士服，頭戴學士帽，手持鮮花，與一位穿著藍色襯衫的男子站在一起。背景中，其他畢業生和觀眾在教堂前的廣場上慶祝，有些人舉著氣球，場景充滿了歡樂與慶祝的氛圍。"
origin_dataset/1591504753410.jpg,"1. 這張照片中，一個人穿着畢業袍，坐在公園的石階上。背景是綠色的草地和樹木，環境看起來很寧靜。畢業袍的領口是黃色的，上面有紅色的花紋裝飾。照片的上半部分有一些心形的圖案，可能是後期處理的效果。

2. 這張照片展示了一位穿著畢業袍的人，坐在公園的石階上。背景是綠色的草地和樹木，環境看起來很寧靜。畢業袍的領口是黃色的，上面有紅色的花紋裝飾。照片的上半部分有一些心形的圖案，可能是後期處理的效果。

3. 這張照片中，一個人穿著畢業袍，坐在公園的石階上。背景是綠色的草地和樹木，環境看起來很寧靜。畢業袍的領口是黃色的，上面有紅色的花紋裝飾。照片的上半部分有一些心形的圖案，可能是後期處理的效果。"
origin_dataset/IMG20220313134827.jpg,"1. 一張照片展示了一條鋪設良好的柏油道路，道路兩側是綠意盎然的稻田，遠處是被雲霧籠罩的山脈。天空中雲層厚重，但仍有部分藍天露頭，給整體景色增添了一絲清新。道路旁邊有電線杆和電線，電線杆上裝飾有幾朵小花，為這片農村風景增添了一絲生動。

2. 照片中，一條筆直的柏油路延伸至遠處，兩側是廣闊的稻田，稻田綠意盎然，看起來非常茂盛。遠處的山脈被厚重的雲霧所籠罩，山頂隱約可見。天空中雲層厚重，但仍有部分藍天露頭，給整體景色增添了一絲清新。道路兩側有電線杆和電線，電線杆上裝飾有幾朵小花，為這片農村風景增添了一絲生動。

3. 這張照片捕捉到了一條鋪設良好的柏油道路，道路兩側是廣闊的稻田，稻田綠意盎然，看起來非常茂盛。遠處的山脈被厚重的雲霧所籠罩，山頂隱約可見。天空中雲層厚重，但仍有部分藍天露頭，給整體景色增添了一絲清新。道路兩側有電線杆和電線，電線杆上裝飾有幾朵小花，為這片農村風景增添了一絲生動。"
origin_dataset/IMG20220304164349.jpg,"1. 一隻棕黃色的狗，正坐在灰色的路面上。它戴着一塊白色圍巾，圍巾上有一些圖案和文字。狗的耳朵是立起來的，眼睛看向一邊，表情看起來很安靜。地上散落著一些枯葉。

2. 一隻棕黃色的狗，坐在灰色的路面上。它戴着一塊白色圍巾，圍巾上有一些圖案和文字。狗的耳朵是立起來的，眼睛看向一邊，表情看起來很安靜。地上散落著一些枯葉。

3. 一隻棕黃色的狗，正坐在灰色的路面上。它戴着一塊白色圍巾，圍巾上有一些圖案和文字。狗的耳朵是立起來的，眼睛看向一邊，表情看起來很安靜。地上散落著一些枯葉。"
origin_dataset/20240129_151734.jpg,"1. 一處綠意盎然的景點，湖水清澈，周圍環繞著茂密的樹木。湖邊有一座木製的涼亭，遊客們在涼亭內休息或欣賞周圍的風景。湖中有一頭水牛雕像，靜靜地浮在水面上，成為景點的一大特色。遠處的山丘上，綠樹成蔭，陽光從樹梢間透射下來，形成斑斕的光影效果。

2. 景區內設有一座木製的涼亭，遊客們在涼亭內休憩，遠處的山丘上，綠樹成蔭，陽光從樹梢間透射下來，形成斑斕的光影效果。湖中有一頭水牛雕像，靜靜地浮在水面上，成為景點的一大特色。湖水清澈，周圍環繞著茂密的樹木，遠處的山丘上，綠樹成蔭，陽光從樹梢間透射下來，形成斑斕的光影效果。

3. 景區內設有一座木製的涼亭，遊客們在涼亭內休憩，遠處的山丘上，綠樹成蔭，陽光從樹梢間透射下來，形成斑斕的光影效果。湖中有一頭水牛雕像，靜靜地浮在水面上，成為景點的一大特色。湖水清澈，周圍環繞著茂密的樹木，遠處的山丘上，綠樹成蔭，陽光從樹梢間透射下來，形成斑斕的光影效果。"
origin_dataset/20230806_132056.jpg,"1. 一間位於街道旁邊的建築物，門口有幾輛停靠的機車。建築物的門面上有中文標語，顯示出當地的商業氛圍。建築物前有一棵大樹，樹幹粗壯，樹枝延伸至建築物上方，樹蔭下有幾輛機車停靠。建築物旁邊有一條馬路，馬路邊有綠化帶，綠化帶內有樹木和草叢。馬路旁邊有一個紅色的路邊石，路邊石上有一個電箱。建築物的門口有一個綠色的電子顯示牌，顯示牌上有中文文字。

2. 一間位於街道旁邊的建築物，門口有幾輛停靠的機車。建築物的門面上有中文標語，顯示出當地的商業氛圍。建築物前有一棵大樹，樹幹粗壯，樹枝延伸至建築物上方，樹蔭下有幾輛機車停靠。建築物旁邊有一條馬路，馬路邊有綠化帶，綠化帶內有樹木和草叢。馬路旁邊有一個紅色的路邊石，路邊石上有一個電箱。建築物的門口有一個綠色的電子顯示牌，顯示牌上有中文文字。建築物的門口有一個綠色的電子顯示牌，顯示牌上有中文文字。

3. 一間位於街道旁邊的建築物，門口有幾輛停靠的機車。建築物的門面上有中文標語，顯示出當地的商業氛圍。建築物前有一棵大樹，樹幹粗壯，樹枝延伸至建築物上方，樹蔭下有幾輛機車停靠。建築物旁邊有一條馬路，馬路邊有綠化帶，綠化帶內有樹木和草叢。馬路旁邊有一個紅色的路邊石，路邊石上有一個電箱。建築物的門口有一個綠色的電子顯示牌，顯示牌上有中文文字。建築物的門口有一個綠色的電子顯示牌，顯示牌上有中文文字。"
origin_dataset/1528036898444.jpg,"1. 三位年輕人坐在電影院的座位上，背景是昏暗的燈光和空蕩蕩的座位。他們面帶微笑，似乎在享受共同的時光。最前面的年輕人戴著圓框眼鏡，穿著白色T恤，手裡拿著一部手機。中間的年輕人穿著藍色T恤，上面有白色英文字母。最後面的年輕人戴著黑色帽子，穿著黑色上衣。他們看起來很開心，可能是在看電影或參加活動。

2. 三位年輕人坐在電影院的座位上，背景是昏暗的燈光和空蕩蕩的座位。他們面帶微笑，似乎在享受共同的時光。最前面的年輕人戴著圓框眼鏡，穿著白色T恤，手裡拿著一部手機。中間的年輕人穿著藍色T恤，上面有白色英文字母。最後面的年輕人戴著黑色帽子，穿著黑色上衣。他們看起來很開心，可能是在看電影或參加活動。

3. 三位年輕人坐在電影院的座位上，背景是昏暗的燈光和空蕩蕩的座位。他們面帶微笑，似乎在享受共同的時光。最前面的年輕人戴著圓框眼鏡，穿著白色T恤，手裡拿著一部手機。中間的年輕人穿著藍色T恤，上面有白色英文字母。最後面的年輕人戴著黑色帽子，穿著黑色上衣。他們看起來很開心，可能是在看電影或參加活動。"
origin_dataset/20240517_163323.jpg,"1. 天空中有大片的雲彩，陽光從雲隙中透出，形成一道道光束。遠處可以看到山丘和綠樹，近處有一些建築物和鐵路橋樑。

2. 空氣中瀰漫著一種寧靜的氛圍，陽光穿透雲層，形成美麗的光線。遠處的山丘和綠樹構成了一幅自然的畫面，近處的建築物和鐵路橋樑則透露出現代城市的痕跡。

3. 天空的雲彩層次分明，陽光從雲隙中透出，形成一道道光束。遠處的山丘和綠樹構成了一幅自然的畫面，近處的建築物和鐵路橋樑則透露出現代城市的痕跡。整體氛圍寧靜而美麗。"
origin_dataset/11150916_632059100227249_2118011920671309986_n(1)(1).jpg,"1. 一間教室內，有六位年輕人圍成一圈，似乎在進行某種活動或討論。他們站在一張桌子旁，桌子後方有一塊白板，上面寫著一些字。牆壁上掛著一張布簾，窗戶旁邊有一張寫著中文的告示牌。教室的地板是水泥地，牆壁是白色磚塊裝飾。窗戶外可以看到一些綠色植物和建築物。

2. 教室內，六位年輕人圍成一圈，似乎在進行某種活動或討論。他們站在一張桌子旁，桌子後方有一塊白板，上面寫著一些字。牆壁上掛著一張布簾，窗戶旁邊有一張寫著中文的告示牌。牆壁是白色磚塊裝飾，地板是水泥地。窗戶外可以看到一些綠色植物和建築物。

3. 教室內，六位年輕人圍成一圈，似乎在進行某種活動或討論。他們站在一張桌子旁，桌子後方有一塊白板，上面寫著一些字。牆壁上掛著一張布簾，窗戶旁邊有一張寫著中文的告示牌。牆壁是白色磚塊裝飾，地板是水泥地。窗戶外可以看到一些綠色植物和建築物。"
origin_dataset/IMG20210808201506.jpg,"1. 這張照片是在夜晚拍攝的，從車窗內向外看，可以看到一條橋和一些建築物。橋上有燈光，橋下是河流，河面上反射著橋上的燈光。遠處的建築物也點綴著燈光，整體氛圍顯得非常寧靜。

2. 照片中，車窗的反光使得橋和建築物的影像有些模糊，但依稀可辨。橋上有車輛行駛，橋下的河流靜靜地流動著。遠處的建築物在夜色中閃爍著微光，構成了一幅城市夜景的美麗畫面。

3. 這張照片捕捉到了一個城市的夜景，從車窗內向外看，可以看到橋和建築物。橋上有車輛行駛，橋下的河流反射著橋上的燈光。遠處的建築物點綴著燈光，整體氛圍顯得非常寧靜。車窗的反光使得橋和建築物的影像有些模糊，但依稀可辨。"
origin_dataset/1562607086045.jpg,"1. 一隻大型的充氣皮卡丘雕像，位於一個廣場上，背景是高樓和棕櫚樹。雕像的顏色是鮮豔的黃色，頭上有兩隻尖尖的耳朵，臉上是圓圓的黑色眼睛和紅色的腮紅，張開的嘴巴露出粉紅色的舌頭。雕像周圍有紅色的繩子和鐵柱圍起，防止人們靠近。

2. 這是一個位於城市廣場的大型充氣皮卡丘雕像，背景是現代建築和高大的棕櫚樹。雕像的顏色是鮮豔的黃色，頭上有兩隻尖尖的耳朵，臉上是圓圓的黑色眼睛和紅色的腮紅，張開的嘴巴露出粉紅色的舌頭。雕像周圍有紅色的繩子和鐵柱圍起，防止人們靠近。

3. 一隻大型的充氣皮卡丘雕像，位於一個廣場上，背景是現代建築和高大的棕櫚樹。雕像的顏色是鮮豔的黃色，頭上有兩隻尖尖的耳朵，臉上是圓圓的黑色眼睛和紅色的腮紅，張開的嘴巴露出粉紅色的舌頭。雕像周圍有紅色的繩子和鐵柱圍起，防止人們靠近。"
origin_dataset/11129288_632075060225653_3044521092281988790_n(1)(1).jpg,"1. 六位年輕人站成一排，位於室內，背景是教室或會議室。牆壁上掛有黑板和一些標語，窗戶透進自然光。他們的服裝風格各異，有穿運動服的，也有穿休閒服的。他們似乎在等待某個活動開始或是在進行某項活動的準備階段。

2. 六位年輕人排成一列，站在一個看似教室或會議室的空間內。牆壁上掛有黑板和標語，窗戶讓自然光照射進來。他們的服裝風格不一，有穿運動服的，也有穿休閒服的。他們的姿態和表情看起來比較正式，可能是在等待某個活動開始或是在進行某項活動的準備階段。

3. 六位年輕人站成一排，位於室內，背景是教室或會議室。牆壁上掛有黑板和標語，窗戶透進自然光。他們的服裝風格各異，有穿運動服的，也有穿休閒服的。他們的姿態和表情看起來比較正式，可能是在等待某個活動開始或是在進行某項活動的準備階段。"
origin_dataset/IMG_20171118_195511_152.jpg,"1. 一盤烤好的布丁，表面金黃，撒有紅色的糖漿，放在白色盤子上，盤子旁邊有一塊布，上面放著幾塊切片的白麵包。

2. 一盤烤好的布丁，表面金黃，撒有紅色的糖漿，放在白色盤子上，盤子旁邊有一塊布，上面放著幾塊切片的白麵包，盤子後方還有一個紅色的杯子。

3. 一盤烤好的布丁，表面金黃，撒有紅色的糖漿，放在白色盤子上，盤子旁邊有一塊布，上面放著幾塊切片的白麵包，盤子後方還有一個紅色的杯子，盤子後方還有一個透明的玻璃杯。"
origin_dataset/IMG_20200210_123659_078.jpg,"1. 各種訊息會在語言化的過程中被簡化。我們相信語言的力量非常強大，但不可過度相信它的傳達完全。

2. 各種訊息會在語言化的過程中被簡化。我們相信語言的力量非常強大，但不可過度相信它的傳達完全。

3. 各種訊息會在語言化的過程中被簡化。我們相信語言的力量非常強大，但不可過度相信它的傳達完全。"
origin_dataset/20230731_164907.jpg,"1. 天空湛藍，雲層稀疏，幾朵細長的雲彩在空中飄浮。陽光從雲隙間透出，散發出柔和的光芒。遠處的樹木在微風中輕搖，樹葉間閃爍著點點陽光。建築物的屋頂在陽光下顯得格外鮮明，建築的窗戶反射出陽光的餘暉。

2. 藍天如洗，幾朵細長的雲彩在空中悠然自得地漂浮。陽光從雲隙間透出，散發出溫暖的光芒，照耀在樹葉上，樹葉間閃爍著點點陽光。建築物的屋頂在陽光下顯得格外鮮明，建築的窗戶反射出陽光的餘暉，建築的牆壁在陽光下顯得格外鮮明。

3. 天空湛藍，幾朵細長的雲彩在空中悠然自得地漂浮。陽光從雲隙間透出，散發出柔和的光芒，照耀在樹葉上，樹葉間閃爍著點點陽光。建築物的屋頂在陽光下顯得格外鮮明，建築的窗戶反射出陽光的餘暉，建築的牆壁在陽光下顯得格外鮮明。遠處的樹木在微風中輕搖，樹葉間閃爍著點點陽光。"
origin_dataset/IMG20200606094752.jpg,"1. 這張照片展示了一片綠意盎然的草地，背景中有一群人聚集在一個大型的黃色標誌前。標誌上寫著「NCHU」，顯示這可能是一個位於臺灣的國立中山大學的活動場景。天空藍白相間，雲層稀疏，樹木茂盛，環境宜人。

2. 照片中，一羣學生和觀眾聚集在一個大型的黃色標誌前，標誌上寫著「NCHU」。他們似乎正在參加一個活動，可能是一場畢業典禮或校慶。背景中可以看到校園建築和茂密的樹木，天空晴朗，雲層稀疏，環境非常宜人。

3. 這張照片捕捉到了一個大型的戶外活動場景，背景中有一群人聚集在一個大型的黃色標誌前，標誌上寫著「NCHU」。這可能是一所位於臺灣的國立中山大學的活動。照片中可以看到茂盛的樹木和晴朗的天空，雲層稀疏，環境非常宜人。"
origin_dataset/received_947869178647199(1)(1).jpeg,"1. 一顆樹矗立在公園的廣場上，樹幹粗壯，樹冠茂盛，綠葉在微風中輕輕搖曳。樹下鋪設了灰色的水泥地面，邊緣有磚塊裝飾。遠處可以看到幾棵樹和一些燈籠，天空湛藍，陽光從樹葉間透射下來，形成斑斕的光影。

2. 公園內的廣場上，一棵樹引人注目。樹幹筆直，樹冠寬闊，綠葉繁茂。樹下是平整的水泥地面，邊緣有磚塊裝飾。遠處的樹木和燈籠在陽光下顯得格外鮮明，天空湛藍，微風輕拂，樹葉輕搖。

3. 公園廣場上，一棵樹獨自矗立。樹幹粗壯，樹冠茂盛，綠葉在微風中輕輕搖曳。樹下鋪設了灰色的水泥地面，邊緣有磚塊裝飾。遠處的樹木和燈籠在陽光下顯得格外鮮明，天空湛藍，微風輕拂，樹葉輕搖。"
origin_dataset/FB_IMG_1564837913945.jpg,"1. 這張圖片來源於動畫《海綿寶寶》（SpongeBob SquarePants），圖中角色是派大星（Patrick Star）和海綿寶寶（SpongeBob SquarePants）。派大星正興奮地向海綿寶寶解釋一個數學概念，而海綿寶寶則顯得有些困惑。圖片下方有一個數學公式，描述了正弦函數的導數，並展示了如何通過極限定義來推導出結果。最後，公式得出正弦函數的導數為餘弦函數。

2. 這張圖片展示了動畫《海綿寶寶》中的兩個角色，派大星和海綿寶寶。派大星正用一種幽默的方式向海綿寶寶解釋一個複雜的數學概念，而海綿寶寶則顯得有些困惑。圖片下方有一個數學公式，詳細地展示了如何通過極限定義來推導出正弦函數的導數為餘弦函數。

3. 這張圖片來源於動畫《海綿寶寶》，圖中角色是派大星和海綿寶寶。派大星正用一種幽默的方式向海綿寶寶解釋一個數學概念，而海綿寶寶則顯得有些困惑。圖片下方有一個數學公式，詳細地展示了如何通過極限定義來推導出正弦函數的導數為餘弦函數。"
origin_dataset/20240129_151534.jpg,"1. 一處美麗的自然景觀，山丘上綠樹成蔭，遠處的山頭被茂密的樹木覆蓋。近處的花田中，黃色的花朵綻放，形成一片鮮豔的花海。小徑蜿蜒穿過花田，供遊人漫步。遠處的建築物與自然景觀相得益彰，構成一幅和諧的畫面。

2. 這片區域充滿了自然的美，山丘上綠樹成蔭，遠處的山頭被茂密的樹木覆蓋。近處的花田中，黃色的花朵綻放，形成一片鮮豔的花海。小徑蜿蜒穿過花田，供遊人漫步。遠處的建築物與自然景觀相得益彰，構成一幅和諧的畫面。

3. 這片區域充滿了自然的美，山丘上綠樹成蔭，遠處的山頭被茂密的樹木覆蓋。近處的花田中，黃色的花朵綻放，形成一片鮮豔的花海。小徑蜿蜒穿過花田，供遊人漫步。遠處的建築物與自然景觀相得益彰，構成一幅和諧的畫面。"
origin_dataset/20230816_172542.jpg,"1. 天空布滿了蓬鬆的雲朵，顏色從淺灰色到白色漸變，雲層間隙透出藍色的天空。遠處可以看到一些建築物的屋頂和樹木的綠葉，建築物的顏色為淺黃色，樹木的葉子在微風中輕輕搖曳。

2. 空氣中瀰漫著一種寧靜的氛圍，天空的顏色從淺藍漸變至淺灰，雲朵在天空中輕盈地漂浮，遠處的建築物和樹木在微風中搖曳，樹葉在微風中輕輕搖曳，建築物的顏色為淺黃色，樹木的葉子在微風中輕輕搖曳。

3. 天空被蓬鬆的雲朵覆蓋，顏色從淺灰色到白色漸變，遠處的建築物和樹木在微風中搖曳，建築物的顏色為淺黃色，樹木的葉子在微風中輕輕搖曳，遠處的建築物和樹木在微風中搖曳，建築物的顏色為淺黃色，樹木的葉子在微風中輕輕搖曳。"
origin_dataset/IMG20220308132958.jpg,"1. 這張照片展示了一片農田，田間鋪設了稻苗，水面上反射著天空的藍色。遠處可以看到高大的電塔和一些建築物，電塔上連接著多條電線。天空晴朗，沒有雲彩，顯示出一個晴朗的天氣。

2. 照片中，一片稻田被水淹沒，稻苗在水中顯得非常茂盛。田間的水面上有電線的倒影，電塔和建築物在背景中清晰可見。遠處的樹木和建築物構成了農田的邊界，天空湛藍，沒有任何雲彩。

3. 這張照片捕捉到了一片農田的景象，稻苗在水中茁壯成長。電塔和建築物在背景中顯得非常突出，電塔上的電線在空中延伸。天空非常晴朗，沒有雲彩，顯示出一個非常乾淨和明亮的天氣。"
origin_dataset/IMG20200628135256.jpg,"1. 這是一件現代藝術雕塑，展示在一個展覽館內。雕塑由黑色材料構成，表面有許多細小的裂縫和碎片，形成一種破碎的視覺效果。雕塑的底座是紅色的，與背景的白色牆壁形成鮮明對比。雕塑的形狀和結構看起來非常複雜，可能代表了一種抽象的概念或情感。

2. 這件藝術品位於一個室內空間，可能是博物館或畫廊。雕塑的材料似乎是鐵或鋼，表面經過處理，呈現出一種鏽蝕的質感。雕塑的構造非常細緻，由多個部分組成，這些部分之間有著微妙的連接。雕塑的顏色是黑色，與展覽館內的白色牆壁形成強烈的對比。雕塑的底座是紅色的，與背景形成鮮明的對比。

3. 這是一件現代藝術雕塑，位於一個室內空間，可能是博物館或畫廊。雕塑由黑色材料構成，表面有許多細小的裂縫和碎片，形成一種破碎的視覺效果。雕塑的底座是紅色的，與背景的白色牆壁形成鮮明對比。雕塑的形狀和結構看起來非常複雜，可能代表了一種抽象的概念或情感。雕塑的材料似乎是鐵或鋼，表面經過處理，呈現出一種鏽蝕的質感。雕塑的構造非常細緻，由多個部分組成，這些部分之間有著微妙的連接。"
origin_dataset/IMG20210808201510.jpg,"1. 夜晚的橋樑上，車燈閃爍，橋下的河流反射著燈光，形成美麗的倒影。橋上和橋下的建築物點綴著點點燈光，構成一幅動態的城市夜景圖。

2. 從車窗望出去，夜色中的橋樑和河流構成一幅動態的畫面。橋上的車燈閃爍，橋下的河流反射著燈光，形成美麗的倒影。遠處的建築物點綴著點點燈光，構成一幅動態的城市夜景圖。

3. 夜晚的橋樑上，車燈閃爍，橋下的河流反射著燈光，形成美麗的倒影。遠處的建築物點綴著點點燈光，構成一幅動態的城市夜景圖。橋上的車燈閃爍，橋下的河流反射著燈光，構成一幅動態的畫面。"
origin_dataset/IMG20220315163832.jpg,"1. 海邊的風景，遠處是廣闊的海洋，天空中漂浮著幾朵雲，近處是綠色的植被和一條鐵製的護欄。

2. 這張照片展示了一片海景，天空藍色，雲層稀疏，海面波光粼粼，近處有綠樹和鐵製護欄。

3. 照片中，海天一色，遠處是無垠的海洋，天空中散落著幾朵雲，近處是綠樹和鐵製護欄，構成一幅寧靜的海邊風景。"
origin_dataset/IMG20220313131544.jpg,"1. 一望無際的稻田，綠意盎然，田間排列整齊的稻苗在微風中輕搖，遠處是連綿起伏的山丘，山頂雲霧繚繞，天空湛藍，幾朵雲彩悠然自得地漂浮著。

2. 一條筆直的柏油路延伸至遠方，路邊是護欄，護欄後方是廣闊的稻田，稻田裡的稻苗排列整齊，遠處的山丘在薄霧中若隱若現，天空藍得深邃，雲彩在天空中悠然自得地漂浮著。

3. 稻田裡的稻苗在微風中輕搖，遠處是連綿起伏的山丘，山頂雲霧繚繞，天空湛藍，幾朵雲彩悠然自得地漂浮著。一旁的柏油路延伸至遠方，路邊是護欄，護欄後方是廣闊的稻田。"
origin_dataset/IMG20220315145639.jpg,"1. 這是一條沿海公路，道路兩側設有護欄，護欄上裝有黃色的警示燈。道路旁邊是陡峭的山崖，山崖上長滿了綠色的植被。遠處是無垠的海洋，海面波光粼粼，天空陰沉，雲層厚重。

2. 這條公路蜿蜒曲折，沿著海岸線延伸。護欄保護著道路，防止車輛衝出邊緣。護欄上裝有黃色的警示燈，提醒駕駛員注意安全。道路兩側是陡峭的山崖，山崖上長滿了綠色的植被。遠處是無垠的海洋，海面波光粼粼，天空陰沉，雲層厚重。

3. 這是一條沿海公路，道路兩側設有護欄，護欄上裝有黃色的警示燈。道路旁邊是陡峭的山崖，山崖上長滿了綠色的植被。遠處是無垠的海洋，海面波光粼粼，天空陰沉，雲層厚重。護欄保護著道路，防止車輛衝出邊緣。"
origin_dataset/20240515_183314.jpg,"1. 一盞街燈在天色漸暗時亮起，燈光柔和地照耀著周圍的建築物。天空從藍色漸變至淡黃色，顯示出日落時分的景象。遠處的建築物在燈光的照耀下顯得格外清晰，而近處的建築物則在燈光的照射下顯得更加突出。

2. 天空從藍色漸變至淡黃色，顯示出日落時分的景象。一盞街燈在天色漸暗時亮起，燈光柔和地照耀著周圍的建築物。遠處的建築物在燈光的照耀下顯得格外清晰，而近處的建築物則在燈光的照射下顯得更加突出。

3. 一盞街燈在天色漸暗時亮起，燈光柔和地照耀著周圍的建築物。遠處的建築物在燈光的照耀下顯得格外清晰，而近處的建築物則在燈光的照射下顯得更加突出。天空從藍色漸變至淡黃色，顯示出日落時分的景象。"
origin_dataset/line_1548394003155.jpg,"1. 這是一張展示了一條鋪設有方磚的步道的照片。步道兩旁種植了高大的樹木，樹枝錯綜複雜，樹葉已經開始轉黃，顯示出秋天的氣息。步道的兩側還有一些綠化帶，種植了矮小的灌木和草本植物。背景中可以看到一些建築物，建築物的牆壁是淺色的，門窗則是藍色的。步道上沒有行人，顯得非常靜謐。

2. 這張照片捕捉到了一個公園或廣場的場景。步道兩側的樹木高大茂盛，樹葉已經開始轉黃，表明現在是秋天。步道鋪設有方磚，兩側有綠化帶，種植了矮小的灌木和草本植物。背景中可以看到一些建築物，建築物的牆壁是淺色的，門窗則是藍色的。步道上沒有行人，顯得非常靜謐，給人一種平靜的感覺。

3. 這張照片展示了一條鋪設有方磚的步道，兩旁種植了高大的樹木，樹葉已經開始轉黃，顯示出秋天的氣息。步道兩側有綠化帶，種植了矮小的灌木和草本植物。背景中可以看到一些建築物，建築物的牆壁是淺色的，門窗則是藍色的。步道上沒有行人，顯得非常靜謐，給人一種平靜的感覺。步道兩側的樹木高大茂盛，樹枝錯綜複雜，樹葉已經開始轉黃，顯示出秋天的氣息。步道鋪設有方磚，兩側有綠化帶，種植了矮小的灌木和草本植物。背景中可以看到一些建築物，建築物的牆壁是淺色的，門窗則是藍色的。步道上沒有行人，顯得非常靜謐，給人一種平靜的感覺。"
origin_dataset/13274_632087950224364_8692510268907875417_n(1).jpg,"1. 一群孩子圍繞著一棟石造建築，似乎在進行某種活動或遊戲。他們的姿態各異，有的低頭，有的側身，顯得非常投入。背景中可以看到綠色的樹木和一堵石牆，環境看起來像是戶外的公園或遊樂場。

2. 一羣孩子圍繞著一棟石造建築，似乎在進行某種活動或遊戲。他們的姿態各異，有的低頭，有的側身，顯得非常投入。背景中可以看到綠色的樹木和一堵石牆，環境看起來像是戶外的公園或遊樂場。

3. 一群孩子圍繞著一棟石造建築，似乎在進行某種活動或遊戲。他們的姿態各異，有的低頭，有的側身，顯得非常投入。背景中可以看到綠色的樹木和一堵石牆，環境看起來像是戶外的公園或遊樂場。"
origin_dataset/20240129_151722.jpg,"1. 一處綠意盎然的景點，湖水清澈，倒映著周圍的綠樹和遠山。湖邊有一座木製的涼亭，遊客們在亭中閒坐，欣賞著周圍的風景。湖中有一頭石牛雕像，靜靜地浮在水面上，增添了一絲古色古香的氛圍。遠處的山丘上，樹木茂盛，綠意盎然，遠近相映成趣。

2. 湖水碧綠，清澈見底，倒映著周圍的綠樹和遠山。湖邊有一座木製的涼亭，遊客們在亭中閒坐，欣賞著周圍的風景。遠處的山丘上，樹木茂盛，遠近相映成趣。湖中有一頭石牛雕像，靜靜地浮在水面上，給這片景點增添了一絲古色古香的氛圍。

3. 一處景點，湖水清澈，倒映著周圍的綠樹和遠山。湖邊有一座木製的涼亭，遊客們在亭中閒坐，欣賞著周圍的風景。遠處的山丘上，樹木茂盛，遠近相映成趣。湖中有一頭石牛雕像，靜靜地浮在水面上，給這片景點增添了一絲古色古香的氛圍。"
origin_dataset/20230730_191328.jpg,"1. 這張照片展示了一片深藍色的天空，天空中散佈著一些薄薄的雲層。在照片的左上角，可以看到一些樹葉和枝條的倒影，這些樹葉和枝條在水面上形成了美麗的倒影。整體感覺非常寧靜，彷彿是在一個清晨或傍晚時分拍攝的。

2. 照片中，天空的顏色是深邃的藍色，雲層稀疏，散發出一種寧靜的氛圍。在照片的左側，樹葉和枝條的倒影清晰可見，這些自然元素在水面上形成了對稱的圖案。整體構圖簡單而優美，給人一種平靜和安靜的感覺。

3. 這張照片捕捉到了一個寧靜的自然場景，天空是深藍色的，雲層稀疏。在照片的左側，樹葉和枝條的倒影清晰地反映在水面上，形成了對稱的圖案。這種倒影效果使得整個場景更加優美，彷彿是在一個清晨或傍晚時分拍攝的，給人一種平靜和安靜的感覺。"
origin_dataset/IMG20220316140946.jpg,"1. 這張照片展示了一片湖泊，湖水靜靜地反射著周圍的綠樹和天空。湖邊鋪設了石頭路，兩旁是茂盛的草地。遠處可以看到一些建築物和山丘，天空中雲層密布，給整體景色增添了一絲陰鬱的氛圍。

2. 照片中，一汪碧綠的湖水在風中輕輕搖曳，湖面倒映著周圍的綠樹和遠方的山丘。湖邊的草地和石頭路鋪設得整齊劃一，給人一種平靜而寧靜的感覺。遠處的建築物在雲層的掩映下若隱若現，為這幅畫面增添了一絲現代城市的韻味。

3. 這張照片捕捉到了一個寧靜的湖景，湖水清澈，倒映著周圍的綠樹和遠方的山丘。湖邊的草地和石頭路鋪設得整齊劃一，給人一種平靜而寧靜的感覺。遠處的建築物在雲層的掩映下若隱若現，為這幅畫面增添了一絲現代城市的韻味。天空中雲層密布，給整體景色增添了一絲陰鬱的氛圍。"
origin_dataset/1529165743944.jpg,"1. 這張照片拍攝於一個戶外的場景，背景是一座現代建築，建築的設計獨特，三角形的屋頂和玻璃窗非常顯眼。建築前的草坪上，有許多畢業生和他們的家人或朋友在慶祝畢業。人們的神情開心，有些人舉起氣球，氣球五顏六色，增添了慶祝的氛圍。照片前景中有兩位年輕人站在一起，他們面帶微笑，做出V字形的手勢，似乎是在拍照留念。他們的後方，還有其他畢業生在進行慶祝活動，有些人穿著畢業服，頭戴學士帽，顯得非常正式。整體來說，這張照片捕捉到了畢業生慶祝畢業的歡樂時刻。

2. 這張照片展示了一個充滿歡樂氣氛的畢業慶典場景。背景中，一座現代建築的三角形屋頂和玻璃窗非常引人注目。建築前的草坪上，畢業生們正在慶祝，他們的臉上洋溢著開心的笑容。有些人舉起五顏六色的氣球，增添了慶祝的氛圍。照片前景中有兩位年輕人站在一起，他們面帶微笑，做出V字形的手勢，似乎是在拍照留念。他們的後方，還有其他畢業生在進行慶祝活動，有些人穿著畢業服，頭戴學士帽，顯得非常正式。整體來說，這張照片捕捉到了畢業生慶祝畢業的歡樂時刻。

3. 這張照片拍攝於一個戶外的場景，背景是一座現代建築，建築的設計獨特，三角形的屋頂和玻璃窗非常顯眼。建築前的草坪上，有許多畢業生和他們的家人或朋友在慶祝畢業。人們的神情開心，有些人舉起五顏六色的氣球，氣球五顏六色，增添了慶祝的氛圍。照片前景中有兩位年輕人站在一起，他們面帶微笑，做出V字形的手勢，似乎是在拍照留念。他們的後方，還有其他畢業生在進行慶祝活動，有些人穿著畢業服，頭戴學士帽，顯得非常正式。整體來說，這張照片捕捉到了畢業生慶祝畢業的歡樂時刻。"
origin_dataset/IMG20220315123741.jpg,"1. 這間餐廳的裝潢採用傳統日式風格，牆壁和天花板都採用木製材料，並搭配日式障子窗，營造出溫馨的氛圍。室內擺設簡單，以榻榻米為主，搭配木製桌椅，桌椅上還刻有精緻的圖案。餐廳內有兩位客人坐在桌子旁，似乎在進行輕鬆的對話。牆邊擺放了一盆綠色植物，增添了一絲生機。餐廳的牆壁上掛有日文標誌，顯示了餐廳的服務項目，包括咖啡和茶等飲品。

2. 這間餐廳的內部裝潢採用傳統日式風格，牆壁和天花板都採用木製材料，並搭配日式障子窗，營造出溫馨的氛圍。室內擺設簡單，以榻榻米為主，搭配木製桌椅，桌椅上還刻有精緻的圖案。餐廳內有兩位客人坐在桌子旁，似乎在進行輕鬆的對話。牆邊擺放了一盆綠色植物，增添了一絲生機。餐廳的牆壁上掛有日文標誌，顯示了餐廳的服務項目，包括咖啡和茶等飲品。

3. 這間餐廳的裝潢採用傳統日式風格，牆壁和天花板都採用木製材料，並搭配日式障子窗，營造出溫馨的氛圍。室內擺設簡單，以榻榻米為主，搭配木製桌椅，桌椅上還刻有精緻的圖案。餐廳內有兩位客人坐在桌子旁，似乎在進行輕鬆的對話。牆邊擺放了一盆綠色植物，增添了一絲生機。餐廳的牆壁上掛有日文標誌，顯示了餐廳的服務項目，包括咖啡和茶等飲品。"
origin_dataset/20240317_164924.jpg,"1. 一隻毛茸茸的貓咪正躺在玻璃門前的木製門框上，門框上有一個木製的圓形裝飾，門框下方有一塊紅色的防滑地墊。門上貼有幾個圖案，包括WiFi的圖案和一個拍照的圖案，以及一些中文的標語。

2. 一隻貓咪靜靜地躺在玻璃門前的木製門框上，門框設計成一個圓形，門框下方鋪有一塊紅色的防滑地墊。門上貼有WiFi和拍照的圖案，以及一些中文標語。

3. 一隻毛茸茸的貓咪正躺在玻璃門前的木製門框上，門框設計成一個圓形，門框下方鋪有一塊紅色的防滑地墊。門上貼有WiFi和拍照的圖案，以及一些中文標語。"
origin_dataset/IMG_20200517_130920_780.jpg,"1. 桌上有一杯深色的飲料，裡面有檸檬片和紅色的調味料，可能是茶飲或調味飲料。旁邊有一個小碗，裡面裝有紅色的醬料，可能是辣椒醬或調味醬。還有一雙筷子放在小碗裡。背景中可以看到一個黑色的電磁爐，上面似乎有鍋具。桌上還有一個透明的玻璃杯，裡面裝有水。此外，還有一個黑色的紙巾盒和一張紙巾。桌面上有幾塊紙巾，可能是用餐後的殘渣。

2. 桌面上有一個黑色的電磁爐，上面似乎有鍋具。電磁爐旁邊有一個透明的玻璃杯，裡面裝有水。桌上還有一個黑色的紙巾盒和一張紙巾。桌面上有幾塊紙巾，可能是用餐後的殘渣。桌上還有一個小碗，裡面裝有紅色的醬料，可能是辣椒醬或調味醬。還有一雙筷子放在小碗裡。桌上還有一杯深色的飲料，裡面有檸檬片和紅色的調味料，可能是茶飲或調味飲料。

3. 桌面上有一個黑色的電磁爐，上面似乎有鍋具。電磁爐旁邊有一個透明的玻璃杯，裡面裝有水。桌上還有一個黑色的紙巾盒和一張紙巾。桌上還有一個小碗，裡面裝有紅色的醬料，可能是辣椒醬或調味醬。還有一雙筷子放在小碗裡。桌上還有一杯深色的飲料，裡面有檸檬片和紅色的調味料，可能是茶飲或調味飲料。背景中可以看到一個黑色的紙巾盒和一張紙巾。桌面上有幾塊紙巾，可能是用餐後的殘渣。"
origin_dataset/20230916_115441.jpg,"1. 藍天白雲，遠處山脈連綿，綠樹成蔭，近處建築隱約可見，環境清幽。

2. 山谷間綠意盎然，遠山近景皆被綠色覆蓋，天空中雲彩悠然，構成一幅寧靜的自然畫面。

3. 綠樹成林，山脈起伏，遠處建築與自然景觀相得益彰，天空湛藍，雲朵輕盈，環境宜人。"
origin_dataset/1517922659094.jpg,"1. 一位年輕的男孩，頭髮是淺棕色，正在吃一個黃色的水果，表情非常開心，露出燦爛的笑容。
2. 男孩的臉上有一個明顯的皺紋，他正在吃一個黃色的水果，看起來非常開心，露出燦爛的笑容。
3. 男孩的頭髮是淺棕色，正在吃一個黃色的水果，表情非常開心，露出燦爛的笑容。"
origin_dataset/20240707_181306.jpg,"1. 藍天白雲，建築林立，現代都市風景。
2. 高樓林立，玻璃幕牆反射陽光，天空湛藍，雲朵飄逸。
3. 城市建築與藍天白雲相映成趣，現代都市的景象。"
origin_dataset/IMG20220108153954.jpg,"1. 這張圖片展示了一個紫色背景的展板，上面有一個簡化的線條圖像，圖像中有一個戴着眼鏡的男性側身立著。展板上用白色和紫色的字體寫著許多文字，內容涉及奇幻、推理、時間流逝等主題，並提到APUJAN 2022春夏時裝系列《迷宮喧囂》的部分參考書單。展板上還標註了推薦人詹朴，並提到他是一位時裝設計師，熱愛閱讀，以服裝轉譯文學典故、奇幻想像與時間的故事。

2. 展板的背景是紫色的，上面有一個簡化的線條圖像，圖像中有一個戴着眼鏡的男性側身立著。展板上用白色和紫色的字體寫著許多文字，內容涉及奇幻、推理、時間流逝等主題，並提到APUJAN 2022春夏時裝系列《迷宮喧囂》的部分參考書單。展板上還標註了推薦人詹朴，並提到他是一位時裝設計師，熱愛閱讀，以服裝轉譯文學典故、奇幻想像與時間的故事。

3. 展板的背景是紫色的，上面有一個簡化的線條圖像，圖像中有一個戴着眼鏡的男性側身立著。展板上用白色和紫色的字體寫著許多文字，內容涉及奇幻、推理、時間流逝等主題，並提到APUJAN 2022春夏時裝系列《迷宮喧囂》的部分參考書單。展板上還標註了推薦人詹朴，並提到他是一位時裝設計師，熱愛閱讀，以服裝轉譯文學典故、奇幻想像與時間的故事。"
origin_dataset/20240717_184953.jpg,"1. 天空湛藍，雲朵輕盈，散發出柔和的粉紅色光澤，遠處建築物的輪廓在夕陽的餘暉中若隱若現。
2. 晚霞映照在天空，雲層被染成粉紅色，建築物的邊緣在落日餘暉中顯得格外鮮明。
3. 夕陽西下，天空漸漸轉為藍色，雲朵被染成粉紅色，建築物的輪廓在落日餘暉中顯得格外清晰。"
origin_dataset/IMG20220307171410.jpg,"1. 藍天白雲，建築林立，街道兩旁停有汽車，建築物風格多樣，有現代與傳統混雜的特色。

2. 天空湛藍，雲朵輕盈，建築物錯落有致，街道上停有幾輛車，建築風格多樣，既有現代建築，也有傳統建築。

3. 藍天與白雲交相輝映，建築物林立，街道兩旁停有汽車，建築風格多樣，既有現代建築，也有傳統建築，環境整潔。"
origin_dataset/IMG20220312141003.jpg,"1. 海邊的路旁，鋪設著規律的磚塊，兩旁種植著幾棵樹，樹影斑駁。遠處的海面波光粼粼，天空湛藍，幾朵雲彩悠然自得地漂浮著。路邊的欄杆保護著行人，遠處的車輛緩緩駛過，車影在路面上投下斑駁的影子。

2. 一排樹木在路旁挺立，樹冠在微風中輕輕搖曳。路邊的欄杆保護著行人，遠處的海面波光粼粼，天空湛藍，幾朵雲彩悠然自得地漂浮著。遠處的山丘隱約可見，山腳下有建築物的輪廓，車輛緩緩駛過，車影在路面上投下斑駁的影子。

3. 海邊的路旁，鋪設著規律的磚塊，兩旁種植著幾棵樹，樹影斑駁。遠處的海面波光粼粼，天空湛藍，幾朵雲彩悠然自得地漂浮著。遠處的山丘隱約可見，山腳下有建築物的輪廓，車輛緩緩駛過，車影在路面上投下斑駁的影子。"
origin_dataset/IMG_20201122_125539_437.jpg,"1. 綠意盎然的山林，茂密的樹木層層疊疊，遠處的山峰被薄霧輕輕覆蓋，遠近景緻交織，構成一幅優美的自然畫面。

2. 石頭與樹木相間，岩石表面粗糙，樹葉在微風中輕輕搖曳，遠處的山峯在薄霧中若隱若現，構成一幅靜謐而壯麗的自然風景。

3. 山谷中，樹木茂盛，綠葉在微風中輕擺，遠處的山峯被薄霧輕輕覆蓋，近處的岩石與樹木交織，構成一幅優美的自然風景。"
origin_dataset/IMG20220304163550.jpg,"1. 這座建築物外形獨特，類似於金字塔，頂部有一個十字架，位於一片綠意盎然的公園之中。建築的外牆由玻璃和鋼構組成，反射出周圍的綠樹和天空。建築的設計與周圍環境形成鮮明對比，顯得格外引人注目。

2. 建築物的設計風格獨特，類似於現代主義建築，採用三角形的建築結構，頂部有一個十字架。建築的外牆由玻璃和鋼構組成，反射出周圍的綠樹和天空。建築的設計與周圍環境形成鮮明對比，顯得格外引人注目。

3. 這座建築物位於一片綠意盎然的公園之中，外形類似於金字塔，頂部有一個十字架。建築的外牆由玻璃和鋼構組成，反射出周圍的綠樹和天空。建築的設計與周圍環境形成鮮明對比，顯得格外引人注目。建築的設計風格獨特，採用三角形的建築結構，顯得格外引人注目。"
origin_dataset/IMG20211016222307.jpg,"1. 這幅素描畫作展示了幾顆葡萄和一串玉米棒，葡萄被繪製成散落在畫布上的幾顆圓形果實，而玉米棒則被細緻地描繪出來，其表面的顆粒清晰可辨。整幅畫作採用單色調，以灰色調呈現，表現出一種靜謐而自然的氛圍。

2. 素描中，葡萄被繪製成散落的幾顆圓形果實，其形狀和大小各異，表現出葡萄的真實感。而玉米棒則被細緻地描繪出來，其表面的顆粒清晰可辨，表現出玉米棒的質感。整幅畫作採用單色調，以灰色調呈現，表現出一種靜謐而自然的氛圍。

3. 素描畫作中，葡萄被繪製成散落的幾顆圓形果實，其形狀和大小各異，表現出葡萄的真實感。而玉米棒則被細緻地描繪出來，其表面的顆粒清晰可辨，表現出玉米棒的質感。整幅畫作採用單色調，以灰色調呈現，表現出一種靜謐而自然的氛圍。"
origin_dataset/IMG20220317150920.jpg,"1. 海灘上散落著腳印，沙灘上有一些岩石和雜物。遠處的海浪拍打著海岸線，天空中雲層厚重，但陽光依舊透出。幾個人在沙灘上活動，遠處可以看到幾棟建築物。

2. 沙灘上散落著腳印，沙灘邊緣有岩石和雜物。海浪不斷拍打著海岸線，天空中雲層厚重，但陽光依舊透出。幾個人在沙灘上活動，遠處可以看到幾棟建築物。

3. 海灘上散落著腳印，沙灘邊緣有岩石和雜物。遠處的海浪拍打著海岸線，天空中雲層厚重，但陽光依舊透出。幾個人在沙灘上活動，遠處可以看到幾棟建築物。"
origin_dataset/IMG20220304151253.jpg,"1. 這是一張公園的照片，照片中有一條狹窄的步道，兩旁是茂密的樹木。樹木的樹冠非常茂盛，遮擋了大部分的陽光，使得步道上只有零星的陽光照射。步道兩側的樹木看起來非常大，樹幹粗壯，樹冠碩大。步道上有一個行人，正在向遠方走去。步道的盡頭有一個高大的白色建築物，建築物的頂部有一些設備，可能是燈光或監控設備。建築物的後方還有一些樹木和建築物，遠處可以看到一些人影，可能是遊客或居民。整體來說，這張照片展示了一個寧靜的公園環境，適合散步和休閒。

2. 這張照片展示了一個公園的場景。照片的前景是一條狹窄的步道，步道兩旁是茂密的樹木。樹木的樹冠非常茂盛，幾乎遮擋了所有的陽光，使得步道上只有零星的陽光照射。步道兩側的樹木看起來非常大，樹幹粗壯，樹冠碩大。步道上有一個行人，正在向遠方走去。步道的盡頭有一個高大的白色建築物，建築物的頂部有一些設備，可能是燈光或監控設備。建築物的後方還有一些樹木和建築物，遠處可以看到一些人影，可能是遊客或居民。整體來說，這張照片展示了一個寧靜的公園環境，適合散步和休閒。

3. 這張照片展示了一個公園的場景。照片的前景是一條狹窄的步道，步道兩旁是茂密的樹木。樹木的樹冠非常茂盛，幾乎遮擋了所有的陽光，使得步道上只有零星的陽光照射。步道兩側的樹木看起來非常大，樹幹粗壯，樹冠碩大。步道上有一個行人，正在向遠方走去。步道的盡頭有一個高大的白色建築物，建築物的頂部有一些設備，可能是燈光或監控設備。建築物的後方還有一些樹木和建築物，遠處可以看到一些人影，可能是遊客或居民。整體來說，這張照片展示了一個寧靜的公園環境，適合散步和休閒。"
origin_dataset/1527003042207.jpg,"1. 一位年輕的男子站在沙灘上，背後是風力發電機。他頭髮短而有型，穿著一件白色T恤，肩上背著一個背包。沙灘上散落著幾個人，遠處的風力發電機在藍天的映襯下顯得格外突出。

2. 這張照片捕捉到了一個年輕男子在沙灘上的瞬間。他面帶沉思，背後是風力發電機。男子的頭髮短而有型，穿著簡單的白色T恤，肩上背著一個背包。沙灘上散落著幾個人，遠處的風力發電機在藍天的映襯下顯得格外突出。

3. 一位年輕的男子站在沙灘上，背後是風力發電機。他頭髮短而有型，穿著一件白色T恤，肩上背著一個背包。沙灘上散落著幾個人，遠處的風力發電機在藍天的映襯下顯得格外突出。男子面帶沉思，似乎在思考著什麼。"
origin_dataset/20240623_184812.jpg,"1. 天空布滿了厚重的雲層，顏色從淺藍漸變至深灰，透出一種沉悶的氣氛。一盞街燈在右側閃爍著微弱的黃光，樹葉在微風中輕搖，建築物的屋頂在夜幕降臨前顯得格外寂靜。

2. 空氣中瀰漫著濃厚的雲霧，天空的顏色從淡藍漸變至深灰，散發出一種凝重的氣息。一盞街燈在右側發出微弱的黃光，樹葉在微風中輕搖，建築物的屋頂在夜幕降臨前顯得格外寂靜。

3. 天空被厚重的雲層覆蓋，顏色從淺藍漸變至深灰，透出一種沉悶的氣氛。一盞街燈在右側閃爍著微弱的黃光，樹葉在微風中輕搖，建築物的屋頂在夜幕降臨前顯得格外寂靜。"
origin_dataset/20240316_172455.jpg,"1. 藍天中，雲朵輕盈地漂浮著，形狀多變，從細長的條狀到蓬鬆的團狀，散發出柔和的白色調。這些雲朵在天空中形成了一幅動態的畫面，與下方的樹葉形成鮮明對比。

2. 天空的顏色從上到下逐漸轉換，從淺藍到深藍，雲朵在這片藍色背景上顯得格外突出。這些雲朵的形狀和大小各異，有些細長，有些蓬鬆，散發出一種寧靜而平和的氛圍。

3. 空氣中瀰漫著一種輕盈的感覺，雲朵在天空中自由地漂浮著，形狀多樣，從細長的條狀到蓬鬆的團狀，散發出柔和的白色調。這些雲朵在天空中形成了一幅動態的畫面，與下方的樹葉形成鮮明對比。"
origin_dataset/20240727_152619.jpg,1. 一間寬敞的會議室，牆壁上裝有吸音板，牆壁上裝有吸音板，牆壁上裝有吸音板，牆壁上裝有吸音板，牆壁上裝有吸音板，牆壁上裝有吸音板，牆壁上裝有吸音板，牆壁上裝有吸音板，牆壁上裝有吸音板，牆壁上裝有吸音板，牆壁上裝有吸音板，牆壁上裝有吸音板，牆壁上裝有吸音板，牆壁上裝有吸音板，牆壁上裝有吸音板，牆壁上裝有吸音板，牆壁上裝有吸音板，牆壁上裝有吸音板，牆壁上裝有吸音板，牆壁上裝有吸音板，牆壁上裝有吸音板，牆壁上裝有吸音板，牆壁上裝有吸音板，牆壁上裝有吸音板，牆壁上裝有吸音板，牆壁上裝有吸音板，牆壁上裝有吸音板，牆壁上裝有吸音板，牆壁上裝有吸音板，牆壁上裝有吸音板，牆壁上裝有吸音板，牆壁上裝有吸音板，牆壁上裝有吸音板，牆壁上裝有吸音板，牆壁上裝有吸音板，牆壁上裝有吸音板，牆壁上裝有吸音板，牆壁上裝有吸音板，牆壁上裝有吸音板，牆壁上裝有吸音板，牆壁上裝有吸音板，牆壁上裝有吸音板，牆壁上裝有吸音板，牆壁上裝有吸音板，牆壁上裝有吸音板，牆壁上裝有吸音板，牆壁上裝有吸音板，牆壁上裝有吸音板，牆壁上裝有吸音板，牆壁上裝有吸音板，牆壁上裝有吸音板，牆壁上裝有吸音板，牆壁上裝有吸音板，牆壁上裝有吸音板，牆壁上裝有吸音板，牆壁上裝有吸音板，牆壁上裝有吸音板，牆壁上裝有吸音板，牆壁上裝有吸音板，牆壁上裝有吸音板，牆壁上裝有吸音板，牆壁上裝有吸音板，牆壁上裝有吸音板，牆壁上裝有吸音板，牆壁上裝有吸音板，牆壁上裝有吸音板，牆壁上裝有吸音板，牆壁上裝有吸音板，牆壁上裝有吸音板，牆壁上裝有吸音板，牆壁上裝有吸音板，牆壁上裝有吸音板，牆壁上裝有吸音板，牆壁上裝有吸音板，牆壁上裝有吸音板，牆壁上裝有吸音板，牆壁上裝有吸音板，牆壁上裝有吸音板，牆壁上裝有吸音板，牆壁上裝有吸音板，牆壁上裝有吸音板，牆壁上裝有吸音板，牆壁上裝有吸音板，牆壁上裝有吸音板，牆壁上裝有吸音板，牆壁上裝有吸音板，牆壁上裝有吸音板，牆壁上裝有吸音板，牆壁上裝有吸音板，牆壁上裝有吸音板，牆壁上裝有吸音板，牆壁上裝有吸音板，牆壁上裝有吸音板，牆壁上裝有吸音板，牆壁上裝有吸音板，牆壁上裝有吸音板，牆壁上裝有吸音板，牆壁上裝有吸音板，牆壁上裝有吸音板，牆壁上裝有吸音板，牆壁上裝有吸音板，牆壁上裝有吸音板，牆壁上裝有吸音板，牆壁上裝有吸音板，牆壁上裝有吸音板，牆壁上裝有吸音板，牆壁上裝有吸音板，牆壁上裝有吸音板，牆壁上裝有吸音板，牆壁上裝有吸音板
origin_dataset/11098998_632076660225493_446277693232207163_n(1)(1).jpg,"1. 三位年輕人站在教室裡，兩位男生和一位女生正在交流。他們的姿態看起來很自然，似乎在進行友好的對話。教室的環境比較簡單，牆壁上掛有一些標誌和公告，窗戶透進來的光線讓整個空間顯得明亮。桌子和椅子排列在教室的後方，看起來像是用於課堂活動或小組討論的設置。

2. 三位年輕人站在教室裡，兩位男生和一位女生正在交流。他們的姿態看起來很自然，似乎在進行友好的對話。教室的環境比較簡單，牆壁上掛有一些標誌和公告，窗戶透進來的光線讓整個空間顯得明亮。桌子和椅子排列在教室的後方，看起來像是用於課堂活動或小組討論的設置。牆壁上還有一些舊的痕跡，顯示出教室的歷史和使用時間。

3. 三位年輕人站在教室裡，兩位男生和一位女生正在交流。他們的姿態看起來很自然，似乎在進行友好的對話。教室的環境比較簡單，牆壁上掛有一些標誌和公告，窗戶透進來的光線讓整個空間顯得明亮。桌子和椅子排列在教室的後方，看起來像是用於課堂活動或小組討論的設置。牆壁上還有一些舊的痕跡，顯示出教室的歷史和使用時間。窗戶旁邊的牆壁上掛有一些標誌和公告，顯示出教室的使用情況和管理狀況。"
origin_dataset/IMG20220315163013.jpg,"1. 海邊的風景，遠處是藍色的海面和灰白色的天空，近處是綠色的植被和岩石。遠處的山丘和島嶼在海面上若隱若現，天空中雲層密布，給整體景色增添了一絲肅穆的氣氛。

2. 這張照片展示了一片海邊的風景，海面寬廣，遠處的島嶼和山丘在海面上若隱若現。天空中雲層密布，給整體景色增添了一絲肅穆的氣氛。近處的植被和岩石與遠處的海景形成鮮明對比，構成了一幅美麗的自然風景畫。

3. 海邊的風景，遠處是藍色的海面和灰白色的天空，近處是綠色的植被和岩石。遠處的山丘和島嶼在海面上若隱若現，天空中雲層密布，給整體景色增添了一絲肅穆的氣氛。近處的植被和岩石與遠處的海景形成鮮明對比，構成了一幅美麗的自然風景畫。"
origin_dataset/20221230_160908.jpg,"1. 一排停在馬路邊的機車，車牌號碼分別為017-GB和666。背景中可以看到一間銀行的招牌，招牌上寫著「瑞興銀行」。馬路旁邊有樹木和建築物，建築物上掛有藍色的招牌，上面寫著「環保至上」。馬路邊還有一個橙色的圍欄，圍欄後面似乎有施工的痕跡。

2. 馬路邊停滿了機車，車牌號碼分別為017-GB和666。機車後方有一間銀行，招牌上寫著「瑞興銀行」。銀行招牌的顏色為藍色，上面有白色的文字。馬路旁邊有樹木和建築物，建築物上掛有藍色的招牌，上面寫著「環保至上」。馬路邊還有一個橙色的圍欄，圍欄後面似乎有施工的痕跡。

3. 一排停在馬路邊的機車，車牌號碼分別為017-GB和666。機車後方有一間銀行，招牌上寫著「瑞興銀行」。銀行招牌的顏色為藍色，上面有白色的文字。馬路旁邊有樹木和建築物，建築物上掛有藍色的招牌，上面寫著「環保至上」。馬路邊還有一個橙色的圍欄，圍欄後面似乎有施工的痕跡。背景中可以看到一間銀行的招牌，招牌上寫著「瑞興銀行」。"
origin_dataset/FB_IMG_1485272716423(1)(1).jpg,"1. 一棟高層建築，建築外牆為米色，窗戶排列整齊，建築頂部有一個十字架。建築前有一條水泥路，兩旁是綠色的草地，路邊有樹木和一些建築物。建築後方有一棵高大的樹，樹葉茂盛。

2. 這張照片展示了一個建築群，建築為現代風格，外牆為米色，窗戶排列規律。建築頂部有一個十字架，顯示出建築可能具有宗教意義。建築前有一條水泥路，兩旁是綠色的草地，路邊有樹木和一些建築物。建築後方有一棵高大的樹，樹葉茂盛。

3. 這張照片中，一棟高層建築位於前景，建築外牆為米色，窗戶排列整齊，建築頂部有一個十字架。建築前有一條水泥路，兩旁是綠色的草地，路邊有樹木和一些建築物。建築後方有一棵高大的樹，樹葉茂盛。建築的設計風格現代，建築前的環境綠意盎然。"
origin_dataset/IMG20200628144242.jpg,"1. 這是一尊大理石雕像，雕像上刻有希臘神話中的赫菲斯托斯（Hephaestus）形象。雕像中的赫菲斯托斯手持工具，似乎正在工作。雕像底座上刻有赫菲斯托斯的拉丁語名稱「Vulcanus」，以及中文譯名「赫菲斯托斯 (武爾坎努斯)」。雕像背景是晴朗的藍天和一處湖泊，環境優美。

2. 雕像位於一個開放的公園或廣場，背景中可以看到綠樹成蔭。雕像底座上刻有赫菲斯托斯的拉丁語名稱「Vulcanus」，以及中文譯名「赫菲斯托斯 (武爾坎努斯)」。雕像的風格是古典主義，表現了赫菲斯托斯作為火神和鐵匠神的形象。雕像的底座上還刻有關於赫菲斯托斯的簡短描述，強調他是為神打造神器的火神與鐵匠神。

3. 這是一尊大理石雕像，雕像上刻有希臘神話中的赫菲斯托斯（Hephaestus）形象。雕像中的赫菲斯托斯手持工具，似乎正在工作。雕像底座上刻有赫菲斯托斯的拉丁語名稱「Vulcanus」，以及中文譯名「赫菲斯托斯 (武爾坎努斯)」。雕像的風格是古典主義，表現了赫菲斯托斯作為火神和鐵匠神的形象。雕像的底座上還刻有關於赫菲斯托斯的簡短描述，強調他是為神打造神器的火神與鐵匠神。雕像背景是晴朗的藍天和一處湖泊，環境優美。"
origin_dataset/IMG20191118162055.jpg,"1. 這是一幅公園的景象，公園內有茂密的樹木，樹枝相互交錯，形成了一個天然的拱門。公園的地面鋪滿了枯黃的草葉，散落著一些小石頭。公園的後方有一棟建築，建築外牆是紅磚砌成，窗戶排列整齊。建築前有一個圍欄，圍欄內有幾個人在閒逛。公園內還有一個石雕，石雕的形狀不規則，表面粗糙，看起來像是自然形成的岩石。

2. 園內的樹木茂盛，樹冠幾乎遮蓋了整個天空，樹葉在微風中輕輕搖曳。公園的地面鋪滿了枯黃的草葉，散落著一些小石頭，看起來像是秋天的景象。公園的後方有一棟建築，建築外牆是紅磚砌成，窗戶排列整齊。建築前有一個圍欄，圍欄內有幾個人在閒逛。公園內還有一個石雕，石雕的形狀不規則，表面粗糙，看起來像是自然形成的岩石。

3. 這是一幅公園的景象，公園內有茂密的樹木，樹枝相互交錯，形成了一個天然的拱門。公園的地面鋪滿了枯黃的草葉，散落著一些小石頭，看起來像是秋天的景象。公園的後方有一棟建築，建築外牆是紅磚砌成，窗戶排列整齊。建築前有一個圍欄，圍欄內有幾個人在閒逛。公園內還有一個石雕，石雕的形狀不規則，表面粗糙，看起來像是自然形成的岩石。"
origin_dataset/11156366_632065856893240_1555681807768150259_n(1)(1).jpg,"1. 一間教室內，數位學生圍繞在桌子旁，似乎在進行討論或活動。學生們表情專注，部分學生手持筆和紙，可能是在記錄或填寫資料。教室內有吊扇和窗戶，窗外有夜色，顯示時間可能是傍晚或夜晚。牆上掛有標語，內容涉及社會發展協會，顯示這可能是一場與社會發展相關的研習班或活動。

2. 教室內，一群學生圍繞在桌子旁，似乎在進行討論或活動。學生們表情專注，部分學生手持筆和紙，可能是在記錄或填寫資料。教室內有吊扇和窗戶，窗外有夜色，顯示時間可能是傍晚或夜晚。牆上掛有標語，內容涉及社會發展協會，顯示這可能是一場與社會發展相關的研習班或活動。

3. 教室內，數位學生圍繞在桌子旁，似乎在進行討論或活動。學生們表情專注，部分學生手持筆和紙，可能是在記錄或填寫資料。教室內有吊扇和窗戶，窗外有夜色，顯示時間可能是傍晚或夜晚。牆上掛有標語，內容涉及社會發展協會，顯示這可能是一場與社會發展相關的研習班或活動。"
origin_dataset/IMG20220317142101.jpg,"1. 海浪輕柔拍打著海岸，沙灘上散落著幾處腳印，天空陰沉，海面波光粼粼，遠處的燈塔若隱若現。

2. 沙灘上散落著幾處腳印，海浪輕柔拍打著海岸，天空陰沉，遠處的燈塔若隱若現，海面波光粼粼。

3. 海浪輕柔拍打著海岸，天空陰沉，遠處的燈塔若隱若現，沙灘上散落著幾處腳印，海面波光粼粼。"
origin_dataset/IMG_20201125_161735_241.jpg,"1. 一處河岸邊，河水中散落著大小不一的石頭，河岸兩側長滿了綠色的草叢，遠處是高樓林立的城市建築，天空湛藍無雲，電線橫跨在空中。

2. 河邊的草地上，有幾株野花在微風中搖曳，河水中倒映著天空的藍色，遠處的建築群在夕陽的照耀下顯得格外鮮明。

3. 河邊的沙灘上，散落著一些石頭和枯枝，遠處的建築群在夕陽的照射下，建築的輪廓變得清晰，天空湛藍，電線橫跨在空中。"
origin_dataset/11050702_632084850224674_7815833076220716852_n(1)(1).jpg,"1. 一位小男孩站在室內，地板是灰色的石質地板，牆壁是白色的。小男孩穿着藍色的上衣和牛仔褲，腳上穿著運動鞋。他的頭髮是黑色的，正在看著地上的某個東西，雙手撐在牆壁上，似乎在努力保持平衡。

2. 一位小男孩站在室內，牆壁是白色的，地板是灰色的石質地板。小男孩的頭髮是黑色的，穿着藍色的上衣和牛仔褲，腳上穿著運動鞋。他的雙手撐在牆壁上，似乎在努力保持平衡，正在看著地上的某個東西。

3. 一位小男孩站在室內，牆壁是白色的，地板是灰色的石質地板。小男孩的頭髮是黑色的，穿着藍色的上衣和牛仔褲，腳上穿著運動鞋。他的雙手撐在牆壁上，似乎在努力保持平衡，正在看著地上的某個東西。"
origin_dataset/FB_IMG_1485272705140(1)(1).jpg,"1. 一塊綠意盎然的草地，草地上散落著幾棵高大的樹木，樹葉在微風中輕輕搖曳。遠處可以看到一些建築物，建築物後方有高大的樹木和灌木叢，天空湛藍，陽光從樹葉間透射下來，形成斑斕的光影效果。

2. 草地上有幾棵高大的樹木，樹幹筆直，樹葉茂盛，樹冠寬廣。陽光從樹葉間照射下來，形成斑斕的光影效果。遠處可以看到一些建築物，建築物後方有高大的樹木和灌木叢，天空湛藍，環境清幽。

3. 一塊綠意盎然的草地，草地上散落著幾棵高大的樹木，樹葉在微風中輕輕搖曳。遠處可以看到一些建築物，建築物後方有高大的樹木和灌木叢，天空湛藍，陽光從樹葉間透射下來，形成斑斕的光影效果。環境清幽，適合休閒和放鬆。"
origin_dataset/20240727_164803.jpg,"1. 一場音樂會的現場，舞台上有一群音樂家，他們身穿黑色的服裝，坐在椅子上，手持樂器，似乎正在準備演出。舞台的背景是淺色的牆壁，牆壁上裝有幾盞燈光，燈光柔和地照耀著整個舞台。音樂家們的姿態各異，有的在整理樂譜，有的在調整樂器，顯得非常專注。

2. 在一個寬敞的音樂廳裡，一群音樂家排成一列，他們都穿著黑色的服裝，坐在椅子上，手持不同的樂器，如鋼琴、小提琴、大提琴等。音樂廳的牆壁是淺色的，牆壁上裝有幾盞燈光，燈光柔和地照耀著整個音樂廳。音樂家們的姿態各異，有的在整理樂譜，有的在調整樂器，顯得非常專注。

3. 一場音樂會的現場，舞台上有一群音樂家，他們身穿黑色的服裝，坐在椅子上，手持樂器，似乎正在準備演出。音樂廳的牆壁是淺色的，牆壁上裝有幾盞燈光，燈光柔和地照耀著整個音樂廳。音樂家們的姿態各異，有的在整理樂譜，有的在調整樂器，顯得非常專注。"
origin_dataset/20230721_131201.jpg,"1. 這張照片展示了一個現代化的機場內部，建築採用大跨度的玻璃和鋼結構，頂部有幾何圖形的白色天花板。機場內設有餐廳和商店，牆上掛有廣告牌，顯示著美食和飲品的廣告。機場外側可以看到停機坪和飛機，天空晴朗，陽光充足。

2. 照片中是一個寬敞的機場大廳，建築設計現代，採用大面積玻璃窗，讓自然光充分進入。大廳內設有多個座位區，供旅客休息。牆上掛有廣告屏幕，顯示著美食和飲品的廣告。機場外側可以看到停機坪和飛機，天空藍色，雲朵稀疏。

3. 這張照片捕捉到了一個現代機場的內部景觀，建築採用玻璃和鋼結構，頂部有幾何圖形的白色天花板。機場內設有餐廳和商店，牆上掛有廣告牌，顯示著美食和飲品的廣告。機場外側可以看到停機坪和飛機，天空晴朗，陽光充足。機場內部的設計開放而明亮，給旅客帶來舒適的體驗。"
origin_dataset/line_1528978249025.jpg,這是一張獎狀，上面寫著「東海大學應用物理學系」，並標明「榮譽證書」。獎狀的中心部分有「最帥大肌肌獎」的字樣，並附有日期「中華民國107年6月14日」。獎狀的邊框有藍色點線裝飾，右上角有「1955」的紀念章。獎狀的內容包括對受獎者的感謝和鼓勵，並提到「中華民國107年6月14日」的日期。獎狀的設計風格正式且莊重，用以表彰受獎者的成就。
origin_dataset/IMG20220317142841.jpg,"1. 海浪輕撫著沙灘，激起細碎的浪花，遠處的島嶼隱約可見，天空灰蒙蒙的，海面波光粼粼。

2. 沙灘上留下幾行腳印，海浪不斷拍打著海岸線，遠處的島嶼在薄霧中若隱若現，天空陰沉，海面波濤洶涌。

3. 沙灘上散落著一些貝殼，海浪輕柔地拍打著海岸線，遠處的島嶼在薄霧中隱約可見，天空灰暗，海面波光粼粼。"
origin_dataset/1552912268723_1.jpg,"1. 一位年輕男子站在陽臺上，背對著一些建築物和樹木。他穿着一件淺藍色的牛仔襯衫，雙臂交叉在胸前，面帶沉思的神情。陽臺上鋪有木質地板，兩旁有燈光裝飾，燈光柔和地照耀著周圍的環境。遠處可以看到一些建築物和樹木，天空略顯灰暗，似乎是在傍晚時分。

2. 一位年輕人站在一個現代建築的陽臺上，背對著一些建築物和樹木。他穿着一件淺藍色的牛仔襯衫，雙臂交叉在胸前，面帶沉思的神情。陽臺上鋪有木質地板，兩旁有燈光裝飾，燈光柔和地照耀著周圍的環境。遠處可以看到一些建築物和樹木，天空略顯灰暗，似乎是在傍晚時分。

3. 一位年輕男子站在一個現代建築的陽臺上，背對著一些建築物和樹木。他穿着一件淺藍色的牛仔襯衫，雙臂交叉在胸前，面帶沉思的神情。陽臺上鋪有木質地板，兩旁有燈光裝飾，燈光柔和地照耀著周圍的環境。遠處可以看到一些建築物和樹木，天空略顯灰暗，似乎是在傍晚時分。"
origin_dataset/IMG_20200131_133525_919.jpg,"1. 一處綠意盎然的公園，樹木茂盛，陽光從樹葉間透射下來，形成斑斕的光影效果。地面上鋪滿了綠色的草叢，散落著一些樹枝和雜草，顯得自然而不失整齊。

2. 一片樹林，樹木高大，枝葉繁茂，陽光從樹冠間照射下來，形成斑斕的光影。地面上鋪滿了綠色的草叢，散落著一些樹枝和雜草，顯得自然而不失整齊。

3. 一處公園，樹木茂盛，陽光從樹葉間透射下來，形成斑斕的光影效果。地面上鋪滿了綠色的草叢，散落著一些樹枝和雜草，顯得自然而不失整齊。"
origin_dataset/1562820372374.jpg,"1. 三位年輕人坐在一隻大型的皮卡丘氣球旁，氣球是黃色的，有紅色的腮紅和黑色的耳朵。他們都面帶微笑，其中一位比出勝利的手勢。背景中可以看到其他遊客和展覽的標誌。

2. 三位年輕人坐在一隻巨大的皮卡丘氣球前，氣球是黃色的，有紅色的腮紅和黑色的耳朵。他們都面帶微笑，其中一位比出勝利的手勢。背景中可以看到其他遊客和展覽的標誌。

3. 三位年輕人坐在一隻大型的皮卡丘氣球旁，氣球是黃色的，有紅色的腮紅和黑色的耳朵。他們都面帶微笑，其中一位比出勝利的手勢。背景中可以看到其他遊客和展覽的標誌。"
origin_dataset/IMG20220315163006.jpg,"1. 海邊的風景，遠處是無垠的海洋，天空中漂浮著幾朵薄雲，近處是茂密的樹木和岩石，綠色的植被在微風中輕搖。

2. 這是一幅海邊的風景畫，海面波光粼粼，天空中散落著幾朵薄雲，遠處的海天一色，近處的樹木和岩石構成了一幅自然的畫面。

3. 海邊的風景，遠處是無垠的海洋，天空中漂浮著幾朵薄雲，近處是茂密的樹木和岩石，綠色的植被在微風中輕搖，遠處的海天一色，構成了一幅自然的畫面。"
origin_dataset/20230814_172045.jpg,"1. 這是一張城市街道的照片，路邊有茂盛的樹木，樹蔭下有幾輛停車的汽車。道路兩側有建築物，建築物外牆有許多窗戶和招牌。天空中有一些雲彩，陽光從雲隙中透出，照在地面上，形成斑駁的光影。

2. 這張照片展示了一個城市街景，路邊種植了高大的樹木，樹蔭下停有幾輛汽車。建築物外牆上掛有招牌，顯示出商業活動的氣氛。街道兩側的建築物外牆上裝有許多窗戶，建築物的設計風格現代。天空中有一些雲彩，陽光從雲隙中照射下來，地面上投射出樹影和建築物的影子。

3. 這張照片捕捉到了一個城市的街景，路邊有茂密的樹木，樹蔭下停有幾輛汽車。建築物外牆上掛有招牌，顯示出商業活動的氣氛。建築物外牆上裝有許多窗戶，建築物的設計風格現代。天空中有一些雲彩，陽光從雲隙中照射下來，地面上投射出樹影和建築物的影子。"
origin_dataset/line_1527657270248.jpg,"1. 一盤排列整齊的豬肉片，肉質鮮紅，帶有白色脂肪層，表面撒有綠色香草，擺放在白色長方形盤子上，盤子放在木質桌面上，旁邊有一個鍋子，鍋內有湯汁，鍋邊有一張報紙，報紙上有中文文字和圖片。

2. 一盤豬肉片擺放在白色長方形盤子上，盤子放在木質桌面上，豬肉片排列整齊，肉質鮮紅，帶有白色脂肪層，表面撒有綠色香草，旁邊有一個鍋子，鍋內有湯汁，鍋邊有一張報紙，報紙上有中文文字和圖片。

3. 一盤豬肉片擺放在白色長方形盤子上，盤子放在木質桌面上，豬肉片排列整齊，肉質鮮紅，帶有白色脂肪層，表面撒有綠色香草，旁邊有一個鍋子，鍋內有湯汁，鍋邊有一張報紙，報紙上有中文文字和圖片。"
origin_dataset/IMG20220317145445.jpg,"1. 海邊的風景，海浪輕撫著海岸線，天空陰沉，海面波光粼粼，遠處有幾艘船在航行，近處有一個小孩坐在海水中，似乎在享受這片寧靜的海景。

2. 一望無際的海面，海浪不斷拍打著海岸，天空灰蒙蒙的，海面波光粼粼，遠處有幾艘船在航行，近處有一個小孩坐在海水中，似乎在享受這片寧靜的海景。

3. 海邊的風景，海浪輕撫著海岸線，天空陰沉，海面波光粼粼，遠處有幾艘船在航行，近處有一個小孩坐在海水中，似乎在享受這片寧靜的海景。"
origin_dataset/20230218_164015.jpg,"1. 這張照片展示了一棵樹的樹冠，樹上開滿了粉紅色的花朵，樹枝錯綜複雜，背景是藍色的天空。樹葉稀疏，只有幾片綠葉在枝頭搖曳。

2. 照片中，樹枝上綴滿了粉紅色的花朵，樹冠在藍天的映襯下顯得格外鮮豔。樹幹粗壯，樹枝分叉多，形成了一個複雜的結構。

3. 這張照片捕捉到了樹冠的特寫，樹上開滿了粉紅色的花朵，樹枝在藍天的背景下顯得格外突出。樹葉稀疏，只有幾片綠葉在枝頭搖曳，樹幹粗壯，樹枝分叉多，形成了一個複雜的結構。"
origin_dataset/IMG_20200214_133111_395.jpg,"1. 一間藥局前，人潮聚集，排隊等候。店面前方有許多電動玩具車，兒童在玩耍。店內門口有許多坐著的市民，似乎在等待進店。店門口上方有綠色的招牌，寫著「芳碩藥局」。店內門口的廣告牌上寫著「HEALTHDEV」等字樣。店前停有幾輛機車，地面上有紅色的標線。

2. 一處藥局前，人羣聚集，排隊等候。店門口有電動玩具車，兒童在玩耍。店內門口有許多市民坐著，似乎在等待進店。店門口上方有綠色的招牌，寫著「芳碩藥局」。店內門口的廣告牌上寫著「HEALTHDEV」等字樣。店前停有幾輛機車，地面上有紅色的標線。

3. 一間藥局前，人潮聚集，排隊等候。店門口有電動玩具車，兒童在玩耍。店內門口有許多市民坐著，似乎在等待進店。店門口上方有綠色的招牌，寫著「芳碩藥局」。店內門口的廣告牌上寫著「HEALTHDEV」等字樣。店前停有幾輛機車，地面上有紅色的標線。"
origin_dataset/1510931349217.jpg,"1. 一臺電視機正在播放動畫，屏幕上顯示的是藍色的卡通角色，背景是室內的環境，有書架和窗戶。電視機放在一個黑色的櫃子上，櫃子下方有一些物品，包括一個裝有紅色物品的籃子。

2. 一臺電視機顯示著一隻藍色的卡通貓咪，它正坐在窗邊，背景是室內的書架和窗戶。電視機放在一個黑色的櫃子上，櫃子下方有一些物品，包括一個籃子。

3. 一臺電視機播放著一隻藍色的卡通貓咪，它坐在窗邊，背景是室內的書架和窗戶。電視機放在一個黑色的櫃子上，櫃子下方有一些物品，包括一個籃子。電視機上方掛著一塊花紋的布簾。"
origin_dataset/1527823250110.jpg,"1. 一位年輕男子坐在餐桌旁，正在享用一鍋熱騰騰的湯品。他穿着一件藍色T恤，上面印有白色英文字母。桌上擺放著一鍋湯，湯中漂浮著幾片蔬菜。他右手拿著一塊食物，似乎正在吃。桌上還有一個黑色的碗，裡面裝著一塊大白菜。背景中可以看到一張紙巾和一張紙，紙巾上似乎有中文標籤。周圍環境昏暗，只有桌上的燈光照亮了這位男子和他面前的食物。

2. 一位年輕人坐在餐桌前，正在吃一鍋熱騰騰的湯。他穿著一件藍色T恤，上面有白色英文字母。桌上有一鍋湯，湯中漂浮著蔬菜。他右手拿著一塊食物，似乎正在吃。桌上還有一個黑色的碗，裡面裝著一塊大白菜。背景中可以看到一張紙巾和一張紙，紙巾上似乎有中文標籤。周圍環境昏暗，只有桌上的燈光照亮了這位年輕人和他面前的食物。

3. 一位年輕男子坐在餐桌旁，正在享用一鍋熱騰騰的湯品。他穿著一件藍色T恤，上面有白色英文字母。桌上擺放著一鍋湯，湯中漂浮著幾片蔬菜。他右手拿著一塊食物，似乎正在吃。桌上還有一個黑色的碗，裡面裝著一塊大白菜。背景中可以看到一張紙巾和一張紙，紙巾上似乎有中文標籤。周圍環境昏暗，只有桌上的燈光照亮了這位男子和他面前的食物。"
origin_dataset/20240608_161901.jpg,"1. 一位年輕男子，上身赤裸，露出健壯的胸肌和腹部。他站在一個雜亂的房間裡，背景中可以看到一張床，床上鋪著條紋床單。牆上掛著一幅畫，畫框是金色的。男子的頭髮是黑色的，短髮，正在用一部手機自拍。手機的背面有三個攝像頭。牆上還有一個掛鐘，顯示時間為下午四點十分。房間裡還有一個電風扇，放在地上，風扇的葉片正在旋轉。

2. 一位年輕男子，上身赤裸，露出健壯的胸肌和腹部。他站在一個雜亂的房間裡，背景中可以看到一張床，床上鋪著條紋床單。牆上掛著一幅畫，畫框是金色的。男子的頭髮是黑色的，短髮，正在用一部手機自拍。手機的背面有三個攝像頭。牆上還有一個掛鐘，顯示時間為下午四點十分。房間裡還有一個電風扇，放在地上，風扇的葉片正在旋轉。牆邊有一個插座，插著一條電線。牆上還有一張照片，照片中有一個女人，照片的邊框是金色的。

3. 一位年輕男子，上身赤裸，露出健壯的胸肌和腹部。他站在一個雜亂的房間裡，背景中可以看到一張床，床上鋪著條紋床單。牆上掛著一幅畫，畫框是金色的。男子的頭髮是黑色的，短髮，正在用一部手機自拍。手機的背面有三個攝像頭。牆上還有一個掛鐘，顯示時間為下午四點十分。房間裡還有一個電風扇，放在地上，風扇的葉片正在旋轉。牆邊有一個插座，插著一條電線。牆上還有一張照片，照片中有一個女人，照片的邊框是金色的。牆上還有一個透明的塑料袋，裡面裝著一些雜物。"
origin_dataset/IMG_20171118_194033_528.jpg,"1. 一張餐桌上擺放著一隻裝滿蔬菜的玻璃罐，裡面有番茄、生菜和一些小塊的肉。玻璃罐旁邊有一個小藍色碗，裡面裝著黃色的醬汁。桌面上還有一個裝滿紅色飲料的紅色玻璃杯，以及一組叉子和刀子。背景中可以看到一些模糊的餐具和食物。

2. 桌子上有一個裝滿蔬菜的玻璃罐，裡面有番茄、生菜和肉塊。玻璃罐旁邊有一個小藍色碗，裡面裝著黃色的醬汁。桌面上還有一個紅色玻璃杯，裡面裝著紅色飲料。背景中可以看到一些餐具和食物，但模糊不清。

3. 桌子上有一個裝滿蔬菜的玻璃罐，裡面有番茄、生菜和肉塊。玻璃罐旁邊有一個小藍色碗，裡面裝著黃色的醬汁。桌面上還有一個紅色玻璃杯，裡面裝著紅色飲料。背景中可以看到一些餐具和食物，但模糊不清。"
origin_dataset/1485250957823(1)(1).jpg,"1. 一位年輕人穿着深色連帽外套，內搭白色T恤，上面寫著「Lifestyle」字樣。他正坐在車廂內，雙手握著一部銀色手機，似乎在看螢幕。背景中可以看到車窗外的綠樹和一輛停在路邊的機車。

2. 這張照片中，一位年輕男子坐在車廂內，頭戴深色連帽外套，手裡握著一部銀色手機。他穿著白色T恤，T恤上寫著「Lifestyle」字樣。車廂的窗戶外可以看到綠樹和一輛停在路邊的機車。

3. 一位年輕人坐在車廂內，頭戴深色連帽外套，雙手握著一部銀色手機。他穿著白色T恤，T恤上寫著「Lifestyle」字樣。車廂的窗戶外可以看到綠樹和一輛停在路邊的機車。背景中還有一塊紅色的廣告牌。"
origin_dataset/20240802_183151.jpg,"1. 這張照片展示了一座高聳的摩天大樓，建築外牆由藍色玻璃構成，反射出夕陽的餘暉。大樓頂部設有天線和天線罩，建築旁邊有一輛公車，車身顯示著路線號碼和目的地。背景中還可以看到幾棟低矮的建築和綠樹，天空漸變為黃色和藍色的漸層。

2. 照片中，一輛公車停在道路邊緣，車身顯示著路線號碼和目的地。公車前方有一座高大的建築，建築外牆由藍色玻璃構成，反射出夕陽的餘暉。建築頂部設有天線和天線罩。背景中可以看到幾棟低矮的建築和綠樹，天空漸變為黃色和藍色的漸層。

3. 這張照片捕捉到了一輛停在道路邊緣的公車，車身顯示著路線號碼和目的地。公車前方有一座高大的建築，建築外牆由藍色玻璃構成，反射出夕陽的餘暉。建築頂部設有天線和天線罩。背景中還可以看到幾棟低矮的建築和綠樹，天空漸變為黃色和藍色的漸層。"
origin_dataset/IMG20211206125729.jpg,"1. 一張照片中，一個人在晴朗的天氣下沿着一條鋪設好的道路行走。道路兩側有樹木和電線杆，天空湛藍，陽光明媚，散發出溫暖的光芒。道路兩側的樹木茂盛，電線杆上掛有電線，電線杆間隔適中。道路兩側設有護欄，護欄由木頭構成，護欄後方是綠色的植被。道路的盡頭遠處，可以看到一些建築物的頂部。這張照片捕捉到了一個平靜而自然的場景，給人一種悠閒的感覺。

2. 這張照片展示了一個晴朗的天氣，陽光從上方照射下來，天空湛藍，只有幾朵稀疏的雲彩。道路兩側有茂盛的樹木和電線杆，電線杆上掛有電線，電線杆間隔適中。道路兩側設有護欄，護欄由木頭構成，護欄後方是綠色的植被。道路盡頭遠處，可以看到一些建築物的頂部。這張照片捕捉到了一個平靜而自然的場景，給人一種悠閒的感覺。

3. 這張照片中，一個人在晴朗的天氣下沿着一條鋪設好的道路行走。道路兩側有樹木和電線杆，天空湛藍，陽光明媚，散發出溫暖的光芒。道路兩側的樹木茂盛，電線杆上掛有電線，電線杆間隔適中。道路兩側設有護欄，護欄由木頭構成，護欄後方是綠色的植被。道路的盡頭遠處，可以看到一些建築物的頂部。這張照片捕捉到了一個平靜而自然的場景，給人一種悠閒的感覺。"
origin_dataset/IMG_20180325_154920_160.jpg,"1. 石二二鍋鍋，桌上擺放著一鍋熱騰騰的鍋物，鍋內有玉米、豆腐、海苔等多種食材，搭配兩碗白飯，看起來相當豐盛。桌上有兩張餐巾紙，一張是白色，另一張是綠色，上面寫著菜單，顯示了多種鍋物和配菜的價格。桌面上還有一個黑色的電磁爐，準備好供客人使用。

2. 一張桌上擺放著一鍋熱騰騰的鍋物，鍋內有玉米、豆腐、海苔等多種食材，搭配兩碗白飯，看起來相當豐盛。桌上還有兩張餐巾紙，一張是白色，另一張是綠色，上面寫著菜單，顯示了多種鍋物和配菜的價格。桌面上還有一個黑色的電磁爐，準備好供客人使用。

3. 石二二鍋鍋，桌上擺放著一鍋熱騰騰的鍋物，鍋內有玉米、豆腐、海苔等多種食材，搭配兩碗白飯，看起來相當豐盛。桌上還有兩張餐巾紙，一張是白色，另一張是綠色，上面寫著菜單，顯示了多種鍋物和配菜的價格。桌面上還有一個黑色的電磁爐，準備好供客人使用。"
origin_dataset/20230706_114950.jpg,"1. 這是一盤炒飯，盛在一個藍色的盤子上。炒飯中可以看到切碎的蛋、小塊的紅蘿蔔和綠色的蔥花。盤子旁邊有一雙黑色的筷子和一個白色的湯匙。盤子放在一個大理石桌面上，桌面上還有一張綠色的紙張。

2. 這道菜是炒飯，擺在一個藍色的圓形盤子上。炒飯中包含有炒熟的蛋塊、小塊的紅蘿蔔和綠色的蔥花。盤子的一側有一雙黑色的筷子和一個白色的湯匙。盤子放在一個大理石桌面上，桌面上還有一張綠色的紙張。

3. 這是一盤炒飯，擺在一個藍色的圓形盤子上。炒飯中可以看到炒熟的蛋塊、小塊的紅蘿蔔和綠色的蔥花。盤子的一側有一雙黑色的筷子和一個白色的湯匙。盤子放在一個大理石桌面上，桌面上還有一張綠色的紙張。"
origin_dataset/line_1552811455945.jpg,"1. 左側展示的是一系列巧克力夾心的長條形麵包，上面撒有糖粉，並裝飾有草莓片，價格標籤顯示為58元。
2. 中間的展示櫃內陳列著一排金黃色的捲曲麵包，表面有裂縫，看起來非常酥脆。
3. 右側的展示櫃內則陳列著一排金黃色的圓形麵包，表面有斑點，看起來像是剛剛烤好的。"
origin_dataset/FB_IMG_1485272671206(1)(1).jpg,"1. 一隻毛色為淺黃色的狗，正靜靜地躺在門廊上。它戴着一個綠色的項圈，項圈上有幾個環扣。狗的耳朵立起，眼睛看向一邊，顯得非常警覺。背景中可以看到一扇門和一塊玻璃窗，門是開着的，門邊有一塊磚頭。地面是水泥鋪成的，門廊的牆壁是白色的。

2. 一隻毛色為淺黃色的狗，正靜靜地躺在門廊上。狗的毛髮看起來非常柔順，項圈是綠色的，項圈上有幾個環扣。狗的耳朵立起，眼睛看向一邊，顯得非常警覺。門廊的牆壁是白色的，門是開着的，門邊有一塊磚頭。地面是水泥鋪成的，門廊的牆壁是白色的。

3. 一隻毛色為淺黃色的狗，正靜靜地躺在門廊上。狗的毛髮看起來非常柔順，項圈是綠色的，項圈上有幾個環扣。狗的耳朵立起，眼睛看向一邊，顯得非常警覺。門廊的牆壁是白色的，門是開着的，門邊有一塊磚頭。地面是水泥鋪成的，門廊的牆壁是白色的。背景中可以看到一扇門和一塊玻璃窗，門是開着的。"
origin_dataset/IMG20220319131052.jpg,"1. 這幅畫是一幅精緻的素描，畫中人物側臉朝向畫面的右側，頭髮是黑色的，梳成低馬尾，耳朵清晰可見，臉部表情平靜，眼神看向畫面的右側。畫面的右側有一個黑色的螺旋綁線本子，本子的邊緣有明顯的捲曲痕跡。畫面的左下角有一行小字，寫著「2022.3.19 Aozou」。

2. 這是一幅以素描技巧完成的肖像畫，畫中人物側臉朝向畫面的右側，頭髮是黑色的，梳成低馬尾，耳朵清晰可見，臉部表情平靜，眼神看向畫面的右側。畫面的右側有一個黑色的螺旋綁線本子，本子的邊緣有明顯的捲曲痕跡。畫面的左下角有一行小字，寫著「2022.3.19 Aozou」。

3. 這幅畫是一幅精緻的素描，畫中人物側臉朝向畫面的右側，頭髮是黑色的，梳成低馬尾，耳朵清晰可見，臉部表情平靜，眼神看向畫面的右側。畫面的右側有一個黑色的螺旋綁線本子，本子的邊緣有明顯的捲曲痕跡。畫面的左下角有一行小字，寫著「2022.3.19 Aozou」。"
origin_dataset/IMG20220226133103.jpg,"1. 這幅畫是一幅以鉛筆繪製的肖像畫，畫中人物側臉朝向畫面的右側，頭髮是中長髮，梳成側辮，髮型自然，側邊的頭髮垂落，顯得柔順。畫面的背景是純白色的，突顯出人物的輪廓和細節。畫家在人物的臉部、髮型和肩部使用了豐富的陰影表現，使得整幅畫作具有層次感和真實感。

2. 這幅肖像畫採用的是鉛筆繪製的技法，畫中人物的側臉朝向畫面的右側，頭髮是中長髮，梳成側辮，髮型自然，側邊的頭髮垂落，顯得柔順。畫家在人物的臉部、髮型和肩部使用了豐富的陰影表現，使得整幅畫作具有層次感和真實感。畫面的背景是純白色的，突顯出人物的輪廓和細節。

3. 這幅畫是一幅以鉛筆繪製的肖像畫，畫中人物側臉朝向畫面的右側，頭髮是中長髮，梳成側辮，髮型自然，側邊的頭髮垂落，顯得柔順。畫家在人物的臉部、髮型和肩部使用了豐富的陰影表現，使得整幅畫作具有層次感和真實感。畫面的背景是純白色的，突顯出人物的輪廓和細節。整幅畫作表現出一種靜謐和沉穩的氛圍。"
origin_dataset/received_947869388647178(1)(1).jpeg,"1. 這是一幅展示茂密樹林的圖片，樹木的枝條延伸至水面上方，形成了一個天然的拱門。樹葉茂盛，綠意盎然，反射在水面上，營造出一種寧靜而祥和的氛圍。水面上有微小的波紋，反射出樹木和天空的倒影，增加了景觀的深度和層次感。

2. 圖片中有一條小河，兩岸被茂密的樹木所環繞。樹木的枝條垂掛在水面上方，形成了一個自然的拱門，使得整體視覺效果非常豐富。樹葉的綠色與水的深綠色形成鮮明對比，使得整幅圖像充滿了生機與活力。

3. 這張圖片捕捉到了一個自然環境的瞬間，其中一條小河穿過茂密的樹林。樹木的枝條垂掛在水面上方，形成了一個天然的拱門，使得整體視覺效果非常豐富。樹葉的綠色與水的深綠色形成鮮明對比，使得整幅圖像充滿了生機與活力。水面上有微小的波紋，反射出樹木和天空的倒影，增加了景觀的深度和層次感。"
origin_dataset/IMG20211206131006.jpg,"1. 一處寬敞的空地，鋪設著灰色的水泥路面，路邊設有木質的路障。遠處有一棟紅色的建築物，建築物旁邊有一棵綠葉茂盛的大樹。天空湛藍，幾朵雲彩飄浮在空中，陽光燦爛，照耀著整個場景。

2. 一處廣闊的空地，鋪設著水泥路面，路邊設有木質路障。遠處有一棟紅色建築，建築旁邊有一棵大樹，樹葉茂盛。天空藍得無比清澈，幾朵雲彩在空中飄浮，陽光照射下來，整個場景顯得非常明亮。

3. 一處寬敞的空地，鋪設著水泥路面，路邊設有木質路障。遠處有一棟紅色建築，建築旁邊有一棵大樹，樹葉茂盛。天空湛藍，幾朵雲彩飄浮在空中，陽光照射下來，整個場景顯得非常明亮。"
origin_dataset/20230812_130241.jpg,"1. 這是一杯放在木桌上的黃色飲料，杯子上有一根白色的吸管。背景中可以看到書架和一些書籍，環境看起來像是咖啡館或書店。

2. 這張照片展示了一杯放在木桌上的黃色飲料，杯子上插著一根白色的吸管。背景中可以看到書架和一些書籍，環境看起來像是咖啡館或書店。

3. 這張照片中，一隻黃色的飲料杯放在木桌上，杯子上插著一根白色的吸管。背景中可以看到書架和一些書籍，環境看起來像是咖啡館或書店。"
origin_dataset/IMG20200628144653.jpg,"1. 這是一尊宙斯的雕像，雕像位於一個公園內，背景是藍天和綠樹。雕像由白色大理石雕刻而成，宙斯手持權杖和鷹，腳邊有一隻鷹。雕像底座上刻有“宙斯 (朱彼特) ZEUS (JUPITER)”的銘文，並附有中文譯名“宙斯 (朱彼特)”。

2. 雕像位於公園內，背景是藍天和綠樹。雕像由白色大理石雕刻而成，宙斯手持權杖和鷹，腳邊有一隻鷹。雕像底座上刻有“宙斯 (朱彼特) ZEUS (JUPITER)”的銘文，並附有中文譯名“宙斯 (朱彼特)”。

3. 這是一尊宙斯的雕像，位於公園內，背景是藍天和綠樹。雕像由白色大理石雕刻而成，宙斯手持權杖和鷹，腳邊有一隻鷹。雕像底座上刻有“宙斯 (朱彼特) ZEUS (JUPITER)”的銘文，並附有中文譯名“宙斯 (朱彼特)”。"
origin_dataset/20240129_112626.jpg,"1. 白板上寫著多個詞彙和符號，包括「Prompt」、「Deploy」、「ISV」、「Price」、「Architect」、「Sales」、「GM」、「VP」、「Jason」、「David」、「Judy」、「May」、「Mandy」、「Sales Tech」等。這些詞彙似乎與業務或技術相關，可能是在討論產品策略、銷售或組織架構。

2. 白板上用紅色筆寫著一些詞彙，如「Prompt」、「Deploy」、「ISV」、「Price」、「Architect」、「Sales」、「GM」、「VP」等，這些詞彙可能代表不同的業務或技術領域。此外，還有一些名字，如「Jason」、「David」、「Judy」、「May」、「Mandy」等，可能代表團隊成員或相關人員。

3. 白板上寫著多個詞彙和符號，包括「Prompt」、「Deploy」、「ISV」、「Price」、「Architect」、「Sales」、「GM」、「VP」、「Jason」、「David」、「Judy」、「May」、「Mandy」、「Sales Tech」等。這些詞彙和名字可能代表不同的業務或技術領域，以及相關的團隊成員。白板上還有一些符號，如「$」、「④」等，可能代表不同的數字或代碼。"
origin_dataset/20230731_150121.jpg,"1. 一棟高樓建築矗立在綠樹叢中，建築外牆為淺色，窗戶排列整齊，每層樓都有陽台。樓前有一條鋼筋混凝土製成的樓梯，樓梯兩側設有鐵製護欄，樓梯旁邊的樹木茂盛，綠葉成蔭。

2. 楼梯旁邊的樹木枝繁葉茂，綠葉在微風中輕輕搖曳。樓梯的鐵製護欄閃閃發亮，與周圍的綠色植物形成鮮明對比。建築的外牆顏色較淺，窗戶排列整齊，每層樓都有陽台。

3. 楼梯兩側的鐵製護欄和樓梯的鋼筋混凝土結構清晰可見，樓梯的設計簡潔而實用。建築的外牆為淺色，窗戶排列整齊，每層樓都有陽台。建築後方的樹木茂盛，綠葉成蔭，與建築形成鮮明對比。"
origin_dataset/10384355_632094603557032_968655081150226915_n(1)(1).jpg,"1. 一羣人排成兩排，前排有兒童和成人，後排則是年輕人。他們似乎在室內，背景有牆壁和吊扇。前排的兒童和成人面帶微笑，做出不同的姿勢，如比出V字形或舉起手指。後排的年輕人則站得比較緊湊，面帶微笑，也做出不同的姿勢。整體氛圍看起來很歡樂和親切。

2. 這張照片捕捉了一群人在一起的瞬間，他們似乎是在一個室內場所，可能是學校或社區中心。前排有兒童和成人，後排則是年輕人。兒童和成人面帶微笑，做出不同的姿勢，如比出V字形或舉起手指。後排的年輕人則站得比較緊湊，面帶微笑，也做出不同的姿勢。背景中可以看到牆壁和吊扇，顯示出室內的環境。整體氛圍看起來很歡樂和親切。

3. 這張照片展示了一群人排成兩排，前排有兒童和成人，後排則是年輕人。他們似乎是在室內，背景有牆壁和吊扇。前排的兒童和成人面帶微笑，做出不同的姿勢，如比出V字形或舉起手指。後排的年輕人則站得比較緊湊，面帶微笑，也做出不同的姿勢。整體氛圍看起來很歡樂和親切。背景中可以看到牆壁和吊扇，顯示出室內的環境。"
origin_dataset/20231111_172357.jpg,"1. 這間餐廳的裝潢簡單現代，牆壁為白色，天花板鋪有方格的白色天花板。牆壁上掛有幾幅色彩鮮豔的畫作，增添了一絲藝術氣息。餐廳內設有木製桌椅，桌椅的顏色為淺木色和白色，搭配起來非常清新。餐廳內還有一個吧檯，吧檯上擺放著一些餐具和裝飾品，吧檯後方有一個櫃子，櫃子上也擺放著一些物品。餐廳內的燈光柔和，營造出溫馨的用餐氛圍。

2. 這間餐廳的裝潢風格簡約，牆壁為白色，天花板鋪有方格的白色天花板。餐廳內的牆壁上掛有幾幅色彩鮮豔的畫作，給人一種活潑的感覺。餐廳內的桌椅為淺木色和白色，搭配起來非常清新。吧檯後方有一個櫃子，櫃子上擺放著一些物品。餐廳內的燈光柔和，營造出溫馨的用餐氛圍。吧檯上擺放著一些餐具和裝飾品，吧檯後方有一個櫃子，櫃子上也擺放著一些物品。

3. 這間餐廳的裝潢風格簡約，牆壁為白色，天花板鋪有方格的白色天花板。餐廳內的牆壁上掛有幾幅色彩鮮豔的畫作，給人一種活潑的感覺。餐廳內的桌椅為淺木色和白色，搭配起來非常清新。吧檯後方有一個櫃子，櫃子上擺放著一些物品。餐廳內的燈光柔和，營造出溫馨的用餐氛圍。吧檯上擺放著一些餐具和裝飾品，吧檯後方有一個櫃子，櫃子上也擺放著一些物品。"
origin_dataset/20230721_092622.jpg,"1. 藍天白雲，電塔高聳，道路兩旁綠樹成蔭，車輛緩行，交通燈前停車等待。

2. 車廂內視角，前方道路寬敞，路邊停車場內車輛整齊排列，遠處建築與樹木交錯。

3. 天空晴朗，電線橫跨，路邊樹木茂盛，車輛在交通燈前緩慢行駛，周圍環境寧靜。"
origin_dataset/IMG_20200205_183155_707.jpg,"1. 一羣人在室內的展示區參觀，展示區內有許多展板和標籤，參觀者們似乎在閱讀和交流。場地內有幾盞燈光，環境看起來像是在一個會議廳或展覽館內。參觀者們的樣貌和裝備各不相同，有些人戴著口罩，可能因為衛生或空氣品質的考量。地面上鋪有方磚，牆壁和天花板則是鋼筋混凝土結構。

2. 一場活動中的場景，參觀者們排隊參觀展示區。展示區內有許多展板和標籤，參觀者們在閱讀和交流。場地內有幾盞燈光，環境看起來像是在一個會議廳或展覽館內。參觀者們的樣貌和裝備各不相同，有些人戴著口罩，可能因為衛生或空氣品質的考量。地面上鋪有方磚，牆壁和天花板則是鋼筋混凝土結構。

3. 一場活動中的場景，參觀者們排隊參觀展示區。展示區內有許多展板和標籤，參觀者們在閱讀和交流。場地內有幾盞燈光，環境看起來像是在一個會議廳或展覽館內。參觀者們的樣貌和裝備各不相同，有些人戴著口罩，可能因為衛生或空氣品質的考量。地面上鋪有方磚，牆壁和天花板則是鋼筋混凝土結構。"
origin_dataset/1552911504493.jpg,"1. 這張照片展示了一座現代化的城市夜景，高樓大廈林立，建築物的玻璃幕牆反射著夜空的深藍色。一側的建築物上裝飾著黃色的燈光，另一側則是高聳的摩天大樓，其外牆上裝飾著數個發光的廣告牌。建築物的窗戶間或有亮起的燈光，顯示出室內的活動情況。整體氛圍充滿了都市的繁華與活力。

2. 照片中，一排高樓大廈在夜色中矗立，建築物的玻璃幕牆在夜空中反射出深邃的藍色。建築物的外牆上裝飾著黃色的燈光，形成一道道光線，與周圍的黑暗形成鮮明對比。建築物的窗戶間或有亮起的燈光，顯示出室內的活動情況。建築物的頂部裝飾著發光的廣告牌，顯示出都市的繁華與活力。

3. 這張照片捕捉到了一個現代城市的夜景，高樓大廈在夜色中顯得格外引人注目。建築物的玻璃幕牆反射著夜空的深藍色，建築物的外牆上裝飾著黃色的燈光，形成一道道光線。建築物的窗戶間或有亮起的燈光，顯示出室內的活動情況。建築物的頂部裝飾著發光的廣告牌，顯示出都市的繁華與活力。整體氛圍充滿了都市的繁華與活力。"
origin_dataset/IMG_20200205_141424_877.jpg,"1. 這張照片展示了一個會議廳的內部，背景牆上掛有一塊標有「2020 台灣物理年會」字樣的橫幅，橫幅上還標註了「Annual Meeting of the Physical Society of Taiwan」。會議廳的前排座位上擺放了鮮花裝飾，花束由紅色、粉色、黃色和白色的小花組成，花束旁邊還擺放了幾盆紅色的聖誕紅。會議廳的後方有一塊大型投影幕，幕布上沒有任何投影內容。會議廳的座位區有幾位聽眾，他們正坐在木製的座椅上，背對著攝影機，似乎在等待會議開始。

2. 這張照片捕捉到了一個正式的會議場景，會議廳的牆壁上懸掛著一個標有「2020 台灣物理年會」的橫幅，橫幅下方是英文的對應標語。會議廳的前排座位上擺放了精美的花束，花束由多種顏色的小花組成，包括紅色、粉色、黃色和白色，花束旁邊還擺放了幾盆紅色的聖誕紅。會議廳的後方有一塊大型投影幕，目前沒有任何投影內容。會議廳的座位區有幾位聽眾，他們正坐在木製的座椅上，背對著攝影機，似乎在等待會議開始。

3. 這張照片展示了一個會議廳的內部，會議廳的牆壁上懸掛著一個標有「2020 台灣物理年會」的橫幅，橫幅下方是英文的對應標語。會議廳的前排座位上擺放了精美的花束，花束由多種顏色的小花組成，包括紅色、粉色、黃色和白色，花束旁邊還擺放了幾盆紅色的聖誕紅。會議廳的後方有一塊大型投影幕，目前沒有任何投影內容。會議廳的座位區有幾位聽眾，他們正坐在木製的座椅上，背對著攝影機，似乎在等待會議開始。"
origin_dataset/IMG20220315163827.jpg,"1. 海邊的風景，遠處是無垠的海洋，天空中漂浮著幾朵雲彩，近處有一棵光禿禿的樹，樹後是茂密的綠色植被，前景有一個鐵製的護欄。

2. 一望無際的海面，天空中散落著幾片雲彩，遠處的海天交界處，海面波光粼粼，近處的樹木枝葉稀疏，前景的護欄為視野增添了一絲人為的痕跡。

3. 海邊的風景，遠處是無垠的海洋，天空中漂浮著幾朵雲彩，近處有一棵光禿禿的樹，樹後是茂密的綠色植被，前景有一個鐵製的護欄，遠處的海面波光粼粼，近處的樹木枝葉稀疏，遠近景緻交織，構成一幅美麗的自然畫面。"
origin_dataset/20230712_193019.jpg,"1. 窗外的景色中，夕陽的餘暉灑在城市建築上，天空中散落著幾朵雲彩。一盞燈光從窗戶反射出來，形成了一個不尋常的光圈，與周圍的環境形成鮮明對比。遠處的山丘在夕陽的照耀下顯得格外美麗。

2. 窗戶外的景色中，一盞燈光從窗戶反射出來，形成了一個不尋常的光圈，與周圍的環境形成鮮明對比。遠處的山丘在夕陽的照耀下顯得格外美麗。建築物的屋頂和建築物的外牆在夕陽的餘暉中顯得格外清晰。

3. 窗戶外的景色中，一盞燈光從窗戶反射出來，形成了一個不尋常的光圈，與周圍的環境形成鮮明對比。遠處的山丘在夕陽的照耀下顯得格外美麗。建築物的屋頂和建築物的外牆在夕陽的餘暉中顯得格外清晰。建築物的屋頂和建築物的外牆在夕陽的餘暉中顯得格外清晰。"
origin_dataset/1562318822574.jpg,"1. 這是一台位於室內的電子遊戲機，機身設計以機甲為主題，機身前方有一塊顯示屏，顯示屏上有一名穿著機甲裝備的男子，他手持一隻藍色的水瓶，背景為虛擬的機甲場景。機身旁邊有許多廣告和說明，機身下方有操作面板，顯示屏上方有中文標題「變身戰機甲英雄」，機身右側有機甲的立體圖像。

2. 這是一台電子遊戲機，機身設計以機甲為主題，機身前方有一塊顯示屏，顯示屏上有一名穿著機甲裝備的男子，他手持一隻藍色的水瓶，背景為虛擬的機甲場景。機身旁邊有許多廣告和說明，機身下方有操作面板，顯示屏上方有中文標題「變身戰機甲英雄」，機身右側有機甲的立體圖像。

3. 這是一台位於室內的電子遊戲機，機身設計以機甲為主題，機身前方有一塊顯示屏，顯示屏上有一名穿著機甲裝備的男子，他手持一隻藍色的水瓶，背景為虛擬的機甲場景。機身旁邊有許多廣告和說明，機身下方有操作面板，顯示屏上方有中文標題「變身戰機甲英雄」，機身右側有機甲的立體圖像。"
origin_dataset/IMG20220315172902.jpg,"1. 這間房間內有一個由木頭構成的梯子，通向一個用布料搭建的帳篷。帳篷的布料上繪有恐龍圖案，營造出一種童趣的氛圍。帳篷內有一張牀，牀上鋪有軟墊，看起來相當舒適。帳篷外有一個小花盆，種植了一株綠色植物，增添了一絲生機。帳篷旁邊還有一把吉他，顯示出房間主人可能有音樂愛好。窗戶外可以看到一些建築物和綠樹，表明這間房間位於一個城市或鎮上。

2. 房間內設有一個由木頭構成的梯子，通向一個用布料搭建的帳篷。帳篷的布料上繪有恐龍圖案，營造出一種童趣的氛圍。帳篷內有一張牀，牀上鋪有軟墊，看起來相當舒適。帳篷外有一個小花盆，種植了一株綠色植物，增添了一絲生機。帳篷旁邊還有一把吉他，顯示出房間主人可能有音樂愛好。窗戶外可以看到一些建築物和綠樹，表明這間房間位於一個城市或鎮上。

3. 這間房間內有一個由木頭構成的梯子，通向一個用布料搭建的帳篷。帳篷的布料上繪有恐龍圖案，營造出一種童趣的氛圍。帳篷內有一張牀，牀上鋪有軟墊，看起來相當舒適。帳篷外有一個小花盆，種植了一株綠色植物，增添了一絲生機。帳篷旁邊還有一把吉他，顯示出房間主人可能有音樂愛好。窗戶外可以看到一些建築物和綠樹，表明這間房間位於一個城市或鎮上。"
origin_dataset/IMG_20180729_140118_358.jpg,"1. 山頂俯瞰，遠處是藍色的海面和島嶼，近處是綠色的山丘和植被，天空湛藍，雲朵稀疏。

2. 綠色的山丘上長滿了各種草本植物，遠處是藍色的海面和島嶼，天空晴朗，雲朵稀少。

3. 山頂的視野非常寬廣，遠處的島嶼和海面清晰可見，近處的山丘和植被豐富，天空藍得透徹，雲朵稀疏。"
origin_dataset/1529907231522.jpg,"1. 這張照片中，有兩個人站在一起，背景似乎是在室內，可能是在商場或餐廳。兩人都面帶微笑，看起來心情愉悅。照片的左側有一個人，他穿着深藍色的T恤，右側有一個人，她戴著眼鏡，看起來像是在自拍。

2. 照片的背景有些模糊，但可以看出是在一個有燈光裝飾的地方，可能是餐廳或商店。兩個人站得很近，顯得關係不錯。照片的右側，可以看到一個戴眼鏡的人，她看起來很開心，而左側的人則面帶微笑，看起來很和藹可親。

3. 這張照片捕捉到了兩個人在室內的自拍時刻。背景的燈光和裝飾顯示出他們可能是在一個娛樂場所，如餐廳或購物中心。兩人都面帶微笑，顯得非常開心。照片的左側有一個人，他穿着深藍色的T恤，右側有一個人，她戴著眼鏡，看起來像是在自拍。"
origin_dataset/IMG20220220161050.jpg,"1. 這張照片展示了一個室內展覽場景，牆上投影了兩幅大型畫作。畫作內容為港口風景，畫面中可以看到多艘帆船和蒸汽船，背景是高大的建築物，可能是碼頭或倉庫。畫面色彩柔和，以黃色和藍色為主，表現出一種寧靜的氛圍。觀眾站在畫作前，似乎在欣賞這幅作品。

2. 展覽場館內，牆壁上投影了兩幅巨大的畫作，內容為港口風景。畫面中有多艘船隻，包括帆船和蒸汽船，背景是高大的建築物，可能是碼頭或倉庫。畫面的色彩柔和，以黃色和藍色為主，表現出一種寧靜的氛圍。觀眾站在畫作前，似乎在欣賞這幅作品。

3. 這張照片捕捉到了一個室內展覽場景，牆壁上投影了兩幅大型畫作。畫作內容為港口風景，畫面中可以看到多艘帆船和蒸汽船，背景是高大的建築物，可能是碼頭或倉庫。畫面色彩柔和，以黃色和藍色為主，表現出一種寧靜的氛圍。觀眾站在畫作前，似乎在欣賞這幅作品。"
origin_dataset/IMG20220317142921.jpg,"1. 海浪輕撫著沙灘，激起白色的浪花，遠處的島嶼隱約可見，天空陰沉，海面波濤洶涌。

2. 沙灘上沒有遊人，只有海浪不斷拍打，遠處的島嶼在海霧中若隱若現，天空灰蒙蒙的，海面波濤洶涌。

3. 沙灘上沒有遊人，只有海浪輕撫著沙灘，激起白色的浪花，遠處的島嶼隱約可見，天空陰沉，海面波濤洶涌。"
origin_dataset/IMG_20201125_191102_433.jpg,"1. 這張照片展示了一盤精緻的刺身拼盤，擺放在一個木製的托盤上。托盤的邊緣是金色的，托盤上鋪有幾片綠葉，用來裝飾。刺身拼盤中包含多種鮮美的魚肉，如金槍魚、三文魚和鯛魚，每一片魚肉都切得非常薄，呈現出粉紅色的顏色。魚肉之間還夾有幾片青蔥和黃瓜，增添了一絲清新的感覺。魚肉的上方還放了一片檸檬，用來提味。整盤刺身看起來非常新鮮，擺盤工藝也十分考究，呈現出一種高檔的餐廳風格。

2. 這張照片中，一盤精美的刺身拼盤擺放在一個木製的托盤上。托盤的邊緣是金色的，托盤上鋪有幾片綠葉，用來裝飾。刺身拼盤中包含多種鮮美的魚肉，如金槍魚、三文魚和鯛魚，每一片魚肉都切得非常薄，呈現出粉紅色的顏色。魚肉之間還夾有幾片青蔥和黃瓜，增添了一絲清新的感覺。魚肉的上方還放了一片檸檬，用來提味。整盤刺身看起來非常新鮮，擺盤工藝也十分考究，呈現出一種高檔的餐廳風格。

3. 這張照片展示了一盤精緻的刺身拼盤，擺放在一個木製的托盤上。托盤的邊緣是金色的，托盤上鋪有幾片綠葉，用來裝飾。刺身拼盤中包含多種鮮美的魚肉，如金槍魚、三文魚和鯛魚，每一片魚肉都切得非常薄，呈現出粉紅色的顏色。魚肉之間還夾有幾片青蔥和黃瓜，增添了一絲清新的感覺。魚肉的上方還放了一片檸檬，用來提味。整盤刺身看起來非常新鮮，擺盤工藝也十分考究，呈現出一種高檔的餐廳風格。"
origin_dataset/20240506_223755.jpg,"1. 台北101大樓在夜間的燈光效果非常壯觀，塔頂的紅色燈光特別引人注目。周圍的樹木和建築物在黑暗的夜空中顯得格外靜謐，燈光的點綴使得整體氛圍充滿了現代都市的活力。

2. 台北101大樓在夜晚的景象非常壯觀，其燈光設計獨特，塔頂的紅色燈光特別引人注目。周圍的樹木和建築物在黑暗的夜空中顯得格外靜謐，燈光的點綴使得整體氛圍充滿了現代都市的活力。

3. 台北101大樓在夜晚的燈光效果非常壯觀，塔頂的紅色燈光特別引人注目。周圍的樹木和建築物在黑暗的夜空中顯得格外靜謐，燈光的點綴使得整體氛圍充滿了現代都市的活力。"
origin_dataset/IMG20200606094745.jpg,"1. 一羣人在公園裡聚集，背景是綠色的樹木和一棟建築物。人們分散在草地上，有些人在閒聊，有些人在拍照。天空晴朗，陽光充足，樹蔭下有幾個人在休息。

2. 公園內有一個大型的雕塑，位於樹蔭下。雕塑的後方聚集了許多遊客，他們在雕塑周圍走動，觀賞雕塑。公園的環境非常寧靜，綠草如茵，樹木茂盛。

3. 這張照片捕捉到了一個公園活動的場景。人們在公園裡閒逛，享受陽光。背景中可以看到一棟現代建築，建築的顏色和風格與公園的自然環境形成鮮明對比。公園裡的樹木茂盛，綠意盎然，給人一種寧靜的感覺。"
origin_dataset/IMG_20220209_000110_322.jpg,"1. 一位年輕的男士，留着短髮，臉型方正，五官端正。他穿着一件淺藍色的條紋襯衫，搭配深色的長褲，看起來非常干練。他的雙手插在褲袋中，站姿自然，顯得非常自信。

2. 這位男士的髮型是短髮，臉型方正，五官清晰。他穿著一件淺藍色的條紋襯衫，搭配深色的長褲，看起來非常專業。他的雙手插在褲袋中，站姿自然，顯得非常自信。

3. 這位年輕的男士留着短髮，臉型方正，五官端正。他穿著一件淺藍色的條紋襯衫，搭配深色的長褲，看起來非常干練。他的雙手插在褲袋中，站姿自然，顯得非常自信。"
origin_dataset/20230820_181904.jpg,"1. 天空中出現一道美麗的彩虹，從左側延伸至右側，顏色由外側的紅色漸變至內側的紫色。天空的背景是灰蒙蒙的，似乎剛剛下過雨，雲層厚重。地面上可以看到一些綠色的樹木和建築物的屋頂，建築物的顏色較暗，可能是由於陰天的影響。

2. 一場雨過後，天空中出現了一道鮮豔的彩虹，從左邊延伸到右邊，色彩豐富，從外側的紅色到內側的紫色。天空的顏色較暗，可能是陰天的緣故，雲層厚重。地面上可以看到一些綠色的樹木和建築物的屋頂，建築物的顏色較暗，可能是由於陰天的影響。

3. 天空中出現了一道美麗的彩虹，從左側延伸至右側，顏色由外側的紅色漸變至內側的紫色。天空的背景是灰蒙蒙的，似乎剛剛下過雨，雲層厚重。地面上可以看到一些綠色的樹木和建築物的屋頂，建築物的顏色較暗，可能是由於陰天的影響。"
origin_dataset/1565529346811.jpg,"1. 兩位年輕人坐在交通工具上，其中一位戴著圓框眼鏡，穿著藍色T恤，正在使用手機。另一位穿著深綠色T恤，雙手放在腿上，似乎在思考。背景是茂密的綠樹和一些建築結構。

2. 這張照片捕捉到了兩位年輕人坐在交通工具上的瞬間。一位穿著藍色T恤，戴著眼鏡，專注地看著手機。另一位穿著深綠色T恤，雙手放在腿上，表情看起來有些沉思。窗外是茂盛的樹木和一些建築物。

3. 這張照片展示了兩位年輕人坐在交通工具上的情景。一位穿著藍色T恤，戴著眼鏡，正在使用手機。另一位穿著深綠色T恤，雙手放在腿上，表情看起來有些沉思。背景是茂密的綠樹和一些建築結構。"
origin_dataset/IMG20220317154814.jpg,"1. 海邊的風景，遠處是連綿的山丘，山丘上覆蓋著茂密的綠色植被。近處的海岸線由岩石和沙灘組成，海浪輕拍著海岸，形成白色的浪花。天空陰沉，雲層厚重，給整體景色帶來了一種沉靜的氛圍。

2. 一側是混凝土護欄，護欄外是綠色的植被和岩石海岸線。海浪不斷拍擊著海岸，形成白色的浪花。遠處的山丘上，可以看到一些建築物，建築物的顏色與周圍的綠色植被形成鮮明對比。

3. 這張照片展示了海岸線的風景，近處是護欄和綠色植被，遠處是連綿的山丘和海浪拍擊的海岸線。天空陰沉，雲層厚重，給整體景色帶來了一種沉靜的氛圍。遠處的山丘上，可以看到一些建築物，建築物的顏色與周圍的綠色植被形成鮮明對比。"
origin_dataset/1531752993501.jpg,"1. 這張照片中有兩個人站在海邊，背對著攝影機，他們面對著波濤洶湧的海面。兩個人的姿態都很自然，似乎在沉思或欣賞海景。海浪不斷拍打著海岸，產生出白色的浪花。整體的氛圍顯得非常平靜，但同時也透露出一種孤獨和沉思的感覺。

2. 這張照片捕捉到了兩個人在海邊的瞬間。他們背對著攝影機，面朝著無垠的海面。海浪不斷地拍打著海岸，產生出白色的浪花。兩個人的姿態都很自然，似乎在沉思或欣賞海景。整體的氛圍顯得非常平靜，但同時也透露出一種孤獨和沉思的感覺。

3. 這張照片展示了兩個人在海邊的場景。他們背對著攝影機，面朝著波濤洶湧的海面。海浪不斷拍打著海岸，產生出白色的浪花。兩個人的姿態都很自然，似乎在沉思或欣賞海景。整體的氛圍顯得非常平靜，但同時也透露出一種孤獨和沉思的感覺。"
origin_dataset/IMG_20171118_194246_283.jpg,"點餐單號：E201711180067
日期：2017/11/18
時間：下午 07:37:56 E

1. 原塊牛排X1
2. 法式烤雞X1
3. 時令水果X1
4. 雞肉沙拉X1
5. 焗烤蘑菇方塊麵包X2
6. 鮮蔬雞肉清湯X1
7. 義式海鮮清湯X1
8. 百香輕檸沙瓦X2
9. 布朗尼香草冰X2
10. 荔香彩蝶X2
11. 開胃品X2

合計：1,140"
origin_dataset/IMG20220311155112.jpg,"1. 這是一張公園的照片，公園內有許多樹木，樹木的樹幹粗壯，樹冠茂盛。公園內的地面鋪有水泥路，兩旁種植了綠色的灌木和草叢。遠處可以看到一些建築物，建築物的外觀高大，建築物的頂部有尖塔。公園的環境非常寧靜，陽光從樹葉間照射下來，形成斑斕的光影效果。

2. 這張照片展示了一個公園的場景，公園內有許多樹木，樹木的樹幹粗壯，樹冠茂盛。公園內的地面鋪有水泥路，兩旁種植了綠色的灌木和草叢。遠處可以看到一些建築物，建築物的外觀高大，建築物的頂部有尖塔。公園的環境非常寧靜，陽光從樹葉間照射下來，形成斑斕的光影效果。

3. 這張照片展示了一個公園的場景，公園內有許多樹木，樹木的樹幹粗壯，樹冠茂盛。公園內的地面鋪有水泥路，兩旁種植了綠色的灌木和草叢。遠處可以看到一些建築物，建築物的外觀高大，建築物的頂部有尖塔。公園的環境非常寧靜，陽光從樹葉間照射下來，形成斑斕的光影效果。"
origin_dataset/1485250956029(1)(1).jpg,"1. 這張照片中，一個小男孩站在室內，背景是木製的櫃子和一些雜物。小男孩穿着一件紅色的衣服，頭髮是黑色的，短髮，臉型圓潤，眼睛大而明亮，表情有些無辜。背景中可以看到一個籃子和一些玩具，顯示出一種家庭的氛圍。

2. 照片中的小男孩站在一個室內環境中，背景是木製的櫃子和一些雜物。小男孩的頭髮是黑色的，短髮，臉型圓潤，眼睛大而明亮，表情有些無辜。他穿著一件紅色的衣服，背景中可以看到一個籃子和一些玩具，顯示出一種家庭的氛圍。

3. 這張照片中，一個小男孩站在室內，背景是木製的櫃子和一些雜物。小男孩的頭髮是黑色的，短髮，臉型圓潤，眼睛大而明亮，表情有些無辜。他穿著一件紅色的衣服，背景中可以看到一個籃子和一些玩具，顯示出一種家庭的氛圍。"
origin_dataset/62660_632082390224920_6338992205099789779_n(1)(1).jpg,"1. 一棟建築物前的廣場，牆壁上繪有色彩鮮豔的壁畫，壁畫中人物表情豐富，背景為一輛停在牆邊的機車，廣場旁邊有一條樓梯，樓梯旁邊停有一輛白色的小轎車，遠處可以看到綠樹成蔭的山丘。

2. 建築物前的廣場，牆壁上繪有壁畫，壁畫中人物表情豐富，背景為一輛停在牆邊的機車，廣場旁邊有一條樓梯，樓梯旁邊停有一輛白色的小轎車，遠處可以看到綠樹成蔭的山丘。

3. 建築物前的廣場，牆壁上繪有壁畫，壁畫中人物表情豐富，背景為一輛停在牆邊的機車，廣場旁邊有一條樓梯，樓梯旁邊停有一輛白色的小轎車，遠處可以看到綠樹成蔭的山丘。"
origin_dataset/IMG_20211114_210957_103.jpg,"1. 一位年輕的男子側身站立，背對著攝影機，頭髮短而黑，臉部朝向遠處的山景。他身後的木製欄杆上掛有一塊標誌牌，上面寫著中文。遠處的山丘被茂密的樹木覆蓋，天空湛藍，幾朵雲彩飄浮在空中。

2. 一位年輕的男子背對著攝影機，側身站立，頭髮短而黑，臉部朝向遠處的山景。他身後的木製欄杆上掛有一塊標誌牌，上面寫著中文。遠處的山丘被茂密的樹木覆蓋，天空湛藍，幾朵雲彩飄浮在空中。

3. 一位年輕的男子側身站立，背對著攝影機，頭髮短而黑，臉部朝向遠處的山景。他身後的木製欄杆上掛有一塊標誌牌，上面寫著中文。遠處的山丘被茂密的樹木覆蓋，天空湛藍，幾朵雲彩飄浮在空中。"
origin_dataset/1529165779815.jpg,"1. 這張照片中有兩位畢業生，他們穿着黑色的畢業袍，上面有黃色的邊條和徽章，背景是一座現代建築，建築的設計獨特，有三角形的頂部和玻璃窗。照片中還可以看到其他畢業生和觀眾，他們似乎在參加一個盛大的畢業典禮。天空晴朗，陽光明媚，整個場景充滿了慶祝的氣氛。

2. 這張照片捕捉到了一個重要的歷史刻畫，兩位畢業生站在前景，他們的畢業袍上標誌著他們的成就。背景中，一座現代建築的尖頂在陽光下閃耀，彰顯出建築的現代設計。周圍的觀眾和畢業生們，他們的歡呼聲和歡樂的氣氛，為這張照片增添了濃厚的慶祝色彩。

3. 這張照片展示了兩位畢業生，他們身著畢業袍，背景是一座現代建築，建築的設計獨特，有三角形的頂部和玻璃窗。周圍的觀眾和畢業生們，他們的歡呼聲和歡樂的氣氛，為這張照片增添了濃厚的慶祝色彩。天空晴朗，陽光明媚，整個場景充滿了慶祝的氣氛。"
origin_dataset/IMG20210725163321.jpg,"1. 一株高大的棕櫚樹矗立在街道旁，樹幹筆直，葉片茂盛，隨風輕擺。樹下是鋪設的磚石路面，兩旁停有幾輛汽車。遠處是幾棟建築，建築外牆顏色多樣，有紅磚牆和白色牆面。天空藍色，雲朵稀疏，陽光充足。

2. 一處街道景觀，街道兩側停有汽車，樹木茂盛。一株高大的棕櫚樹位於街道中央，樹幹筆直，葉片茂盛。樹下是鋪設的磚石路面，兩旁停有幾輛汽車。遠處是幾棟建築，建築外牆顏色多樣，有紅磚牆和白色牆面。天空藍色，雲朵稀疏，陽光充足。

3. 一處街道景觀，樹木茂盛。一株高大的棕櫚樹矗立在街道旁，樹幹筆直，葉片茂盛，隨風輕擺。樹下是鋪設的磚石路面，兩旁停有幾輛汽車。遠處是幾棟建築，建築外牆顏色多樣，有紅磚牆和白色牆面。天空藍色，雲朵稀疏，陽光充足。"
origin_dataset/20240517_163311.jpg,"1. 這張照片顯示了一個城市的街景，天空中雲層密布，陽光從雲隙中透出。建築物包括多層樓的住宅和商場，建築風格現代。街道兩旁有各種招牌，顯示出商業活動的繁忙。遠處可以看到一些建築物和綠樹，背景中還有一座山丘。

2. 照片中，城市建築密集，建築物的外觀多樣，有現代化的玻璃幕牆和傳統的磚石結構。街道兩側有各種商鋪和招牌，顯示出商業活動的繁榮。天空中雲層厚重，陽光從雲隙中透出，給城市帶來了柔和的光線。遠處的山丘和綠樹為城市帶來了自然的景觀。

3. 這張照片捕捉到了一個城市的街景，建築物密集，有現代化的玻璃幕牆和傳統的磚石結構。街道兩旁有各種商鋪和招牌，顯示出商業活動的繁忙。天空中雲層厚重，陽光從雲隙中透出，給城市帶來了柔和的光線。遠處的山丘和綠樹為城市帶來了自然的景觀。建築物的設計風格多樣，反映了城市的現代化發展。"
origin_dataset/20240705_174530.jpg,"1. 台北101大樓，位於臺灣台北市，是臺灣最高的建築之一，設計獨特，外觀呈現藍色玻璃結構，建築高度為508公尺，是臺灣的象徵性建築之一。

2. 天空中雲層密布，天空呈藍色，雲朵厚重，有濃密的灰色調，顯示出天氣可能不穩定，可能有雷雨或暴風的預警。

3. 周圍建築物包括一棟高樓和一棟低層建築，高樓建築物外觀現代，低層建築則呈現傳統建築風格，兩者形成鮮明對比。"
origin_dataset/1529166047014.jpg,"1. 這張照片捕捉了兩位年輕人站在草地上，背景是一座現代建築，建築的設計獨特，頂部有一個十字架。他們面帶微笑，雙手比出勝利的V字形，似乎在慶祝某個重要時刻。周圍有許多穿著畢業服的人，顯示這可能是一場畢業典禮。天空晴朗，陽光普照，整個場景充滿了歡樂和慶祝的氛圍。

2. 這張照片展示了兩位年輕人站在一起，背景是一座具有現代建築風格的建築，建築頂部有一個十字架。他們面帶微笑，雙手比出勝利的V字形，似乎在慶祝某個重要時刻。周圍有許多穿著畢業服的人，顯示這可能是一場畢業典禮。建築的設計獨特，頂部有一個十字架，背景的天空晴朗，陽光普照，整個場景充滿了歡樂和慶祝的氛圍。

3. 這張照片中，兩位年輕人站在草地上，背景是一座現代建築，建築頂部有一個十字架。他們面帶微笑，雙手比出勝利的V字形，似乎在慶祝某個重要時刻。周圍有許多穿著畢業服的人，顯示這可能是一場畢業典禮。建築的設計獨特，頂部有一個十字架，背景的天空晴朗，陽光普照，整個場景充滿了歡樂和慶祝的氛圍。"
origin_dataset/IMG20220311210347.jpg,"1. 一張夜景照片，顯示了一座現代建築，建築前方有一座橋樑，橋樑上裝飾著燈光，橋樑的結構由多根鋼索支撐。建築和橋樑反射在水面上，形成美麗的倒影。背景中可以看到幾座建築，建築上也裝飾著燈光，整體氛圍非常現代和科技感十足。

2. 這張照片捕捉到了一個夜晚的場景，照片的中心是一座現代建築，建築前方有一座橋樑，橋樑上裝飾著燈光，橋樑的結構由多根鋼索支撐。建築和橋樑反射在水面上，形成美麗的倒影。背景中可以看到幾座建築，建築上也裝飾著燈光，整體氛圍非常現代和科技感十足。

3. 這張照片展示了一個夜晚的場景，照片的中心是一座現代建築，建築前方有一座橋樑，橋樑上裝飾著燈光，橋樑的結構由多根鋼索支撐。建築和橋樑反射在水面上，形成美麗的倒影。背景中可以看到幾座建築，建築上也裝飾著燈光，整體氛圍非常現代和科技感十足。"
origin_dataset/IMG20220220161511.jpg,"1. 這張照片展示了一個室內展覽場景，牆上掛有三幅大型的畫作。畫作描繪了河流邊的風景，河面上有帆船，遠處可以看到橋樑和建築。畫面色彩鮮豔，表現出一種寧靜的氛圍。觀眾們站在畫作前，有的在拍照，有的在欣賞畫作，顯得非常投入。

2. 這張照片捕捉到了一個室內藝術展覽的瞬間。三幅大型畫作被懸掛在牆上，每幅畫都展示了不同的風景。其中一幅畫描繪了河邊的風景，河面上有帆船，遠處可以看到橋樑和建築。畫面的色彩和光影處理非常精緻，表現出一種寧靜而優美的氛圍。觀眾們圍繞在畫作旁，有的在拍照，有的在細心欣賞，顯得非常投入。

3. 這張照片呈現了一個室內展覽場景，牆上懸掛了三幅大型的畫作。這些畫作展示了不同的風景，其中一幅描繪了河邊的風景，河面上有帆船，遠處可以看到橋樑和建築。畫面色彩鮮豔，表現出一種寧靜的氛圍。觀眾們圍繞在畫作旁，有的在拍照，有的在欣賞，顯得非常投入。"
origin_dataset/DSC_0003(1)(1).JPG,"1. 這張照片展示了一個夜晚的城市景觀，特別是水面上的倒影。水面上有幾艘小船，船上有幾個人，船身被藍色的燈光照亮，反射在水面上形成美麗的光線。背景中可以看到幾棟建築物，建築物的窗戶亮著燈光，顯示出城市的活力。樹木的枝葉在夜空中顯得格外鮮明，增加了整體的氛圍。

2. 照片中，一個城市的夜景被捕捉下來，特別是水面上的倒影。水面上有幾艘小船，船上有幾個人，船身被藍色的燈光照亮，反射在水面上形成美麗的光線。背景中可以看到幾棟建築物，建築物的窗戶亮著燈光，顯示出城市的活力。樹木的枝葉在夜空中顯得格外鮮明，增加了整體的氛圍。

3. 這張照片展示了一個夜晚的城市景觀，特別是水面上的倒影。水面上有幾艘小船，船上有幾個人，船身被藍色的燈光照亮，反射在水面上形成美麗的光線。背景中可以看到幾棟建築物，建築物的窗戶亮著燈光，顯示出城市的活力。樹木的枝葉在夜空中顯得格外鮮明，增加了整體的氛圍。"
origin_dataset/17644_632084253558067_272508119436313604_n(1)(1).jpg,"1. 一張照片中，一個小孩平躺在地上，頭朝上，雙手自然地放在身體兩側。小孩穿着綠色長袖上衣，上衣上有猴子的圖案，以及灰色的長褲，褲子上有猴子的圖案。小孩的腳上穿著藍色的拖鞋，拖鞋上有卡通圖案。地面是灰色的石頭地板，地板上有裂縫。照片的左上角可以看到另一雙腳，穿著藍色拖鞋。

2. 這張照片展示了一個小孩平躺在地上，頭朝上，雙手自然地放在身體兩側。小孩的上衣是綠色的，上面有猴子的圖案，下身是灰色的長褲，褲子上也有猴子的圖案。小孩的腳上穿著藍色的拖鞋，拖鞋上有卡通圖案。地面是灰色的石頭地板，地板上有裂縫。照片的左上角可以看到另一雙腳，穿著藍色拖鞋。

3. 一張照片中，一個小孩平躺在地上，頭朝上，雙手自然地放在身體兩側。小孩的上衣是綠色的，上面有猴子的圖案，下身是灰色的長褲，褲子上也有猴子的圖案。小孩的腳上穿著藍色的拖鞋，拖鞋上有卡通圖案。地面是灰色的石頭地板，地板上有裂縫。照片的左上角可以看到另一雙腳，穿著藍色拖鞋。"
origin_dataset/IMG20220313114253.jpg,"1. 一位年輕男子站在一個巨大的紅色框架前，背景是藍天和海景。他穿着黑色外套、白色T恤和藍色牛仔褲，腳穿白色運動鞋。框架的影子投射在地面上，形成一個有趣的視覺效果。遠處可以看到幾個人在海邊活動，天空晴朗，氣氛輕鬆愉快。

2. 這張照片展示了一位年輕男子在一個大型紅色框架前拍照。他站在框架的邊緣，背景是藍天和海景。男子的姿態自然，面帶微笑，看起來心情愉悅。框架的紅色與藍天形成鮮明對比，構成了一個引人注目的視覺焦點。遠處的海邊有幾個人在活動，天空晴朗，整體氛圍非常開朗。

3. 這張照片捕捉到了一位年輕男子在一個大型紅色框架前的瞬間。他站在框架的邊緣，背景是藍天和海景。男子的姿態自然，面帶微笑，看起來心情愉悅。框架的紅色與藍天形成鮮明對比，構成了一個引人注目的視覺焦點。遠處的海邊有幾個人在活動，天空晴朗，整體氛圍非常開朗。男子的裝束包括黑色外套、白色T恤和藍色牛仔褲，腳穿白色運動鞋，看起來很時尚。"
origin_dataset/IMG20220220160155.jpg,"1. 三塊大屏幕展示了一幅幅經典的風景畫，畫面中有一個穿著白色禮服的女子，頭戴綠色頭飾，坐在草地上閱讀，周圍是茂密的樹木和遠處的建築。畫面的左側還有一個廣場，廣場上有許多行人和孩子在玩耍，背景是綠樹成蔭的山丘。

2. 展覽館內，三塊大屏幕播放著經典風景畫，其中一幅畫中，一位穿著白色禮服的女子坐在草地上，頭戴綠色頭飾，正在閱讀。她身邊有一把折疊扇。背景是茂密的樹木和遠處的建築。廣場上，人們在閒逛，孩子們在玩耍，背景是綠樹成蔭的山丘。

3. 展覽館內，三塊大屏幕播放著經典風景畫，其中一幅畫中，一位穿著白色禮服的女子坐在草地上，頭戴綠色頭飾，正在閱讀。她身邊有一把折疊扇。背景是茂密的樹木和遠處的建築。廣場上，人們在閒逛，孩子們在玩耍，背景是綠樹成蔭的山丘。"
origin_dataset/IMG20220315163341.jpg,"1. 這張照片展示了一片壯麗的山景，山峰被濃密的雲霧所籠罩，遠處的山脈在灰暗的天空下若隱若現。山腳下是一片寬闊的湖泊，湖水靜靜地倒映著周圍的山景，湖邊的綠樹成蔭，遠處還可以看到一些建築物。近處的草地上長滿了綠色的草叢，草叢中還夾雜著一些開花的植物，給這片自然風景增添了一絲生機。

2. 照片中，灰暗的天空籠罩著整片山景，山峰被厚重的雲霧所遮蓋，遠處的山脈在灰暗的天空下若隱若現。山腳下是一片寬闊的湖泊，湖水靜靜地倒映著周圍的山景，湖邊的綠樹成蔭，遠處還可以看到一些建築物。近處的草地上長滿了綠色的草叢，草叢中還夾雜著一些開花的植物，給這片自然風景增添了一絲生機。

3. 這張照片捕捉到了一片壯麗的山景，灰暗的天空籠罩著整片山景，山峰被厚重的雲霧所遮蓋，遠處的山脈在灰暗的天空下若隱若現。山腳下是一片寬闊的湖泊，湖水靜靜地倒映著周圍的山景，湖邊的綠樹成蔭，遠處還可以看到一些建築物。近處的草地上長滿了綠色的草叢，草叢中還夾雜著一些開花的植物，給這片自然風景增添了一絲生機。"
origin_dataset/IMG20220317155707.jpg,"1. 一張鐵路線路的圖片，鐵軌旁邊有電線杆和電線，背景是海邊的風景，遠處可以看到一些山丘和島嶼。天空陰沉，似乎有雨意。

2. 圖片中，鐵軌和電線杆構成鐵路線路的景觀，電線橫跨在空中，鐵軌延伸至遠處。海邊的風景在背景中顯現，遠處的島嶼和山丘在陰沉的天空下若隱若現。

3. 這張照片捕捉了鐵路線路與自然風景的交匯點，鐵軌和電線杆構成鐵路的構圖，電線在空中延伸，遠處的島嶼和山丘在陰沉的天空下顯現。海邊的風景為整體畫面增添了寧靜的氛圍。"
origin_dataset/IMG20220220160814.jpg,"1. 一羣人在昏暗的展覽館內觀看一幅巨大的畫作，畫面中是風景畫，有樹木、山丘和建築物。畫面色彩柔和，表現出一種寧靜的氛圍。觀眾們靜靜地站在畫作前，似乎在欣賞和思考這幅作品。

2. 展覽館內，一組人圍繞在一幅巨大的畫作前，畫面呈現出一片寧靜的鄉村風景。畫中樹木繁茂，山丘遠處隱約可見，建築物隱藏在樹叢之間。觀眾們圍繞在畫作前，似乎在細細觀賞這幅作品的細節。

3. 在昏暗的展覽館內，一羣人圍繞在一幅巨大的畫作前，畫面表現出一片寧靜的鄉村風景。樹木、山丘和建築物構成了一幅和諧的畫面。觀眾們靜靜地站在畫作前，似乎在欣賞和思考這幅作品的美。"
origin_dataset/IMG20211206130301.jpg,"1. 海邊的風景，陽光從左上角照射下來，天空湛藍，幾朵雲彩飄浮在遠處。海面波光粼粼，海邊有一排木製圍欄，圍欄後方是綠色的草地，草地上開滿了白色的小花。

2. 一望無際的海景，陽光從上方照射下來，天空清澈，幾朵雲彩在海邊飄浮。海面波光粼粼，海邊有一排木製圍欄，圍欄後方是綠色的草地，草地上開滿了白色的小花。

3. 海邊的風景，陽光從左上角照射下來，天空湛藍，幾朵雲彩飄浮在遠處。海面波光粼粼，海邊有一排木製圍欄，圍欄後方是綠色的草地，草地上開滿了白色的小花。"
origin_dataset/IMG_0240.JPG,"1. 一位年輕的男子，頭戴一頂深藍色的棒球帽，帽檐朝前，帽緣上印有白色的文字。他穿着一件灰色的T恤，正在用筷子吃飯，右手握着筷子，左手托着一個黑色的碗。背景是米色的牆壁，上面有圓點狀的裝飾。

2. 一位年輕的男性，頭戴一頂深藍色的棒球帽，帽緣上印有白色的文字。他穿着灰色的T恤，正在用筷子進食，右手握着筷子，左手托着一個黑色的碗。背景是米色的牆壁，上面有圓點狀的裝飾。

3. 一位年輕的男子，頭戴一頂深藍色的棒球帽，帽緣上印有白色的文字。他穿着灰色的T恤，正在用筷子進食，右手握着筷子，左手托着一個黑色的碗。背景是米色的牆壁，上面有圓點狀的裝飾。"
origin_dataset/1529165752104.jpg,"1. 這張照片拍攝於一個戶外的場景，背景是一座現代建築，建築的設計獨特，頂部呈三角形，牆面由大面積的玻璃窗組成，反射出藍天。建築前有一群人，他們似乎在參加一個活動，有些人穿著畢業服，頭戴學士帽，顯示出他們可能是畢業生。前景中有兩位年輕人，他們站在草地上，面帶微笑，似乎在拍照。他們的姿態輕鬆，其中一位舉起雙手比出V字形，另一位則比出開心的姿勢。地上散落著幾個包裝袋，可能是他們的畢業紀念品或個人物品。天空晴朗，陽光充足，整個場景充滿了歡樂和慶祝的氛圍。

2. 這張照片捕捉到了一個充滿歡樂的畢業典禮場景。背景中，一座現代建築的尖頂和玻璃窗清晰可見，建築的設計獨特，呈現出一種簡潔而現代的風格。建築前聚集了一群畢業生，他們頭戴學士帽，身穿畢業服，顯得莊重而喜慶。前景中有兩位年輕人，他們站在草地上，面帶微笑，似乎在拍照留念。他們的姿態輕鬆，其中一位舉起雙手比出V字形，另一位則比出開心的姿勢。地上散落著幾個包裝袋，可能是他們的畢業紀念品或個人物品。天空晴朗，陽光充足，整個場景充滿了歡樂和慶祝的氛圍。

3. 這張照片展示了一個戶外的畢業典禮場景。背景中，一座現代建築的尖頂和玻璃窗清晰可見，建築的設計獨特，呈現出一種簡潔而現代的風格。建築前聚集了一群畢業生，他們頭戴學士帽，身穿畢業服，顯得莊重而喜慶。前景中有兩位年輕人，他們站在草地上，面帶微笑，似乎在拍照留念。他們的姿態輕鬆，其中一位舉起雙手比出V字形，另一位則比出開心的姿勢。地上散落著幾個包裝袋，可能是他們的畢業紀念品或個人物品。天空晴朗，陽光充足，整個場景充滿了歡樂和慶祝的氛圍。"
origin_dataset/IMG20211016222323.jpg,"1. 這幅圖畫展示了一架飛機和一個球體。飛機的機翼和螺旋槳清晰可見，機翼上有一個尖銳的裝置。球體位於飛機的後方，表面有細微的陰影和光澤效果，表現出球體的圓潤形狀。整幅畫作採用單色鉛筆繪製，表現出一種簡潔而現代的風格。

2. 圖畫中有一架飛機和一個球體。飛機的機翼和螺旋槳細緻地呈現出來，機翼上有一個尖銳的裝置。球體位於飛機的後方，表面有細微的陰影和光澤效果，表現出球體的圓潤形狀。整幅畫作採用單色鉛筆繪製，表現出一種簡潔而現代的風格。

3. 這幅圖畫展示了一架飛機和一個球體。飛機的機翼和螺旋槳細緻地呈現出來，機翼上有一個尖銳的裝置。球體位於飛機的後方，表面有細微的陰影和光澤效果，表現出球體的圓潤形狀。整幅畫作採用單色鉛筆繪製，表現出一種簡潔而現代的風格。"
origin_dataset/1535710939938.jpg,"1. 一隻手正握著一隻小豬，小豬的身體緊貼著手，手的指頭輕輕地撐開小豬的身體，讓小豬的四肢和頭部顯得更加清晰。小豬的皮膚是淺棕色的，看起來非常柔軟，手的掌心則是深棕色的，手指的紋理清晰可見。

2. 這張照片展示了一隻手正握著一隻小豬，小豬的身體緊貼著手，手的指頭輕輕地撐開小豬的身體，讓小豬的四肢和頭部顯得更加清晰。小豬的皮膚是淺棕色的，看起來非常柔軟，手的掌心則是深棕色的，手指的紋理清晰可見。

3. 一隻手正握著一隻小豬，小豬的身體緊貼著手，手的指頭輕輕地撐開小豬的身體，讓小豬的四肢和頭部顯得更加清晰。小豬的皮膚是淺棕色的，看起來非常柔軟，手的掌心則是深棕色的，手指的紋理清晰可見。"
origin_dataset/IMG20220307171408.jpg,"1. 藍天白雲，街道兩旁是多棟建築，建築物外牆顏色多樣，有粉紅、白色、藍色等。建築物之間有電線垂掛，街道上有停車的汽車，路面上有標誌。

2. 天空晴朗，有幾朵散落的雲朵，建築物排列在街道兩側，建築物外牆顏色豐富，有粉紅、藍色、白色等。建築物之間有電線垂掛，街道上有停車的汽車，路面上有標誌。

3. 天空藍色，有幾朵散落的雲朵，建築物排列在街道兩側，建築物外牆顏色多樣，有粉紅、藍色、白色等。建築物之間有電線垂掛，街道上有停車的汽車，路面上有標誌。"
origin_dataset/20240615_162924.jpg,"1. 一位年輕的男子，留著短黑髮，身穿深藍色背心，露出健壯的肩膀和胸部肌肉。他站在鏡子前，手持一部手機，鏡子反射出他側身的姿態。背景中可以看到一扇門和牆上的裝飾品，牆壁是白色的，門是淺色的，牆上掛有幾張小旗子，上面有綠色和紅色的圖案。

2. 一位年輕的男子，留著短黑髮，身穿深藍色背心，露出健壯的肩膀和胸部肌肉。他站在鏡子前，手持一部手機，鏡子反射出他側身的姿態。背景中可以看到一扇門和牆上的裝飾品，牆壁是白色的，門是淺色的，牆上掛有幾張小旗子，上面有綠色和紅色的圖案。

3. 一位年輕的男子，留著短黑髮，身穿深藍色背心，露出健壯的肩膀和胸部肌肉。他站在鏡子前，手持一部手機，鏡子反射出他側身的姿態。背景中可以看到一扇門和牆上的裝飾品，牆壁是白色的，門是淺色的，牆上掛有幾張小旗子，上面有綠色和紅色的圖案。"
origin_dataset/IMG20220220161459.jpg,"1. 這張照片展示了一個室內展覽場景，牆上投影了三幅印象派風格的畫作。畫面中可以看到樹木、河流和遠處的建築，色彩柔和，表現出一種靜謐的鄉村風景。觀眾們站在畫作前，似乎在欣賞這些藝術作品。

2. 展覽場館內的牆壁上投影了三幅大型畫作，這些畫作採用印象派的繪畫風格，表現了樹木、河流和鄉村建築的風景。畫面色彩豐富，表現出一種寧靜的氛圍。觀眾們圍繞在畫作旁，靜靜地觀看。

3. 這張照片捕捉到了一個室內展覽的場景，牆壁上投影了三幅大型畫作，這些畫作採用印象派的繪畫風格，表現了樹木、河流和鄉村建築的風景。色彩柔和，表現出一種寧靜的氛圍。觀眾們圍繞在畫作旁，靜靜地觀看。"
origin_dataset/20240518_174546.jpg,"1. 一位年輕男子，戴著圓框眼鏡，身穿深藍色短袖上衣和綠色短褲，正在鏡子前自拍。他左手持著一部手機，鏡子反射出他側身的姿態。背景中可以看到一扇門和牆壁上掛著幾面小旗子，旗子上印有聖誕樹圖案。

2. 一位年輕人，留著短黑髮，戴著圓形眼鏡，身穿深藍色短袖T恤和綠色短褲，正在鏡子前自拍。他左手握著一部手機，鏡子反射出他側身的姿態。背景中可以看到一扇門和牆壁上掛著幾面小旗子，旗子上印有聖誕樹圖案。

3. 一位年輕男子，戴著圓框眼鏡，身穿深藍色短袖上衣和綠色短褲，正在鏡子前自拍。他左手持著一部手機，鏡子反射出他側身的姿態。背景中可以看到一扇門和牆壁上掛著幾面小旗子，旗子上印有聖誕樹圖案。"
origin_dataset/IMG20220218064133.jpg,"1. 這張照片展示了一片湖泊，湖水靜靜地反射著周圍的景緻。湖邊種植著茂密的樹木，樹葉在微風中輕輕搖曳。遠處可以看到一些建築物，建築物的頂部被厚重的雲層所遮蓋，天空顯得灰暗。近處的欄杆和綠色的灌木叢為整幅畫面增添了一絲生機。

2. 照片中，一處湖泊靜靜地躺在城市的一角，周圍被茂密的樹木所環繞。遠處的建築物在厚重的雲層下若隱若現，天空顯得灰暗而沉重。近處的欄杆和綠色的灌木叢為整幅畫面帶來了一絲生機，湖水靜靜地反射著周圍的景緻，散發出一種寧靜而沉靜的氛圍。

3. 這張照片捕捉到了一個湖泊的景象，湖水靜靜地反射著周圍的景緻。遠處的建築物在厚重的雲層下若隱若現，天空顯得灰暗而沉重。近處的欄杆和綠色的灌木叢為整幅畫面增添了一絲生機，樹葉在微風中輕輕搖曳，散發出一種寧靜而沉靜的氛圍。"
origin_dataset/20221227_194622~2.jpg,"1. 這是一張來自台北富邦銀行的信用卡帳單，帳單上顯示了持卡人的姓名為呂俊廷。帳單上的信用卡號碼為5241 08XX XXXX 3179。帳單上還標明了信用卡的信用總額度為新臺幣80,000元。此外，帳單上還註明了每月繳款截止日期為每月14日，且預借現金手續費為預借現金金額的2.5%。

2. 這是一張台北富邦銀行的信用卡帳單，帳單上顯示了持卡人的姓名為呂俊廷。帳單上的信用卡號碼為5241 08XX XXXX 3179。帳單上還標明了信用卡的信用總額度為新臺幣80,000元。此外，帳單上還註明了每月繳款截止日期為每月14日，且預借現金手續費為預借現金金額的2.5%。

3. 這是一張台北富邦銀行的信用卡帳單，帳單上顯示了持卡人的姓名為呂俊廷。帳單上的信用卡號碼為5241 08XX XXXX 3179。帳單上還標明了信用卡的信用總額度為新臺幣80,000元。此外，帳單上還註明了每月繳款截止日期為每月14日，且預借現金手續費為預借現金金額的2.5%。"
origin_dataset/Screenshot_2018-05-12-09-50-22.jpg,"1. 這張照片展示了一組位於日本的雕像，雕像前有標誌牌，上面寫有日文。雕像前的地面鋪有磚塊，背景是城市街道，可以看到建築物、樹木和停車牌。雕像的設計風格與日本動漫相關，人物造型鮮明，色彩鮮豔。

2. 這組雕像位於一個城市街道旁，背景中可以看到建築物、樹木和停車牌。雕像前的地面鋪有磚塊，地面上有標誌牌，上面寫有日文。雕像的設計風格與日本動漫相關，人物造型鮮明，色彩鮮豔。雕像前的標誌牌上寫有日文，可能是地名或相關說明。

3. 這張照片展示了一組位於日本的雕像，背景是城市街道，可以看到建築物、樹木和停車牌。雕像前的地面鋪有磚塊，地面上有標誌牌，上面寫有日文。雕像的設計風格與日本動漫相關，人物造型鮮明，色彩鮮豔。雕像前的標誌牌上寫有日文，可能是地名或相關說明。"
origin_dataset/1485250883210(1)(1).jpg,"1. 新北市政府在2016年舉辦了聖誕節活動，入口處設有大型的聖誕節主題標誌，標誌上寫著「新北市歡樂耶誕城」，並附有聖誕老人和熊的插圖，背景是紅色和白色相間的條紋，並點綴著雪花和聖誕樹的圖案，營造出濃厚的聖誕節氛圍。

2. 圖片中展示的是新北市政府舉辦的2016年聖誕節活動入口處的標誌，標誌上寫著「新北市歡樂耶誕城」，並有聖誕老人和熊的插圖，背景是紅色和白色相間的條紋，並點綴著雪花和聖誕樹的圖案，營造出濃厚的聖誕節氛圍。

3. 新北市政府在2016年舉辦了聖誕節活動，入口處設有大型的聖誕節主題標誌，標誌上寫著「新北市歡樂耶誕城」，並附有聖誕老人和熊的插圖，背景是紅色和白色相間的條紋，並點綴著雪花和聖誕樹的圖案，營造出濃厚的聖誕節氛圍。"
origin_dataset/IMG20220317143005.jpg,"1. 三名女性站在沙灘上，海浪輕拍著海岸，遠處有一座孤島，天空陰沉，海面波濤洶涌。

2. 沙灘上，三名女性並排站立，遠處的孤島在海平面上若隱若現，天空灰蒙蒙的，海浪不斷拍打著海岸。

3. 三名女性在沙灘上，遠處孤島隱約可見，海浪拍打著海岸，天空陰沉，海面波濤洶涌。"
origin_dataset/10646861_632078290225330_3455607590225099655_n(1)(1).jpg,"1. 三名年輕人站在室內，背景是玻璃窗和牆上的時鐘。他們似乎在進行某種活動或討論，其中一名穿著黑色外套和牛仔褲的女性站在前方，另一名穿著灰色外套和黑色褲子的男性站在後方，第三名穿著黑色外套和牛仔褲的女性站在後方。他們的腳上分別穿著紅色和白色的運動鞋。

2. 這張照片捕捉到了三個年輕人在一起的瞬間。他們站在一個室內空間，背景中可以看到一扇玻璃窗和牆上的時鐘。他們似乎在進行某種活動或討論，每個人都有自己獨特的風格。穿著黑色外套和牛仔褲的女性站在前方，穿著灰色外套和黑色褲子的男性站在後方，而穿著黑色外套和牛仔褲的女性則站在後方。他們的腳上分別穿著紅色和白色的運動鞋。

3. 這張照片展示了三個年輕人在室內的場景。背景中可以看到一扇玻璃窗和牆上的時鐘。他們似乎在進行某種活動或討論。穿著黑色外套和牛仔褲的女性站在前方，穿著灰色外套和黑色褲子的男性站在後方，而穿著黑色外套和牛仔褲的女性則站在後方。他們的腳上分別穿著紅色和白色的運動鞋。"
origin_dataset/IMG20220304234457.jpg,"1. 一幢建築在夜色中顯得格外突出，其外牆上有一個發出綠色光芒的長方形窗戶，窗戶的設計非常獨特，呈現出幾何圖形的美感。建築的頂部有一個尖銳的尖頂，與周圍的環境形成鮮明對比。建築周圍的環境較為昏暗，只有建築本身被綠色的光線照亮，使得建築成為夜景中的焦點。

2. 在夜間的背景下，一幢建築的外牆上有一個發出綠色光芒的長方形窗戶，窗戶的設計非常獨特，呈現出幾何圖形的美感。建築的頂部有一個尖銳的尖頂，與周圍的環境形成鮮明對比。建築的周圍環境較為昏暗，只有建築本身被綠色的光線照亮，使得建築成為夜景中的焦點。

3. 一幢建築在夜色中顯得格外突出，其外牆上有一個發出綠色光芒的長方形窗戶，窗戶的設計非常獨特，呈現出幾何圖形的美感。建築的頂部有一個尖銳的尖頂，與周圍的環境形成鮮明對比。建築的周圍環境較為昏暗，只有建築本身被綠色的光線照亮，使得建築成為夜景中的焦點。"
origin_dataset/received_1419991768101083.jpeg,"1. 一位穿著白色上衣和藍色圍裙的男子，站在超市的蔬菜區，似乎在整理貨架上的商品。他一邊整理一邊說話，表情看起來有點緊張或不滿意。周圍是各種蔬菜和水果，貨架上標有價格標籤。

2. 一位穿著白色上衣和藍色圍裙的男子，站在超市的蔬菜區，一邊整理一邊說話。他看起來有點緊張或不滿意，周圍是各種蔬菜和水果，貨架上標有價格標籤。背景中可以看到其他貨架和商品。

3. 一位穿著白色上衣和藍色圍裙的男子，站在超市的蔬菜區，一邊整理一邊說話。他看起來有點緊張或不滿意，周圍是各種蔬菜和水果，貨架上標有價格標籤。背景中可以看到其他貨架和商品，以及一些標有價格的標籤。"
origin_dataset/20240212_165003.jpg,"1. 這張照片展示了一個籃球場，籃球場的地面是藍色的，籃球框位於場地的右側。籃球場的邊緣有幾棵樹，樹的後方是幾棟建築物。建築物的外牆顏色為白色，窗戶和門口處有綠色的裝飾。籃球場的邊緣還有一些橙色的交通錐，籃球場的邊緣有一條跑道，跑道的顏色為紅色和綠色相間。籃球場的邊緣還有一些樹木，樹木的後方是幾棟建築物。籃球場的邊緣還有一些樹木，樹木的後方是幾棟建築物。

2. 這張照片展示了一個籃球場，籃球場的地面是藍色的，籃球框位於場地的右側。籃球場的邊緣有幾棵樹，樹的後方是幾棟建築物。建築物的外牆顏色為白色，窗戶和門口處有綠色的裝飾。籃球場的邊緣還有一些橙色的交通錐，籃球場的邊緣有一條跑道，跑道的顏色為紅色和綠色相間。籃球場的邊緣還有一些樹木，樹木的後方是幾棟建築物。籃球場的邊緣還有一些樹木，樹木的後方是幾棟建築物。籃球場的邊緣還有一些樹木，樹木的後方是幾棟建築物。

3. 這張照片展示了一個籃球場，籃球場的地面是藍色的，籃球框位於場地的右側。籃球場的邊緣有幾棵樹，樹的後方是幾棟建築物。建築物的外牆顏色為白色，窗戶和門口處有綠色的裝飾。籃球場的邊緣還有一些橙色的交通錐，籃球場的邊緣有一條跑道，跑道的顏色為紅色和綠色相間。籃球場的邊緣還有一些樹木，樹木的後方是幾棟建築物。籃球場的邊緣還有一些樹木，樹木的後方是幾棟建築物。籃球場的邊緣還有一些樹木，樹木的後方是幾棟建築物。"
origin_dataset/IMG_20220209_000110_273.jpg,"1. 一位年輕的男性，身著一件純白的短袖T恤，搭配一雙淺色的長褲，坐在一個白色的長方形平台上，雙手輕鬆地放在褲腰上，背景為純白，呈現出簡潔的風格。

2. 一位年輕的男性，留著短髮，身著一件純白的短袖T恤，搭配一雙淺色的長褲，坐在一個白色的長方形平台上，雙手輕鬆地放在褲腰上，背景為純白，呈現出簡潔的風格。

3. 一位年輕的男性，留著短髮，身著一件純白的短袖T恤，搭配一雙淺色的長褲，坐在一個白色的長方形平台上，雙手輕鬆地放在褲腰上，背景為純白，呈現出簡潔的風格。"
origin_dataset/IMG20220305165748.jpg,"1. 這是一本開本較大的書，書頁為米色，頁邊有裝訂線。書頁上的文字是繁體中文，排版整齊，每行字數相等，字體規整，行距適中，閱讀起來比較舒適。書的內容看起來像是詩歌或散文，文字間有許多標點符號，如逗號、句號等，顯示出作者在文字組織上的細心。

2. 這本書的內容似乎描述了一段旅程或經歷，文字中多次出現“路”、“腳步”等詞彙，暗示著作者在描述一段旅程或經歷。文字中還提到“彩虹”、“風”、“雨”等自然景觀，可能是在描述旅程中的風景或感受。此外，文字中還出現了“理想”、“現實”等詞彙，可能是在描述理想與現實之間的關係。

3. 這本書的內容可能是一篇長篇散文或詩歌，文字間的標點符號和句式變化顯示出作者在文字組織上的細心。文字中多次出現“路”、“腳步”等詞彙，暗示著作者在描述一段旅程或經歷。此外，文字中還出現了“理想”、“現實”等詞彙，可能是在描述理想與現實之間的關係。文字間的標點符號和句式變化顯示出作者在文字組織上的細心。"
origin_dataset/IMG_20190907_151647_252.jpg,"1. 一排玻璃花瓶，從左至右，從淺棕色漸變到深藍色，瓶身圓潤，瓶口寬敞，瓶身修長，瓶底平穩，排列在玻璃展示櫃中，背景為淺色牆面。

2. 一排玻璃花瓶，從左至右，從淺棕色漸變到深藍色，瓶身圓潤，瓶口寬敞，瓶身修長，瓶底平穩，排列在玻璃展示櫃中，背景為淺色牆面。

3. 一排玻璃花瓶，從左至右，從淺棕色漸變到深藍色，瓶身圓潤，瓶口寬敞，瓶身修長，瓶底平穩，排列在玻璃展示櫃中，背景為淺色牆面。"
origin_dataset/1525269565763.jpg,"1. 這張圖片顯示了一則Instagram貼文，貼文的發佈者是holdchiou。貼文的背景是黑色的，文字是白色，內容是用繁體中文書寫的。文字描述了一隻小鴨子的故事，提到小鴨子因為長得奇怪，常被其他鴨子欺負，後來離開媽媽獨自流浪，遇到狂風暴雨和獵狗，但小鴨子沒有畏懼，而是努力學習，強壯自己，最終人們發現它雖然不好看，但還挺好吃的。貼文的最後標註了“END”，並附有#勵志的標籤。貼文下方有5,042個讚。

2. 這張圖片展示了一則Instagram貼文，貼文的發佈者是holdchiou。貼文的背景是黑色的，文字是白色，全部用繁體中文書寫。內容描述了一隻小鴨子的故事，提到小鴨子因為長得奇怪，常被其他鴨子欺負，後來離開媽媽獨自流浪，遇到狂風暴雨和獵狗，但小鴨子沒有畏懼，而是努力學習，強壯自己，最終人們發現它雖然不好看，但還挺好吃的。貼文的最後標註了“END”，並附有#勵志的標籤。貼文下方有5,042個讚。

3. 這張圖片顯示了一則Instagram貼文，貼文的發佈者是holdchiou。貼文的背景是黑色的，文字是白色，全部用繁體中文書寫。內容描述了一隻小鴨子的故事，提到小鴨子因為長得奇怪，常被其他鴨子欺負，後來離開媽媽獨自流浪，遇到狂風暴雨和獵狗，但小鴨子沒有畏懼，而是努力學習，強壯自己，最終人們發現它雖然不好看，但還挺好吃的。貼文的最後標註了“END”，並附有#勵志的標籤。貼文下方有5,042個讚。"
origin_dataset/20230928_171348.jpg,"1. 藍天白雲，建築與路標交錯，城市風景一覽無遺。
2. 雲層輕盈，建築高聳，路標指引方向，晴朗天氣下的城市景象。
3. 藍天為背景，白雲飄浮，建築與路標構成城市風景，晴朗天氣下的城市景象。"
origin_dataset/IMG20220317125801.jpg,"1. 一張湖泊的照片，湖水靜靜地反射著天空和周圍的建築。湖邊是綠色的草地，散落著幾塊石頭。遠處有一棟現代建築，建築的玻璃窗反射出天空的藍色。建築後方是連綿的山丘，山丘上長滿了樹木，遠處的天空有些許雲彩。

2. 湖泊的風景圖，湖水清澈，倒映著天空和周圍的建築。湖邊是茂盛的綠草，散落著幾塊石頭。建築是現代風格，玻璃窗反射出藍色的天空。建築後方是山丘，山丘上長滿了樹木，遠處的天空有些許雲彩。

3. 一張湖泊的照片，湖水靜靜地反射著天空和建築。湖邊是綠色的草地，散落著幾塊石頭。建築是現代風格，玻璃窗反射出藍色的天空。建築後方是山丘，山丘上長滿了樹木，遠處的天空有些許雲彩。"
origin_dataset/1529165289858.jpg,"1. 這張照片捕捉了畢業生在戶外的歡樂時刻。他們身穿學士服，背景是一座高聳的建築，建築的設計獨特，頂部尖銳，像是一座塔。天空湛藍，雲朵稀疏，綠樹成蔭，環境充滿了慶祝的氛圍。

2. 這張照片展示了兩位畢業生在畢業典禮後的合影。他們站在一處廣場上，背景是一座現代感強烈的建築，建築的設計簡潔而富有現代感。他們面帶微笑，顯得非常開心，周圍還有其他畢業生在拍照或走動。

3. 這張照片記錄了畢業典禮後的歡樂時刻。兩位畢業生站在建築前，建築的設計獨特，頂部尖銳，像是一座塔。他們身穿學士服，面帶微笑，顯得非常開心。背景中，其他畢業生在拍照或走動，天空湛藍，雲朵稀疏，綠樹成蔭，環境充滿了慶祝的氛圍。"
origin_dataset/IMG20220317144541.jpg,"1. 海浪輕柔拍打著海岸，沙灘上散落著幾片海藻，天空陰沉，雲層厚重，海面波光粼粼，遠處的燈塔若隱若現。

2. 沙灘上沒有遊人，只有海浪的聲音和海風的呼喚，天空灰蒙蒙的，海面波紋細密，遠處的燈塔在海平面上若隱若現。

3. 海浪輕柔地拍打著海岸，沙灘上散落著幾片海藻，天空陰沉，雲層厚重，海面波光粼粼，遠處的燈塔若隱若現，海風輕拂，帶來了海的味道。"
origin_dataset/20231104_164624.jpg,"1. 一張攝於日落時分的照片，太陽從建築物後方照射出來，散發出溫暖的光芒。建築物旁邊有一條道路，路邊有樹木和電線杆，電線橫跨在空中。建築物的屋頂是斜面的，顏色為淺色。道路旁邊有一個標誌，上面寫著「25」，可能表示限速或距離。建築物的牆壁上有一些綠色的植物，增添了一絲綠意。整體氛圍平靜而寧靜，太陽的餘暉為整個場景帶來了柔和的光線。

2. 這張照片捕捉到了一個鄉村或城鎮的街景，太陽正從建築物後方落下，散發出柔和的黃色光芒。建築物的屋頂是斜面的，顏色為淺色，建築物旁邊有一條道路，路邊有樹木和電線杆，電線橫跨在空中。建築物的牆壁上有一些綠色的植物，增添了一絲綠意。道路旁邊有一個標誌，上面寫著「25」，可能表示限速或距離。建築物的牆壁上有一些綠色的植物，增添了一絲綠意。整體氛圍平靜而寧靜，太陽的餘暉為整個場景帶來了柔和的光線。

3. 這張照片展示了一個鄉村或城鎮的街景，太陽正從建築物後方落下，散發出柔和的黃色光芒。建築物的屋頂是斜面的，顏色為淺色，建築物旁邊有一條道路，路邊有樹木和電線杆，電線橫跨在空中。建築物的牆壁上有一些綠色的植物，增添了一絲綠意。道路旁邊有一個標誌，上面寫著「25」，可能表示限速或距離。建築物的牆壁上有一些綠色的植物，增添了一絲綠意。整體氛圍平靜而寧靜，太陽的餘暉為整個場景帶來了柔和的光線。"
origin_dataset/IMG20191118162058.jpg,"1. 這是一張公園的照片，照片中可以看到綠色的樹木和草地。樹木的枝葉茂盛，樹幹筆直，排列在公園的兩側。公園的地面鋪有磚塊，邊緣有一條水泥路。背景中有一棟建築物，建築物的牆面是紅磚色，窗戶排列整齊。建築物的前面有一些人，他們似乎在閒逛或休息。天空是白色的，可能是陰天或傍晚時分。

2. 圖片展示了一個公園的場景，公園內有茂密的樹木和綠色的草地。樹木的樹冠寬大，枝葉繁茂，樹幹筆直，排列在公園的兩側。公園的地面鋪有磚塊，邊緣有一條水泥路。背景中有一棟建築物，建築物的牆面是紅磚色，窗戶排列整齊。建築物的前面有一些人，他們似乎在閒逛或休息。天空是白色的，可能是陰天或傍晚時分。

3. 這張照片捕捉到了一個公園的場景。公園內有茂密的樹木和綠色的草地。樹木的樹冠寬大，枝葉繁茂，樹幹筆直，排列在公園的兩側。公園的地面鋪有磚塊，邊緣有一條水泥路。背景中有一棟建築物，建築物的牆面是紅磚色，窗戶排列整齊。建築物的前面有一些人，他們似乎在閒逛或休息。天空是白色的，可能是陰天或傍晚時分。"
origin_dataset/IMG_20200731_104622_892.jpg,1. 這間房間看起來比較簡陋，牆壁是白色的，窗戶旁邊有一個木製的置物架，上面沒有擺放任何東西。床鋪在牆角，床頭櫃上放著一些物品，床邊地上散落著一些雜物，包括一個藍色的桶和幾個袋子。窗戶旁邊的牆上有一個插座，插座旁邊的牆上還有一個木製的開關面板。窗戶旁邊的牆上還有一個木製的置物架，上面沒有擺放任何東西。床鋪在牆角，床頭櫃上放著一些物品，床邊地上散落著一些雜物，包括一個藍色的桶和幾個袋子。窗戶旁邊的牆上有一個插座，插座旁邊的牆上還有一個木製的開關面板。窗戶旁邊的牆上還有一個木製的置物架，上面沒有擺放任何東西。床鋪在牆角，床頭櫃上放著一些物品，床邊地上散落著一些雜物，包括一個藍色的桶和幾個袋子。窗戶旁邊的牆上有一個插座，插座旁邊的牆上還有一個木製的開關面板。窗戶旁邊的牆上還有一個木製的置物架，上面沒有擺放任何東西。床鋪在牆角，床頭櫃上放著一些物品，床邊地上散落著一些雜物，包括一個藍色的桶和幾個袋子。窗戶旁邊的牆上有一個插座，插座旁邊的牆上還有一個木製的開關面板。窗戶旁邊的牆上還有一個木製的置物架，上面沒有擺放任何東西。床鋪在牆角，床頭櫃上放著一些物品，床邊地上散落著一些雜物，包括一個藍色的桶和幾個袋子。窗戶旁邊的牆上有一個插座，插座旁邊的牆上還有一個木製的開關面板。窗戶旁邊的牆上還有一個木製的置物架，上面沒有擺放任何東西。床鋪在牆角，床頭櫃上放著一些物品，床邊地上散落著一些雜物，包括一個藍色的桶和幾個袋子。窗戶旁邊的牆上有一個插座，插座旁邊的牆上還有一個木製的開關面板。窗戶旁邊的牆上還有一個木製的置物架，上面沒有擺放任何東西。床鋪在牆角，床頭櫃上放著一些物品，床邊地上散落著一些雜物，包括一個藍色的桶和幾個袋子。窗戶旁邊的牆上有一個插座，插座旁邊的牆上還有一個木製的開關面板。窗戶旁邊的牆上還有一個木製的置物架，上面沒有擺放任何東西。床鋪在牆角，床頭櫃上放著一些物品，床邊地上散落著一些雜物，包括一個藍色的桶和幾個袋子。窗戶旁邊的牆上有一個插座，插座旁邊的牆上還有一個木製的開關面板。窗戶旁邊的牆上還有一個木製的置物架，上面沒有擺放任何東西。床鋪在牆角，床頭櫃上放著一些物品，床邊地上散落著一些雜物，包括一個藍色的桶和幾個袋子。窗戶旁邊的牆上有一個插座，插座旁邊的牆上還有一個木製的開關面板。窗戶旁邊的牆上還有一個木製的置物架，上面沒有擺放任何東西。床鋪在牆角，床頭櫃上放著一些物品，床邊地上散落著一些雜物，包括一個藍色的桶和幾個袋子。窗戶旁邊的牆上有一個插座，插座旁邊的牆上還有一個木製的開關面板。窗戶旁邊的牆上還有一個木製的置物架，上面沒有擺放任何東西。床鋪在牆角，床頭櫃上放著一些物品，床邊地上散落著一些雜物，包括一個藍色的桶和幾個袋子。窗戶旁邊的牆上有一個插座，插座旁邊的牆上還有一個木製的開關面板。窗戶旁邊的牆上還有一個木製的置物架，上面沒有擺放任何東西。床鋪在牆角，床頭櫃上放著一些物品，床邊
origin_dataset/DSC_0036(1)(1).JPG,"1. 一臺機器的內部，顯示著一排排的綠色光線，這些光線從機器的內部發出，並照射到機器的內部表面上。這些光線的顏色是綠色的，並且在機器的內部形成了幾條平行的線條。這些光線的顏色是綠色的，並且在機器的內部形成了幾條平行的線條。

2. 一臺機器的內部，顯示著一排排的綠色光線，這些光線從機器的內部發出，並照射到機器的內部表面上。這些光線的顏色是綠色的，並且在機器的內部形成了幾條平行的線條。這些光線的顏色是綠色的，並且在機器的內部形成了幾條平行的線條。

3. 一臺機器的內部，顯示著一排排的綠色光線，這些光線從機器的內部發出，並照射到機器的內部表面上。這些光線的顏色是綠色的，並且在機器的內部形成了幾條平行的線條。這些光線的顏色是綠色的，並且在機器的內部形成了幾條平行的線條。"
origin_dataset/20231117_164042.jpg,"1. 高樓林立的城市天際線，陽光從建築物之間照射出來，形成鮮明的光影效果。建築物的玻璃幕牆反射出天空的藍色，建築物的結構線條清晰，呈現出現代都市的建築美學。

2. 城市街道的街燈在夕陽的照耀下發出溫暖的光芒，紅色的交通燈在夜幕降臨前閃爍著。建築物的屋頂在夕陽的照射下呈現出金黃色的光澤，建築物的窗戶在夕陽的照射下反射出柔和的光線。

3. 城市的建築物在夕陽的照射下呈現出不同的顏色，建築物的玻璃幕牆反射出天空的藍色，建築物的屋頂在夕陽的照射下呈現出金黃色的光澤。建築物的窗戶在夕陽的照射下反射出柔和的光線，建築物的結構線條清晰，呈現出現代都市的建築美學。"
origin_dataset/1508575_632084246891401_5713726368672973401_n(1)(1).jpg,"1. 一位年輕男子站在教室前，手持紙張，似乎在進行講述或報告。背景牆上掛有黑板，上面寫有中文書法作品。牆壁上還有一些裝飾，包括圖案和標籤。教室內有幾位學生，他們在聽講或觀看。

2. 教室內，一位穿著黑色上衣和牛仔褲的年輕男子站在黑板前，手持紙張，似乎在進行講述或報告。黑板上寫有中文書法作品，牆壁上掛有裝飾。教室內有幾位學生，他們在聽講或觀看。

3. 教室內，一位年輕男子站在黑板前，手持紙張，似乎在進行講述或報告。黑板上寫有中文書法作品，牆壁上掛有裝飾。教室內有幾位學生，他們在聽講或觀看。背景牆上還有一些裝飾，包括圖案和標籤。"
origin_dataset/20231019_134441.jpg,"1. 藍天白雲，現代建築林立，玻璃幕牆反射著陽光，遠處建築層次分明，綠樹成蔭，城市景觀優美。

2. 高樓林立，玻璃幕牆反射著天空的藍色，建築層次分明，遠處的建築與近處的綠樹形成鮮明對比，天空中雲朵稀疏，散發出寧靜的氛圍。

3. 綠樹與現代建築交相輝映，遠處的建築層次分明，近處的玻璃幕牆反射著藍天，遠處的建築與近處的綠樹形成鮮明對比，天空中雲朵稀疏，散發出寧靜的氛圍。"
origin_dataset/20230805_154926.jpg,"1. 桌面上展示了一個木質架子，上面擺放著多樣化的物品。最上方的架子上有一個咖啡杯和一些貼紙，貼紙上印有“ALL DAY”等字樣。下方的架子上有一瓶透明的玻璃瓶、一束鮮花和一個標有“ALL DAY”的盒子，盒子上印有咖啡館的圖案。

2. 桌面上有一個木質架子，上面擺放著多樣化的物品。最上方的架子上有一個咖啡杯和一些貼紙，貼紙上印有“ALL DAY”等字樣。下方的架子上有一瓶透明的玻璃瓶、一束鮮花和一個標有“ALL DAY”的盒子，盒子上印有咖啡館的圖案。

3. 桌面上有一個木質架子，上面擺放著多樣化的物品。最上方的架子上有一個咖啡杯和一些貼紙，貼紙上印有“ALL DAY”等字樣。下方的架子上有一瓶透明的玻璃瓶、一束鮮花和一個標有“ALL DAY”的盒子，盒子上印有咖啡館的圖案。"
origin_dataset/IMG20220316111325.jpg,"1. 一盤熱騰騰的麵食，上面鋪有兩片煎蛋，搭配兩塊煎得金黃的豬排，還有翠綠的蔬菜絲，淋上濃郁的醬汁，整體呈現出豐富的色澤與口感。

2. 桌上擺放著一盤裝滿麵條的盤子，盤子旁邊有一個裝有飲料的透明塑料杯，杯蓋上寫有中文標籤，杯中飲料顏色為粉紅，可能是果汁或茶飲。盤子旁邊還有一個籃子，籃子內空無一物，籃子旁邊有一張印有卡通圖案的紙巾，紙巾上寫有中文。

3. 一盤麵食擺在淺藍色的盤子上，盤子旁邊有一個籃子，籃子內空無一物。盤子旁邊有一張印有卡通圖案的紙巾，紙巾上寫有中文。盤子旁邊還有一個透明塑料杯，杯蓋上寫有中文標籤，杯中飲料顏色為粉紅，可能是果汁或茶飲。盤子上擺放著一盤熱騰騰的麵食，上面鋪有兩片煎蛋，搭配兩塊煎得金黃的豬排，還有翠綠的蔬菜絲，淋上濃郁的醬汁，整體呈現出豐富的色澤與口感。"
origin_dataset/IMG20220317121859.jpg,"宜蘭河邊的維管束藝術裝置設計與施設計畫，結合「蘭城之星」都市更新計畫，將宜蘭火車站南側的鐵路局舊宿舍區，改造成蘭道運轉中心，規劃主題廣場結合公共藝術，保留歷史建築與老樹綠蔭，將原本荒蕪的空地搖身一變成為蘭城新亮點。

宜蘭未來轉運站站記憶片刻風景主題意象，以藝術裝置呈現出一幅幅屬於人跟場域交織出來的定格故事。希望每次改變都能多傳達一分宜蘭城的精祌，希望每一個可能寄身於此的個體都能得到尊重，希望生活的意義能被不斷思考，希望多點笑容、多點想像、多點希望。

宜蘭縣政府推出「宜蘭河邊的維管束藝術裝置設計與施設」計畫，與「蘭城之星」都市更新計畫結合，將宜蘭火車站南側的鐵路局舊宿舍區，改造成蘭道運轉中心，規劃主題廣場結合公共藝術，保留歷史建築與老樹綠蔭，將原本荒蕪的空地搖身一變成為蘭城新亮點。"
origin_dataset/1528650075853.jpg,"1. 兩位年輕人身著畢業袍，站在一片綠色的草地上，背景是一棟建築物。他們的畢業袍上有鮮明的黃色和藍色邊緣，袍子上還有一個徽章。他們的腳下是平整的草地，遠處可以看到一些樹木和幾個人群。

2. 這張照片捕捉到了兩位畢業生的瞬間，他們站在一片寬闊的綠地上，背景是建築物。他們的畢業袍是黑色的，上面有黃色和藍色的裝飾，袍子上還有一個徽章。他們的腳下是綠色的草地，遠處可以看到樹木和一些人。

3. 這張照片展示了兩位畢業生，他們站在一片綠色的草地上，背景是一棟建築物。他們的畢業袍是黑色的，上面有鮮明的黃色和藍色邊緣，袍子上還有一個徽章。他們的腳下是平整的草地，遠處可以看到一些樹木和幾個人群。"
origin_dataset/IMG20220312113006.jpg,"1. 這張照片展示了一盤食物和一杯飲料。盤子上放著三塊煎餅，煎餅上鋪有番茄片和蛋黃醬。煎餅的外層看起來是金黃色的，內部則是軟嫩的。盤子是白色的，放在一個黑色的托盤上。托盤放在一張深色的桌子上，桌子的邊緣可以看到一些磚塊的紋理。

2. 這張照片中的飲料杯是白色的，上面有綠色的環和紅色的字樣。字樣似乎是中文，但無法辨識其具體內容。杯子的蓋子是透明的，上面有一個白色的吸管。杯子放在托盤的一側，托盤的顏色是黑色的。

3. 整體來說，這張照片呈現了一個簡單的餐點，可能是早餐或輕食。煎餅看起來是當地的特色菜餚，搭配簡單的番茄和蛋黃醬。飲料杯的設計簡單，可能是當地的飲料品牌。背景的桌子和托盤顯示出這是在一個室內的餐廳或咖啡館。"
origin_dataset/IMG20220315163220.jpg,"1. 海邊的風景，天空布滿了厚重的雲層，海面靜靜地反射著天空的顏色。遠處的山丘被綠色的植被覆蓋，與海面形成鮮明的對比。近處的樹木在微風中輕輕搖曳，散發出一種寧靜而深邃的氣氛。

2. 這張照片捕捉到了一個靜謐的海邊景觀。天空被厚重的雲層覆蓋，海面靜靜地反射著天空的顏色。遠處的山丘被綠色的植被覆蓋，與海面形成鮮明的對比。近處的樹木在微風中輕輕搖曳，散發出一種寧靜而深邃的氣氛。

3. 海邊的風景，天空被厚重的雲層覆蓋，海面靜靜地反射著天空的顏色。遠處的山丘被綠色的植被覆蓋，與海面形成鮮明的對比。近處的樹木在微風中輕輕搖曳，散發出一種寧靜而深邃的氣氛。"
origin_dataset/10941870_632078446891981_6610403099806766141_n(1)(1).jpg,"1. 五位年輕人站在室內，似乎在進行一場討論或活動。他們站在一個有大面積玻璃窗的空間裡，窗戶旁邊有兩個綠色的垃圾桶。牆壁上有一些標籤和貼紙，顯示出這是一個公共場所，可能是學校或社區中心。五個人的服裝風格各異，有穿著運動鞋的，也有穿著牛仔褲的。他們的神態看起來很開朗，似乎在進行愉快的交流。

2. 五位年輕人聚集在一個室內空間，可能是一個教室或會議室。他們站在一個有大面積玻璃窗的牆壁前，窗戶旁邊有兩個綠色的垃圾桶。牆壁上有一些標籤和貼紙，顯示出這是一個公共場所。五個人的服裝風格各異，有穿著運動鞋的，也有穿著牛仔褲的。他們的神態看起來很開朗，似乎在進行愉快的交流，可能是在進行一場討論或活動。

3. 五位年輕人站在一個室內空間，可能是一個教室或會議室。他們站在一個有大面積玻璃窗的牆壁前，窗戶旁邊有兩個綠色的垃圾桶。牆壁上有一些標籤和貼紙，顯示出這是一個公共場所。五個人的服裝風格各異，有穿著運動鞋的，也有穿著牛仔褲的。他們的神態看起來很開朗，似乎在進行愉快的交流，可能是在進行一場討論或活動。"
origin_dataset/IMG_20170818_182652(1)(1).jpg,"1. 一塊巧克力蛋糕，表面光滑，呈深棕色，放在白色盤子上。蛋糕旁邊有一小塊奶油，呈白色，質地細膩。盤子放在木質桌面上，桌面上還有一張白紙和一張折疊的餐巾紙。

2. 一塊巧克力蛋糕，表面有斑點，呈深棕色，放在白色盤子上。蛋糕旁邊有一小塊奶油，呈白色，質地細膩。盤子放在木質桌面上，桌面上還有一張白紙和一張折疊的餐巾紙。

3. 一塊巧克力蛋糕，表面有斑點，呈深棕色，放在白色盤子上。蛋糕旁邊有一小塊奶油，呈白色，質地細膩。盤子放在木質桌面上，桌面上還有一張白紙和一張折疊的餐巾紙。盤子旁邊有一把刀叉，刀叉放在盤子的左側。"
origin_dataset/line_1524131818050.jpg,"1. 一間餐廳內，一位母親與她的嬰兒坐在餐桌旁。母親正在用筷子夾菜，嬰兒則坐在嬰兒推車旁，似乎在吃東西。桌上擺放著多樣化的餐點，包括一盤蔬菜沙拉、一盤紅燒肉、一盤白飯以及一盤湯。牆壁上掛有裝飾植物，並有餐廳的招牌燈光。餐廳內部裝潢以深色為主，燈光柔和，營造出溫馨的用餐氛圍。

2. 一位母親與她的嬰兒在餐廳用餐。母親正在用筷子夾菜，嬰兒坐在嬰兒推車旁，似乎在吃東西。桌上擺放著多樣化的餐點，包括一盤蔬菜沙拉、一盤紅燒肉、一盤白飯以及一盤湯。牆壁上掛有裝飾植物，並有餐廳的招牌燈光。餐廳內部裝潢以深色為主，燈光柔和，營造出溫馨的用餐氛圍。

3. 一位母親與她的嬰兒在餐廳用餐。母親正在用筷子夾菜，嬰兒坐在嬰兒推車旁，似乎在吃東西。桌上擺放著多樣化的餐點，包括一盤蔬菜沙拉、一盤紅燒肉、一盤白飯以及一盤湯。牆壁上掛有裝飾植物，並有餐廳的招牌燈光。餐廳內部裝潢以深色為主，燈光柔和，營造出溫馨的用餐氛圍。"
origin_dataset/20230707_190615.jpg,"1. 照片中展示了一個室內空間，天花板上懸掛著多盞紅色的燈籠，燈籠的設計風格具有中國傳統特色。燈籠下方是木質的樓梯，樓梯旁邊有紅色的橫幅，上面寫著黃色的中文字，可能是店名或標語。牆壁和樓梯的材質看起來是木質的，牆壁上還有一些現代化的燈光裝飾，營造出一種現代與傳統相結合的氛圍。

2. 照片中可以看到一個室內場景，天花板上掛滿了紅色的燈籠，這些燈籠的形狀和裝飾風格都具有中國傳統特色。燈籠下方有一個木質的樓梯，樓梯旁邊掛有紅色的橫幅，上面寫著黃色的中文字。樓梯和牆壁的材質都是木質的，牆壁上還有一些現代化的燈光裝飾，使得整個場景既傳統又現代。

3. 照片中呈現了一個室內空間，天花板上懸掛著多盞紅色的燈籠，這些燈籠的形狀和裝飾風格都具有中國傳統特色。燈籠下方有一個木質的樓梯，樓梯旁邊掛有紅色的橫幅，上面寫著黃色的中文字。樓梯和牆壁的材質都是木質的，牆壁上還有一些現代化的燈光裝飾，使得整個場景既傳統又現代。"
origin_dataset/IMG20200205201158.jpg,"1. 2020年台灣物理學會年度會議的標誌，背景為藍色，上面有白色和黃色的字體，標明會議日期為2月5日至7日，會議地點為國立屏東大學應用物理系。會議標誌上還有臺灣的標誌和物理學會的標誌。

2. 一塊大型的展板，展板上寫著2020年台灣物理學會年度會議的歡迎詞，展板的背景是藍色的，上面有白色和黃色的字體，展板上還標明了會議日期為2月5日至7日，會議地點為國立屏東大學應用物理系。展板的左上角有臺灣的標誌和物理學會的標誌。

3. 一塊大型的展板，展板上寫著2020年台灣物理學會年度會議的歡迎詞，展板的背景是藍色的，上面有白色和黃色的字體，展板上還標明了會議日期為2月5日至7日，會議地點為國立屏東大學應用物理系。展板的左上角有臺灣的標誌和物理學會的標誌。展板的右下角有國立屏東大學應用物理系的標誌。"
origin_dataset/IMG_20190827_231145_534.jpg,"1. 一隻黑色的狗站在馬路上，周圍停有幾輛機車和自行車。狗的毛色為深色，臉部有明顯的斑點，嘴巴微張，似乎在等待著什麼。馬路旁邊有幾個人影，但他們的臉部和細節不清晰。背景中可以看到一些建築物和樹木，環境看起來像是城市街道。

2. 一隻黑色的狗站在馬路上，周圍停有幾輛機車和自行車。狗的毛色為深色，臉部有明顯的斑點，嘴巴微張，似乎在等待著什麼。馬路旁邊有幾個人影，但他們的臉部和細節不清晰。背景中可以看到一些建築物和樹木，環境看起來像是城市街道。狗的姿態比較警覺，可能是在尋找食物或主人。

3. 一隻黑色的狗站在馬路上，周圍停有幾輛機車和自行車。狗的毛色為深色，臉部有明顯的斑點，嘴巴微張，似乎在等待著什麼。馬路旁邊有幾個人影，但他們的臉部和細節不清晰。背景中可以看到一些建築物和樹木，環境看起來像是城市街道。狗的姿態比較警覺，可能是在尋找食物或主人。馬路旁邊的紅色標線可能表示禁止停車或行車區域。"
origin_dataset/IMG_20180928_180328_069.jpg,"1. 這張圖片的背景是純黑色，上面有白色的文字和數字。文字是中文，內容是「有些時候不敢想那就還是別想了」，數字是「1802」，排版簡單，設計風格簡潔。

2. 圖片的背景色為深色，幾乎是黑色，上面有白色的文字和數字。文字是中文，內容是「有些時候不敢想那就還是別想了」，數字是「1802」，文字和數字的排版方式簡單明了，適合用作手機或電腦的桌布。

3. 這張圖片的背景是黑色，上面有白色的文字和數字。文字是中文，內容是「有些時候不敢想那就還是別想了」，數字是「1802」，文字和數字的排版方式簡單，適合用作手機或電腦的桌布，設計風格簡潔。"
origin_dataset/20230704_184524.jpg,"1. 天空中，雲層在夕陽的照耀下呈現出金黃色的光澤，雲朵的形狀隨風飄動，構成了一幅動態的畫面。遠處的建築物在夕陽的餘暉中顯得格外鮮明，建築的顏色在夕陽的照射下呈現出柔和的暖色調。建築的外牆上有一些綠色的植物，為建築增添了一絲綠意。

2. 夕陽西下，天空中的雲層被染成了金黃色，雲朵在微風中輕盈地飄動，構成了一幅動態的畫面。建築物在夕陽的餘暉中顯得格外鮮明，建築的顏色在夕陽的照射下呈現出柔和的暖色調。建築的外牆上有一些綠色的植物，為建築增添了一絲綠意。建築的結構看起來比較現代化，建築的門口處有一些人影，似乎在進行著某種活動。

3. 夕陽西下，天空中的雲層被染成了金黃色，雲朵在微風中輕盈地飄動，構成了一幅動態的畫面。建築物在夕陽的餘暉中顯得格外鮮明，建築的顏色在夕陽的照射下呈現出柔和的暖色調。建築的外牆上有一些綠色的植物，為建築增添了一絲綠意。建築的結構看起來比較現代化，建築的門口處有一些人影，似乎在進行著某種活動。建築的周圍有一些樹木，樹木的葉子在夕陽的照射下顯得格外鮮豔。"
origin_dataset/IMG20220316141300.jpg,"1. 一處湖泊，周圍環繞著茂密的綠樹，遠處有建築物的輪廓，天空布滿了厚重的雲層，反射在水面上，形成一種寧靜的氛圍。

2. 湖泊的水面上散落著幾塊岩石，湖邊鋪設著石頭和綠草，遠處的樹木和建築物在風中搖曳，天空的雲層厚重，給整體景色增添了一絲沉靜的感覺。

3. 湖泊周圍的環境非常優美，綠樹成蔭，遠處的建築物隱約可見，天空的雲層厚重，反射在水面上，形成一種寧靜而祥和的氛圍。"
origin_dataset/20231104_202647.jpg,"1. 一場在夜晚舉辦的戶外活動，場地被樹木環繞，樹枝垂下，形成自然的遮蔽。場地上方懸掛著一排串燈，發出溫暖的光芒，散發出浪漫的氛圍。場地中央設有一個裝飾精緻的拱門，拱門上掛滿了鮮花和綠葉，營造出溫馨的迎賓區。拱門後方有一塊寫有“Welcome to our wedding”的布幔，布幔上繪有新人的圖像。拱門兩側擺放著木製的展示櫃，櫃內陳列著相框和裝飾品。展示櫃後方有一個木製的展示台，上面擺放著相框、花瓶和蠟燭，展示台後方有一塊木製的裝飾板，上面有幾幅照片。場地內有幾位參觀者在活動區內走動，場地的氛圍溫馨而祥和。

2. 一場在夜晚舉辦的戶外婚禮活動，場地被樹木環繞，樹枝垂下，形成自然的遮蔽。場地上方懸掛著一排串燈，發出溫暖的光芒，散發出浪漫的氛圍。場地中央設有一個裝飾精緻的拱門，拱門上掛滿了鮮花和綠葉，營造出溫馨的迎賓區。拱門後方有一塊寫有“Welcome to our wedding”的布幔，布幔上繪有新人的圖像。拱門兩側擺放著木製的展示櫃，櫃內陳列著相框和裝飾品。展示櫃後方有一個木製的展示台，上面擺放著相框、花瓶和蠟燭，展示台後方有一塊木製的裝飾板，上面有幾幅照片。場地內有幾位參觀者在活動區內走動，場地的氛圍溫馨而祥和。

3. 一場在夜晚舉辦的戶外婚禮活動，場地被樹木環繞，樹枝垂下，形成自然的遮蔽。場地上方懸掛著一排串燈，發出溫暖的光芒，散發出浪漫的氛圍。場地中央設有一個裝飾精緻的拱門，拱門上掛滿了鮮花和綠葉，營造出溫馨的迎賓區。拱門後方有一塊寫有“Welcome to our wedding”的布幔，布幔上繪有新人的圖像。拱門兩側擺放著木製的展示櫃，櫃內陳列著相框和裝飾品。展示櫃後方有一個木製的展示台，上面擺放著相框、花瓶和蠟燭，展示台後方有一塊木製的裝飾板，上面有幾幅照片。場地內有幾位參觀者在活動區內走動，場地的氛圍溫馨而祥和。"
origin_dataset/IMG_0241.JPG,"1. 一羣年輕人站在一起，背景是夜晚的城市街景。他們站在一顆樹旁，樹枝延伸到畫面的上方。背景中可以看到一些建築物和一輛停在路邊的車輛。他們的服裝多樣，有穿著運動鞋、牛仔褲和夾克的，也有戴著帽子和口罩的。他們面帶微笑，似乎在慶祝或拍照留念。

2. 這張照片捕捉到了一群年輕人夜晚在城市街頭的歡樂時刻。他們站在一顆樹旁，樹枝在畫面的上方延伸。背景中可以看到一些建築物和一輛停在路邊的車輛。他們的服裝風格各異，有穿著運動鞋、牛仔褲和夾克的，也有戴著帽子和口罩的。他們面帶微笑，似乎在慶祝或拍照留念。

3. 一羣年輕人站在一起，背景是夜晚的城市街景。他們站在一顆樹旁，樹枝延伸到畫面的上方。背景中可以看到一些建築物和一輛停在路邊的車輛。他們的服裝多樣，有穿著運動鞋、牛仔褲和夾克的，也有戴著帽子和口罩的。他們面帶微笑，似乎在慶祝或拍照留念。"
origin_dataset/20230806_124834.jpg,"1. 一杯深色的飲料，可能是巧克力或可可飲料，裝在透明玻璃杯中，杯口有一根白色的吸管。杯子放在一個編織的墊子上，墊子放在木質桌面上。背景中可以看到一扇大窗戶，窗外有綠樹和建築物，窗簾是淺色的。窗戶旁邊有一張彩色條紋的沙發，沙發上有一個黑色的背包。

2. 這是一張展示在咖啡館內的飲料照片。飲料是深色的，可能是巧克力或可可飲料，裝在透明玻璃杯中，杯口有一根白色的吸管。杯子放在一個編織的墊子上，墊子放在木質桌面上。背景中可以看到一扇大窗戶，窗外有綠樹和建築物，窗簾是淺色的。窗戶旁邊有一張彩色條紋的沙發，沙發上有一個黑色的背包。

3. 這張照片展示了一杯深色的飲料，可能是巧克力或可可飲料，裝在透明玻璃杯中，杯口有一根白色的吸管。杯子放在一個編織的墊子上，墊子放在木質桌面上。背景中可以看到一扇大窗戶，窗外有綠樹和建築物，窗簾是淺色的。窗戶旁邊有一張彩色條紋的沙發，沙發上有一個黑色的背包。"
origin_dataset/20240613_182602.jpg,"1. 天空湛藍，雲層稀疏，幾朵蓬鬆的雲朵散落在天際，遠處建築物的屋頂和燈柱顯現，建築物的顏色為淺色調，建築物的設計風格現代，建築物的後方有綠樹成蔭，遠處山脈若隱若現。

2. 藍天白雲，天空中漂浮著幾朵蓬鬆的雲朵，遠處建築物的屋頂和燈柱顯現，建築物的顏色為淺色調，建築物的設計風格現代，建築物的後方有綠樹成蔭，遠處山脈若隱若現。

3. 天空湛藍，雲層稀疏，幾朵蓬鬆的雲朵散落在天際，遠處建築物的屋頂和燈柱顯現，建築物的顏色為淺色調，建築物的設計風格現代，建築物的後方有綠樹成蔭，遠處山脈若隱若現。"
origin_dataset/20231208_223822.jpg,"1. 夜晚的廣場上，燈光點綴著樹木和建築，人們在廣場上閒逛或進行活動。廣場的地面鋪設著磚塊，遠處可以看到一些建築物和樹木，天空中星星點點，夜空顯得格外寧靜。

2. 廣場上，燈光從建築物和樹木間透出，形成了一種溫暖的氛圍。人們在廣場上走動，有的在聊天，有的在休息，廣場上散發出一種閒適的氣息。遠處的建築物和樹木在夜色中若隱若現，天空中星星點點，夜空顯得格外寧靜。

3. 廣場上，燈光從建築物和樹木間透出，形成了一種溫暖的氛圍。人們在廣場上走動，有的在聊天，有的在休息，廣場上散發出一種閒適的氣息。遠處的建築物和樹木在夜色中若隱若現，天空中星星點點，夜空顯得格外寧靜。廣場的地面鋪設著磚塊，遠處可以看到一些建築物和樹木，燈光點綴著樹木和建築，形成了一種和諧的夜景。"
origin_dataset/IMG20211016222242.jpg,"1. 這幅畫是一幅水彩畫，畫中有一個棕色的壺，壺的顏色從深到淺漸變，壺的頂部有一個細長的口。壺的後方有一個綠色的圓形物體，可能是蘋果或梨。壺的前方有一個紅色的圓形物體，可能是番茄。壺的右側有一個綠色的圓形物體，可能是青蘋果。壺的左側有一個黃色的長條形物體，可能是黃瓜。畫的背景是淺藍色，給整幅畫增添了一種清新自然的感覺。

2. 這幅畫是一幅水彩畫，畫中有一個棕色的壺，壺的顏色從深到淺漸變，壺的頂部有一個細長的口。壺的後方有一個綠色的圓形物體，可能是蘋果或梨。壺的前方有一個紅色的圓形物體，可能是番茄。壺的右側有一個綠色的圓形物體，可能是青蘋果。壺的左側有一個黃色的長條形物體，可能是黃瓜。畫的背景是淺藍色，給整幅畫增添了一種清新自然的感覺。畫的風格簡潔，色彩柔和，表現出一種靜謐的氛圍。

3. 這幅畫是一幅水彩畫，畫中有一個棕色的壺，壺的顏色從深到淺漸變，壺的頂部有一個細長的口。壺的後方有一個綠色的圓形物體，可能是蘋果或梨。壺的前方有一個紅色的圓形物體，可能是番茄。壺的右側有一個綠色的圓形物體，可能是青蘋果。壺的左側有一個黃色的長條形物體，可能是黃瓜。畫的背景是淺藍色，給整幅畫增添了一種清新自然的感覺。畫的風格簡潔，色彩柔和，表現出一種靜謐的氛圍。整幅畫的構圖平衡，色彩搭配自然，給人一種平靜和愉悅的感覺。"
origin_dataset/20240101_170315.jpg,"1. 夕陽西下，天空被染成金黃色，雲層厚重，散發出柔和的光澤。遠處的建築物在夕陽的照耀下顯得格外鮮明，建築的屋頂和牆壁反射出夕陽的餘暉，建築的窗戶在夕陽的照射下顯得格外明亮。建築的屋頂上還裝有太陽能板，顯示出現代建築的節能特點。建築的周圍是茂密的樹木，樹木的葉子在夕陽的照耀下顯得格外鮮豔，樹木的枝葉在風中輕輕搖曳，給整體的景色增添了一絲動態美。

2. 夕陽西下，天空被染成金黃色，雲層厚重，散發出柔和的光澤。建築的屋頂和牆壁反射出夕陽的餘暉，建築的窗戶在夕陽的照射下顯得格外明亮。建築的屋頂上還裝有太陽能板，顯示出現代建築的節能特點。建築的周圍是茂密的樹木，樹木的葉子在夕陽的照耀下顯得格外鮮豔，樹木的枝葉在風中輕輕搖曳，給整體的景色增添了一絲動態美。建築的屋頂和牆壁反射出夕陽的餘暉，建築的窗戶在夕陽的照射下顯得格外明亮。建築的屋頂上還裝有太陽能板，顯示出現代建築的節能特點。建築的周圍是茂密的樹木，樹木的葉子在夕陽的照耀下顯得格外鮮豔，樹木的枝葉在風中輕輕搖曳，給整體的景色增添了一絲動態美。

3. 夕陽西下，天空被染成金黃色，雲層厚重，散發出柔和的光澤。建築的屋頂和牆壁反射出夕陽的餘暉，建築的窗戶在夕陽的照射下顯得格外明亮。建築的屋頂上還裝有太陽能板，顯示出現代建築的節能特點。建築的周圍是茂密的樹木，樹木的葉子在夕陽的照耀下顯得格外鮮豔，樹木的枝葉在風中輕輕搖曳，給整體的景色增添了一絲動態美。建築的屋頂和牆壁反射出夕陽的餘暉，建築的窗戶在夕陽的照射下顯得格外明亮。建築的屋頂上還裝有太陽能板，顯示出現代建築的節能特點。建築的周圍是茂密的樹木，樹木的葉子在夕陽的照耀下顯得格外鮮豔，樹木的枝葉在風中輕輕搖曳，給整體的景色增添了一絲動態美。"
origin_dataset/20231019_162954.jpg,"1. 藍天白雲，建築與自然的交織。建築物的玻璃幕牆反射著天空的藍色，遠處的雲朵輕盈地漂浮在空中，構成一幅動態的自然畫面。

2. 高樓林立，天空的廣闊與城市的密集形成鮮明對比。建築的邊緣被樹木的綠色點綴，增添了一絲生機，而遠處的飛機尾跡則為這幅畫面帶來了動態的元素。

3. 城市的天際線，建築與天空的交織。建築的現代設計與自然的藍天白雲形成鮮明對比，建築的玻璃幕牆反射著天空的藍色，遠處的雲朵輕盈地漂浮在空中，構成一幅動態的自然畫面。"
origin_dataset/1514728679467.jpg,"1. 一張木桌上有兩道菜，一盤是烤肉配土豆和醬汁，另一盤是蔬菜沙拉，還有一杯啤酒和一杯咖啡。桌上還有一個開瓶器和一個空杯子。

2. 桌子上擺放著兩道菜，一盤是烤肉配土豆和醬汁，另一盤是蔬菜沙拉，還有一杯啤酒和一杯咖啡。桌上還有一個開瓶器和一個空杯子。

3. 木桌上有兩道菜，一盤是烤肉配土豆和醬汁，另一盤是蔬菜沙拉，還有一杯啤酒和一杯咖啡。桌上還有一個開瓶器和一個空杯子。"
origin_dataset/IMG_20200213_084022_029.jpg,"1. 一輛紅色的奧迪車停在馬路邊，車牌號為「AYJ8779」。馬路兩旁種滿了高大的樹木，樹蔭下有幾位行人，其中一位穿著紅色外套。馬路旁邊有一個木製欄杆，欄杆下方是水泥地面。天空晴朗，陽光照射在樹葉上，形成斑斕的光影。

2. 一輛紅色的奧迪車停在馬路邊，車牌號為「AYJ8779」。馬路兩旁種滿了高大的樹木，樹蔭下有幾位行人，其中一位穿著紅色外套。馬路旁邊有一個木製欄杆，欄杆下方是水泥地面。馬路標誌清晰，顯示出「中」字，表示這是中華人民共和國的馬路。天空晴朗，陽光照射在樹葉上，形成斑斕的光影。

3. 一輛紅色的奧迪車停在馬路邊，車牌號為「AYJ8779」。馬路兩旁種滿了高大的樹木，樹蔭下有幾位行人，其中一位穿著紅色外套。馬路旁邊有一個木製欄杆，欄杆下方是水泥地面。馬路標誌清晰，顯示出「中」字，表示這是中華人民共和國的馬路。天空晴朗，陽光照射在樹葉上，形成斑斕的光影。路邊有一個燈柱，燈柱上掛著一塊標誌牌，顯示出「中」字。"
origin_dataset/20240516_184450.jpg,"1. 天空從深藍漸變至淺藍，遠處的建築物在夕陽的餘暉中顯得剪影般，燈光點綴在建築物的邊緣，形成一種靜謐而寧靜的氛圍。

2. 晚霞的餘暉在天空中散發出柔和的光澤，建築物的輪廓在這樣的光線中顯得格外鮮明，燈光點綴在建築物的邊緣，構成一幅城市日落時的靜謐畫面。

3. 夕陽的餘暉在天空中散發出柔和的光澤，建築物的輪廓在這樣的光線中顯得格外鮮明，燈光點綴在建築物的邊緣，構成一幅城市日落時的靜謐畫面。"
origin_dataset/11150465_632091760223983_3575136890666306989_n(1)(1).jpg,"1. 八個孩子在水泥地上玩耍，背景是一堵灰色的牆壁。他們似乎在進行一場遊戲，其中一個孩子站在牆壁前，其他孩子圍繞在他身邊。每個孩子都穿着不同的衣服，有的穿著長褲，有的穿著短褲，顏色從藍色到粉色不等。他們的腳上穿著不同的鞋子，有涼鞋和運動鞋。地上有一塊彩色的墊子，可能是遊戲的一部分。

2. 八個孩子在水泥地面上，牆壁後面是一堵灰色的牆。他們圍繞在一個孩子周圍，這個孩子站在牆壁前。每個孩子都穿着不同的衣服，顏色和款式各不相同。他們的腳上穿著不同的鞋子，有涼鞋和運動鞋。地上有一塊彩色的墊子，可能是他們正在玩的遊戲的一部分。

3. 八個孩子在水泥地面上，牆壁後面是一堵灰色的牆。他們圍繞在一個孩子周圍，這個孩子站在牆壁前。每個孩子都穿着不同的衣服，顏色和款式各不相同。他們的腳上穿著不同的鞋子，有涼鞋和運動鞋。地上有一塊彩色的墊子，可能是他們正在玩的遊戲的一部分。背景的牆壁看起來有些斑駁，顯示出時間的痕跡。"
origin_dataset/IMG_0241 (1).JPG,"1. 一羣年輕人站在一起，背景是夜晚的城市街景。他們站在一顆樹旁，樹枝延伸到畫面的上方。背景中可以看到一些建築物和一輛停在路邊的車輛。他們的服裝多樣，有穿著運動鞋、牛仔褲和夾克的，也有戴著帽子和口罩的。他們面帶微笑，似乎在慶祝或拍照留念。

2. 這張照片捕捉到了一群年輕人夜晚在城市街頭的歡樂時刻。他們站在一顆樹旁，樹枝在畫面的上方延伸。背景中可以看到一些建築物和一輛停在路邊的車輛。他們的服裝風格各異，有穿著運動鞋、牛仔褲和夾克的，也有戴著帽子和口罩的。他們面帶微笑，似乎在慶祝或拍照留念。

3. 一羣年輕人站在一起，背景是夜晚的城市街景。他們站在一顆樹旁，樹枝延伸到畫面的上方。背景中可以看到一些建築物和一輛停在路邊的車輛。他們的服裝多樣，有穿著運動鞋、牛仔褲和夾克的，也有戴著帽子和口罩的。他們面帶微笑，似乎在慶祝或拍照留念。"
origin_dataset/IMG_20180901_183358_972.jpg,1. 一間餐廳的門口，門上貼有漢堡的廣告，門內有小孩在等待，門外有漢堡的廣告，門上貼有漢堡的廣告，門內有小孩在等待，門外有漢堡的廣告，門上貼有漢堡的廣告，門內有小孩在等待，門外有漢堡的廣告，門上貼有漢堡的廣告，門內有小孩在等待，門外有漢堡的廣告，門上貼有漢堡的廣告，門內有小孩在等待，門外有漢堡的廣告，門上貼有漢堡的廣告，門內有小孩在等待，門外有漢堡的廣告，門上貼有漢堡的廣告，門內有小孩在等待，門外有漢堡的廣告，門上貼有漢堡的廣告，門內有小孩在等待，門外有漢堡的廣告，門上貼有漢堡的廣告，門內有小孩在等待，門外有漢堡的廣告，門上貼有漢堡的廣告，門內有小孩在等待，門外有漢堡的廣告，門上貼有漢堡的廣告，門內有小孩在等待，門外有漢堡的廣告，門上貼有漢堡的廣告，門內有小孩在等待，門外有漢堡的廣告，門上貼有漢堡的廣告，門內有小孩在等待，門外有漢堡的廣告，門上貼有漢堡的廣告，門內有小孩在等待，門外有漢堡的廣告，門上貼有漢堡的廣告，門內有小孩在等待，門外有漢堡的廣告，門上貼有漢堡的廣告，門內有小孩在等待，門外有漢堡的廣告，門上貼有漢堡的廣告，門內有小孩在等待，門外有漢堡的廣告，門上貼有漢堡的廣告，門內有小孩在等待，門外有漢堡的廣告，門上貼有漢堡的廣告，門內有小孩在等待，門外有漢堡的廣告，門上貼有漢堡的廣告，門內有小孩在等待，門外有漢堡的廣告，門上貼有漢堡的廣告，門內有小孩在等待，門外有漢堡的廣告，門上貼有漢堡的廣告，門內有小孩在等待，門外有漢堡的廣告，門上貼有漢堡的廣告，門內有小孩在等待，門外有漢堡的廣告，門上貼有漢堡的廣告，門內有小孩在等待，門外有漢堡的廣告，門上貼有漢堡的廣告，門內有小孩在等待，門外有漢堡的廣告，門上貼有漢堡的廣告，門內有小孩在等待，門外有漢堡的廣告，門上貼有漢堡的廣告，門內有小孩在等待，門外有漢堡的廣告，門上貼有漢堡的廣告，門內有小孩在等待，門外有漢堡的廣告，門上貼有漢堡的廣告，門內有小孩在等待，門外有漢堡的廣告，門上貼有漢堡的廣告，門內有小孩在等待，門外有漢堡的廣告，門上貼有漢堡的廣告，門內有小孩在等待，門外有漢堡的廣告，門上貼有漢堡的廣告，門內有小孩在等待，門外有漢堡的廣告，門上貼有漢堡的廣告，門內有小孩在等待，門外有漢堡的廣告，門上貼有漢堡的廣告，門內有小孩在等待，門外有漢堡的廣告，門上貼有漢堡的廣告，門內有小孩在等待，門外有漢堡的廣告，門上貼有漢堡的廣告，門內有小孩在等待，門外有漢堡的廣告，門上貼有漢堡的廣告，門內有小孩在等待，門外有漢堡的廣告，門上貼有漢堡的廣告，門內有小孩在等待，門外有漢堡的廣告，門上貼有漢堡的廣告，門內有小孩在等待，門外有漢堡的廣告，門上貼有漢堡的廣告，門內有小孩在等待，門外有漢堡的廣告，門上貼有漢堡的廣告，門內有小孩在等待，門外有漢堡的廣告，門上貼有漢堡
origin_dataset/11041444_632082346891591_9029786266950186140_n(1)(1).jpg,"1. 一堵牆上繪製了一幅色彩鮮豔的壁畫，畫中有一個穿著紅色長袍的人物，頭頂有一個十字架，周圍圍繞著幾個穿著不同顏色衣服的女性和兒童。背景是藍色的天空和綠色的山丘，地面上散落著一些紅色的球體。

2. 這幅壁畫位於一棟建築的牆壁上，牆壁的顏色為淺灰色，牆上繪製了一個穿著紅色長袍的人物，頭頂有一個十字架，周圍圍繞著幾個穿著不同顏色衣服的女性和兒童。背景是藍色的天空和綠色的山丘，地面上散落著一些紅色的球體。

3. 一堵牆上繪製了一幅壁畫，畫中有一個穿著紅色長袍的人物，頭頂有一個十字架，周圍圍繞著幾個穿著不同顏色衣服的女性和兒童。背景是藍色的天空和綠色的山丘，地面上散落著一些紅色的球體。這幅壁畫位於一棟建築的牆壁上，牆壁的顏色為淺灰色。"
origin_dataset/IMG_20200206_083051_329.jpg,"1. 這張照片展示了一個鐵路車站的站台，站台上方有鐵軌和電纜線，背景是晴朗的藍天。站台的建築結構由鋼筋混凝土構成，鐵軌延伸至遠處，顯示出鐵路的現代化設計。站台的地面鋪設了灰色的地磚，並設有黃色的安全標誌線。照片中還可以看到站台上的數字顯示器，顯示時間為12點。此外，照片上還標註了位置信息，顯示這是位於臺灣鐵路管理局屏東車站。

2. 這張照片捕捉到了一個鐵路車站的場景，特別是站台和鐵軌的視角。站台的建築結構由鋼筋混凝土構成，鐵軌延伸至遠處，顯示出鐵路的現代化設計。站台的地面鋪設了灰色的地磚，並設有黃色的安全標誌線。背景是晴朗的藍天，顯示出一個晴朗的天氣。照片上還標註了位置信息，顯示這是位於臺灣鐵路管理局屏東車站。

3. 這張照片展示了一個鐵路車站的站台，站台上方有鐵軌和電纜線，背景是晴朗的藍天。站台的建築結構由鋼筋混凝土構成，鐵軌延伸至遠處，顯示出鐵路的現代化設計。站台的地面鋪設了灰色的地磚，並設有黃色的安全標誌線。照片上還標註了位置信息，顯示這是位於臺灣鐵路管理局屏東車站。此外，照片上還標註了時間，顯示為12點。"
,
origin_dataset/20230730_204423.jpg,"1. 一顆明亮的月亮在夜空中閃耀，被樹葉的剪影襯托得格外突出。樹枝在月光下顯得深邃而神秘，葉子在微風中輕輕搖曳，散發出一種寧靜而祥和的氣氛。

2. 夜幕降臨，樹木的枝葉在月光的照耀下顯得格外鮮明。樹幹的輪廓在月光的照射下變得清晰，樹葉在微風中輕輕搖曳，散發出一種寧靜而祥和的氣氛。

3. 月光從樹葉間透出，樹木的枝葉在月光的照耀下顯得格外鮮明。樹幹的輪廓在月光的照射下變得清晰，樹葉在微風中輕輕搖曳，散發出一種寧靜而祥和的氣氛。"
origin_dataset/1529165016722.jpg,"1. 這張照片拍攝於一個大學畢業典禮的場景。照片中有兩位年輕人，其中一位穿著畢業袍，另一位則穿著白色T恤和綠色短褲。背景中可以看到其他穿著畢業袍的學生，他們正準備參加畢業典禮。遠處有一座三角形的建築，建築的設計獨特，頂部有一個十字架。天空晴朗，陽光明媚，整個場景充滿了慶祝的氣氛。

2. 這張照片捕捉到了一個大學畢業典禮的瞬間。前景中有兩位年輕人，一位穿著畢業袍，另一位則穿著簡單的白色T恤和綠色短褲。他們站在一條小路上，背景中可以看到其他穿著畢業袍的學生，他們正準備參加畢業典禮。遠處有一座三角形的建築，建築的設計獨特，頂部有一個十字架。建築周圍是茂密的綠樹，天空湛藍，陽光燦爛，整個場景充滿了慶祝的氣氛。

3. 這張照片展示了大學畢業典禮的場景。照片中有兩位年輕人，一位穿著畢業袍，另一位則穿著白色T恤和綠色短褲。他們站在一條小路上，背景中可以看到其他穿著畢業袍的學生，他們正準備參加畢業典禮。遠處有一座三角形的建築，建築的設計獨特，頂部有一個十字架。建築周圍是茂密的綠樹，天空湛藍，陽光燦爛，整個場景充滿了慶祝的氣氛。建築的設計與周圍的綠樹形成鮮明對比，建築頂部的十字架在陽光下閃耀，為整個場景增添了一絲宗教的氛圍。"
origin_dataset/IMG20220317145924.jpg,"1. 海浪拍打著海岸，激起白色的浪花。遠處的島嶼在霧氣中若隱若現，天空陰沉，海面波濤洶涌。

2. 黑色的沙灘上散落著幾塊石頭，海浪不斷地拍打著海岸。遠處的島嶼隱約可見，天空灰蒙蒙的，海面波濤洶涌。

3. 黑色的沙灘上散落著幾塊石頭，海浪不斷地拍打著海岸。遠處的島嶼隱約可見，天空灰蒙蒙的，海面波濤洶涌。"
origin_dataset/IMG20220315163142.jpg,"1. 這張照片展示了一片茂密的森林，樹木繁茂，綠意盎然。遠處可以看到一片寬闊的水域，可能是湖泊或海洋。天空陰沉，雲層厚重，給整體景色增添了一絲肅穆的氛圍。前景中，一些高大的草本植物和樹木的枝葉在微風中輕輕搖曳，顯得非常生動。

2. 照片中，一片茂密的森林佔據了主要視野，樹木的葉子在微風中輕輕搖曳，顯得非常生動。遠處的水域在陰沉的天空下若隱若現，給整體景色增添了一絲肅穆的氛圍。前景中的草本植物和樹木的枝葉在微風中輕輕搖曳，顯得非常生動。

3. 這張照片展示了一片茂密的森林，樹木繁茂，綠意盎然。遠處可以看到一片寬闊的水域，可能是湖泊或海洋。天空陰沉，雲層厚重，給整體景色增添了一絲肅穆的氛圍。前景中，一些高大的草本植物和樹木的枝葉在微風中輕輕搖曳，顯得非常生動。"
origin_dataset/line_1521266827478.jpg,"1. 一間服飾店內，展示櫃上擺放著多種顏色的褲子，包括藍色、紅色、灰色、橄欖綠和深藍色。櫃子上標有不同尺碼的標籤，如32、34、36、38、40等。櫃子上還貼有標籤，分別標示為「SLIM FIT STRAIGHT」和「REGULAR FIT STRAIGHT」，分別代表修身直筒型和標準直筒型褲子。

2. 服飾店內，展示櫃上陳列著多種顏色的褲子，包括藍色、紅色、灰色、橄欖綠和深藍色。櫃子上標有不同尺碼的標籤，如32、34、36、38、40等。櫃子上還貼有標籤，分別標示為「SLIM FIT STRAIGHT」和「REGULAR FIT STRAIGHT」，分別代表修身直筒型和標準直筒型褲子。

3. 服飾店內，展示櫃上陳列著多種顏色的褲子，包括藍色、紅色、灰色、橄欖綠和深藍色。櫃子上標有不同尺碼的標籤，如32、34、36、38、40等。櫃子上還貼有標籤，分別標示為「SLIM FIT STRAIGHT」和「REGULAR FIT STRAIGHT」，分別代表修身直筒型和標準直筒型褲子。"
origin_dataset/20240212_172344.jpg,"1. 天空湛藍，雲層稀疏，陽光從雲隙間透出，散發出柔和的光芒。遠處的建築物在夕陽的映照下，顯得格外靜謐。

2. 夕陽西下，天空漸漸轉為淡黃色，雲朵被染上了一層金色的光澤。建築物的屋頂在夕陽的照射下，顯得格外溫暖。

3. 天空的顏色從藍色漸變到黃色，雲層輕盈地漂浮在空中，散發出柔和的光澤。建築物的屋頂在夕陽的照射下，顯得格外溫暖。"
origin_dataset/IMG20220220161048.jpg,"1. 展覽現場展示了一幅由Paul Signac繪製的帆船圖畫，圖畫中兩艘帆船在海面上航行，背景是遠處的山丘和漸變的天空。圖畫採用了點彩技法，色彩柔和，表現出一種寧靜的海景。展覽牆上還附有相關的解說文字，解釋了這幅畫作的風格和歷史背景。

2. 展覽現場的投影屏幕上展示了兩幅由Paul Signac繪製的帆船圖畫，圖畫採用了點彩技法，色彩柔和，表現出寧靜的海景。圖畫中兩艘帆船在海面上航行，背景是遠處的山丘和漸變的天空。展覽牆上附有相關的解說文字，解釋了這幅畫作的風格和歷史背景。

3. 展覽現場的投影屏幕上展示了兩幅由Paul Signac繪製的帆船圖畫，圖畫採用了點彩技法，色彩柔和，表現出寧靜的海景。圖畫中兩艘帆船在海面上航行，背景是遠處的山丘和漸變的天空。展覽牆上附有相關的解說文字，解釋了這幅畫作的風格和歷史背景。解說文字提到，過去這幅畫作的風格曾引發爭議，但現在人們已經理解了其背後的原因，現在看起來格外動人和和諧。"
origin_dataset/20240313_125539.jpg,"1. 天空被厚重的雲層覆蓋，雲朵密布，形狀不規則，呈現出深淺不一的灰色調。陽光從雲層間透出，形成幾道光束，散發出柔和的光芒。整體氛圍略顯陰沉，但光線的穿插為這片天空增添了一絲動感。

2. 空氣中瀰漫著濃密的雲霧，雲層厚重而密集，形狀不規則，呈現出深淺不一的灰色調。陽光從雲層間透出，形成幾道光束，散發出柔和的光芒。整體氛圍略顯陰沉，但光線的穿插為這片天空增添了一絲動感。

3. 天空被厚重的雲層覆蓋，雲朵密布，形狀不規則，呈現出深淺不一的灰色調。陽光從雲層間透出，形成幾道光束，散發出柔和的光芒。整體氛圍略顯陰沉，但光線的穿插為這片天空增添了一絲動感。"
origin_dataset/1529165020535.jpg,"1. 這張照片中有兩位年輕人，一位穿著白色T恤和綠色短褲，另一位則穿著畢業袍，背景是一座三角形的建築物，建築物後方有許多穿著畢業袍的人群，天空晴朗，綠樹成蔭。

2. 這張照片捕捉到了畢業典禮的瞬間，前景中有兩位年輕人，一位穿著畢業袍，另一位則穿著便服，背景是三角形的建築物，建築物後方聚集了許多穿著畢業袍的人，天空湛藍，綠樹成蔭。

3. 這張照片展示了畢業典禮的場景，前景中有兩位年輕人，一位穿著畢業袍，另一位則穿著便服，背景是三角形的建築物，建築物後方聚集了許多穿著畢業袍的人，天空晴朗，綠樹成蔭。"
origin_dataset/1549433889665.jpg,"1. 五位成員站在一條鄉村道路上，背景是綠樹成蔭的山丘和一棟紅色的建築。他們面帶微笑，站在一起，身邊有兩隻狗。成員們的服裝風格各異，有穿牛仔褲和運動鞋的，也有穿長褲和毛衣的。他們看起來像是在享受一個愉快的時刻，可能是在鄉村地區進行一次郊遊或探訪。

2. 這張照片中有五位成員，他們站在一條鄉村道路上，背景是綠樹成蔭的山丘和一棟紅色的建築。成員們面帶微笑，站在一起，身邊有兩隻狗。他們的服裝風格各異，有穿牛仔褲和運動鞋的，也有穿長褲和毛衣的。他們看起來像是在享受一個愉快的時刻，可能是在鄉村地區進行一次郊遊或探訪。

3. 五位成員站在一條鄉村道路上，背景是綠樹成蔭的山丘和一棟紅色的建築。他們面帶微笑，站在一起，身邊有兩隻狗。他們的服裝風格各異，有穿牛仔褲和運動鞋的，也有穿長褲和毛衣的。他們看起來像是在享受一個愉快的時刻，可能是在鄉村地區進行一次郊遊或探訪。"
origin_dataset/IMG_20190318_143944_496.jpg,"1. 一隻白色的小狗正咬著一個綠色的恐龍玩具。玩具的嘴巴張開，露出白色的假牙和紅色的舌頭。小狗的嘴巴張開，似乎在咬住玩具的頭部。背景是灰色的地板，上面有幾個人的腳。

2. 一隻白色的小狗正與一個綠色的恐龍玩具互動。玩具的頭部有大大的眼睛和張開的嘴巴，露出白色的假牙。小狗的前爪緊緊地抓住玩具的頭部，似乎在咬住它。背景是室內的地板，上面有幾個人的腳。

3. 一隻白色的小狗正與一個綠色的恐龍玩具玩耍。玩具的頭部有大大的眼睛和張開的嘴巴，露出白色的假牙。小狗的嘴巴張開，似乎在咬住玩具的頭部。背景是室內的地板，上面有幾個人的腳。"
origin_dataset/IMG_20210425_153258_132.jpg,"1. 這是一間室內健身房，天花板上裝有方形的燈光，牆壁上掛有鏡子。健身房內有多種健身器材，包括重量訓練機器和跑步機。有幾個人正在使用健身器材，其中一個人正在做腿部訓練，另一个人在使用跑步機。健身房的地板是灰色的，牆壁是白色的，環境整潔明亮。

2. 健身房內設有多種健身器材，包括重量訓練機器和跑步機。牆壁上掛有鏡子，天花板上裝有方形的燈光。有幾個人正在使用健身器材，其中一個人正在做腿部訓練，另一个人在使用跑步機。健身房的環境整潔明亮，地板是灰色的，牆壁是白色的。

3. 健身房內有多種健身器材，包括重量訓練機器和跑步機。牆壁上掛有鏡子，天花板上裝有方形的燈光。有幾個人正在使用健身器材，其中一個人正在做腿部訓練，另一個人在使用跑步機。健身房的環境整潔明亮，地板是灰色的，牆壁是白色的。健身房內的燈光充足，環境整潔明亮。"
origin_dataset/20230920_193900.jpg,"1. 這間餐廳的裝潢以現代簡約風格為主，天花板上裝有幾盞明亮的燈光，牆壁上有一幅黃色漸變的裝飾畫，營造出溫馨的用餐氛圍。餐廳內有多張桌子，桌上有幾位顧客正在用餐，他們似乎在進行愉快的對話。

2. 餐廳內部裝修採用現代簡約風格，天花板上裝有幾盞燈光，牆壁上有一幅黃色漸變的裝飾畫，營造出溫馨的用餐氛圍。餐廳內有多張桌子，桌上有幾位顧客正在用餐，他們似乎在進行愉快的對話。

3. 這間餐廳的裝潢以現代簡約風格為主，天花板上裝有幾盞明亮的燈光，牆壁上有一幅黃色漸變的裝飾畫，營造出溫馨的用餐氛圍。餐廳內有多張桌子，桌上有幾位顧客正在用餐，他們似乎在進行愉快的對話。"
origin_dataset/IMG20200218145724.jpg,"1. 一處公園內，有一片綠意盎然的水域，水面上有幾條鯉魚悠然游動。周圍是茂盛的樹木和灌木，遠處是幾棟現代建築，建築的玻璃窗反射出陽光。公園內有幾位遊客在休閒地閒逛，享受著這份寧靜與自然的氛圍。

2. 水面清澈，倒映著周圍的綠樹和建築，形成了一幅美麗的鏡像。水中的鯉魚時而躍出水面，時而潛入水底，給這片水域增添了一絲生機。公園的環境非常優美，綠樹成蔭，花叢點綴，給人一種平靜而寧靜的感覺。

3. 這片公園位於城市之中，卻依然保有著自然的美。水面上的鯉魚悠然自得，周圍的綠樹和灌木為這片水域提供了豐富的生態環境。遠處的建築與近處的自然景觀形成了鮮明的對比，讓人感受到城市與自然的完美融合。公園內的遊客悠閒地享受著這份寧靜，享受著與自然的親密接觸。"
origin_dataset/20230720_191215.jpg,"1. 這間餐廳的裝潢採用傳統日式風格，牆壁和檯面均以木質材料打造，營造出溫馨的用餐氛圍。牆上掛有日文書寫的裝飾，增添了一絲文化氣息。餐廳內的燈光柔和，燈籠形吊燈散發出溫暖的光芒，營造出舒適的用餐環境。餐廳內部設有榻榻米座位區，供客人選擇不同的用餐方式。

2. 餐廳內部的裝潢採用傳統日式風格，牆壁和檯面均以木質材料打造，營造出溫馨的用餐氛圍。牆上掛有日文書寫的裝飾，增添了一絲文化氣息。餐廳內的燈光柔和，燈籠形吊燈散發出溫暖的光芒，營造出舒適的用餐環境。餐廳內部設有榻榻米座位區，供客人選擇不同的用餐方式。牆邊的木製屏風隔開了不同的用餐區，增加了私密性。

3. 這間餐廳的裝潢採用傳統日式風格，牆壁和檯面均以木質材料打造，營造出溫馨的用餐氛圍。牆上掛有日文書寫的裝飾，增添了一絲文化氣息。餐廳內的燈光柔和，燈籠形吊燈散發出溫暖的光芒，營造出舒適的用餐環境。餐廳內部設有榻榻米座位區，供客人選擇不同的用餐方式。牆邊的木製屏風隔開了不同的用餐區，增加了私密性。餐廳內的擺設簡單而精緻，桌上的餐具和酒瓶排列整齊，營造出高雅的用餐氛圍。"
origin_dataset/11133855_632076186892207_7999180660867777456_n(1)(1).jpg,"1. 五位年輕人排成一列，站在室內。他們的姿態各異，有的雙手合十，有的雙手交握，似乎在進行某種儀式或活動。背景中可以看到一扇大窗戶和一些牆上的裝飾。

2. 五位年輕人站成一排，他們的姿態各異，有的雙手合十，有的雙手交握。他們似乎在進行某種儀式或活動。背景中可以看到一扇大窗戶和一些牆上的裝飾。

3. 五位年輕人排成一列，站在室內。他們的姿態各異，有的雙手合十，有的雙手交握。背景中可以看到一扇大窗戶和一些牆上的裝飾。"
origin_dataset/IMG_E0009.JPG,"1. 一位年輕的男子站在戶外，背景是藍天和一棟高樓。他穿着深色的夾克和T恤，頭髮是黑色的，略顯凌亂。他的表情看起來很沉思，目光看向一邊。周圍的環境看起來像是城市的一角，遠處有綠色的植被。

2. 這張照片中，一位年輕的男子站在戶外，背後是藍天和一棟高樓。他穿着深色的夾克和T恤，頭髮是黑色的，散亂地垂在頭頂。他的表情看起來很沉思，目光看向一邊。周圍的環境看起來像是城市的一角，遠處有綠色的植被。

3. 一位年輕的男子站在戶外，背景是藍天和一棟高樓。他穿着深色的夾克和T恤，頭髮是黑色的，散亂地垂在頭頂。他的表情看起來很沉思，目光看向一邊。周圍的環境看起來像是城市的一角，遠處有綠色的植被。"
origin_dataset/IMG_20200928_155621_452.jpg,"1. 車內的座椅上有一個貼紙，貼紙上有一個微笑的表情圖案，圖案中有一個手指向右上方的箭頭，下方有一個大拇指的圖案，表示安全帶的使用。車內的座椅是黑色的，車窗透出一點光線，顯示出車內的環境。

2. 車內的座椅上有一個貼紙，貼紙上有一個微笑的表情圖案，圖案中有一個手指向右上方的箭頭，下方有一個大拇指的圖案，表示安全帶的使用。車內的座椅是黑色的，車窗透出一點光線，顯示出車內的環境。貼紙下方有一個藍色的方框，方框內有文字，文字內容為：「第一次搭計程車可以不用在意跳表的頻率」，下方還有三個大笑的表情圖案。

3. 車內的座椅上有一個貼紙，貼紙上有一個微笑的表情圖案，圖案中有一個手指向右上方的箭頭，下方有一個大拇指的圖案，表示安全帶的使用。車內的座椅是黑色的，車窗透出一點光線，顯示出車內的環境。貼紙下方有一個藍色的方框，方框內有文字，文字內容為：「第一次搭計程車可以不用在意跳表的頻率」，下方還有三個大笑的表情圖案。貼紙下方還有一個白色方框，方框內有文字，文字內容為：「瑞昱半導體股份有限公司」。"
origin_dataset/IMG_20180615_111033_702.jpg,"1. 一位年輕的男士，身著深色格紋西裝外套，搭配紅色領帶，內搭黑色衣物，站立於一扇裝飾有圓形圖案的門前。門後方牆壁為淺色，門邊有一束鮮花裝飾，花束由粉紅色玫瑰組成，散發出溫馨的氛圍。

2. 這張照片中，一位年輕的男士站在一扇裝飾有圓形圖案的門前。他身著深色格紋西裝外套，搭配紅色領帶，內搭黑色衣物，雙手插在褲袋中，表情嚴肅。門後方牆壁為淺色，門邊有一束鮮花裝飾，花束由粉紅色玫瑰組成，散發出溫馨的氛圍。

3. 一位年輕的男士，身著深色格紋西裝外套，搭配紅色領帶，內搭黑色衣物，雙手插在褲袋中，站立於一扇裝飾有圓形圖案的門前。門後方牆壁為淺色，門邊有一束鮮花裝飾，花束由粉紅色玫瑰組成，散發出溫馨的氛圍。"
origin_dataset/20230709_184647.jpg,"1. 天空中的雲層在夕陽的照耀下，呈現出金黃色的光澤，雲朵的形狀隨風飄動，形成一種動態的美。遠處的建築物在夕陽的餘暉中顯得格外鮮明，建築的輪廓在天空的映襯下更加突出。

2. 夕陽西下，天空中的雲層被染成了金黃色，雲朵的形狀在微風中不斷變化，形成一種動態的美。建築物的輪廓在夕陽的餘暉中顯得格外鮮明，建築的窗戶在夕陽的照耀下閃爍著微光。

3. 夕陽的餘暉灑在天空中，雲層被染成了金黃色，雲朵的形狀隨風飄動，形成一種動態的美。建築物的輪廓在夕陽的餘暉中顯得格外鮮明，建築的窗戶在夕陽的照耀下閃爍著微光。遠處的建築物在夕陽的餘暉中顯得格外鮮明，建築的輪廓在天空的映襯下更加突出。"
origin_dataset/20230805_175444.jpg,"1. 天空湛藍，雲層稀疏，幾朵蓬鬆的雲朵在天空中飄浮。樹木的葉子在微風中輕輕搖曳，樹冠在陽光下顯得鮮綠欲滴。遠處的棕櫚樹高聳入雲，樹葉在微風中輕輕擺動，給整體景色增添了一絲熱帶的氣息。

2. 天空的顏色從藍色漸變到白色，雲朵在天空中形成了一幅美麗的畫面。樹木的葉子在微風中輕輕搖曳，樹冠在陽光下顯得鮮綠欲滴。遠處的棕櫚樹高聳入雲，樹葉在微風中輕輕擺動，給整體景色增添了一絲熱帶的氣息。

3. 天空湛藍，雲層稀疏，幾朵蓬鬆的雲朵在天空中飄浮。樹木的葉子在微風中輕輕搖曳，樹冠在陽光下顯得鮮綠欲滴。遠處的棕櫚樹高聳入雲，樹葉在微風中輕輕擺動，給整體景色增添了一絲熱帶的氣息。"
origin_dataset/20240316_172738.jpg,"1. 天空湛藍，雲層稀疏，散發出輕盈的白色雲朵，散落在藍色的天幕上，形成一種寧靜的氛圍。遠處的建築物部分出現在右側，建築物的外牆為淺色，建築物的窗戶排列整齊，建築物的頂部有一個鐵梯，建築物的結構看起來堅固而現代。

2. 藍天中，雲朵輕盈地漂浮，散發出柔和的白色，與藍色的天空形成鮮明對比。建築物的頂部有一個鐵梯，建築物的外牆為淺色，窗戶排列整齊，建築物的結構堅固而現代。建築物的右側部分出現在畫面中，建築物的頂部有一個鐵梯，建築物的窗戶排列整齊，建築物的結構堅固而現代。

3. 藍天中，雲朵輕盈地漂浮，散發出柔和的白色，與藍色的天空形成鮮明對比。建築物的頂部有一個鐵梯，建築物的外牆為淺色，窗戶排列整齊，建築物的結構堅固而現代。建築物的右側部分出現在畫面中，建築物的頂部有一個鐵梯，建築物的窗戶排列整齊，建築物的結構堅固而現代。遠處的建築物部分出現在右側，建築物的外牆為淺色，建築物的窗戶排列整齊，建築物的結構堅固而現代。"
origin_dataset/IMG20220313134816.jpg,"1. 一望無際的稻田，綠意盎然，田間有灌溉的水道，遠處是連綿的山脈，天空中雲彩飄浮，構成一幅美麗的鄉村風景畫。

2. 路邊的護欄上裝飾著精美的花卉圖案，護欄後方是寬闊的稻田，稻田的另一側是高聳的山脈，天空湛藍，雲朵輕盈，遠處的建築物隱約可見。

3. 綠色的稻田延伸至遠處的山脈，天空中雲彩飄浮，護欄上裝飾著花卉圖案，護欄後方是寬闊的稻田，遠處的建築物隱約可見。"
origin_dataset/FB_IMG_1485272668261(1)(1).jpg,"1. 一隻棕白相間的柴犬，正躺在室內的地板上，頭部稍微側向一邊，閉著雙眼，顯得非常安靜和溫馴。它戴着一個綠色的項圈，項圈上有一個金屬環。背景中可以看到一扇木門和一扇玻璃門，門邊有一塊灰色的石頭。

2. 一隻柴犬正靜靜地躺在室內的水泥地面上，頭部側向一邊，閉著雙眼，顯得非常安靜和溫馴。它戴着一個綠色的項圈，項圈上有一個金屬環。背景中可以看到一扇木門和一扇玻璃門，門邊有一塊灰色的石頭。

3. 一隻棕白相間的柴犬，正躺在室內的水泥地面上，頭部側向一邊，閉著雙眼，顯得非常安靜和溫馴。它戴着一個綠色的項圈，項圈上有一個金屬環。背景中可以看到一扇木門和一扇玻璃門，門邊有一塊灰色的石頭。在柴犬的前方，有一隻人類的手，手指輕輕地伸向柴犬，似乎在與它互動。"
origin_dataset/IMG20220317121708.jpg,"1. 一對男女在公園裡散步，女子穿著長大衣，手提一個棕色的包，男子則穿著短袖上衣和長褲，兩人並肩而行，女子牽著一個藍色的行李箱。背景中有一個鐵架結構的建築物，上面掛著一塊寫有「寂寞上場了」的標語牌。公園裡有幾棵樹和一些綠色的圍欄，地面上鋪有方磚。

2. 這張照片展示了一個公園的場景，照片中有兩個人物，一男一女。女子穿著長大衣，手提一個棕色的包，男子穿著短袖上衣和長褲，兩人並肩而行，女子牽著一個藍色的行李箱。背景中有一個鐵架結構的建築物，上面掛著一塊寫有「寂寞上場了」的標語牌。公園裡有幾棵樹和一些綠色的圍欄，地面上鋪有方磚。

3. 這張照片捕捉到了一個公園的場景，照片中有兩個人物，一男一女。女子穿著長大衣，手提一個棕色的包，男子穿著短袖上衣和長褲，兩人並肩而行，女子牽著一個藍色的行李箱。背景中有一個鐵架結構的建築物，上面掛著一塊寫有「寂寞上場了」的標語牌。公園裡有幾棵樹和一些綠色的圍欄，地面上鋪有方磚。"
origin_dataset/IMG20220313112621.jpg,"1. 海邊的沙灘上，水流緩緩地流進海裡，海面波光粼粼，天空湛藍無雲，遠處的海平線與天空交織在一起，形成一幅寧靜的海景圖。

2. 沙灘上散落著幾塊岩石，海浪輕輕拍打著海岸線，沙子細膩而潔白，海風輕拂，帶來了涼爽的感覺，遠處的海天一色，構成了一幅美麗的自然風景畫。

3. 沙灘上沒有任何遊人，只有海浪輕柔地拍打著海岸線，沙灘上的沙子細膩而潔白，海風輕拂，帶來了涼爽的感覺，遠處的海天一色，構成了一幅寧靜而美麗的海景圖。"
origin_dataset/1516339480359.jpg,"1. 一臺電視機正在播放一集動畫，電視機的畫面顯示了兩個卡通角色，一個是藍色的貓型角色，另一個是戴著紅色帽子的白色貓型角色。藍色貓型角色背對著觀眾，而白色貓型角色則面向著藍色貓型角色。電視機的畫面下方有一行中文字幕，內容是「真是不好意思」。

2. 一臺電視機正在播放一集動畫，電視機的畫面顯示了兩個卡通角色，一個是藍色的貓型角色，另一個是戴著紅色帽子的白色貓型角色。藍色貓型角色背對著觀眾，而白色貓型角色則面向著藍色貓型角色。電視機的畫面下方有一行中文字幕，內容是「真是不好意思」。

3. 一臺電視機正在播放一集動畫，電視機的畫面顯示了兩個卡通角色，一個是藍色的貓型角色，另一個是戴著紅色帽子的白色貓型角色。藍色貓型角色背對著觀眾，而白色貓型角色則面向著藍色貓型角色。電視機的畫面下方有一行中文字幕，內容是「真是不好意思」。"
origin_dataset/IMG20220317155710.jpg,"1. 一列鐵軌延伸至遠方，鐵軌兩旁是茂密的綠樹和灌木叢，遠處是灰蒙蒙的天空，電線杆和電線橫跨在鐵軌上方，構成了一幅靜謐的鄉野風景畫。

2. 綠色的植物在鐵軌兩側生長，鐵軌延伸至遠方，電線杆和電線橫跨在鐵軌上方，遠處是灰蒙蒙的天空，鐵軌兩旁的植物在微風中輕輕搖曳，構成了一幅靜謐的鄉野風景畫。

3. 鐵軌兩旁是茂密的綠樹和灌木叢，遠處是灰蒙蒙的天空，電線杆和電線橫跨在鐵軌上方，鐵軌延伸至遠方，遠處的天空中沒有一絲陽光，只有電線和鐵軌構成了一幅靜謐的鄉野風景畫。"
origin_dataset/IMG_0243.JPG,"1. 一位年輕男子，頭戴深色帽子，身穿灰色長袖T恤，坐在餐桌旁，手中拿着一串用筷子串起的白色食物，另一隻手則端著一盤同樣的食物。他似乎正在享受這道菜，臉上露出開心的笑容。桌上還有其他盤子，裡面裝著不同樣式的食物，包括一些貝類。背景中可以看到其他客人，他們似乎也在享受餐點。

2. 這張照片捕捉到了一個用餐場景，一位年輕男子正坐在餐桌旁，手中拿着一串用筷子串起的白色食物，另一隻手則端著一盤同樣的食物。他看起來非常開心，臉上洋溢著笑容。桌上還有其他盤子，裡面裝著不同樣式的食物，包括一些貝類。背景中可以看到其他客人，他們似乎也在享受餐點。

3. 這張照片展示了一位年輕男子在用餐，他頭戴深色帽子，身穿灰色長袖T恤，坐在餐桌旁，手中拿着一串用筷子串起的白色食物，另一隻手則端著一盤同樣的食物。他看起來非常開心，臉上洋溢著笑容。桌上還有其他盤子，裡面裝著不同樣式的食物，包括一些貝類。背景中可以看到其他客人，他們似乎也在享受餐點。"
origin_dataset/IMG20220317144609.jpg,"1. 海邊的風景，天空陰沉，海浪輕柔拍打著海岸，遠處有幾座燈塔，近處的沙灘上沒有遊人，只見到幾隻腳印。

2. 海邊的天氣有些陰沉，海浪輕柔地拍打著海岸，遠處的燈塔在海平面上若隱若現，近處的沙灘上沒有遊人，只見到幾隻腳印。

3. 海邊的風景，天空陰沉，海浪輕柔地拍打著海岸，遠處的燈塔在海平面上若隱若現，近處的沙灘上沒有遊人，只見到幾隻腳印。"
origin_dataset/IMG20220317144621.jpg,"1. 海灘上，兩個人在沙灘上行走，遠處是波濤洶湧的海面和遠山。天空中雲層稀疏，散發出一種寧靜的氛圍。

2. 沙灘上散落著一些腳印，海浪輕撫著海岸線，遠處的山丘被綠色植被覆蓋，天空中雲彩飄浮，海面波光粼粼。

3. 一對情侶在沙灘上漫步，海浪拍打著海岸線，遠處的山丘被綠色植被覆蓋，天空中雲層稀疏，散發出一種寧靜的氛圍。"
origin_dataset/1539522427004.jpg,"1. 這張照片展示了一條崎嶇的山徑，兩旁是茂密的樹木。山徑上鋪設了鋼索欄杆，以供攀爬者使用。天空陰沉，雲層厚重，給整體環境帶來了一種肅穆的氛圍。

2. 照片中，一條蜿蜒的山徑從山腳延伸至山頂，兩側是茂密的樹木和岩石。山徑上設有鋼索欄杆，供攀爬者使用。天空陰沉，雲層厚重，山頂處隱約可見雲霧籠罩。

3. 這張照片捕捉到了一條崎嶇的山徑，兩旁是茂密的樹木和岩石。山徑上鋪設了鋼索欄杆，以供攀爬者使用。天空陰沉，雲層厚重，給整體環境帶來了一種肅穆的氛圍。"
origin_dataset/20240721_180029.jpg,"1. 白板上寫有數學公式和圖表，顯示了不同類別的分類準確率，並標註了過擬合和早期停止的概念。圖表中包含多個點，可能代表不同類別的樣本，並用箭頭指示了模型的訓練過程。

2. 白板上有一個圖表，圖表中包含多個點，可能代表不同類別的樣本，並用箭頭指示了模型的訓練過程。圖表上標註了過擬合和早期停止的概念，並寫有數學公式，顯示了不同類別的分類準確率。

3. 白板上有一個圖表，圖表中包含多個點，可能代表不同類別的樣本，並用箭頭指示了模型的訓練過程。圖表上標註了過擬合和早期停止的概念，並寫有數學公式，顯示了不同類別的分類準確率。白板上還寫有數學公式，顯示了不同類別的分類準確率。"
origin_dataset/IMG_20210521_121013_945.jpg,"1. 一盤熱騰騰的麵條，擺放在藍色花邊的盤子上，盤子的邊緣有白色的花朵裝飾。盤子放在一張木質桌面上，桌面上有自然的木紋。盤子裡的麵條是細長的，看起來是剛煮好的，表面有油光。盤子裡還有一雙黑色的筷子，筷子放在麵條上，準備使用。

2. 一盤熱騰騰的麵條，擺放在藍色花邊的盤子上，盤子的邊緣有白色的花朵裝飾。盤子裡的麵條是細長的，看起來是剛煮好的，表面有油光。盤子裡還有一雙黑色的筷子，筷子放在麵條上，準備使用。盤子放在一張木質桌面上，桌面上有自然的木紋。

3. 一盤熱騰騰的麵條，擺放在藍色花邊的盤子上，盤子的邊緣有白色的花朵裝飾。盤子裡的麵條是細長的，看起來是剛煮好的，表面有油光。盤子裡還有一雙黑色的筷子，筷子放在麵條上，準備使用。盤子放在一張木質桌面上，桌面上有自然的木紋。盤子上還有一行字，寫著「終於可以吃到正常一點的食物」。"
origin_dataset/IMG_20210801_143022_357.jpg,"1. 這張圖展示了一個電路圖，圖中包含多個電路元件，如T1、T2、T3等，以及控制信號CK1、CK2、CK3等。圖中還標註了S1、S2、S2(N-1)等控制開關，並有時序圖顯示各信號的波形變化。圖右側的時序圖顯示了CK4信號從高到低的變化過程，並指出S1在CK4信號變為低電平時會輸出低電平。

2. 圖中電路圖的左側部分，顯示了T1、T2、T3等元件的連接方式，以及控制信號CK1、CK2、CK3的輸入端。右側的時序圖則展示了這些控制信號的波形變化，並標註了S1、S2、S2(N-1)等控制開關的動作時刻。時序圖中，當CK4信號變為低電平時，S1會輸出低電平。

3. 圖中電路圖的左側部分，展示了T1、T2、T3等元件的連接方式，以及控制信號CK1、CK2、CK3的輸入端。右側的時序圖則顯示了這些控制信號的波形變化，並標註了S1、S2、S2(N-1)等控制開關的動作時刻。時序圖中，當CK4信號變為低電平時，S1會輸出低電平。此外，圖中還標註了VGH等元件，並有時序圖顯示各信號的波形變化。"
origin_dataset/1562607090206.jpg,"1. 這是一道分為兩部分的鍋物，一邊是清澈的湯底，另一邊則是濃郁的湯底。清澈的一邊有著細長的粉條和綠葉蔬菜，濃郁的一邊則有雞肉、豆腐和金針菇等食材。兩邊的湯底分別呈現出不同的色澤和口感，適合喜歡變化口味的食客。

2. 這道鍋物的設計相當獨特，將兩種不同的湯底分開，一邊是清淡的蔬菜湯，另一邊則是濃郁的雞肉湯。兩邊的湯底分別適合不同口味的食客，蔬菜湯底適合喜歡清淡口味的食客，而雞肉湯底則適合喜歡濃郁口味的食客。

3. 這道鍋物的湯底分為兩種，一邊是清澈的蔬菜湯，另一邊則是濃郁的雞肉湯。蔬菜湯底中包含粉條和綠葉蔬菜，而雞肉湯底則有雞肉、豆腐和金針菇等食材。兩邊的湯底分別呈現出不同的色澤和口感，適合喜歡變化口味的食客。"
origin_dataset/IMG_20201119_153529_551.jpg,"1. 這間咖啡館的環境設計簡潔現代，天花板上懸掛著幾根白色鐵管，形成獨特的裝飾。牆壁上掛有幾盆綠植，增添了一絲自然的氛圍。咖啡館內有幾張圓形桌子和椅子，供顧客使用。牆壁上還有一塊黑板，上面寫著一些字句。咖啡館內有幾位顧客，其中兩人坐在桌子旁邊，似乎在進行對話。咖啡館的裝修風格以工業風為主，牆壁上還有一塊磚牆，增加了空間的質感。咖啡館的燈光柔和，營造出溫馨的氛圍。

2. 這張照片展示了一間現代風格的咖啡館內部。天花板上懸掛著幾根白色鐵管，形成獨特的裝飾。牆壁上掛有幾盆綠植，增添了一絲自然的氛圍。咖啡館內有幾張圓形桌子和椅子，供顧客使用。牆壁上還有一塊黑板，上面寫著一些字句。咖啡館內有幾位顧客，其中兩人坐在桌子旁邊，似乎在進行對話。咖啡館的裝修風格以工業風為主，牆壁上還有一塊磚牆，增加了空間的質感。咖啡館的燈光柔和，營造出溫馨的氛圍。

3. 這張照片展示了一間現代風格的咖啡館內部。天花板上懸掛著幾根白色鐵管，形成獨特的裝飾。牆壁上掛有幾盆綠植，增添了一絲自然的氛圍。咖啡館內有幾張圓形桌子和椅子，供顧客使用。牆壁上還有一塊黑板，上面寫著一些字句。咖啡館內有幾位顧客，其中兩人坐在桌子旁邊，似乎在進行對話。咖啡館的裝修風格以工業風為主，牆壁上還有一塊磚牆，增加了空間的質感。咖啡館的燈光柔和，營造出溫馨的氛圍。"
origin_dataset/20240615_162927.jpg,"1. 一位年輕的男子，留著短髮，臉上帶有輕微的鬍子，上身只穿著一件深藍色的背心，露出健壯的肩膀和手臂。他站在一間浴室裡，牆壁上貼著白色的磁磚，牆邊有一扇木門，門上掛著一串小旗子，上面有聖誕樹的圖案。男子用右手舉著一部手機，似乎在自拍。

2. 這張照片展示了一位年輕的男性，他站在浴室裡，牆壁上是白色的磁磚，牆邊有一扇木門，門上掛著一串小旗子，上面有聖誕樹的圖案。男子留著短髮，臉上帶有輕微的鬍子，上身只穿著一件深藍色的背心，露出健壯的肩膀和手臂。他用右手舉著一部手機，似乎在自拍。

3. 一位年輕的男子，留著短髮，臉上帶有輕微的鬍子，上身只穿著一件深藍色的背心，露出健壯的肩膀和手臂。他站在浴室裡，牆壁上是白色的磁磚，牆邊有一扇木門，門上掛著一串小旗子，上面有聖誕樹的圖案。男子用右手舉著一部手機，似乎在自拍。"
origin_dataset/11150282_632067280226431_3504036334412356720_n (1)(1)(1).jpg,"1. 一間教室內，數位學生正在活動中。牆上掛有紅色的橫幅，上面寫著中文，內容涉及某大學的某期研習班。學生們分散在教室內，有的在活動，有的在觀看。牆壁上還貼有許多彩色的海報和圖片，內容多樣，可能是與活動相關的資訊或作品展示。

2. 教室內，一群學生正在參與活動。牆上掛有紅色的橫幅，上面寫著中文，顯示出某大學的某期研習班的相關資訊。學生們分散在教室內，有的在活動，有的在觀看。牆壁上貼有許多彩色的海報和圖片，內容豐富，可能是與活動相關的資訊或作品展示。

3. 教室內，數位學生正在活動中。牆上掛有紅色的橫幅，上面寫著中文，顯示出某大學的某期研習班的相關資訊。學生們分散在教室內，有的在活動，有的在觀看。牆壁上貼有許多彩色的海報和圖片，內容豐富，可能是與活動相關的資訊或作品展示。"
origin_dataset/IMG20220108130436.jpg,"1. 這幅畫是一幅以鉛筆繪製的肖像畫，畫中人物為一位男性，頭髮濃密且略顯凌亂，鬍子濃密，臉部表情沉穩，目光直視觀者，頸部和肩部的輪廓線條清晰，背景簡單，沒有其他細節，整體風格簡潔而真實。

2. 這幅肖像畫採用鉛筆繪製，表現出人物的面部特徵和神態，頭髮和鬍子的細節表現得非常精緻，面部輪廓線條分明，表情凝重，目光深邃，背景簡單，沒有其他雜亂的元素，整體風格簡潔而真實。

3. 這幅畫是一幅鉛筆肖像畫，畫中人物為一位男性，頭髮濃密且略顯凌亂，鬍子濃密，面部表情沉穩，目光直視觀者，頸部和肩部的輪廓線條清晰，背景簡單，沒有其他細節，整體風格簡潔而真實。"
origin_dataset/11146271_632070006892825_1208349256353032373_n(1)(1).jpg,"1. 一間教室內，數十名學生正在活動。牆壁上掛有紅色的標語，內容為「信義鄉女大第二十四期傳統技藝編練研習班」。學生們分散在教室內，有的在活動，有的在閒聊，環境看起來相當活躍。

2. 教室內，學生們圍繞在牆壁旁，牆壁上貼有標語，內容為「信義鄉女大第二十四期傳統技藝編練研習班」。學生們的動作各異，有的在走動，有的在坐著，教室內的氛圍相當熱鬧。

3. 教室內，學生們分散在空間內，牆壁上掛有標語，內容為「信義鄉女大第二十四期傳統技藝編練研習班」。學生們的動作不一，有的在活動，有的在閒聊，教室內的氛圍相當活躍。"
origin_dataset/20230820_181324.jpg,"1. 天空中出現一道美麗的彩虹，橫跨著城市建築之間，為灰暗的天空增添了一抹亮色。建築物的外牆是磚塊砌成，窗戶排列整齊，顯示出一種簡樸的都市風格。一旁的樹木枝葉繁茂，與建築形成鮮明對比。

2. 一場雨過天晴後，天空中出現了一道彩虹，橫跨在城市建築之間。建築物的外牆是磚塊砌成，窗戶排列整齊，顯示出一種簡樸的都市風格。建築旁邊的樹木枝葉繁茂，與建築形成鮮明對比。

3. 灰暗的天空中，一場雨過後，一道美麗的彩虹橫跨在城市建築之間。建築物的外牆是磚塊砌成，窗戶排列整齊，顯示出一種簡樸的都市風格。建築旁邊的樹木枝葉繁茂，與建築形成鮮明對比。"
origin_dataset/FB_IMG_1537224355264.jpg,"1. 一羣人圍坐在室內，背景牆上掛有書法字畫，牆壁為白色方磚裝飾。桌上擺放著一塊紅色的蛋糕，蛋糕上插有蠟燭。桌上還有一些水果盤和茶杯。人們面帶微笑，似乎在慶祝某個特別的場合。

2. 室內裝潢簡單，牆壁上掛有書法字畫，牆壁為白色方磚裝飾。桌上擺放著一塊紅色的蛋糕，蛋糕上插有蠟燭。桌上還有一些水果盤和茶杯。人們圍坐在桌旁，面帶微笑，似乎在慶祝某個特別的場合。

3. 室內裝潢簡單，牆壁上掛有書法字畫，牆壁為白色方磚裝飾。桌上擺放著一塊紅色的蛋糕，蛋糕上插有蠟燭。桌上還有一些水果盤和茶杯。人們圍坐在桌旁，面帶微笑，似乎在慶祝某個特別的場合。"
origin_dataset/20231019_134457.jpg,"1. 這張照片展示了一座建築物，建築物前方有茂盛的綠樹。建築物的牆壁上寫有中文標語，背景是藍天和稀疏的雲朵。建築物的設計簡單，窗戶排列整齊，建築物頂部有天線。建築物後方可以看到幾棟高樓，建築物周圍環境綠意盎然。

2. 照片中，一棟建築物位於前景，建築物前方有茂密的樹木。建築物的牆壁上刻有中文標語，建築物頂部有天線。建築物後方是藍天和稀疏的雲朵，建築物後方還可以看到幾棟高樓。建築物的設計簡單，窗戶排列整齊，建築物周圍環境綠意盎然。

3. 這張照片中，建築物位於前景，建築物前方有茂盛的樹木。建築物的牆壁上寫有中文標語，建築物頂部有天線。建築物後方是藍天和稀疏的雲朵，建築物後方還可以看到幾棟高樓。建築物的設計簡單，窗戶排列整齊，建築物周圍環境綠意盎然。"
origin_dataset/IMG20211016222136.jpg,"1. 這幅畫作採用水彩技法，畫面構成簡單，以幾塊色塊為主。上半部分以綠色為主，從淺綠到深綠，逐漸疊加，形成層次感。下半部分則以藍色為底，搭配橙色和黃色的圓形色塊，形成鮮明的對比。整體構圖簡潔，色彩鮮豔，表現出一種清新自然的氛圍。

2. 這幅水彩畫作採用幾塊色塊構成，上半部分以綠色為主，從淺綠到深綠，逐漸疊加，形成層次感。下半部分則以藍色為底，搭配橙色和黃色的圓形色塊，形成鮮明的對比。整體構圖簡潔，色彩鮮豔，表現出一種清新自然的氛圍。

3. 這幅水彩畫作採用幾塊色塊構成，上半部分以綠色為主，從淺綠到深綠，逐漸疊加，形成層次感。下半部分則以藍色為底，搭配橙色和黃色的圓形色塊，形成鮮明的對比。整體構圖簡潔，色彩鮮豔，表現出一種清新自然的氛圍。"
origin_dataset/IMG_20210512_030929_657.jpg,"1. 幸福總是在向上攀爬的過程中被發掘，而不是在抵達下一個山頂時那稍縱即逝的滿足感中。

2. 在追求目標的過程中，幸福往往被發現，而不是在達到目標時才感受到。

3. 當我們不斷向上攀登時，幸福會在過程中逐漸被發現，而不是在達到頂峰時才會感受到。"
origin_dataset/20230706_192642.jpg,"1. 夕陽西下，天空被染成一片橙紅色，樹影斑駁在地面上，遠處的建築物在落日餘暉中顯得格外靜謐。一盞街燈亮起，投射出柔和的光線，與周圍的環境形成鮮明對比。

2. 夕陽的餘暉從天際綻放，散發出溫暖的光芒，樹木的剪影在地面上投下斑駁的影子。遠處的建築物在落日的映襯下顯得格外靜謐，一盞街燈在夜幕降臨前亮起，為周圍環境增添了一絲溫馨。

3. 夕陽西下，天空被染成一片橙紅色，樹木的剪影在地面上投下斑駁的影子。遠處的建築物在落日的映襯下顯得格外靜謐，一盞街燈亮起，投射出柔和的光線，與周圍環境形成鮮明對比。"
origin_dataset/20230820_163606.jpg,"1. 海面波光粼粼，天空陰沉，遠處有建築物和橋樑構成的城市天際線。海面上有幾艘船隻，天空中雲層厚重，散發出一種沉悶的氣氛。

2. 水面反射著天空的陰沉色調，遠處的城市建築在陰天的背景下顯得有些模糊。海面上有幾艘船隻，天空中雲層厚重，散發出一種沉悶的氣氛。

3. 海面波光粼粼，天空陰沉，遠處的城市建築在陰天的背景下顯得有些模糊。海面上有幾艘船隻，天空中雲層厚重，散發出一種沉悶的氣氛。"
origin_dataset/received_1410196075747319.jpeg,"1. 這道菜是一盤炒麵，上面鋪滿了各種蔬菜和肉類。可以看到有豆芽、青菜、胡萝卜絲、肉絲和一些碎肉。炒麵的表面撒有一些黑色的調味料，可能是胡椒粉或辣椒粉。整道菜看起來色香味俱全，是一道美味的中式炒麵。

2. 這道菜是一盤炒麵，上面鋪滿了各種蔬菜和肉類。可以看到有豆芽、青菜、胡萝卜絲、肉絲和一些碎肉。炒麵的表面撒有一些黑色的調味料，可能是胡椒粉或辣椒粉。整道菜看起來色香味俱全，是一道美味的中式炒麵。這道菜的調味料豐富，蔬菜和肉類的搭配使得整道菜的口感非常豐富。

3. 這道菜是一盤炒麵，上面鋪滿了各種蔬菜和肉類。可以看到有豆芽、青菜、胡萝卜絲、肉絲和一些碎肉。炒麵的表面撒有一些黑色的調味料，可能是胡椒粉或辣椒粉。整道菜看起來色香味俱全，是一道美味的中式炒麵。這道菜的調味料豐富，蔬菜和肉類的搭配使得整道菜的口感非常豐富。這道菜的顏色非常鮮豔，豆芽的白色、青菜的綠色、胡萝卜的橙色和肉絲的紅色，使得整道菜看起來非常有視覺吸引力。"
origin_dataset/1529166179728.jpg,"1. 五位畢業生身穿學士服，頭戴學士帽，站在一座尖頂建築前合影。他們面帶笑容，舉起雙臂，表現出慶祝的喜悅。背景是藍天和綠樹，建築的玻璃窗反射出陽光，建築的尖頂設計獨特，顯得莊嚴而壯觀。

2. 這張照片捕捉了五位畢業生在畢業典禮後的歡樂時刻。他們站在一座現代建築前，建築的玻璃窗和尖頂設計引人注目。畢業生們身穿學士服，頭戴學士帽，面帶笑容，舉起雙臂，表現出慶祝的熱情。背景是晴朗的藍天和茂盛的綠樹，增添了整體的喜悅氛圍。

3. 五位畢業生在畢業典禮後合影，他們站在一座現代建築前，建築的玻璃窗和尖頂設計顯得格外引人注目。畢業生們身穿學士服，頭戴學士帽，面帶笑容，舉起雙臂，表現出慶祝的熱情。背景是晴朗的藍天和茂盛的綠樹，建築的設計和背景的自然景觀共同營造出一種莊嚴而歡樂的氛圍。"
origin_dataset/1516339643989.jpg,"1. 一隻穿著綠色恐龍造型雨衣的狗，站在室內的地板上。背景中可以看到一排冷藏櫃，櫃子上擺放著各種罐裝食品。地板是淺色的，看起來像是瓷磚地板。狗的毛色是棕色，雨衣上有尖尖的裝飾，看起來很可愛。

2. 一隻穿著綠色恐龍造型雨衣的狗，站在室內的地板上。背景中可以看到一排冷藏櫃，櫃子上擺放著各種罐裝食品。地板是淺色的，看起來像是瓷磚地板。狗的毛色是棕色，雨衣上有尖尖的裝飾，看起來很可愛。狗的姿態很安靜，似乎在等待什麼。

3. 一隻穿著綠色恐龍造型雨衣的狗，站在室內的地板上。背景中可以看到一排冷藏櫃，櫃子上擺放著各種罐裝食品。地板是淺色的，看起來像是瓷磚地板。狗的毛色是棕色，雨衣上有尖尖的裝飾，看起來很可愛。狗的姿態很安靜，似乎在等待什麼。這張照片的時間標籤顯示為35分鐘前。"
origin_dataset/IMG20220313132650.jpg,"1. 一片廣闊的稻田，綠意盎然，田間設有鐵欄杆，保護稻田不受侵擾。遠處是連綿的山脈，山頂被雲霧籠罩，天空則是灰蒙蒙的，似乎即將下雨。

2. 一望無際的稻田，田埂上設有鐵欄杆，欄杆後方是茂盛的稻苗。遠處的山脈在雲霧中若隱若現，天空布滿了厚重的雲層，預示著可能的降雨。

3. 綠意盎然的稻田，田間設有鐵欄杆，欄杆後方是茂盛的稻苗。遠處的山脈在雲霧中若隱若現，天空布滿了厚重的雲層，似乎即將下雨。"
origin_dataset/IMG20211206125445.jpg,"1. 一輛停在樹旁的車，車頂有反光的光澤。樹葉在微風中輕搖，背景是一棟建築物，建築物的牆壁上寫有「新竹市環境保護局」的標語。建築物的頂部有幾根燈柱，天空湛藍，沒有雲彩。

2. 一輛停在樹旁的車，車頂反光，樹葉在微風中輕搖。背景是一棟建築物，建築物的牆壁上寫有「新竹市環境保護局」的標語。建築物的頂部有幾根燈柱，天空湛藍，沒有雲彩。

3. 一輛停在樹旁的車，車頂反光，樹葉在微風中輕搖。背景是一棟建築物，建築物的牆壁上寫有「新竹市環境保護局」的標語。建築物的頂部有幾根燈柱，天空湛藍，沒有雲彩。"
origin_dataset/20230813_133717.jpg,"1. 一幢舊式建築物，牆面為黃色，窗戶有鐵欄杆，招牌上寫有中文，招牌顏色為黃色和紅色，背景是藍天和雲朵，電線橫跨在建築物上方。

2. 電線在建築物之間橫跨，建築物牆面為黃色，窗戶有鐵欄杆，招牌上寫有中文，招牌顏色為黃色和紅色，背景是藍天和雲朵。

3. 建築物牆面為黃色，窗戶有鐵欄杆，招牌上寫有中文，招牌顏色為黃色和紅色，背景是藍天和雲朵，電線橫跨在建築物上方。"
origin_dataset/IMG_20171118_195114_473.jpg,"1. 這是一杯紫色的飲料，裝在一個高腳玻璃杯中，杯中還有一根吸管。杯子放在一個白色的桌面上，桌面上還有一些其他物品，包括一支筆和一張紙。背景中可以看到一個人的手，他似乎正在使用手機。

2. 這張照片展示了一杯紫色的飲料，放在一個高腳玻璃杯中。杯子放在一個白色的桌面上，桌面上還有一些其他物品，包括一支筆和一張紙。背景中可以看到一個人的手，他似乎正在使用手機。這杯飲料的顏色非常鮮豔，可能是由水果汁或果凍調製而成。

3. 這張照片中有一杯紫色的飲料，裝在一個高腳玻璃杯中，杯中還有一根吸管。杯子放在一個白色的桌面上，桌面上還有一些其他物品，包括一支筆和一張紙。背景中可以看到一個人的手，他似乎正在使用手機。這杯飲料的顏色非常鮮豔，可能是由水果汁或果凍調製而成。"
origin_dataset/IMG_20211223_025059_865.jpg,"1. 這是一本中文書籍的內頁，內容涉及對生命意義的探討。文字描述了對生命意義的深刻理解，以及如何在生命旅程中尋找意義。書中提到，生命意義不僅僅是追求快樂，更重要的是追求意義。這段文字強調了自我實現的重要性，以及在追求目標的過程中，如何克服困難和痛苦，最終獲得滿足和快樂。

2. 這本書的內容深入探討了生命意義的層次，從簡單的快樂到更深刻的意義。作者認為，生命不僅是追求快樂的過程，更重要的是在追求目標的過程中，如何克服困難和痛苦，最終獲得滿足和快樂。這段文字強調了自我實現的重要性，以及在生命旅程中尋找意義的過程。

3. 這本書的內容深入探討了生命意義的層次，從簡單的快樂到更深刻的意義。作者認為，生命不僅是追求快樂的過程，更重要的是在追求目標的過程中，如何克服困難和痛苦，最終獲得滿足和快樂。這段文字強調了自我實現的重要性，以及在生命旅程中尋找意義的過程。書中提到，生命意義不僅僅是追求快樂，更重要的是追求意義。"
origin_dataset/IMG20220415144451.jpg,"1. 這張照片顯示一個人的下半身，他穿着白色襯衫、深藍色長褲和黑色皮鞋。他的手腕上戴著一隻黑色錶帶的手錶。背景是灰色的方磚地板。

2. 這張照片中，一個人的右腳和右臂部分出現在畫面中。他穿著白色襯衫、深藍色長褲和黑色皮鞋，手腕上戴著一隻黑色錶帶的手錶。地面是灰色的方磚。

3. 這張照片捕捉到一個人的下半身，他穿著白色襯衫、深藍色長褲和黑色皮鞋。他的手腕上戴著一隻黑色錶帶的手錶。背景是灰色的方磚地板，地面上有一個模糊的黑色痕跡。"
origin_dataset/IMG_20210704_010317_805.jpg,"1. 一張照片中，有一碗麵條，碗裡的麵條看起來是乾麵，碗邊放著一雙筷子，碗的顏色是深色的，背景是木質的桌面。碗的前面有一個數字顯示器，顯示的數字是「0102」，下面有一個標籤，上面寫著「值得紀念的一天」，並有一個微笑的表情符號。

2. 這張照片展示了一碗乾麵，碗是深色的，裡面的麵條是乾的，碗邊放著一雙筷子，背景是木質的桌面。在碗的前面，有一個數字顯示器，顯示的數字是「0102」，下面有一個標籤，上面寫著「值得紀念的一天」，並有一個微笑的表情符號。

3. 一張照片中，有一碗乾麵，碗是深色的，裡面的麵條是乾的，碗邊放著一雙筷子，背景是木質的桌面。在碗的前面，有一個數字顯示器，顯示的數字是「0102」，下面有一個標籤，上面寫著「值得紀念的一天」，並有一個微笑的表情符號。"
origin_dataset/20240208_214138.jpg,"1. 這是一間書店內部的圖片，書架上擺放著許多書籍。書架的標籤上寫著「中文學習」，顯示這邊的書籍主要是關於中文學習的。書籍的封面顏色多樣，有紅色、藍色、綠色等，書籍的排列整齊，書店的環境看起來很寬敞明亮。

2. 圖片中可以看到書店的內部裝潢，書架由木頭製成，看起來質感溫暖。書架上擺放著許多中文學習的書籍，書籍的封面顏色豐富，有紅色、藍色、綠色等。書店的環境整潔明亮，書架之間的空間寬敞，讓人感覺舒適。

3. 這張圖片展示了一間書店的內部，書架上擺放著許多中文學習的書籍。書籍的封面顏色多樣，書店的環境寬敞明亮，書架之間的空間寬敞，讓人感覺舒適。書店的裝潢以木頭為主，看起來質感溫暖。書店的環境整潔明亮，書架之間的空間寬敞，讓人感覺舒適。"
origin_dataset/1528036889155.jpg,"1. 三位年輕人坐在電影院的座位上，背景是昏暗的燈光和空蕩蕩的座位。他們面帶微笑，似乎在享受共同的時光。其中一位穿著白色T恤，戴著眼鏡，另一個穿著藍色T恤，最後一位穿著黑色上衣，頭戴黑色帽子。他們看起來很開心，可能是在觀賞電影或參加活動。

2. 這張照片捕捉到了三位年輕人在一起的瞬間，他們坐在電影院的座位上。他們的臉上洋溢著歡樂的神情，似乎在享受彼此的陪伴。背景的燈光柔和，突顯出他們的歡樂氛圍。他們的坐姿和表情都透露出一種親密和友好的感覺，可能是在觀賞一部喜劇電影或參加一個有趣的活動。

3. 這張照片展示了三位年輕人在電影院的座位上，他們面帶微笑，顯得非常開心。背景的燈光柔和，突顯出他們的歡樂氛圍。他們的坐姿和表情都透露出一種親密和友好的感覺，可能是在觀賞一部喜劇電影或參加一個有趣的活動。他們的裝束簡單，但看起來很自在，似乎在享受彼此的陪伴。"
origin_dataset/IMG20220315163009.jpg,"1. 海邊的風景，遠處的海面寬廣無垠，天空中雲層稀疏，散發出一種寧靜的氣氛。近處的樹木和草叢顯得蒼翠欲滴，與海面形成鮮明的對比。

2. 這張照片捕捉到了一個清晨或傍晚的海邊風景，天空的顏色漸變，從藍色到灰色，散發出一種平靜而深邃的感覺。海面波紋細微，遠處的島嶼隱約可見，周圍的植被茂盛。

3. 照片中，海面的藍色與天空的灰色形成鮮明對比，遠處的島嶼在海面上若隱若現。近處的植被豐富，綠葉茂盛，散發出一種自然的寧靜與平和。"
origin_dataset/received_947869005313883(1)(1).jpeg,"1. 一顆樹矗立在公園的廣場上，樹幹粗壯，樹冠茂盛，綠葉在微風中輕輕搖曳。樹下鋪有磚塊，形成一條小路，兩旁種植了綠草，散發出自然的清新氣息。遠處可以看到一些建築物，建築物後方有幾隻狗在閒逛，環境平靜祥和。

2. 公園內的樹木繁茂，樹冠遮蓋了大部分天空，只留下斑斕的光影在地面上。樹下鋪設了紅磚小路，兩旁是綠色的草地，環境清幽。遠處的建築物後方有幾隻狗在閒逛，散發出一種閒適的氛圍。

3. 公園內的樹木茂盛，樹冠遮蓋了大部分天空，只留下斑斕的光影在地面上。樹下鋪設了紅磚小路，兩旁是綠色的草地，環境清幽。遠處的建築物後方有幾隻狗在閒逛，散發出一種閒適的氛圍。"
origin_dataset/IMG_20210103_152046_254.jpg,"1. 這張照片從車內拍攝，鏡頭對準前方的馬路。馬路兩側停有幾輛車，遠處可以看到一些建築物和樹木。天空中雲層密布，但仍有陽光透出，形成光線斑斕的效果。車窗上反射出一些樹木的影像，增加了畫面的層次感。

2. 照片中，車輛停在一個寬敞的停車場，停車場內有幾輛車。遠處的建築物和樹木構成了背景，天空中雲層厚重，但仍有光線穿透雲層，形成光線斑斕的景象。車窗的反射增加了畫面的深度。

3. 這張照片從車內拍攝，鏡頭對準前方的馬路。馬路兩側停有幾輛車，遠處可以看到一些建築物和樹木。天空中雲層密布，但仍有陽光透出，形成光線斑斕的效果。車窗上反射出一些樹木的影像，增加了畫面的層次感。"
origin_dataset/20230814_170107.jpg,"1. 藍天白雲，雲朵在天空中飄浮，形狀多變，有如棉花糖般綿密。遠處的樹木在風中搖曳，樹葉在微風中輕輕搖晃，給整幅畫面增添了一絲生機。

2. 天空湛藍，雲層在藍天的映襯下顯得格外鮮明。雲朵的形狀千變萬化，有的像飛翔的鳥兒，有的像蓬鬆的棉花，散發出一種寧靜而悠遠的氣息。遠處的建築物在雲層的掩映下若隱若現，給整幅畫面增添了一絲現代感。

3. 藍天與白雲交織，構成一幅美麗的自然畫面。雲朵在天空中自由飄浮，形狀多樣，有的像蓬鬆的棉花，有的像飛翔的鳥兒。遠處的樹木在微風中搖曳，樹葉在風中輕輕搖晃，給整幅畫面增添了一絲生機。遠處的建築物在雲層的掩映下若隱若現，給整幅畫面增添了一絲現代感。"
origin_dataset/12049672_901341439956652_8965602709708319412_n(1)(1).jpg,"1. 一羣年輕人正在室內表演舞蹈，他們穿着統一的紅色圍巾和白色T恤，頭上戴著紅色的頭巾，背景是一塊寫有“KAVI AZ”的布條，布條上還繪有幾幅卡通圖案。表演者們動作同步，雙臂舉起，表情充滿活力，顯得非常熱情。

2. 在室內的舞臺上，一群年輕人正在進行舞蹈表演。他們的服裝統一，頭上戴著紅色的頭巾，脖子上圍著紅色的圍巾，雙臂舉起，動作同步，顯得非常有活力。背景是一塊寫有“KAVI AZ”的布條，布條上繪有幾幅卡通圖案，增加了表演的趣味性。

3. 一羣年輕人正在室內的舞臺上表演舞蹈。他們的服裝統一，頭上戴著紅色的頭巾，脖子上圍著紅色的圍巾，雙臂舉起，動作同步，顯得非常有活力。背景是一塊寫有“KAVI AZ”的布條，布條上繪有幾幅卡通圖案，增加了表演的趣味性。觀眾席上坐著一些觀看表演的人，他們的頭髮和服裝各不相同，但都聚精會神地觀看表演。"
origin_dataset/IMG20220311154839.jpg,"1. 這是一張展示城市公園的照片。公園內有高大的樹木，樹葉茂盛，綠意盎然。公園地面鋪設有灰色磚塊，形成整齊的步道。公園內設有幾塊石碑，上面寫有「城市光廊」的標語。公園內還有一個坐著的人，他坐在長椅上，頭戴帽子，身穿黃色上衣和深色褲子。背景中可以看到一些建築物，建築物的外牆是白色，窗戶排列整齊。公園周圍環境清幽，樹蔭斑斕，給人一種寧靜的感覺。

2. 這張照片捕捉到了一個城市公園的場景。公園內有幾棵高大的樹木，樹幹粗壯，樹冠茂密，樹葉在微風中輕輕搖曳。公園地面鋪設有灰色磚塊，形成整齊的步道，步道兩旁種植了綠色的灌木。公園內設有幾塊石碑，上面寫有「URBAN SPOTLIGHT」的標語，石碑後方有一個坐著的人，他頭戴帽子，身穿黃色上衣和深色褲子。背景中可以看到一些建築物，建築物的外牆是白色，窗戶排列整齊。公園周圍環境清幽，樹蔭斑斕，給人一種寧靜的感覺。

3. 這張照片展示了一個城市公園的場景。公園內有幾棵高大的樹木，樹幹粗壯，樹冠茂密，樹葉在微風中輕輕搖曳。公園地面鋪設有灰色磚塊，形成整齊的步道，步道兩旁種植了綠色的灌木。公園內設有幾塊石碑，上面寫有「城市光廊」的標語，石碑後方有一個坐著的人，他頭戴帽子，身穿黃色上衣和深色褲子。背景中可以看到一些建築物，建築物的外牆是白色，窗戶排列整齊。公園周圍環境清幽，樹蔭斑斕，給人一種寧靜的感覺。"
origin_dataset/20231019_163240.jpg,"1. 藍天白雲，幾朵雲朵散落在天空中，遠處幾棟現代建築矗立，玻璃幕牆反射著陽光，建築設計簡潔現代，窗戶排列整齊，建築頂部有玻璃陽台，建築外牆以藍色和白色為主調，建築後方的天空湛藍，雲朵輕盈，建築前的街道上沒有行人，整體氛圍寧靜。

2. 高樓林立，幾棟現代建築在藍天白雲的映襯下顯得格外壯觀，建築外牆以玻璃和鋼材為主，窗戶排列整齊，建築頂部有玻璃陽台，建築後方的天空湛藍，雲朵輕盈，建築前的街道上沒有行人，整體氛圍寧靜，建築設計簡潔現代，窗戶排列整齊，建築頂部有玻璃陽台，建築外牆以藍色和白色為主調。

3. 藍天白雲，幾朵雲朵散落在天空中，遠處幾棟現代建築矗立，建築外牆以藍色和白色為主調，建築設計簡潔現代，窗戶排列整齊，建築頂部有玻璃陽台，建築後方的天空湛藍，雲朵輕盈，建築前的街道上沒有行人，整體氛圍寧靜，建築設計簡潔現代，窗戶排列整齊，建築頂部有玻璃陽台，建築外牆以藍色和白色為主調。"
origin_dataset/20230712_193412.jpg,"1. 夕陽西下，天空漸漸轉為深藍，雲層被染上橙黃色的餘暉，散發出溫暖的光澤。遠處的建築群在落日餘暉中顯得格外靜謐，建築的輪廓在夕陽的映襯下顯得格外清晰。近處的建築物上，一些燈光已經亮起，為這片城市帶來了點點光亮。

2. 夕陽的餘暉從天際綻放，天空從藍色漸變至橙黃色，雲層被染上柔和的色彩。遠處的建築群在落日的餘暉中顯得格外靜謐，建築的輪廓在夕陽的映襯下顯得格外清晰。近處的建築物上，一些燈光已經亮起，為這片城市帶來了點點光亮。

3. 夕陽西下，天空漸漸轉為深藍，雲層被染上橙黃色的餘暉，散發出溫暖的光澤。遠處的建築群在落日餘暉中顯得格外靜謐，建築的輪廓在夕陽的映襯下顯得格外清晰。近處的建築物上，一些燈光已經亮起，為這片城市帶來了點點光亮。"
origin_dataset/11013215_632066320226527_8668100809442272402_n(1)(1).jpg,"1. 一羣學生圍繞在教室裡的桌子旁，似乎在進行討論或合作活動。牆上掛有紅色的標語，內容涉及傳統技藝的研習。教室內有吊扇和多扇窗戶，燈光明亮，環境整潔。

2. 教室內，一群學生圍坐在桌子旁，似乎在進行一項活動。牆上掛有標語，內容提到傳統技藝的研習。教室內有吊扇和多扇窗戶，燈光明亮，環境整潔。

3. 教室內，一群學生圍坐在桌子旁，似乎在進行討論或合作活動。牆上掛有標語，內容涉及傳統技藝的研習。教室內有吊扇和多扇窗戶，燈光明亮，環境整潔。"
origin_dataset/11133649_632060490227110_2179381470902027223_n(1)(1).jpg,"1. 五位年輕人坐在室內的椅子上，似乎在進行一場討論或會議。他們面帶微笑，表情自然，顯得相當開朗。背景中可以看到牆上掛有標語，牆壁上還有一些裝飾品，顯示出這是一個正式的會議場所。窗戶旁邊有幾張紙張，可能是會議的資料或通知。

2. 五位年輕人坐在室內的椅子上，他們的姿態各異，有的雙手交疊，有的雙手放在膝蓋上，還有的雙手放在腿上。他們的臉上都帶有微笑，顯得相當開朗。背景中可以看到牆上掛有標語，牆壁上還有一些裝飾品，顯示出這是一個正式的會議場所。窗戶旁邊有幾張紙張，可能是會議的資料或通知。

3. 五位年輕人坐在室內的椅子上，他們的姿態各異，有的雙手交疊，有的雙手放在膝蓋上，還有的雙手放在腿上。他們的臉上都帶有微笑，顯得相當開朗。背景中可以看到牆上掛有標語，牆壁上還有一些裝飾品，顯示出這是一個正式的會議場所。窗戶旁邊有幾張紙張，可能是會議的資料或通知。"
origin_dataset/20240129_152345.jpg,"1. 這張照片展示了一片綠意盎然的農田，田間種植著各種作物，遠處是茂密的樹木和高聳的山峰。天空湛藍，雲朵稀疏，陽光普照，景色宜人。

2. 照片中，農田的邊緣有一排白色的圍欄，圍欄後方種植著高大的草本植物。背景中，遠處的城市建築與山脈相接，構成了一幅自然與城市交織的美麗畫面。

3. 這張照片捕捉到了農田的全景，田間的作物在陽光下顯得格外鮮豔。遠處的山脈和城市建築在藍天的襯托下，顯得格外壯觀。照片中還可以看到一些樹木和灌木，增添了自然的氛圍。"
origin_dataset/IMG20200328135705.jpg,"1. 這張照片展示了一個綠意盎然的公園景觀，樹木茂盛，綠葉成蔭。遠處可以看到一些建築物，可能是公園周圍的建築。公園內有階梯和小路，供遊人行走。整體環境清幽，適合休閒和散心。

2. 照片中，樹木的枝葉錯綜複雜，形成了一個自然的框架。樹葉在微風中輕輕搖曳，散發出一種寧靜的氣氛。遠處的建築物與綠色植物形成鮮明對比，突顯了自然與城市的融合。

3. 這張照片捕捉到了一個自然與建築交織的場景。近處的樹木枝繁葉茂，綠意盎然，遠處的建築物則透露出現代城市的氣息。階梯和小路穿插其中，為遊人提供了探索的路徑。整體來說，這是一個適合放鬆和欣賞自然美景的地方。"
origin_dataset/20240602_165729.jpg,"1. 這是一本關於專案管理的書籍，專注於前推法的應用。書中詳細介紹了前推法的步驟和方法，並提供了圖表和流程圖，用以幫助讀者理解如何應用前推法來管理專案。書中還包含了一些實例和案例分析，用以說明前推法在實際工作中的應用。

2. 這本書的內容涵蓋了專案管理的前推法，包括步驟、方法和實例分析。書中提供了圖表和流程圖，用以幫助讀者理解前推法的應用。此外，書中還介紹了如何在專案管理過程中，利用前推法來確保專案順利完成，並確保所有相關資源得到充分利用。

3. 這是一本關於專案管理的書籍，專注於前推法的應用。書中詳細介紹了前推法的步驟和方法，並提供了圖表和流程圖，用以幫助讀者理解如何應用前推法來管理專案。書中還包含了一些實例和案例分析，用以說明前推法在實際工作中的應用。書中還介紹了如何在專案管理過程中，利用前推法來確保專案順利完成，並確保所有相關資源得到充分利用。"
origin_dataset/IMG20220220144750.jpg,"1. 一張裝飾畫，畫框為深色木質，畫面中央有一座綠色的橋樑，橋樑兩側是茂盛的綠色植物，橋下有幾株蕨類植物。背景是紫色的垂吊花，花葉交錯，構成一幅美麗的自然風景畫。

2. 這幅畫作採用深色木質畫框，畫面中央有一座綠色的橋樑，橋樑兩側是茂盛的綠色植物，橋下有幾株蕨類植物。背景是紫色的垂吊花，花葉交錯，構成一幅美麗的自然風景畫。

3. 這幅畫作採用深色木質畫框，畫面中央有一座綠色的橋樑，橋樑兩側是茂盛的綠色植物，橋下有幾株蕨類植物。背景是紫色的垂吊花，花葉交錯，構成一幅美麗的自然風景畫。"
origin_dataset/IMG_20180815_132759_105.jpg,"1. 這幅圖畫展示了一座尖頂教堂，教堂的尖頂上有一個十字架。教堂的建築風格獨特，牆壁和屋頂都呈現出三角形的結構。教堂前方有幾位穿着厚重衣服的人，似乎在進行某種活動或儀式。背景中可以看到一些樹木，顯示出教堂位於一個開闊的場地。

2. 畫面中有一座設計獨特的教堂，教堂的尖頂上裝飾著一個十字架。教堂的建築風格具有現代感，牆壁和屋頂都採用了三角形的設計。教堂前方有幾位穿著厚重衣服的人，他們似乎在進行某種儀式或活動。背景中可以看到一些樹木，顯示出教堂位於一個開闊的場地。

3. 這幅圖畫中有一座尖頂教堂，教堂的尖頂上裝飾著一個十字架。教堂的建築風格獨特，牆壁和屋頂都呈現出三角形的結構。教堂前方有幾位穿著厚重衣服的人，他們似乎在進行某種儀式或活動。背景中可以看到一些樹木，顯示出教堂位於一個開闊的場地。"
origin_dataset/IMG20220425151640.jpg,"1. 這是一張鐵路車站的照片，顯示了站台和鐵軌。站台上鋪有水泥地面，兩側設有黃色邊緣的欄杆。鐵軌兩旁有電纜線和電力設備，上方有藍色的標誌牌，上面寫有站名和方向指示。背景中可以看到一些建築物和綠樹，天空晴朗，有幾朵雲彩。

2. 照片中展示了一個鐵路車站的站台，站台長度較長，兩側設有鐵軌。站台地面鋪有水泥，邊緣有黃色的防護欄杆。鐵軌兩旁有電纜線和電力設備，上方掛有藍色的標誌牌，上面寫有站名和方向指示。背景中可以看到一些建築物和綠樹，天空晴朗，有幾朵雲彩。

3. 這張照片捕捉到了一個鐵路車站的站台，站台長度較長，兩側設有鐵軌。站台地面鋪有水泥，邊緣有黃色的防護欄杆。鐵軌兩旁有電纜線和電力設備，上方掛有藍色的標誌牌，上面寫有站名和方向指示。背景中可以看到一些建築物和綠樹，天空晴朗，有幾朵雲彩。"
origin_dataset/20230806_165857.jpg,"1. 這是一張城市公園的照片，公園內有茂密的綠樹和整齊的草坪。公園的邊緣鋪設了方磚步道，步道旁邊種植了綠色的灌木。遠處可以看到一些建築物，建築物的外牆顏色多樣，有白色、灰色和紅色等。天空是灰白色的，顯示出陰天的天氣。

2. 圖片展示了一個城市公園的場景，公園內有高大的樹木和茂盛的綠草。公園的邊緣鋪設了方磚步道，步道兩側種植了綠色的灌木。遠處可以看到一些建築物，建築物的外牆顏色多樣，有白色、灰色和紅色等。天空是灰白色的，顯示出陰天的天氣。

3. 這張照片捕捉到了一個城市公園的場景，公園內有茂密的樹木和整齊的草坪。公園的邊緣鋪設了方磚步道，步道兩側種植了綠色的灌木。遠處可以看到一些建築物，建築物的外牆顏色多樣，有白色、灰色和紅色等。天空是灰白色的，顯示出陰天的天氣。"
origin_dataset/20240413_171802.jpg,"1. 一處城市街景，太陽從建築物之間的空隙中照射出來，天空呈黃色，地面上的交通燈顯示紅燈，建築物的外牆有許多窗戶，街道兩旁有樹木和招牌。

2. 城市街景中，太陽從建築物之間照射出來，天空呈黃色，地面上的交通燈顯示紅燈，建築物的外牆有許多窗戶，街道兩旁有樹木和招牌，建築物的頂部有許多天線。

3. 城市街景，太陽從建築物之間照射出來，天空呈黃色，地面上的交通燈顯示紅燈，建築物的外牆有許多窗戶，街道兩旁有樹木和招牌，建築物的頂部有許多天線，招牌上寫有中文。"
origin_dataset/1510931347355.jpg,"1. 一臺電視機正在播放動畫，屏幕上顯示了兩個卡通角色，一個是藍色的貓型機器人，另一個是戴著紅色帽子的白色貓型角色。背景是一個室內的場景，有書架和一扇門。電視機的右上角顯示了頻道和節目信息。

2. 一臺電視機上播放著一集動畫，畫面中有一個藍色的貓型機器人和一個戴著紅色帽子的白色貓型角色。背景是一個室內環境，可以看到書架和一扇門。電視機的右上角顯示了頻道和節目信息。

3. 一臺電視機正在播放動畫，屏幕上顯示了兩個卡通角色，一個是藍色的貓型機器人，另一個是戴著紅色帽子的白色貓型角色。背景是一個室內的場景，有書架和一扇門。電視機的右上角顯示了頻道和節目信息。"
origin_dataset/IMG20220304152146.jpg,"1. 這是一條鋪設在公園中的水泥小路，兩旁種滿了高大的樹木，樹蔭斑斕地投射在路面上。路的盡頭可以看到一棟現代建築，建築外牆為白色，窗戶排列整齊。路邊的綠草修剪得整齊，散落著幾塊石頭，路燈沿著小路排列，為夜晚提供照明。

2. 這條小路兩旁的樹木茂盛，樹冠幾乎遮蓋了整條道路，只有零星的陽光透過樹葉間隙照射下來。路的盡頭有一棟建築，建築的外牆為白色，窗戶設計簡潔，建築的風格現代。路邊的綠草修剪得整齊，散落著幾塊石頭，路燈沿著小路排列，為夜晚提供照明。

3. 這是一條鋪設在公園中的水泥小路，兩旁種滿了高大的樹木，樹蔭斑斕地投射在路面上。路的盡頭可以看到一棟現代建築，建築外牆為白色，窗戶排列整齊。路邊的綠草修剪得整齊，散落著幾塊石頭，路燈沿著小路排列，為夜晚提供照明。路的兩側樹木茂盛，樹冠幾乎遮蓋了整條道路，只有零星的陽光透過樹葉間隙照射下來。"
origin_dataset/20240505_104435.jpg,"1. 這間餐廳內部裝潢現代，採用深色系的牆壁和天花板，搭配淺色的地板，營造出高雅的氛圍。餐廳內設有多個座位區，包括長椅和獨立的餐桌，提供不同的用餐選擇。餐廳的裝飾包括幾株綠植，增添了一絲自然的氣息。餐廳的設計注重舒適與現代感的結合，適合各種場合的用餐需求。

2. 餐廳內部的裝潢設計採用現代風格，牆壁和天花板以深色為主，地板則採用淺色木質材料，營造出一種高雅而現代的氛圍。餐廳內設有多個座位區，包括長椅和獨立的餐桌，提供不同的用餐選擇。餐廳的裝飾包括幾株綠植，增添了一絲自然的氣息。餐廳的設計注重舒適與現代感的結合，適合各種場合的用餐需求。

3. 這間餐廳內部裝潢現代，採用深色系的牆壁和天花板，搭配淺色的地板，營造出高雅的氛圍。餐廳內設有多個座位區，包括長椅和獨立的餐桌，提供不同的用餐選擇。餐廳的裝飾包括幾株綠植，增添了一絲自然的氣息。餐廳的設計注重舒適與現代感的結合，適合各種場合的用餐需求。"
origin_dataset/20240413_181529.jpg,"1. 一位年輕男子站在鏡子前，身穿橄欖綠色的長袖T恤，搭配灰色的短褲。他雙手交叉，右手輕輕撐在左臂上，表情平靜，目光直視鏡子。背景中可以看到浴室的牆壁和門，門上掛有幾面小旗子，牆壁上還有一個白色的吸頂燈。

2. 這張照片展示了一位年輕男子在浴室鏡前的自拍。他穿着橄欖綠色的長袖T恤和灰色的短褲，雙手交叉，右手撐在左臂上。背景中可以看到浴室的牆壁和門，門上掛有小旗子，牆壁上有一個白色的吸頂燈。男子的姿態自然，表情平靜，目光直視鏡子。

3. 一位年輕男子站在浴室鏡前，身穿橄欖綠色的長袖T恤和灰色的短褲。他雙手交叉，右手撐在左臂上，表情平靜，目光直視鏡子。背景中可以看到浴室的牆壁和門，門上掛有小旗子，牆壁上有一個白色的吸頂燈。男子的姿態自然，看起來像是在整理自己的形象。"
origin_dataset/IMG20220119015041.jpg,"1. 這張紙上有幾種不同的圖案，包括類似於時鐘的圖形，上面寫著「The Hour」。這些圖形有時針和分針，但沒有數字。此外，還有幾個簡單的圖案，如圓形和雲朵形狀。

2. 畫面中還有一些不規則的線條和圖形，這些線條看起來像是隨意畫出的，可能是用來練習筆觸或作為背景元素。這些圖案的顏色是藍色，可能是用鋼筆或簽字筆繪製的。

3. 畫面右下角有一個較大的圖案，類似於一個頭部的側面圖，上面寫著「The Hour」。這個圖案的線條較粗，可能是用來強調或作為焦點。整體來說，這張紙上的圖案看起來像是草圖或草稿，可能是某個設計或插圖的初步想法。"
origin_dataset/20230729_111913.jpg,"1. 這是一棵樹，樹冠茂盛，綠葉繁多，葉片呈橢圓形，葉緣光滑，葉脈清晰。樹幹粗壯，樹皮呈灰褐色，樹枝分叉多，葉片在陽光下閃耀著綠色的光芒。

2. 這是一棵樹，樹冠寬大，樹葉茂密，葉片呈橢圓形，葉緣光滑，葉脈清晰。樹幹粗壯，樹皮呈灰褐色，樹枝分叉多，樹冠在微風中輕輕搖曳。

3. 這是一棵樹，樹冠茂盛，樹葉繁多，葉片呈橢圓形，葉緣光滑，葉脈清晰。樹幹粗壯，樹皮呈灰褐色，樹枝分叉多，樹冠在陽光下閃耀著綠色的光芒。樹葉在微風中輕輕搖曳，給人一種寧靜而祥和的感覺。"
origin_dataset/IMG_20171118_203820_725.jpg,"1. 一張餐桌上的照片，桌面上有一個白色盤子，盤子上放著兩塊烤雞腿，表面金黃，看起來非常美味。盤子旁邊有一個叉子，叉子的尖端插入雞腿中。在盤子的後方，有一個小碗，碗裡裝著一塊巧克力蛋糕，蛋糕表面光滑，看起來非常誘人。碗的後方還有一個透明的玻璃杯，裡面裝著黃色的飲料。桌面上還有一張折疊的紙巾，紙巾上似乎寫著一些字。整個場景看起來像是在餐廳裡享用美食。

2. 一張餐桌上的照片，桌面上有一個白色盤子，盤子上放著兩塊烤雞腿，表面金黃，看起來非常美味。盤子旁邊有一個叉子，叉子的尖端插入雞腿中。在盤子的後方，有一個小碗，碗裡裝著一塊巧克力蛋糕，蛋糕表面光滑，看起來非常誘人。碗的後方還有一個透明的玻璃杯，裡面裝著黃色的飲料。桌面上還有一張折疊的紙巾，紙巾上似乎寫著一些字。整個場景看起來像是在餐廳裡享用美食。

3. 一張餐桌上的照片，桌面上有一個白色盤子，盤子上放著兩塊烤雞腿，表面金黃，看起來非常美味。盤子旁邊有一個叉子，叉子的尖端插入雞腿中。在盤子的後方，有一個小碗，碗裡裝著一塊巧克力蛋糕，蛋糕表面光滑，看起來非常誘人。碗的後方還有一個透明的玻璃杯，裡面裝著黃色的飲料。桌面上還有一張折疊的紙巾，紙巾上似乎寫著一些字。整個場景看起來像是在餐廳裡享用美食。"
origin_dataset/IMG20220305170031.jpg,"1. 這是一本中文書籍，書頁上印有繁體中文的字體。書頁的內容看起來像是文章或詩詞，文字排列成行，每行之間有適當的間距。書頁的邊緣有些泛黃，顯示出書籍的年代可能較久。書頁的紙張質地較厚，看起來比較耐用。書頁的邊緣有折痕，顯示出書籍曾經被翻閱過。

2. 這是一本中文書籍，書頁上印有繁體中文的字體。書頁的內容看起來像是文章或詩詞，文字排列成行，每行之間有適當的間距。書頁的邊緣有些泛黃，顯示出書籍的年代可能較久。書頁的紙張質地較厚，看起來比較耐用。書頁的邊緣有折痕，顯示出書籍曾經被翻閱過。書頁的紙張上還有一些小的皺紋，可能是因為書籍長期被放置在某個地方，紙張受潮或受壓造成的。

3. 這是一本中文書籍，書頁上印有繁體中文的字體。書頁的內容看起來像是文章或詩詞，文字排列成行，每行之間有適當的間距。書頁的邊緣有些泛黃，顯示出書籍的年代可能較久。書頁的紙張質地較厚，看起來比較耐用。書頁的邊緣有折痕，顯示出書籍曾經被翻閱過。書頁的紙張上還有一些小的皺紋，可能是因為書籍長期被放置在某個地方，紙張受潮或受壓造成的。書頁的紙張上還有一些小的斑點，可能是因為書籍在使用過程中，紙張受潮或受壓造成的。"
origin_dataset/IMG20220309152623.jpg,"1. 這兩幅畫作均採用圓形構圖，畫框為淺色木質邊框，背景為純白色。畫面中，兩幅圖案均以相同的卡通人物為主題，人物頭戴尖帽，身穿白色上衣和藍色短褲，雙手舉起，表情歡樂。左側的圖案背景為綠色草地，右側的圖案背景為粉紅色地面，並有彩色的三角形旗幟裝飾。整體風格童趣可愛，色彩鮮明。

2. 這兩幅作品均採用圓形構圖，畫框為淺色木質邊框，背景為純白色。左側的圖案以綠色草地為背景，右側的圖案以粉紅色地面為背景，兩者均飾有彩色的三角形旗幟。畫中人物頭戴尖帽，身穿白色上衣和藍色短褲，雙手舉起，表情歡樂。整體風格童趣可愛，色彩鮮明，表現出歡樂的氛圍。

3. 這兩幅畫作均採用圓形構圖，畫框為淺色木質邊框，背景為純白色。左側的圖案以綠色草地為背景，右側的圖案以粉紅色地面為背景，兩者均飾有彩色的三角形旗幟。畫中人物頭戴尖帽，身穿白色上衣和藍色短褲，雙手舉起，表情歡樂。整體風格童趣可愛，色彩鮮明，表現出歡樂的氛圍。"
origin_dataset/IMG20220317121721.jpg,"1. 一張照片中，一位穿著藍色長裙的女性正拖著一個藍色行李箱，頭戴紅色帽子，背後是綠色的圍欄和一些遊樂設施。圍欄上方掛有一塊標語牌，上面寫著中文，內容為「人生總有許多巧合，兩條平行線也可能會有交會的一天」。背景中還可以看到一些建築物和綠樹。

2. 照片展示了一個公園的場景，一位女性正拖著行李箱，準備離開。她穿著藍色長裙，頭戴紅色帽子，背後是綠色圍欄和遊樂設施。圍欄上方掛有一塊標語牌，上面寫著「人生總有許多巧合，兩條平行線也可能會有交會的一天」。背景中可以看到一些建築物和綠樹。

3. 這張照片捕捉到了一個公園的場景，一位女性正拖著行李箱，準備離開。她穿著藍色長裙，頭戴紅色帽子，背後是綠色圍欄和遊樂設施。圍欄上方掛有一塊標語牌，上面寫著「人生總有許多巧合，兩條平行線也可能會有交會的一天」。背景中還可以看到一些建築物和綠樹。"
origin_dataset/IMG_20201018_121240_758.jpg,"1. 一張紙條放在金黃色的布料上，紙條上寫著「【上上籤】小幸運UP！」以及「突然在不常穿的外套口袋翻到200元」。

2. 金黃色的布料上有一張紙條，紙條上寫著「【上上籤】小幸運UP！」以及「突然在不常穿的外套口袋翻到200元」。

3. 金黃色的布料上有一張紙條，紙條上寫著「【上上籤】小幸運UP！」以及「突然在不常穿的外套口袋翻到200元」。"
origin_dataset/IMG20220304164345.jpg,"1. 一隻棕色的狗，頭部和耳朵的毛色較深，身體的毛色較淺。它戴着一條藍色的項圈，項圈上有一條白色和藍色相間的布條。狗的尾巴短而粗，微微翹起。它坐在灰色的路面上，周圍散落著一些枯葉。

2. 一隻棕色的狗，頭部和耳朵的毛色較深，身體的毛色較淺。它戴着一條藍色的項圈，項圈上有一條白色和藍色相間的布條。狗的尾巴短而粗，微微翹起。它坐在灰色的路面上，周圍散落著一些枯葉。狗的耳朵直立，眼睛看向一邊，顯得非常警覺。

3. 一隻棕色的狗，頭部和耳朵的毛色較深，身體的毛色較淺。它戴着一條藍色的項圈，項圈上有一條白色和藍色相間的布條。狗的尾巴短而粗，微微翹起。它坐在灰色的路面上，周圍散落著一些枯葉。狗的耳朵直立，眼睛看向一邊，顯得非常警覺。狗的腳掌緊貼地面，顯得非常穩定。"
origin_dataset/received_947869508647166(1)(1).jpeg,"1. 一株開滿粉紅色花朵的樹，樹枝輕盈地垂下，花朵在微風中輕輕搖曳。樹下是一片綠色的草地，草地上散落著幾塊石頭。背景中可以看到一堵紅磚牆，牆後是一片茂密的樹叢，樹叢後方隱約可見一些建築物。

2. 粉紅色的花朵在樹枝上綻放，花朵的顏色鮮豔，與綠色的樹葉形成鮮明對比。樹下是綠色的草地，草地上散落著幾塊石頭，石頭的形狀不一，大小不等。背景中有一堵紅磚牆，牆後是茂密的樹叢，樹叢後方隱約可見一些建築物。

3. 一株開滿粉紅色花朵的樹，樹枝輕盈地垂下，花朵在微風中輕輕搖曳。樹下是一片綠色的草地，草地上散落著幾塊石頭。背景中可以看到一堵紅磚牆，牆後是一片茂密的樹叢，樹叢後方隱約可見一些建築物。"
origin_dataset/1528557866328.jpg,"1. 三個人站在戶外，背景是建築物和樹木。中間的人穿着學士服，手持花束，兩旁是穿著便服的成年人。背景中可以看到其他人在活動，有穿著畢業服的人和攜帶物品的人。建築物上有中文標語，顯示可能是畢業典禮的場景。

2. 這張照片捕捉了畢業典禮的瞬間。中間的畢業生手持花束，兩旁是家長或老師。背景中可以看到其他畢業生和參加者，顯示出歡樂和慶祝的氛圍。建築物的標語顯示這是一個正式的畢業典禮活動。

3. 這張照片展示了畢業典禮的場景。中間的畢業生身著學士服，手持花束，兩旁是穿著便服的成年人。背景中可以看到其他畢業生和參加者，建築物上有中文標語，顯示這是一個正式的畢業典禮活動。背景中的樹木和建築物顯示出戶外的環境。"
origin_dataset/20230814_171635.jpg,"1. 天空中有大片的雲彩，陽光從雲隙中透出，照耀在樹葉上，樹葉在微風中輕輕搖曳。遠處可以看到一棟建築物，建築物的窗戶反射出陽光，建築物的牆壁是淺色的，窗戶是深色的。建築物的前面有一排樹木，樹木的枝葉茂盛，綠意盎然。

2. 空氣中瀰漫著樹葉的清香，陽光從樹葉間隙中透出，形成斑斕的光影。遠處的建築物在陽光下顯得格外明亮，建築物的窗戶反射出陽光，建築物的牆壁是淺色的，窗戶是深色的。建築物的前面有一排樹木，樹木的枝葉茂盛，綠意盎然。

3. 天空中的雲彩在微風中輕輕搖曳，陽光從雲隙中透出，照耀在樹葉上，樹葉在微風中輕輕搖曳。遠處的建築物在陽光下顯得格外明亮，建築物的窗戶反射出陽光，建築物的牆壁是淺色的，窗戶是深色的。建築物的前面有一排樹木，樹木的枝葉茂盛，綠意盎然。"
origin_dataset/IMG20220315164821.jpg,"1. 這張照片展示了一片廣闊的海景，遠處有幾座小島，天空中雲層稀疏，散發出柔和的光澤。前景中可以看到一些建築物和綠色植被，欄杆和樹木構成了一個自然與人工景觀的交匯點。

2. 照片中，海面波光粼粼，反射出天空的藍色和雲朵的白色。遠處的小島上似乎有建築物，而近處則是綠色的植被和一些建築結構。欄杆和樹木在前景中顯得格外突出，為整體景觀增添了層次感。

3. 這張照片捕捉到了一個海濱景觀，海面寬廣，遠處有幾座小島。天空中雲層稀疏，散發出柔和的光澤。前景中可以看到一些建築物和綠色植被，欄杆和樹木構成了一個自然與人工景觀的交匯點。遠處的小島上似乎有建築物，而近處則是綠色的植被和一些建築結構。"
origin_dataset/IMG20220309120712.jpg,"1. 這是一幅現代建築與自然景觀結合的公園圖片。公園內有一條蜿蜒的水道，水道兩側鋪設了灰色的混凝土路面，路面上有幾處小水池，反射著天空的藍色。水道兩側種植了幾棵樹木，樹木的枝葉稀疏，顯示出初春或早秋的季節。背景中可以看到幾棟現代建築，建築外牆為白色，窗戶排列整齊。建築的設計風格簡潔現代，與公園的自然景觀形成對比。整體環境清潔，空氣清新，陽光充足，給人一種寧靜而舒適的感覺。

2. 圖片展示了一個現代風格的公園，公園內有一條清澈的水道，水道兩側鋪設了平整的混凝土路面，路面邊緣有幾處小水池，水池內的水清澈見底，倒映著天空的藍色。水道兩側種植了幾棵樹木，樹木的枝葉稀疏，顯示出初春或早秋的季節。背景中可以看到幾棟現代建築，建築外牆為白色，窗戶排列整齊。建築的設計風格簡潔現代，與公園的自然景觀形成對比。整體環境清潔，空氣清新，陽光充足，給人一種寧靜而舒適的感覺。

3. 這張圖片展示了一個現代風格的公園，公園內有一條清澈的水道，水道兩側鋪設了平整的混凝土路面，路面邊緣有幾處小水池，水池內的水清澈見底，倒映著天空的藍色。水道兩側種植了幾棵樹木，樹木的枝葉稀疏，顯示出初春或早秋的季節。背景中可以看到幾棟現代建築，建築外牆為白色，窗戶排列整齊。建築的設計風格簡潔現代，與公園的自然景觀形成對比。整體環境清潔，空氣清新，陽光充足，給人一種寧靜而舒適的感覺。"
origin_dataset/20240615_205332.jpg,"1. 這是一本由Dr. Sheheryar Bamuri所著的書，書名為《決策思維》。封面上有橙色和黑色的設計，並有一個剪影圖案，圖案中有一個人舉著旗子。封面上還標註了79折的優惠價格。書的側邊有許多文字，包括作者的簽名和一些推薦語。

2. 封面的設計以橙色為主，搭配黑色的剪影圖案，圖案中有一個人舉著旗子。書名《決策思維》以大字體顯示，並標註了79折的優惠價格。書的側邊有許多文字，包括作者的簽名和一些推薦語。

3. 這本書的封面上有橙色和黑色的設計，並有一個剪影圖案，圖案中有一個人舉著旗子。書名《決策思維》以大字體顯示，並標註了79折的優惠價格。書的側邊有許多文字，包括作者的簽名和一些推薦語。封面上還標註了79折的優惠價格。"
origin_dataset/IMG20220317143403.jpg,"1. 一位年輕男子站在海邊，腳踏在淺淺的海水中，海浪輕輕拍打著他的腳。他身穿深色外套，搭配淺色牛仔褲，頭髮短而黑，面帶微笑，背後是波濤洶湧的海面和遠處的島嶼。天空陰沉，雲層厚重，海面波光粼粼，散發出一種寧靜而略帶憂鬱的氛圍。

2. 一位年輕人站在海岸邊，腳邊是輕柔的海浪。他身著深色外套，搭配淺色牛仔褲，頭髮短而黑，面帶微笑。背景是波濤洶湧的海面和遠處的島嶼，天空陰沉，雲層厚重，海面波光粼粼，散發出一種寧靜而略帶憂鬱的氛圍。

3. 一位年輕男子站在海岸邊，腳邊是輕柔的海浪。他身著深色外套，搭配淺色牛仔褲，頭髮短而黑，面帶微笑。背景是波濤洶湧的海面和遠處的島嶼，天空陰沉，雲層厚重，海面波光粼粼，散發出一種寧靜而略帶憂鬱的氛圍。"
origin_dataset/20240517_163313.jpg,"1. 天空中有大片的雲彩，陽光從雲隙中透出，散發出柔和的光芒。遠處可以看到一些建築物，建築物的牆壁有些斑駁，窗戶排列整齊。建築物的頂部有綠色的遮陽篷，建築物旁邊有一個鐵製的圍欄，圍欄的顏色已經有些斑駁。

2. 空氣中散發出一種寧靜的氛圍，陽光從雲隙中透出，散發出柔和的光芒。遠處可以看到一些建築物，建築物的牆壁有些斑駁，窗戶排列整齊。建築物的頂部有綠色的遮陽篷，建築物旁邊有一個鐵製的圍欄，圍欄的顏色已經有些斑駁。建築物的後方還有一些綠色的植物，顯得生機勃勃。

3. 天空中有大片的雲彩，陽光從雲隙中透出，散發出柔和的光芒。遠處可以看到一些建築物，建築物的牆壁有些斑駁，窗戶排列整齊。建築物的頂部有綠色的遮陽篷，建築物旁邊有一個鐵製的圍欄，圍欄的顏色已經有些斑駁。建築物的後方還有一些綠色的植物，顯得生機勃勃。建築物的設計風格顯得有些老舊，但卻給人一種歷史的厚重感。"
origin_dataset/received_947869631980487(1)(1).jpeg,"1. 一排樹木盛開著粉紅色的花朵，樹枝輕盈地垂下，形成了一個美麗的花園拱門。樹葉間散落著花瓣，散發出淡淡的芬芳。背景中可以看到一些建築物，建築物的牆壁是磚製的，顯得古樸而莊重。整體環境靜謐而寧靜，給人一種平和的感覺。

2. 在這片綠意盎然的園林中，一排樹木的枝頭開滿了粉紅色的花朵，形成了一個美麗的花園拱門。樹葉間散落著花瓣，散發出淡淡的芬芳。遠處的建築物牆壁是磚製的，顯得古樸而莊重。整體環境靜謐而寧靜，給人一種平和的感覺。

3. 一排樹木的枝頭開滿了粉紅色的花朵，形成了一個美麗的花園拱門。樹葉間散落著花瓣，散發出淡淡的芬芳。遠處的建築物牆壁是磚製的，顯得古樸而莊重。整體環境靜謐而寧靜，給人一種平和的感覺。"
origin_dataset/IMG20220304201029.jpg,"1. 一張夜間的公園照片，路燈照亮了鋪設的石板小徑，兩旁是綠色的灌木和樹木。遠處可以看到一些建築物，燈光點綴在建築物上，營造出一種寧靜的氛圍。

2. 照片中，一排路燈在夜間的公園小徑上發出明亮的光線，小徑兩側是綠色的植物和樹木。遠處的建築物在夜色中若隱若現，燈光點綴在建築物上，營造出一種平靜的氛圍。

3. 這張照片捕捉到了一個夜間公園的場景，路燈在小徑上發出明亮的光線，兩旁是綠色的植物和樹木。遠處的建築物在夜色中若隱若現，燈光點綴在建築物上，營造出一種寧靜的氛圍。"
origin_dataset/IMG20220304163600.jpg,"1. 這座建築物為一間教堂，其設計獨特，外觀呈三角形，頂部有一個十字架。建築物的牆面由玻璃和鋼構組成，內部空間寬敞，採光良好。教堂前方有一片綠地，綠地上有幾棵樹木，環境清幽。教堂周圍有幾條道路，建築物旁邊有一條馬路，馬路邊有行道樹。

2. 這座教堂位於一個公園內，建築物的設計非常現代，三角形的外觀和玻璃牆面使其在周圍環境中顯得格外突出。教堂前方的綠地和周圍的樹木為建築物營造出一種平靜的氛圍。教堂的建築風格與周圍的自然環境相得益彰，形成了一個和諧的景觀。

3. 這座教堂位於一個公園內，建築物的設計非常獨特，三角形的外觀和玻璃牆面使其在周圍環境中顯得格外引人注目。教堂前方的綠地和周圍的樹木為建築物營造出一種平靜的氛圍。教堂的建築風格與周圍的自然環境相得益彰，形成了一個和諧的景觀。建築物旁邊有一條馬路，馬路邊有行道樹，建築物周圍環境整潔，綠化良好。"
origin_dataset/20230921_171446.jpg,"1. 夕陽西下，天空中雲層密布，陽光從雲隙間透出，染紅了天際線。遠處的山丘被綠色植被覆蓋，近處的建築物在夕陽的餘暉中顯得格外靜謐。遠方的城市天際線若隱若現，建築群在落日餘暉中顯得格外壯觀。

2. 夕陽西下，天空中雲層密布，陽光從雲隙間透出，染紅了天際線。遠處的山丘被綠色植被覆蓋，近處的建築物在夕陽的餘暉中顯得格外靜謐。遠方的城市天際線若隱若現，建築群在落日餘暉中顯得格外壯觀。

3. 夕陽西下，天空中雲層密布，陽光從雲隙間透出，染紅了天際線。遠處的山丘被綠色植被覆蓋，近處的建築物在夕陽的餘暉中顯得格外靜謐。遠方的城市天際線若隱若現，建築群在落日餘暉中顯得格外壯觀。"
origin_dataset/IMG20220314203518.jpg,"1. 一盤串燒，上面有兩串串燒，一串是蝦，另一串是蘑菇。蝦已經烤熟，呈現紅色，表面有烤痕。蘑菇串則是金黃色，表面有烤痕和撒上的調味料。盤子是黃色的一次性紙盤，放在一個有書法風格圖案的桌布上。

2. 一盤串燒，上面有兩串串燒，一串是蝦，另一串是蘑菇。蝦已經烤熟，呈現紅色，表面有烤痕。蘑菇串則是金黃色，表面有烤痕和撒上的調味料。盤子是黃色的一次性紙盤，放在一個有書法風格圖案的桌布上。

3. 一盤串燒，上面有兩串串燒，一串是蝦，另一串是蘑菇。蝦已經烤熟，呈現紅色，表面有烤痕。蘑菇串則是金黃色，表面有烤痕和撒上的調味料。盤子是黃色的一次性紙盤，放在一個有書法風格圖案的桌布上。"
origin_dataset/20240714_223417.jpg,"1. 白板上寫著兩個字典：`d1` 和 `d2`。`d1` 包含鍵值對 `'a': 6` 和 `'b': 7`，而 `d2` 包含鍵值對 `'a': 7`，`'c': 20` 和 `'d': 4`。此外，白板上還寫著一個計算過程，使用 `sum` 函數來計算 `d2` 中每個鍵的值乘以 `d1` 中相同鍵的值，並累加結果。最後，白板上寫著一個 `if` 條件語句，但條件部分未完成。

2. 白板上展示了一個 Python 程式碼片段，用於計算兩個字典的點積。首先定義了兩個字典 `d1` 和 `d2`，然後使用 `sum` 函數來計算 `d2` 中每個鍵的值乘以 `d1` 中相同鍵的值，並累加結果。最後，白板上寫著一個 `if` 條件語句，但條件部分未完成。

3. 白板上寫著兩個字典：`d1` 和 `d2`。`d1` 包含鍵值對 `'a': 6` 和 `'b': 7`，而 `d2` 包含鍵值對 `'a': 7`，`'c': 20` 和 `'d': 4`。此外，白板上還寫著一個計算過程，使用 `sum` 函數來計算 `d2` 中每個鍵的值乘以 `d1` 中相同鍵的值，並累加結果。最後，白板上寫著一個 `if` 條件語句，但條件部分未完成。"
origin_dataset/IMG20220622174913.jpg,"1. 這是一幅以鉛筆素描完成的肖像畫，畫中人物為一位女性。她的頭髮是長直髮，前額有齊齊的瀏海，臉型圓潤，雙眼大而明亮，雙頰微紅，嘴角微翹，表情溫柔。她穿著一件黑色的衣服，衣領處有兩條黑色的帶子交叉綁在頸部，帶子的顏色與衣服相對比，使得整體畫面更加豐富。畫面右下角有簽名和日期，日期為2022年6月22日，簽名為Aaron。

2. 這幅鉛筆素描肖像畫表現了一位女性的側臉，她有長直髮，前額有齊齊的瀏海，雙眼大而明亮，雙頰微紅，嘴角微翹，表情溫柔。她穿著一件黑色的衣服，衣領處有兩條黑色的帶子交叉綁在頸部，帶子的顏色與衣服相對比，使得整體畫面更加豐富。畫面右下角有簽名和日期，日期為2022年6月22日，簽名為Aaron。

3. 這是一幅鉛筆素描完成的女性肖像畫，畫中人物的頭髮是長直髮，前額有齊齊的瀏海，臉型圓潤，雙眼大而明亮，雙頰微紅，嘴角微翹，表情溫柔。她穿著一件黑色的衣服，衣領處有兩條黑色的帶子交叉綁在頸部，帶子的顏色與衣服相對比，使得整體畫面更加豐富。畫面右下角有簽名和日期，日期為2022年6月22日，簽名為Aaron。"
origin_dataset/received_1577644125665313.jpeg,"1. 這張照片展示了一桌精緻的餐點，包括一盤烤雞胸肉，上面淋有醬汁，搭配西兰花和土豆塊。另一個盤子裡有兩塊烤雞胸肉，上面撒有香草和調味料，搭配薯泥和蔬菜。桌上還擺有兩杯沙拉，裡面有生菜、番茄和黃瓜。此外，還有一個烤盤裡裝有金黃色的芝士焗飯，上面撒有香草和調味料。整體呈現出豐富多彩的餐點，適合多人分享享用。

2. 桌上擺放了多樣化的餐點，包括一盤烤雞胸肉，上面淋有醬汁，搭配西兰花和土豆塊。另一個盤子裡有兩塊烤雞胸肉，上面撒有香草和調味料，搭配薯泥和蔬菜。桌上還擺有兩杯沙拉，裡面有生菜、番茄和黃瓜。此外，還有一個烤盤裡裝有金黃色的芝士焗飯，上面撒有香草和調味料。整體呈現出豐富多彩的餐點，適合多人分享享用。

3. 這張照片展示了一桌精緻的餐點，包括一盤烤雞胸肉，上面淋有醬汁，搭配西兰花和土豆塊。另一個盤子裡有兩塊烤雞胸肉，上面撒有香草和調味料，搭配薯泥和蔬菜。桌上還擺有兩杯沙拉，裡面有生菜、番茄和黃瓜。此外，還有一個烤盤裡裝有金黃色的芝士焗飯，上面撒有香草和調味料。整體呈現出豐富多彩的餐點，適合多人分享享用。"
origin_dataset/IMG20220317125755.jpg,"1. 一處湖泊周圍環繞著茂密的綠樹，遠處有一棟現代建築，建築的外牆由多個三角形構成，反射著天空的藍色。湖水靜靜地倒映著建築的倒影，遠處的山丘上也長滿了綠樹，天空中雲層稀疏，散發出一種寧靜的氛圍。

2. 湖泊的對岸有一棟現代建築，建築的外牆由多個三角形構成，反射著天空的藍色。湖水靜靜地倒映著建築的倒影，遠處的山丘上也長滿了綠樹，天空中雲層稀疏，散發出一種寧靜的氛圍。湖邊的綠草和樹木構成了一幅美麗的自然畫面。

3. 湖泊的對岸有一棟現代建築，建築的外牆由多個三角形構成，反射著天空的藍色。湖水靜靜地倒映著建築的倒影，遠處的山丘上也長滿了綠樹，天空中雲層稀疏，散發出一種寧靜的氛圍。湖邊的綠草和樹木構成了一幅美麗的自然畫面，遠處的建築與自然景觀形成了鮮明的對比。"
origin_dataset/IMG20220317142731.jpg,"1. 海灘上鋪滿了細膩的沙子，沙子的顏色是淺灰色，沙子表面有幾道腳印，遠處的海浪輕輕拍打著海岸線，海浪看起來比較平靜，天空中雲層密布，天空的顏色是灰蒙蒙的，遠處的山丘上長滿了茂密的綠樹，山丘的顏色是深綠色，山丘的邊緣有些模糊，遠處的建築物依稀可見，建築物的顏色是白色，建築物的頂部有幾座塔狀的建築，建築物的邊緣有些模糊，遠處的海面波光粼粼，海面的顏色是深藍色，海面的波浪比較平靜，海面的邊緣有些模糊。

2. 海灘上鋪滿了細膩的沙子，沙子的顏色是淺灰色，沙子表面有幾道腳印，遠處的海浪輕輕拍打著海岸線，海浪看起來比較平靜，天空中雲層密布，天空的顏色是灰蒙蒙的，遠處的山丘上長滿了茂密的綠樹，山丘的顏色是深綠色，山丘的邊緣有些模糊，遠處的建築物依稀可見，建築物的顏色是白色，建築物的頂部有幾座塔狀的建築，建築物的邊緣有些模糊，遠處的海面波光粼粼，海面的顏色是深藍色，海面的波浪比較平靜，海面的邊緣有些模糊。

3. 海灘上鋪滿了細膩的沙子，沙子的顏色是淺灰色，沙子表面有幾道腳印，遠處的海浪輕輕拍打著海岸線，海浪看起來比較平靜，天空中雲層密布，天空的顏色是灰蒙蒙的，遠處的山丘上長滿了茂密的綠樹，山丘的顏色是深綠色，山丘的邊緣有些模糊，遠處的建築物依稀可見，建築物的顏色是白色，建築物的頂部有幾座塔狀的建築，建築物的邊緣有些模糊，遠處的海面波光粼粼，海面的顏色是深藍色，海面的波浪比較平靜，海面的邊緣有些模糊。"
origin_dataset/20230820_181719.jpg,"1. 這張照片展示了一座大型建築物，建築物的外牆為黃色，窗戶排列整齊，建築物的頂部有鐵製的圍欄。建築物前方有幾棵高大的棕櫚樹，樹葉在微風中輕輕搖曳。天空中雲層密布，雲朵的顏色從淺黃到深灰不等，天空的邊緣透出藍色的光澤，整體氛圍略顯陰沉。

2. 照片中有一棟大型建築，建築的外牆為黃色，窗戶排列成一排排，建築頂部有鐵製的圍欄。建築前方有幾棵高大的棕櫚樹，樹葉在微風中輕輕搖曳。天空中雲層密布，雲朵的顏色從淺黃到深灰不等，天空的邊緣透出藍色的光澤，整體氛圍略顯陰沉。

3. 這張照片中有一棟大型建築，建築的外牆為黃色，窗戶排列整齊，建築頂部有鐵製的圍欄。建築前方有幾棵高大的棕櫚樹，樹葉在微風中輕輕搖曳。天空中雲層密布，雲朵的顏色從淺黃到深灰不等，天空的邊緣透出藍色的光澤，整體氛圍略顯陰沉。"
origin_dataset/1529166209676.jpg,"1. 這張照片捕捉了畢業典禮的歡樂時刻，兩位畢業生身著學士服，站在一座現代建築前，背景是藍天和綠樹。他們面帶微笑，似乎在慶祝這難忘的瞬間。周圍聚集了許多其他畢業生和家人，有些人撐著雨傘，顯然天氣多變。建築的設計獨特，玻璃窗和鋼筋構造在陽光下閃耀。

2. 照片中，兩位畢業生站在一座現代建築前，建築的設計充滿了未來感，玻璃窗和鋼筋構造在陽光下閃耀。他們身著學士服，面帶微笑，似乎在慶祝畢業。背景中，其他畢業生和家人聚集在一起，有些人撐著雨傘，顯然天氣多變。藍天和綠樹為這場慶典增添了美麗的氛圍。

3. 這張照片展示了畢業典禮的場景，兩位畢業生站在一座現代建築前，建築的設計充滿了現代感，玻璃窗和鋼筋構造在陽光下閃耀。他們身著學士服，面帶微笑，似乎在慶祝畢業。背景中，其他畢業生和家人聚集在一起，有些人撐著雨傘，顯然天氣多變。藍天和綠樹為這場慶典增添了美麗的氛圍。"
origin_dataset/IMG_20210805_204411_397.jpg,"1. 一位女性坐在草地上，頭仰望天空，表情安詳，周圍是茂盛的草叢，背景是藍色的天空，散發出一種平靜與內省的氛圍。

2. 一位女性背對著鏡頭，頭部向後仰，雙手輕輕地撐著頭部，周圍是茂盛的草叢，背景是藍色的天空，散發出一種平靜與內省的氛圍。

3. 一位女性坐在草地上，頭仰望天空，表情安詳，周圍是茂盛的草叢，背景是藍色的天空，散發出一種平靜與內省的氛圍。"
origin_dataset/20230805_155544.jpg,"1. 一隻透明玻璃瓶裝著深色的飲料，瓶口處有一個白色的吸管，吸管插入瓶中。瓶子放在一個木質桌面上，桌面上有一個圓形的墊子，墊子邊緣有斑點裝飾。背景中可以看到一扇鐵網門和一株綠色植物。

2. 透明玻璃瓶內裝有深色的飲料，瓶口處有一根白色的吸管。吸管插入瓶中，瓶口處有鐵製的環狀封口。瓶子放在一個木質桌面上，桌面上有一個圓形的墊子，墊子邊緣有斑點裝飾。背景中可以看到一扇鐵網門和一株綠色植物。

3. 一隻透明玻璃瓶裝著深色的飲料，瓶口處有一個白色的吸管，吸管插入瓶中。瓶子放在一個木質桌面上，桌面上有一個圓形的墊子，墊子邊緣有斑點裝飾。背景中可以看到一扇鐵網門和一株綠色植物。"
origin_dataset/IMG_20200220_215542_413.jpg,"1. 工作之餘還有超貴的巧克力，令人開心的笑臉表情。
2. 一包金色包裝的Lindt Lindor巧克力，上面有精美的花卉圖案。
3. 包裝上標明是綜合口味的巧克力，重量為168克。"
origin_dataset/IMG20220304164341.jpg,"1. 一隻棕色的狗，正坐在灰色的路面上。狗的毛色為淺棕色，背部有一條深棕色的條紋。它戴着一個藍色的項圈，項圈上掛著一個紅色的燈光裝置。狗的腳掌是淺棕色的，尾巴末端是黑色的。地上散落著一些枯葉。

2. 一隻棕色的狗，背對著攝影者，坐在灰色的路面上。狗的毛色為淺棕色，背部有一條深棕色的條紋。它戴着一個藍色的項圈，項圈上掛著一個紅色的燈光裝置。狗的腳掌是淺棕色的，尾巴末端是黑色的。地上散落著一些枯葉。

3. 一隻棕色的狗，背對著攝影者，坐在灰色的路面上。狗的毛色為淺棕色，背部有一條深棕色的條紋。它戴着一個藍色的項圈，項圈上掛著一個紅色的燈光裝置。狗的腳掌是淺棕色的，尾巴末端是黑色的。地上散落著一些枯葉。"
origin_dataset/20240719_174641.jpg,"1. 藍天白雲，雲層輕盈，散發出清新空氣的感覺。陽光從雲隙間透出，形成斑斕的光線，為天空增添了一絲動感。遠處的樹木和建築物在雲層的襯托下顯得格外鮮明。

2. 天空湛藍，雲朵在空中緩慢漂浮，形狀多變，時而像飛翔的鳥兒，時而像蓬鬆的棉花糖。陽光從雲層間照射下來，形成光束，散發出溫暖的光芒。遠處的建築物和樹木在雲層的襯托下顯得格外美麗。

3. 藍天與白雲交織，構成一幅動態的畫面。陽光從雲隙間透出，形成光束，散發出溫暖的光芒。遠處的建築物和樹木在雲層的襯托下顯得格外鮮明。天空中雲層的形狀多變，時而像飛翔的鳥兒，時而像蓬鬆的棉花糖，為整體景色增添了一絲動感。"
origin_dataset/IMG20220309152828.jpg,"1. 這間展覽室的牆壁上掛有一個圓形的裝置藝術，由多個小方格組成，每個小方格內都有不同的圖案或圖像，背景色為綠色。牆壁的另一側則掛有一幅四格的畫作，每格中都有不同的人物或動作的圖像。牆壁下方有一個木製的裝置，形狀類似一個小船，船頭有一個透明的窗戶，窗戶內有一個穿著太空服的人物圖像。

2. 展覽室的牆壁上展示了一個圓形的裝置藝術作品，由多個小方格構成，每個方格內有不同的圖案或圖像，背景色為綠色。牆壁的另一側掛有一幅四格的畫作，每格中都有不同的人物或動作的圖像。牆壁下方有一個木製的裝置，形狀類似一個小船，船頭有一個透明的窗戶，窗戶內有一個穿著太空服的人物圖像。

3. 展覽室的牆壁上展示了一個圓形的裝置藝術作品，由多個小方格構成，每個方格內有不同的圖案或圖像，背景色為綠色。牆壁的另一側掛有一幅四格的畫作，每格中都有不同的人物或動作的圖像。牆壁下方有一個木製的裝置，形狀類似一個小船，船頭有一個透明的窗戶，窗戶內有一個穿著太空服的人物圖像。"
origin_dataset/IMG20220122131933.jpg,"1. 這幅畫是一幅以鉛筆繪製的肖像畫，畫中人物為一位留有鬍鬚的男性。畫家使用了豐富的細節來表現人物的面部特徵，包括濃密的眉毛、深邃的眼睛、挺拔的鼻樑以及鬍鬚的細節。畫作的背景簡單，突出了人物的面部特徵，並賦予了整幅畫作一種靜謐而深邃的氛圍。

2. 這幅肖像畫採用了鉛筆繪製的技法，表現出人物的面部特徵非常細膩。畫家通過不同的鉛筆筆觸來表現人物的髮型，使髮絲看起來自然且有層次感。畫作的背景簡單，使得人物的面部特徵成為了整幅畫作的焦點，表現出畫家對細節的精準掌握。

3. 這幅肖像畫以鉛筆為工具，表現出人物的面部特徵非常細膩。畫家通過不同的鉛筆筆觸來表現人物的髮型，使髮絲看起來自然且有層次感。畫作的背景簡單，使得人物的面部特徵成為了整幅畫作的焦點，表現出畫家對細節的精準掌握。整幅畫作的風格簡潔而深邃，表現出畫家對人物的深刻理解。"
origin_dataset/10408707_632081723558320_553556166406357162_n(1)(1).jpg,"1. 一位年輕男子站在戶外的陽臺上，他穿着黑色的連帽外套和牛仔褲，雙手舉起，做出開心的姿勢。他脖子上掛著一張寫有「小」字的卡片，卡片上還有一個粉紅色的氣球。背景中可以看到綠色的樹木和一輛停在陽臺邊的黑色汽車。

2. 一位年輕人站在一個有柱子的陽臺上，他穿著黑色的連帽外套和牛仔褲，雙手舉起，做出開心的姿勢。他脖子上掛著一張寫有「小」字的卡片，卡片上還有一個粉紅色的氣球。背景中可以看到綠色的樹木和一輛停在陽臺邊的黑色汽車。

3. 一位年輕男子站在戶外的陽臺上，他穿著黑色的連帽外套和牛仔褲，雙手舉起，做出開心的姿勢。他脖子上掛著一張寫有「小」字的卡片，卡片上還有一個粉紅色的氣球。背景中可以看到綠色的樹木和一輛停在陽臺邊的黑色汽車。"
origin_dataset/20240506_211539.jpg,"1. 一輛黃色的車停在建築物前，建築物上有「DEVILCAS」的招牌，招牌下方有「手機防摔殼」的廣告。建築物前停滿了許多機車，機車旁邊有幾個人在活動。建築物的門口處有許多彩色的廣告牌，顯示著不同的商品和促銷活動。

2. 一排機車停在建築物前，建築物上有「DEVILCAS」的招牌，招牌下方有「手機防摔殼」的廣告。建築物的門口處有許多彩色的廣告牌，顯示著不同的商品和促銷活動。建築物前停滿了許多機車，機車旁邊有幾個人在活動。建築物的門口處有許多彩色的廣告牌，顯示著不同的商品和促銷活動。

3. 一輛黃色的車停在建築物前，建築物上有「DEVILCAS」的招牌，招牌下方有「手機防摔殼」的廣告。建築物的門口處有許多彩色的廣告牌，顯示著不同的商品和促銷活動。建築物前停滿了許多機車，機車旁邊有幾個人在活動。建築物的門口處有許多彩色的廣告牌，顯示著不同的商品和促銷活動。"
origin_dataset/IMG20210829110337.jpg,"1. 這是一條城市街道，兩旁種滿了茂盛的樹木，提供了大量的陰影。街道兩側停滿了許多機車，顯示出當地居民對機車的偏愛。建築物高大，顯示出這是一個擁擠的城市區域。天空晴朗，陽光充足，給整條街道帶來了明亮的氛圍。

2. 在這條街道的盡頭，可以看到一些建築物和一些行人，顯示出這是一個繁忙的地區。街道兩側的樹木提供了大量的陰影，使得這條街道在炎熱的天氣下也顯得非常舒適。機車停在道路兩側，顯示出當地居民對機車的偏愛。

3. 這是一條城市街道，兩旁種滿了茂盛的樹木，提供了大量的陰影。街道兩側停滿了許多機車，顯示出當地居民對機車的偏愛。建築物高大，顯示出這是一個擁擠的城市區域。天空晴朗，陽光充足，給整條街道帶來了明亮的氛圍。街道盡頭可以看到一些建築物和一些行人，顯示出這是一個繁忙的地區。"
origin_dataset/IMG_20211117_002419_884.jpg,"1. 這張照片中，一個小男孩正開心地笑著，露出一排牙齒。他的頭髮是淺色的，頭髮的後方有幾根頭髮比較長。他似乎在吃一個黃色的東西，可能是水果或餅乾。背景是淺綠色的牆壁，牆壁上有一個淺色的邊框。

2. 這張照片捕捉到了一個小男孩開心的瞬間。他張開嘴，露出一排牙齒，顯然在笑。他的頭髮是淺色的，頭髮的後方有幾根比較長的頭髮。他似乎在吃一個黃色的東西，可能是水果或餅乾。背景是淺綠色的牆壁，牆壁上有一個淺色的邊框。

3. 這張照片中，一個小男孩正開心地笑著，露出一排牙齒。他的頭髮是淺色的，頭髮的後方有幾根頭髮比較長。他似乎在吃一個黃色的東西，可能是水果或餅乾。背景是淺綠色的牆壁，牆壁上有一個淺色的邊框。"
origin_dataset/IMG20220220160812.jpg,"1. 三幅巨大的畫作被投影在牆面上，畫面呈現了風景畫的風格，色彩鮮豔，充滿了自然的生動感。畫中景緻包括了樹木、建築和遠山，天空部分則以藍色和白色構成，表現出一種寧靜的氛圍。觀眾們圍繞在畫作前，有的在拍照，有的在欣賞，顯得十分投入。

2. 這是一場室內的藝術展覽，展覽中使用了投影技術來展示三幅大型的風景畫。畫作色彩豐富，表現了樹木、建築和遠山等元素，天空部分則以藍色和白色構成，呈現出一種寧靜的氛圍。觀眾們圍繞在畫作前，有的在拍照，有的在欣賞，顯得十分投入。

3. 這是一個室內的藝術展覽，展覽中使用了投影技術來展示三幅大型的風景畫。畫作色彩鮮豔，表現了樹木、建築和遠山等元素，天空部分則以藍色和白色構成，呈現出一種寧靜的氛圍。觀眾們圍繞在畫作前，有的在拍照，有的在欣賞，顯得十分投入。"
origin_dataset/IMG_20180530_130940_141.jpg,"1. 一張餐桌擺放著一鍋熱騰騰的火鍋，鍋內有兩種不同的湯底，一邊是清湯，一邊是濃湯。桌上擺有各種食材，包括生肉片、蔬菜、海鮮等。此外，還有一盤白飯和一些調味料，如醬油、蒜泥等。桌邊有一雙筷子和一個空碗，準備供客人使用。

2. 桌上擺放著一鍋火鍋，鍋內有兩種不同的湯底，一邊是清湯，一邊是濃湯。桌上擺有各種食材，包括生肉片、蔬菜、海鮮等。此外，還有一盤白飯和一些調味料，如醬油、蒜泥等。桌邊有一雙筷子和一個空碗，準備供客人使用。

3. 一張餐桌擺放著一鍋熱騰騰的火鍋，鍋內有兩種不同的湯底，一邊是清湯，一邊是濃湯。桌上擺有各種食材，包括生肉片、蔬菜、海鮮等。此外，還有一盤白飯和一些調味料，如醬油、蒜泥等。桌邊有一雙筷子和一個空碗，準備供客人使用。"
origin_dataset/20231104_165139.jpg,"1. 一羣人在戶外活動中聚集，背景有樹木和建築物。人們似乎在等待或參加某種活動，有些人攜帶手提包。環境看起來像是在一個公園或開放空間。

2. 圖片中，幾個人在戶外的場景中，周圍有樹木和建築。他們似乎在社交或參加某種活動，有些人攜帶包袋。背景顯示出一個開放的空間，可能是一個公園或社區活動場所。

3. 一羣人在戶外的場景中，周圍有樹木和建築。他們似乎在等待或參加某種活動，有些人攜帶包袋。背景顯示出一個開放的空間，可能是一個公園或社區活動場所。"
origin_dataset/IMG_0252.JPG,"1. 一組身穿迷彩軍裝的士兵們，他們坐在室內的鋪位旁，背景中可以看到一些軍用設備和物品。士兵們面帶微笑，部分人戴著軍帽，其中一名士兵的帽徽上可以看到國徽圖案。他們的軍裝上標有編號，顯示出他們在軍隊中的身份和編制。士兵們的姿態自然，似乎是在休息或閒暇時的合影。

2. 這張照片捕捉到了一群士兵在軍營中的團體照。他們身穿迷彩軍服，頭戴軍帽，面帶微笑，顯得非常親近和友好。背景中可以看到軍用的床鋪和一些軍事設備，顯示出他們處於一個軍事設施內。士兵們的編號清晰地標記在軍服上，顯示出他們在軍隊中的編制和身份。他們的姿態和表情透露出一種團結和友誼的氛圍。

3. 這張照片展示了一群士兵在軍營內的團體照。他們身穿迷彩軍服，頭戴軍帽，面帶微笑，顯得非常親近和友好。背景中可以看到軍用的床鋪和一些軍事設備，顯示出他們處於一個軍事設施內。士兵們的編號清晰地標記在軍服上，顯示出他們在軍隊中的編制和身份。他們的姿態和表情透露出一種團結和友誼的氛圍。照片中還可以看到一些軍事設備和物品，顯示出他們處於一個軍事設施內。士兵們的編號清晰地標記在軍服上，顯示出他們在軍隊中的編制和身份。他們的姿態和表情透露出一種團結和友誼的氛圍。"
origin_dataset/20230705_190937.jpg,"1. 這道菜以一塊黑色的海苔為主，上面鋪有幾塊金黃色的魚子醬，魚子醬上撒有綠色的香菜葉，看起來非常有視覺吸引力。魚子醬的顏色鮮豔，與黑色的海苔形成鮮明對比，營造出豐富的視覺效果。魚子醬的質地看起來濃郁，應該會帶給人豐富的口感體驗。

2. 菜品的擺盤非常講究，魚子醬被精心地鋪在海苔上，並用綠色的香菜葉點綴，營造出一種清新自然的感覺。魚子醬的顏色鮮豔，與黑色的海苔形成鮮明對比，營造出豐富的視覺效果。魚子醬的質地看起來濃郁，應該會帶給人豐富的口感體驗。

3. 這道菜的擺盤非常講究，魚子醬被精心地鋪在海苔上，並用綠色的香菜葉點綴，營造出一種清新自然的感覺。魚子醬的顏色鮮豔，與黑色的海苔形成鮮明對比，營造出豐富的視覺效果。魚子醬的質地看起來濃郁，應該會帶給人豐富的口感體驗。"
origin_dataset/FB_IMG_1530846631064.jpg,"1. 一位女性徒步旅行者，背負著一個大型的藍色背包，穿著白色T恤和藍色短褲，腳穿紅色運動鞋，正在沙漠中的土路上行走。周圍是乾旱的灌木叢和一兩棵孤立的樹木，天空晴朗，散佈著幾朵雲彩。

2. 一位女性徒步旅行者，背負著一個大型的藍色背包，穿著白色T恤和藍色短褲，腳穿紅色運動鞋，正在沙漠中的土路上行走。周圍是乾旱的灌木叢和一兩棵孤立的樹木，天空晴朗，散佈著幾朵雲彩。她看起來很專注，似乎在尋找方向或觀察周圍環境。

3. 一位女性徒步旅行者，背負著一個大型的藍色背包，穿著白色T恤和藍色短褲，腳穿紅色運動鞋，正在沙漠中的土路上行走。周圍是乾旱的灌木叢和一兩棵孤立的樹木，天空晴朗，散佈著幾朵雲彩。她看起來很專注，似乎在尋找方向或觀察周圍環境。背景中，遠處的山丘和天空的藍色構成了一幅美麗的自然景觀。"
origin_dataset/20230721_093319.jpg,"1. 藍天白雲，晴朗天氣，視野寬廣，遠處建築工地，塔吊林立，近處車輛行駛，車窗反射，風景宜人。

2. 車窗外，藍天白雲，晴空萬里，遠處建築工地，塔吊高聳，近處車輛穿梭，車窗反射，風景如畫。

3. 藍天白雲，晴朗天氣，遠處建築工地，塔吊林立，近處車輛行駛，車窗反射，風景宜人，遠山若隱若現。"
origin_dataset/10441528_632066746893151_6193429990219181349_n(1)(1).jpg,"1. 一羣年輕女性在室內活動，背景牆上掛有各種圖片和標語，牆壁上還貼有彩色的紙條和圖案，環境充滿了活力和創意。

2. 女性們圍成一圈，似乎在進行一項互動遊戲或討論，其中一位女性正在指向別人的方向，可能是在進行指名遊戲或指名討論。

3. 室內的氛圍看起來很熱鬧，牆壁上的裝飾品和圖片顯示出這可能是一個學校或社區活動的場所，女性們的裝扮和表情都顯得非常自然和開朗。"
origin_dataset/1519624464437.jpg,"1. 這張照片中有三個孩子，他們站在一個玻璃欄杆前。照片的背景似乎是一個室內場景，可能是一個博物館或展覽館。孩子們都穿着厚實的外套，顯示出天氣較冷。最前面的女孩穿着一件淺色的毛衣，上面有可愛的圖案，她的頭髮上綁着一個小花飾。她微笑着，右手舉起，似乎在向別人揮手。中間的孩子穿着黃色的外套，他側身站立，頭部稍微傾向一邊，似乎在微笑。最後面的孩子也穿着黃色的外套，他側身站立，頭部稍微傾向一邊，似乎在微笑。他們看起來非常開心，可能是在享受這場活動。

2. 這張照片中有三個孩子，他們站在一個玻璃欄杆前。照片的背景似乎是一個室內場景，可能是一個博物館或展覽館。孩子們都穿着厚實的外套，顯示出天氣較冷。最前面的女孩穿着一件淺色的毛衣，上面有可愛的圖案，她的頭髮上綁着一個小花飾。她微笑着，右手舉起，似乎在向別人揮手。中間的孩子穿着黃色的外套，他側身站立，頭部稍微傾向一邊，似乎在微笑。最後面的孩子也穿着黃色的外套，他側身站立，頭部稍微傾向一邊，似乎在微笑。他們看起來非常開心，可能是在享受這場活動。

3. 這張照片中有三個孩子，他們站在一個玻璃欄杆前。照片的背景似乎是一個室內場景，可能是一個博物館或展覽館。孩子們都穿着厚實的外套，顯示出天氣較冷。最前面的女孩穿着一件淺色的毛衣，上面有可愛的圖案，她的頭髮上綁着一個小花飾。她微笑着，右手舉起，似乎在向別人揮手。中間的孩子穿着黃色的外套，他側身站立，頭部稍微傾向一邊，似乎在微笑。最後面的孩子也穿着黃色的外套，他側身站立，頭部稍微傾向一邊，似乎在微笑。他們看起來非常開心，可能是在享受這場活動。"
origin_dataset/1539522436939.jpg,"1. 這張照片顯示了兩名攀岩者正在攀爬一塊巨大的岩石。他們使用繩索和安全裝備，確保攀爬的安全。岩石表面有綠色的苔蘚，顯示出自然的環境。背景中可以看到茂密的樹木，表明這是在一個森林或山區的環境中。

2. 這張照片捕捉到了兩名攀岩者在攀爬岩石的瞬間。他們的姿態顯示出他們正在努力保持平衡和安全。岩石的顏色從淺黃到深綠不等，表面粗糙，顯示出自然的風化過程。攀岩者們的裝備包括繩索和安全帶，確保他們在攀爬過程中不會墜落。

3. 這張照片展示了兩名攀岩者在攀爬岩石的場景。他們的姿態和裝備顯示出他們正在進行專業的攀岩活動。岩石的顏色和表面特徵顯示出自然的風化過程，同時也顯示出他們在攀爬過程中所面對的挑戰。背景中的樹木和岩石構成了一個自然的攀岩環境。"
origin_dataset/20230916_205743.jpg,"1. 這是一個室內的日式庭園，園內設有木製的橋樑，橋樑兩側有木製的欄杆。庭園的地面鋪有白色的砂石，砂石上散落著幾塊大小不一的岩石。庭園內種植了多種綠植，包括樹木和灌木，營造出一個自然和寧靜的氛圍。背景中可以看到一間建築物，建築物的窗戶透出明亮的光線，顯示出室內的照明情況。建築物的外牆是白色的，窗戶是黑色的邊框，窗戶之間有黑色的框架隔開。

2. 這是一個室內的日式庭園，庭園的設計融合了自然元素和建築元素。庭園的地面鋪有白色的砂石，砂石上散落著幾塊大小不一的岩石，這些岩石的顏色較深，與白色的砂石形成鮮明對比。庭園內種植了多種綠植，包括樹木和灌木，這些植物的葉子呈現出不同的綠色調，營造出豐富的色彩層次。庭園的後方有一間建築物，建築物的窗戶透出明亮的光線，顯示出室內的照明情況。建築物的外牆是白色的，窗戶是黑色的邊框，窗戶之間有黑色的框架隔開。庭園的兩側設有木製的橋樑，橋樑兩側有木製的欄杆，欄杆的顏色較淺，與橋樑的顏色形成對比。橋樑的設計簡潔而樸實，與庭園的自然氛圍相得益彰。

3. 這是一個室內的日式庭園，庭園的設計融合了自然元素和建築元素。庭園的地面鋪有白色的砂石，砂石上散落著幾塊大小不一的岩石，這些岩石的顏色較深，與白色的砂石形成鮮明對比。庭園內種植了多種綠植，包括樹木和灌木，這些植物的葉子呈現出不同的綠色調，營造出豐富的色彩層次。庭園的後方有一間建築物，建築物的窗戶透出明亮的光線，顯示出室內的照明情況。建築物的外牆是白色的，窗戶是黑色的邊框，窗戶之間有黑色的框架隔開。庭園的兩側設有木製的橋樑，橋樑兩側有木製的欄杆，欄杆的顏色較淺，與橋樑的顏色形成對比。橋樑的設計簡潔而樸實，與庭園的自然氛圍相得益彰。庭園的設計注重細節，從砂石、岩石、綠植到建築物的窗戶和欄杆，都展現出日式庭園的特點。庭園的環境非常寧靜，適合放鬆和冥想。"
origin_dataset/20240116_200650.jpg,"1. 舞台上有一個大型的舞台燈，發出藍紫色的光線，營造出一種神秘的氛圍。舞台的後方有幾名表演者，他們正站在舞台上，似乎在準備表演或正在表演。舞台的構造包括一些鐵架和橫樑，這些構件在舞台的後方和兩側顯得非常突出。舞台的前方有一個大型的屏幕，上面顯示著幾名表演者的影像，這些影像可能是現場表演的重播或錄影。

2. 舞台燈發出藍紫色的光線，營造出一種神秘的氛圍。舞台後方有幾名表演者，他們正站在舞台上，似乎在準備表演或正在表演。舞台構造包括一些鐵架和橫樑，這些構件在舞台後方和兩側顯得非常突出。舞台前方有一個大型的屏幕，上面顯示著幾名表演者的影像，這些影像可能是現場表演的重播或錄影。

3. 舞台上有一個大型的舞台燈，發出藍紫色的光線，營造出一種神秘的氛圍。舞台後方有幾名表演者，他們正站在舞台上，似乎在準備表演或正在表演。舞台構造包括一些鐵架和橫樑，這些構件在舞台後方和兩側顯得非常突出。舞台前方有一個大型的屏幕，上面顯示著幾名表演者的影像，這些影像可能是現場表演的重播或錄影。"
origin_dataset/IMG20220611202556.jpg,"1. 這幅素描畫作以鉛筆為工具，細膩地勾勒出一個人物的側臉。畫家使用了豐富的筆觸變化，從輕盈的線條到濃密的陰影，表現出人物的輪廓和細節。畫作的背景簡單，突出了人物的特徵，並賦予整體作品一種靜謐而深邃的氛圍。畫作右下角註明了完成日期為2022年6月11日，並簽名為Aaron。

2. 這幅素描作品採用鉛筆繪製，表現了一位側臉人物的肖像。畫家通過細膩的筆觸和豐富的陰影變化，成功地捕捉到了人物的神韻。畫作的背景純白，使得人物的輪廓和細節更加突出。畫作右下角註明了完成日期為2022年6月11日，並簽名為Aaron。

3. 這幅素描作品以鉛筆為工具，細膩地勾勒出一個人物的側臉。畫家通過豐富的筆觸變化，表現出人物的輪廓和細節。畫作的背景簡單，突出了人物的特徵，並賦予整體作品一種靜謐而深邃的氛圍。畫作右下角註明了完成日期為2022年6月11日，並簽名為Aaron。"
origin_dataset/20240602_164553.jpg,"1. 這是一本關於如何建立和改進習慣的書籍。書中提供了多種方法來幫助讀者克服習慣上的困難，例如如何建立有效的習慣、如何改進習慣的吸引力以及如何讓習慣變得無比強大。書中還介紹了如何使用App來追蹤習慣的進度，以及如何設定獎賞來激勵自己。此外，書中還提供了許多實用的建議和示範，幫助讀者更好地管理自己的時間和生活。

2. 這本書主要針對那些希望改進自己習慣的人。書中提供了許多實用的建議和示範，幫助讀者更好地管理自己的時間和生活。書中介紹了如何建立有效的習慣、如何改進習慣的吸引力以及如何讓習慣變得無比強大。此外，書中還提供了許多實用的建議和示範，幫助讀者更好地管理自己的時間和生活。

3. 這是一本關於如何建立和改進習慣的書籍。書中提供了多種方法來幫助讀者克服習慣上的困難，例如如何建立有效的習慣、如何改進習慣的吸引力以及如何讓習慣變得無比強大。書中還介紹了如何使用App來追蹤習慣的進度，以及如何設定獎賞來激勵自己。此外，書中還提供了許多實用的建議和示範，幫助讀者更好地管理自己的時間和生活。"
origin_dataset/IMG20220313132457.jpg,"1. 這張照片展示了一條鄉間道路，兩旁是綠意盎然的稻田。遠處可以看到連綿的山丘，山頂被雲霧籠罩，給整體景色增添了一絲神秘感。道路兩側有幾輛自行車停靠，似乎有人在休息或觀賞周圍的風景。天空陰沉，雲層厚重，給整體帶來了一種寧靜而略帶憂鬱的氛圍。

2. 照片中，一條筆直的鄉間道路延伸至遠處，兩側是茂盛的稻田。道路旁邊有幾個行人和自行車，似乎在享受這片寧靜的鄉村風景。遠處的山丘被雲霧所籠罩，山頂隱約可見，給整體景色增添了一絲詩意。天空陰沉，雲層厚重，給整體帶來了一種寧靜而略帶憂鬱的氛圍。

3. 這張照片捕捉到了鄉間的寧靜風景。一條筆直的鄉間道路兩旁是茂盛的稻田，遠處是被雲霧籠罩的山丘。道路兩側有幾個行人和自行車，似乎在享受這片寧靜的鄉村風景。天空陰沉，雲層厚重，給整體帶來了一種寧靜而略帶憂鬱的氛圍。"
origin_dataset/IMG_20181003_211154_184.jpg,"1. 一包九百臺幣的茶，碗內有水，碗外是木紋桌面，桌面上還有一個黑色的滑鼠墊和一條黑色的線。

2. 桌面上有一個小碗，碗內有水，碗外是木紋桌面，桌面上還有一個黑色的滑鼠墊和一條黑色的線，碗上寫著「一包九百臺幣的茶」。

3. 桌面上有一個小碗，碗內有水，碗外是木紋桌面，桌面上還有一個黑色的滑鼠墊和一條黑色的線，碗上寫著「一包九百臺幣的茶」，碗的顏色是紅色的。"
origin_dataset/IMG20200628134220.jpg,"1. 壁上有一段手寫的英語文字，內容為「Many years had passed and nothing out of the ordinary happened」，字跡略顯潦草，背景為單色的牆壁，牆壁的顏色為淺灰色，牆壁的材質看起來像是塗料。

2. 壁上有一段手寫的英語句子，內容為「Many years had passed and nothing out of the ordinary happened」，字跡細緻，但有些模糊，背景為單色的牆壁，牆壁的顏色為淺灰色，牆壁的材質看起來像是塗料。

3. 壁上有一段手寫的英語句子，內容為「Many years had passed and nothing out of the ordinary happened」，字跡清晰，但有些不規則，背景為單色的牆壁，牆壁的顏色為淺灰色，牆壁的材質看起來像是塗料。"
origin_dataset/20240616_113333.jpg,"1. 一對母子在餐廳用餐，兒子坐在母親的腿上，母親微笑着，兒子則在吃東西。兒子穿著白色短袖T恤，母親穿著紅色長袖上衣。桌上擺有飲料和食物，環境看起來很溫馨。

2. 在餐廳內，一位母親和她的兒子正在享受用餐時刻。兒子坐在母親的腿上，母親微笑着，兒子正在吃東西。兒子穿著白色短袖T恤，母親穿著紅色長袖上衣。桌上擺有飲料和食物，環境看起來很溫馨。

3. 一對母子在餐廳用餐，兒子坐在母親的腿上，母親微笑着，兒子正在吃東西。兒子穿著白色短袖T恤，母親穿著紅色長袖上衣。桌上擺有飲料和食物，環境看起來很溫馨。"
origin_dataset/20230610_161342.jpg,"1. 海邊的沙灘上，細膩的沙粒在陽光下閃耀，海浪輕撫著海岸線，形成一道道白色的浪花。遠處的天空中，雲層輕盈，散發出柔和的白色與藍色的漸變，構成一幅寧靜的海景圖。

2. 沙灘上，細膩的沙粒在陽光下閃耀，海浪輕撫著海岸線，形成一道道白色的浪花。遠處的天空中，雲層輕盈，散發出柔和的白色與藍色的漸變，構成一幅寧靜的海景圖。海邊的風景美不勝收，海浪拍打著海岸線，沙灘上散落著幾片樹葉，遠處的山丘隱約可見，天空中雲層輕盈，散發出柔和的白色與藍色的漸變，構成一幅寧靜的海景圖。

3. 沙灘上，細膩的沙粒在陽光下閃耀，海浪輕撫著海岸線，形成一道道白色的浪花。遠處的天空中，雲層輕盈，散發出柔和的白色與藍色的漸變，構成一幅寧靜的海景圖。海邊的風景美不勝收，海浪拍打著海岸線，沙灘上散落著幾片樹葉，遠處的山丘隱約可見，天空中雲層輕盈，散發出柔和的白色與藍色的漸變，構成一幅寧靜的海景圖。海邊的風景美不勝收，海浪拍打著海岸線，沙灘上散落著幾片樹葉，遠處的山丘隱約可見，天空中雲層輕盈，散發出柔和的白色與藍色的漸變，構成一幅寧靜的海景圖。"
origin_dataset/FB_IMG_1485272677056(1)(1).jpg,"1. 桌上擺放著一盤沙拉，沙拉裡有玉米粒、番茄和一些絲狀的配料。沙拉旁邊有一個白色碗，裡面裝著一湯匙的奶油湯，湯裡有幾塊麵包丁。另一個碗裡裝著一塊烤麵包，表面金黃。桌布上寫著「Welcome」。

2. 桌子上有一個裝滿薯條的白色碗，薯條看起來是剛剛炸好的，金黃色。沙拉裡有玉米粒、番茄和絲狀配料。奶油湯碗裡有麵包丁，湯色較白。烤麵包碗裡的麵包表面烤得金黃。

3. 桌子上有一盤沙拉，沙拉裡有玉米粒、番茄和絲狀配料。沙拉旁邊有一個奶油湯碗，裡面有麵包丁。另一個碗裡裝著烤麵包，表面金黃。桌布上寫著「Welcome」。背景中可以看到有人正在用筷子吃東西。"
origin_dataset/IMG20220317160341.jpg,"1. 海邊的風景，天空陰沉，海面波濤洶涌，遠處的山丘被綠色植被覆蓋，近處的路邊有護欄和碎石，路面上有交通標誌。

2. 一處海岸線，天空灰暗，海浪拍打著岩石，遠處的山丘被茂密的樹木覆蓋，近處的路邊有護欄和碎石，路面上有交通標誌。

3. 海邊的風景，天空陰沉，海面波濤洶涌，遠處的山丘被綠色植被覆蓋，近處的路邊有護欄和碎石，路面上有交通標誌，遠處的海面有漁船。"
origin_dataset/IMG20220220160231.jpg,"1. 三幅畫作分別展示在展覽館的牆壁上，每幅畫作都以不同的主題和色彩構成。最左側的畫作以樹木和河流為背景，色彩鮮豔，充滿了自然的生機。中間的畫作則呈現了一個開闊的公園場景，人們在樹蔭下休閒，色彩豐富，充滿了生活的氣息。最右側的畫作則以藍色和黃色為主調，表現了一個女性在海邊的場景，色彩柔和，帶有一種寧靜的氛圍。

2. 展覽館內的燈光柔和，三幅畫作在黑暗的環境中顯得格外突出。最左側的畫作以樹木和河流為背景，色彩鮮豔，充滿了自然的生機。中間的畫作則呈現了一個開闊的公園場景，人們在樹蔭下休閒，色彩豐富，充滿了生活的氣息。最右側的畫作則以藍色和黃色為主調，表現了一個女性在海邊的場景，色彩柔和，帶有一種寧靜的氛圍。

3. 三幅畫作分別展示在展覽館的牆壁上，每幅畫作都以不同的主題和色彩構成。最左側的畫作以樹木和河流為背景，色彩鮮豔，充滿了自然的生機。中間的畫作則呈現了一個開闊的公園場景，人們在樹蔭下休閒，色彩豐富，充滿了生活的氣息。最右側的畫作則以藍色和黃色為主調，表現了一個女性在海邊的場景，色彩柔和，帶有一種寧靜的氛圍。展覽館內的燈光柔和，三幅畫作在黑暗的環境中顯得格外突出。"
origin_dataset/11133744_632073656892460_7496758168566430164_n(1)(1).jpg,"1. 四位年輕女性站在室內，背景牆上掛有彩色的圖片和標語，牆壁上還貼有通知和公告。女性們面帶微笑，似乎在進行某種活動或討論，其中一位女性正在鼓掌。

2. 室內環境簡單，牆壁為白色，地面為淺色地磚。牆上掛有不同顏色的圖片和標語，顯示出豐富的文化氛圍。四位女性站成一排，面帶微笑，其中一位正在鼓掌，似乎在參與某種活動或討論。

3. 室內空間寬敞，牆壁為白色，地面為淺色地磚。牆上掛有彩色的圖片和標語，顯示出豐富的文化氛圍。四位女性站成一排，面帶微笑，其中一位正在鼓掌，似乎在參與某種活動或討論。背景牆上還貼有通知和公告，顯示出室內的活動安排和重要信息。"
origin_dataset/IMG_20200213_084530_680.jpg,"1. 這是一條被綠樹成蔭的道路，兩旁種滿了高大的樹木，樹冠相互交疊，形成了一個天然的綠色隧道。路面上有幾輛車輛，包括一輛紅色的巴士和幾輛白色的小轎車。路邊有行人行走，其中一位穿著粉紅色外套的女性正朝著前方走去。路燈沿著道路兩側排列，為整條道路提供照明。路邊的綠化帶看起來維護得很好，種植了各種綠色植物。

2. 這條道路兩旁被茂密的樹木所環繞，樹木的枝葉在陽光下閃耀，形成了一片片斑斕的光影。路面上有幾輛車輛，包括一輛紅色的巴士和幾輛白色的小轎車，車輛在道路上緩慢行駛。路邊有行人行走，其中一位穿著粉紅色外套的女性正朝著前方走去。路燈沿著道路兩側排列，為整條道路提供照明。路邊的綠化帶看起來維護得很好，種植了各種綠色植物。

3. 這是一條被綠樹成蔭的道路，兩旁種滿了高大的樹木，樹冠相互交疊，形成了一個天然的綠色隧道。路面上有幾輛車輛，包括一輛紅色的巴士和幾輛白色的小轎車，車輛在道路上緩慢行駛。路邊有行人行走，其中一位穿著粉紅色外套的女性正朝著前方走去。路燈沿著道路兩側排列，為整條道路提供照明。路邊的綠化帶看起來維護得很好，種植了各種綠色植物。"
origin_dataset/line_1552901817271.jpg,"1. 這張照片展示了一個現代化的城市廣場，廣場上有一些行人正在走動。廣場的建築物設計現代，有高樓大廈和低層的購物中心。購物中心的外牆上掛有H&M的標誌，顯示出這是一個商業區。廣場兩側種植了樹木，增加了綠色的氛圍。廣場上還有一些顯示屏，顯示著不同的信息或廣告。

2. 照片中可以看到一個廣場，廣場上有一些行人正在走動。廣場的建築物設計現代，有高樓大廈和低層的購物中心。購物中心的外牆上掛有H&M的標誌，顯示出這是一個商業區。廣場兩側種植了樹木，增加了綠色的氛圍。廣場上還有一些顯示屏，顯示著不同的信息或廣告。建築物的設計風格現代，窗戶排列整齊，顯示出城市的現代化特徵。

3. 這張照片展示了一個現代化的城市廣場，廣場上有一些行人正在走動。廣場的建築物設計現代，有高樓大廈和低層的購物中心。購物中心的外牆上掛有H&M的標誌，顯示出這是一個商業區。廣場兩側種植了樹木，增加了綠色的氛圍。廣場上還有一些顯示屏，顯示著不同的信息或廣告。建築物的設計風格現代，窗戶排列整齊，顯示出城市的現代化特徵。廣場的環境整潔，顯示出城市的現代化和發展。"
origin_dataset/IMG20220317144547.jpg,"1. 海邊的沙灘上，海浪輕輕拍打著海岸線，天空陰沉，雲層厚重，遠處的建築物和棕櫚樹若隱若現，散發出一種寧靜而略帶憂鬱的氛圍。

2. 沙灘上只有幾個人，他們在海邊散步或尋找海邊的樂趣，海浪不斷拍打著海岸，天空灰蒙蒙的，似乎預示著即將來臨的雨天。

3. 海邊的沙灘上，海浪輕柔地拍打著海岸，天空陰沉，雲層厚重，遠處的建築物和棕櫚樹若隱若現，散發出一種寧靜而略帶憂鬱的氛圍。"
origin_dataset/20230805_175534.jpg,"1. 這是一張展示公園內樹木的照片。照片中可以看到多種樹木，包括高大的棕櫚樹和茂密的常綠樹。樹木之間的空隙透出陽光，樹葉在微風中輕輕搖曳。公園的綠化非常良好，地面上鋪有綠色的草坪，一條小路蜿蜒穿過公園，兩旁種植了樹木，環境非常宜人。

2. 照片中呈現了一個公園的景觀，公園內種植了多種樹木，包括棕櫚樹和常綠樹。這些樹木的樹冠茂盛，樹葉在微風中輕輕搖曳。公園的綠化非常良好，地面上鋪有綠色的草坪，一條小路蜿蜒穿過公園，兩旁種植了樹木，環境非常宜人。公園的氛圍非常平靜，適合散步和休閒。

3. 這張照片捕捉到了一個公園的景觀，公園內種植了多種樹木，包括棕櫚樹和常綠樹。這些樹木的樹冠茂盛，樹葉在微風中輕輕搖曳。公園的綠化非常良好，地面上鋪有綠色的草坪，一條小路蜿蜒穿過公園，兩旁種植了樹木，環境非常宜人。公園的氛圍非常平靜，適合散步和休閒。照片的構圖非常自然，展示了公園的美麗景觀。"
origin_dataset/IMG20220220155248.jpg,"1. 這是一個室內展覽場地，場地內有許多觀眾正在觀看展覽。展覽的主題似乎是關於「LE CHAT NOIR」，這是一句法語，意為「黑貓」。展覽的背景牆上掛有大尺寸的圖片，圖片中展示了不同時期的藝術家和表演者。展覽的設計風格帶有濃厚的藝術氛圍，展覽牆上還有一些英文字母和標語，例如「We live in a rainbow of chaos」和「Paul Cézanne」，這些可能是展覽的主題或相關藝術家的介紹。

2. 展覽場地內的觀眾們坐在地上，他們圍繞著展覽牆，聚精會神地觀看展覽。展覽牆上掛有大尺寸的圖片，圖片中展示了不同時期的藝術家和表演者。展覽的主題似乎是關於「LE CHAT NOIR」，這是一句法語，意為「黑貓」。展覽的設計風格帶有濃厚的藝術氛圍，展覽牆上還有一些英文字母和標語，例如「We live in a rainbow of chaos」和「Paul Cézanne」，這些可能是展覽的主題或相關藝術家的介紹。

3. 展覽場地內的觀眾們坐在地上，他們圍繞著展覽牆，聚精會神地觀看展覽。展覽牆上掛有大尺寸的圖片，圖片中展示了不同時期的藝術家和表演者。展覽的主題似乎是關於「LE CHAT NOIR」，這是一句法語，意為「黑貓」。展覽的設計風格帶有濃厚的藝術氛圍，展覽牆上還有一些英文字母和標語，例如「We live in a rainbow of chaos」和「Paul Cézanne」，這些可能是展覽的主題或相關藝術家的介紹。展覽場地內的燈光柔和，營造出一種溫馨的氛圍，讓觀眾能夠更好地欣賞展覽。"
origin_dataset/IMG_20200215_150320_043.jpg,"1. 一張麥當勞的餐點照片，桌上有麥香雞漢堡、雞塊薯條和一杯飲料。漢堡包外層是綠色的，上面寫著「麥香雞漢堡」。薯條放在一側，附有醬料包。飲料杯是白色，上面有黃色的M字標誌。

2. 桌面上擺放著麥當勞的餐點，包括麥香雞漢堡、雞塊薯條和一杯飲料。漢堡包外層是綠色的，上面寫著「麥香雞漢堡」。薯條放在一側，附有醬料包。飲料杯是白色，上面有黃色的M字標誌。

3. 一張麥當勞的餐點照片，桌上有麥香雞漢堡、雞塊薯條和一杯飲料。漢堡包外層是綠色的，上面寫著「麥香雞漢堡」。薯條放在一側，附有醬料包。飲料杯是白色，上面有黃色的M字標誌。背景中可以看到餐廳的桌椅和地板。"
origin_dataset/IMG_20180729_134319_601.jpg,"1. 這張照片展示了一片遼闊的山區風景，遠處的山脈層疊，近處的山丘上覆蓋著茂密的綠色植被。天空中雲層厚重，顏色漸變從淡藍到深藍，給整體景色增添了一絲肅穆的氛圍。在前景中，兩輛黑色的汽車停在路邊，車旁有兩位女性在拍照，似乎在欣賞這片壯麗的自然風景。

2. 照片中，遠處的山脈層疊，山頂被薄薄的雲霧籠罩，遠近山丘上綠意盎然，植被茂盛。天空中雲層厚重，顏色漸變從淡藍到深藍，給整體景色增添了一絲肅穆的氛圍。近景中，兩輛黑色的汽車停在路邊，車旁有兩位女性在拍照，似乎在欣賞這片壯麗的自然風景。

3. 這張照片捕捉到了一片遼闊的山區風景，遠處的山脈層疊，近處的山丘上覆蓋著茂密的綠色植被。天空中雲層厚重，顏色漸變從淡藍到深藍，給整體景色增添了一絲肅穆的氛圍。在前景中，兩輛黑色的汽車停在路邊，車旁有兩位女性在拍照，似乎在欣賞這片壯麗的自然風景。"
origin_dataset/DSC_0005(1)(1).JPG,"1. 一橋橫跨於水面上，橋身點綴著五彩繽紛的燈光，反射在水面上，形成美麗的光景。橋兩側樹木茂盛，樹枝上掛滿了紫色的燈飾，營造出浪漫的氛圍。橋上人來人往，遊客們在橋上走動，享受著夜晚的美麗景色。

2. 晚間的公園，橋上點綴著五彩繽紛的燈光，橋下水面上反射出美麗的光景。橋兩側樹木茂盛，樹枝上掛滿了紫色的燈飾，營造出浪漫的氛圍。橋上人來人往，遊客們在橋上走動，享受著夜晚的美麗景色。

3. 晚間的公園，橋上點綴著五彩繽紛的燈光，橋下水面上反射出美麗的光景。橋兩側樹木茂盛，樹枝上掛滿了紫色的燈飾，營造出浪漫的氛圍。橋上人來人往，遊客們在橋上走動，享受著夜晚的美麗景色。"
origin_dataset/IMG_20211225_194423_677.jpg,"1. 這幅畫是一幅以鉛筆繪製的肖像畫，畫中人物為一位留有鬍鬚的男性。畫家通過細膩的筆觸表現出人物的面部特徵，包括濃密的眉毛、深邃的眼睛、挺拔的鼻樑以及鬍鬚的細節。畫作的背景簡單，突出了人物的面部特徵，整體風格簡潔而真實。

2. 這幅肖像畫採用鉛筆繪製，表現出一位留有鬍鬚的男性。畫家通過細膩的筆觸表現出人物的面部特徵，包括濃密的眉毛、深邃的眼睛、挺拔的鼻樑以及鬍鬚的細節。畫作的背景簡單，突出了人物的面部特徵，整體風格簡潔而真實，表現出一種靜謐而沉穩的氛圍。

3. 這幅畫是一幅以鉛筆繪製的肖像畫，畫中人物為一位留有鬍鬚的男性。畫家通過細膩的筆觸表現出人物的面部特徵，包括濃密的眉毛、深邃的眼睛、挺拔的鼻樑以及鬍鬚的細節。畫作的背景簡單，突出了人物的面部特徵，整體風格簡潔而真實，表現出一種靜謐而沉穩的氛圍。"
origin_dataset/1529166208151.jpg,"1. 這張照片捕捉了畢業典禮的歡樂時刻，背景是一座現代建築，建築的設計獨特，頂部呈尖塔狀，玻璃窗反射著天空的藍色。眾多畢業生身著學士服，頭戴學士帽，面帶笑容，與家人朋友合影留念。場景中還有一些觀眾撐著雨傘，似乎是在等待或觀看儀式。天空晴朗，綠樹成蔭，整個場景充滿了慶祝和歡樂的氛圍。

2. 這張照片展示了畢業典禮的場景，背景是一座現代建築，建築的設計獨特，頂部呈尖塔狀，玻璃窗反射著天空的藍色。眾多畢業生身著學士服，頭戴學士帽，面帶笑容，與家人朋友合影留念。場景中還有一些觀眾撐著雨傘，似乎是在等待或觀看儀式。天空晴朗，綠樹成蔭，整個場景充滿了慶祝和歡樂的氛圍。

3. 這張照片捕捉了畢業典禮的歡樂時刻，背景是一座現代建築，建築的設計獨特，頂部呈尖塔狀，玻璃窗反射著天空的藍色。眾多畢業生身著學士服，頭戴學士帽，面帶笑容，與家人朋友合影留念。場景中還有一些觀眾撐著雨傘，似乎是在等待或觀看儀式。天空晴朗，綠樹成蔭，整個場景充滿了慶祝和歡樂的氛圍。"
origin_dataset/IMG_20210423_185352_634.jpg,"1. 一群身穿迷彩軍裝的士兵們，他們站在一起，面帶微笑，似乎是在拍攝合影。背景中可以看到一些軍用設施，如床鋪和牆上的時鐘。士兵們的姿態各異，有站著的，有蹲著的，表情從開心到略顯肅穆，但整體氛圍還是相當和藹可親。

2. 這張照片捕捉到了一群士兵的團體照，他們都穿着迷彩軍服，面帶微笑，似乎是在一個軍事設施內。背景中可以看到一些軍用床鋪和牆上的時鐘，顯示出他們可能是在休息室或宿舍內。士兵們的姿態和表情各不相同，有站著的，有蹲著的，但他們都看起來很和藹可親，似乎在享受這段共處的時光。

3. 這張照片展示了一群士兵的團體照，他們都身穿迷彩軍服，面帶微笑，似乎是在一個軍事設施內。背景中可以看到一些軍用床鋪和牆上的時鐘，顯示出他們可能是在休息室或宿舍內。士兵們的姿態和表情各不相同，有站著的，有蹲著的，但他們都看起來很和藹可親，似乎在享受這段共處的時光。照片中還有一些表情圖標，顯示出他們可能在分享這段經歷時感到開心或感動。"
origin_dataset/IMG20220313112235.jpg,"1. 一塊紅色的三角形鐵架矗立在一片廣闊的沙灘上，背景是湛藍的天空和遙遠的海面。三角形鐵架的邊緣鮮明，與周圍的自然環境形成鮮明對比。沙灘上散落著幾塊大小不一的岩石，這些岩石的顏色和形狀各異，與鐵架形成有趣的組合。遠處的海面波光粼粼，天空中幾朵稀疏的雲彩為整幅畫面增添了一絲動感。

2. 在一片廣闊的沙灘上，一塊紅色的三角形鐵架矗立其中，成為這片自然風景中的焦點。鐵架的邊緣鮮明，與周圍的自然環境形成鮮明對比。沙灘上散落著幾塊大小不一的岩石，這些岩石的顏色和形狀各異，與鐵架形成有趣的組合。遠處的海面波光粼粼，天空中幾朵稀疏的雲彩為整幅畫面增添了一絲動感。這塊鐵架可能是藝術裝置，用來引導遊客的視線，同時也為這片自然風景增添了一絲現代感。

3. 一塊紅色的三角形鐵架矗立在一片廣闊的沙灘上，背景是湛藍的天空和遙遠的海面。三角形鐵架的邊緣鮮明，與周圍的自然環境形成鮮明對比。沙灘上散落著幾塊大小不一的岩石，這些岩石的顏色和形狀各異，與鐵架形成有趣的組合。遠處的海面波光粼粼，天空中幾朵稀疏的雲彩為整幅畫面增添了一絲動感。這塊鐵架可能是藝術裝置，用來引導遊客的視線，同時也為這片自然風景增添了一絲現代感。"
origin_dataset/1529165694385.jpg,"1. 這張照片中有兩位畢業生，他們穿着黑色的畢業袍，頭戴學士帽，站在一座現代建築前。背景中可以看到許多其他畢業生和觀眾，他們似乎正在參加一個盛大的畢業典禮。建築的設計獨特，由玻璃和鋼構組成，頂部呈尖塔狀，周圍是茂密的綠樹和藍天。兩位畢業生面帶微笑，其中一位比出勝利的手勢，顯得非常開心和自豪。

2. 這張照片捕捉到了一個重要的畢業典禮時刻。前景中有兩位畢業生，他們身著正式的畢業服裝，頭戴學士帽，站在一座現代建築前。建築的設計非常獨特，由玻璃和鋼構組成，頂部呈尖塔狀，周圍是茂密的綠樹和藍天。背景中可以看到許多其他畢業生和觀眾，他們似乎正在參加一個盛大的畢業典禮。兩位畢業生面帶微笑，其中一位比出勝利的手勢，顯得非常開心和自豪。

3. 這張照片展示了兩位畢業生在一個盛大的畢業典禮上。他們身著黑色的畢業袍，頭戴學士帽，站在一座現代建築前。建築的設計非常獨特，由玻璃和鋼構組成，頂部呈尖塔狀，周圍是茂密的綠樹和藍天。背景中可以看到許多其他畢業生和觀眾，他們似乎正在參加一個盛大的畢業典禮。兩位畢業生面帶微笑，其中一位比出勝利的手勢，顯得非常開心和自豪。"
origin_dataset/IMG20220317145856.jpg,"1. 海浪拍打著海岸，激起白色的浪花，沙灘上散落著一些貝殼。遠處的海平面上，一座孤島隱約可見，天空陰沉，雲層厚重，整體氣氛略顯肅穆。

2. 沙灘上，海浪輕柔地拍打著，激起細碎的浪花。遠處，一座孤島在海平面上若隱若現，天空灰蒙蒙的，雲層厚重，海面波光粼粼，散發出一種寧靜而孤寂的氣息。

3. 海浪輕撫著沙灘，激起細小的浪花，散落的貝殼在沙灘上顯得格外突出。遠處，一座孤島隱約可見，天空灰暗，雲層厚重，海面波光粼粼，整體氣氛略顯肅穆。"
origin_dataset/20240128_130608.jpg,"1. 這間餐廳的裝潢採用現代簡約風格，牆壁鋪有磚紋裝飾，營造出溫馨的氛圍。餐廳內設有大面積的落地窗，透過玻璃窗可以看到戶外的綠色植物和建築，自然光線充足，讓整個空間顯得明亮而通透。餐廳內的桌椅設計簡潔，以木質和鐵質為主，搭配現代感的吊燈，營造出現代簡約的用餐氛圍。

2. 餐廳內部的裝修風格以現代簡約為主，牆壁採用磚紋裝飾，營造出溫馨的用餐環境。餐廳內設有大面積的落地窗，透過玻璃窗可以看到戶外的綠色植物和建築，自然光線充足，使得整個空間顯得明亮而通透。餐廳內的桌椅設計簡潔，以木質和鐵質為主，搭配現代感的吊燈，營造出現代簡約的用餐氛圍。此外，餐廳內還設有幾盞吊燈，燈光柔和，為用餐者帶來舒適的用餐體驗。

3. 這間餐廳的裝潢採用現代簡約風格，牆壁鋪有磚紋裝飾，營造出溫馨的氛圍。餐廳內設有大面積的落地窗，透過玻璃窗可以看到戶外的綠色植物和建築，自然光線充足，讓整個空間顯得明亮而通透。餐廳內的桌椅設計簡潔，以木質和鐵質為主，搭配現代感的吊燈，營造出現代簡約的用餐氛圍。此外，餐廳內還設有幾盞吊燈，燈光柔和，為用餐者帶來舒適的用餐體驗。餐廳內部還設有幾盞吊燈，燈光柔和，營造出溫馨的用餐氛圍。"
origin_dataset/20240322_115805.jpg,"1. 一隻毛色為深灰色的卷毛狗，正站在室內的地板上，地板由淺色的方磚鋪成。狗的尾巴向上翹起，身體朝向右側，頭部稍微低垂，眼睛直視著前方。狗的身邊有一個綠色的包，包的邊緣有黑色的縫線。在狗的後方，可以看到一雙穿著淺色褲子和黑色鞋子的腳。

2. 地板上有一隻毛色為深灰色的卷毛狗，狗的尾巴向上翹起，身體朝向右側，頭部稍微低垂，眼睛直視著前方。狗的身邊有一個綠色的包，包的邊緣有黑色的縫線。在狗的後方，可以看到一雙穿著淺色褲子和黑色鞋子的腳。地板由淺色的方磚鋪成，地板的邊緣有一條深色的縫隙。

3. 一隻毛色為深灰色的卷毛狗，正站在室內的地板上，地板由淺色的方磚鋪成。狗的尾巴向上翹起，身體朝向右側，頭部稍微低垂，眼睛直視著前方。狗的身邊有一個綠色的包，包的邊緣有黑色的縫線。在狗的後方，可以看到一雙穿著淺色褲子和黑色鞋子的腳。地板的邊緣有一條深色的縫隙，與地板的淺色形成對比。"
origin_dataset/IMG20220305123256.jpg,"1. 這是一張展示了一條石板路的圖片。路兩旁種滿了茂盛的樹木，樹冠幾乎遮蓋了整條路，只留下一些光線透進來。路的盡頭有一個高大的建築物，建築物的頂部有一個鐘。路的兩側有幾個人在行走，背景中還可以看到一些建築物。

2. 圖片中有一條石板路，兩旁是茂密的樹木，樹冠幾乎完全遮蓋了道路。路的盡頭有一個高大的建築物，建築物的頂部有一個鐘。路的兩側有幾個人在行走，背景中還可以看到一些建築物。路的兩側的樹木看起來非常茂盛，樹幹粗壯，樹葉茂密。

3. 這張圖片展示了一條石板路，兩旁是茂盛的樹木，樹冠幾乎遮蓋了整條路。路的盡頭有一個高大的建築物，建築物的頂部有一個鐘。路的兩側有幾個人在行走，背景中還可以看到一些建築物。路的兩側的樹木看起來非常茂盛，樹幹粗壯，樹葉茂密。建築物看起來像是學校或公園的建築，周圍環境非常寧靜。"
origin_dataset/20230805_175911.jpg,"1. 天空湛藍，雲層稀疏，幾朵蓬鬆的雲朵在空中飄浮，遠處的建築物和樹木在夕陽的餘暉下顯得格外鮮明。

2. 空氣中瀰漫著一種寧靜的氛圍，遠處的建築物和樹木在夕陽的照耀下顯得格外鮮明，天空中飄浮著幾朵蓬鬆的雲朵，遠處的建築物和樹木在夕陽的餘暉下顯得格外鮮明。

3. 天空湛藍，雲層稀疏，幾朵蓬鬆的雲朵在空中飄浮，遠處的建築物和樹木在夕陽的餘暉下顯得格外鮮明，遠處的建築物和樹木在夕陽的餘暉下顯得格外鮮明。"
origin_dataset/IMG20220312141008.jpg,"1. 海邊的路旁有一棵樹，樹下停着一輛黑色的車。路旁的護欄邊緣有幾塊石頭，護欄外是一片沙灘，沙灘邊是海浪拍打的聲音。遠處可以看到一些建築物和山丘，天空藍得透徹，幾只鳥在空中飛翔。

2. 一輛黑色的車停在海邊的路旁，樹下。路旁的護欄邊緣有幾塊石頭，護欄外是一片沙灘，沙灘邊是海浪拍打的聲音。遠處可以看到一些建築物和山丘，天空藍得透徹，幾只鳥在空中飛翔。路旁的樹葉在微風中輕輕搖曳。

3. 海邊的路旁有一棵樹，樹下停着一輛黑色的車。路旁的護欄邊緣有幾塊石頭，護欄外是一片沙灘，沙灘邊是海浪拍打的聲音。遠處可以看到一些建築物和山丘，天空藍得透徹，幾只鳥在空中飛翔。路旁的樹葉在微風中輕輕搖曳，遠處的山丘在陽光下顯得格外清晰。"
origin_dataset/IMG20220303232051.jpg,"1. 這張照片展示了一個夜晚的城市公園景觀。公園內有一條小河，河面反射著周圍的燈光，形成美麗的倒影。兩旁種植了高大的樹木，樹葉在夜色中顯得深邃而幽靜。遠處可以看到一些建築物的燈光，建築物的外牆上掛有招牌，發出柔和的光線。公園內有幾個人在散步，享受著夜晚的寧靜與美麗。

2. 照片中，一個城市的公園在夜晚的光線下顯得格外寧靜。公園內有一條小河，河面反射著周圍的燈光，形成一道道美麗的光線。兩旁的樹木在夜色中顯得格外高大，樹葉在微風中輕輕搖曳。遠處的建築物發出柔和的光線，建築物的外牆上掛有招牌，發出溫暖的光線。公園內有幾個人在散步，享受著夜晚的寧靜與美麗。

3. 這張照片捕捉到了一個城市的公園在夜晚的氛圍。公園內有一條小河，河面反射著周圍的燈光，形成一道道美麗的光線。兩旁的樹木在夜色中顯得格外高大，樹葉在微風中輕輕搖曳。遠處的建築物發出柔和的光線，建築物的外牆上掛有招牌，發出溫暖的光線。公園內有幾個人在散步，享受著夜晚的寧靜與美麗。整體來說，這張照片呈現出一個寧靜而美麗的城市公園夜景。"
origin_dataset/IMG20220313112745.jpg,"1. 海灘上散落著大小不一的石頭，沙灘上沒有明顯的腳印，遠處的海面波濤洶涌，天空湛藍，幾朵雲彩飄浮在天邊，遠處的山脈若隱若現。

2. 沙灘上散落著石頭，遠處的海面波濤洶涌，天空湛藍，幾朵雲彩飄浮在天邊，遠處的山脈若隱若現，海邊有幾個人在活動。

3. 海灘上散落著石頭，遠處的海面波濤洶涌，天空湛藍，幾朵雲彩飄浮在天邊，遠處的山脈若隱若現，海邊有幾個人在活動，沙灘上沒有明顯的腳印。"
origin_dataset/IMG20220220155937.jpg,"1. 三幅畫作分別展示了一位畫家在畫布前作畫、一位女子手持花束站在花園中以及一個充滿鮮花的花園。畫面色彩鮮豔，充滿了印象派的風格，表現了自然的美麗與生動。

2. 這三幅畫作分別呈現了不同的場景：一位畫家在繪製作品，一位女子手持鮮花，以及一個充滿鮮花的花園。畫面色彩豐富，表現了自然的美麗與生動，是典型的印象派風格。

3. 這三幅畫作分別展示了不同的主題：一位畫家在繪製作品，一位女子手持鮮花，以及一個充滿鮮花的花園。畫面色彩鮮豔，表現了自然的美麗與生動，是典型的印象派風格。"
origin_dataset/20240413_171807.jpg,"1. 一輛車停在紅燈前，車頂的天線在微風中輕微搖晃。遠處的建築物在落日餘暉的映照下，顯得格外鮮明。天空中，一輪圓滿的太陽正徐徐西沉，散發出溫暖的光芒。路燈的光線開始漸漸亮起，為這片城市景象增添了一絲溫馨。

2. 紅燈前的車流緩慢，車頂的天線隨風輕擺。遠處的建築物在落日的餘暉中顯得格外鮮明。天空中，一輪圓滿的太陽正徐徐西沉，散發出溫暖的光芒。路燈的光線開始漸漸亮起，為這片城市景象增添了一絲溫馨。

3. 紅燈前的車流緩慢，車頂的天線隨風輕擺。遠處的建築物在落日的餘暉中顯得格外鮮明。天空中，一輪圓滿的太陽正徐徐西沉，散發出溫暖的光芒。路燈的光線開始漸漸亮起，為這片城市景象增添了一絲溫馨。"
origin_dataset/20230826_150758.jpg,"1. 一座現代感十足的拱橋橫跨在河上，橋身以白色為主，橋面寬敞，兩側設有欄杆，橋上有人行走。橋的設計獨特，橋面呈弧形，兩端向天空延伸，橋下是清澈的河流，兩岸綠樹成蔭，遠處是高樓林立的城市建築群，天空藍白相間，雲層稀疏。

2. 橋上兩個人並肩而行，他們的背影在橋上形成一道動態的線條。橋的兩側是綠色的植被，橋下是靜謐的河流，橋的遠端是現代化的建築群，建築高聳入雲，建築的顏色以淺黃和藍色為主，天空中雲彩稀疏，藍天與白色雲朵交相輝映。

3. 橋的設計充滿了現代感，橋身以白色為主，橋面寬敞，兩側設有欄杆，橋上有人行走。橋的兩側是綠色的植被，橋下是清澈的河流，橋的遠端是現代化的建築群，建築高聳入雲，建築的顏色以淺黃和藍色為主，天空中雲彩稀疏，藍天與白色雲朵交相輝映。橋的設計獨特，橋面呈弧形，兩端向天空延伸，橋的兩側是綠色的植被，橋下是清澈的河流，橋的遠端是現代化的建築群，建築高聳入雲，建築的顏色以淺黃和藍色為主，天空中雲彩稀疏，藍天與白色雲朵交相輝映。"
origin_dataset/20240705_120358.jpg,"1. 這張照片展示了一個城市街景，建築物密集，建築外牆顏色多樣，有綠色、白色和灰色等。建築物上掛有廣告牌，上面寫有「DAIKIN」等字樣，顯示出商業活動的繁忙。建築物之間的空間較小，電線橫跨在建築之間，顯示出都市的複雜結構。天空藍色，有幾朵雲，顯示出晴朗的天氣。

2. 照片中，建築物層層疊疊，建築外牆顏色豐富，有綠色、白色和灰色等。建築物上掛有廣告牌，上面寫有「DAIKIN」等字樣，顯示出商業活動的繁忙。建築之間的空間狹窄，電線橫跨在建築之間，顯示出都市的複雜結構。天空藍色，有幾朵雲，顯示出晴朗的天氣。

3. 這張照片捕捉到了一個城市街景，建築物密集，建築外牆顏色多樣，有綠色、白色和灰色等。建築物上掛有廣告牌，上面寫有「DAIKIN」等字樣，顯示出商業活動的繁忙。建築之間的空間狹窄，電線橫跨在建築之間，顯示出都市的複雜結構。天空藍色，有幾朵雲，顯示出晴朗的天氣。"
origin_dataset/20240714_160030.jpg,"1. 這間餐廳的裝潢採用現代簡約風格，牆壁為白色，窗戶採用大面積玻璃設計，透出室內的裝飾。窗戶上方的玻璃窗框內有精美的彩色玻璃裝飾，增添了一絲藝術感。餐廳內的燈光柔和，吊燈和壁燈相得益彰，營造出溫馨的用餐氛圍。餐廳的座位區採用藍色的軟墊椅，搭配深色的木桌，整體佈局井然有序，給人一種舒適的用餐體驗。

2. 餐廳的裝飾風格融合了現代與古典元素，窗戶上方的彩色玻璃窗框是這間餐廳的一大特色，窗框內的彩色玻璃圖案設計精緻，為餐廳增添了一絲藝術氣息。餐廳內的燈光設計也很獨特，吊燈和壁燈的搭配既現代又不失溫馨。餐廳的座位區採用藍色的軟墊椅，搭配深色的木桌，整體佈局既現代又不失古典風情，給人一種高雅的用餐體驗。

3. 這間餐廳的裝潢採用現代簡約風格，牆壁為白色，窗戶採用大面積玻璃設計，透出室內的裝飾。窗戶上方的玻璃窗框內有精美的彩色玻璃裝飾，增添了一絲藝術感。餐廳內的燈光柔和，吊燈和壁燈相得益彰，營造出溫馨的用餐氛圍。餐廳的座位區採用藍色的軟墊椅，搭配深色的木桌，整體佈局井然有序，給人一種舒適的用餐體驗。窗戶上方的彩色玻璃窗框是這間餐廳的一大特色，窗框內的彩色玻璃圖案設計精緻，為餐廳增添了一絲藝術氣息。餐廳內的燈光設計也很獨特，吊燈和壁燈的搭配既現代又不失溫馨。"
origin_dataset/IMG20220314195048.jpg,"1. 這是一條夜晚的市場，兩旁是各式各樣的攤位，招牌上寫著中文，顯示出當地的特色。地面上鋪有黑白相間的地磚，燈光從上方垂下，營造出溫馨的氛圍。市場內有幾位行人，他們在攤位前閒逛，似乎在尋找商品或食物。市場的建築物外牆是磚砌的，牆上掛有廣告牌，上面寫著不同的廣告信息。市場的盡頭有一個指示牌，上面寫著廁所和垃圾桶的位置，並用箭頭標示方向。

2. 這是一個室內的市場，夜晚時分，燈光從上方垂下，營造出溫馨的氛圍。市場內鋪有黑白相間的地磚，兩旁是各式各樣的攤位，招牌上寫著中文，顯示出當地的特色。市場內有幾位行人，他們在攤位前閒逛，似乎在尋找商品或食物。市場的建築物外牆是磚砌的，牆上掛有廣告牌，上面寫著不同的廣告信息。市場的盡頭有一個指示牌，上面寫著廁所和垃圾桶的位置，並用箭頭標示方向。

3. 這是一個室內的市場，夜晚時分，燈光從上方垂下，營造出溫馨的氛圍。市場內鋪有黑白相間的地磚，兩旁是各式各樣的攤位，招牌上寫著中文，顯示出當地的特色。市場內有幾位行人，他們在攤位前閒逛，似乎在尋找商品或食物。市場的建築物外牆是磚砌的，牆上掛有廣告牌，上面寫著不同的廣告信息。市場的盡頭有一個指示牌，上面寫著廁所和垃圾桶的位置，並用箭頭標示方向。市場內的攤位上掛有各種商品，包括食品、日用品等，顯示出當地的多元文化。"
origin_dataset/IMG20220316141306.jpg,"1. 這張照片展示了一片寧靜的湖泊，湖水清澈，反射著天空的雲彩。湖邊是茂密的綠樹，遠處可以看到一些建築物和山丘，天空中雲層密布，給整體景色增添了一絲肅穆的氛圍。

2. 照片中，一望無際的湖泊佔據了視野的中心，湖水靜謐，倒映著上方的雲層。周圍是茂盛的樹木和草地，遠處隱約可見建築物和山丘，天空陰沉，雲層厚重，給人一種平靜而略帶憂鬱的感覺。

3. 這張照片捕捉到了一個寧靜的自然景觀，湖水清澈，反射著上方的雲層。周圍是茂密的樹木和草地，遠處隱約可見建築物和山丘，天空陰沉，雲層厚重，給整體景色增添了一絲肅穆的氛圍。"
origin_dataset/IMG20220425151645.jpg,"1. 這是一張鐵路車站的照片，顯示了一個空曠的月台。月台上鋪設了水泥地面，邊緣有黃色的防滑條。月台兩側設有鐵軌，鐵軌上方有電纜線路。背景中可以看到一些建築物，建築物外牆為淺色，窗戶排列整齊。天空晴朗，有幾朵雲彩漂浮在空中。

2. 照片中展示了一個鐵路車站的月台，月台的水泥地面上有裂縫。月台兩側設有鐵軌，鐵軌上方有電纜線路。月台旁邊有幾根燈柱，燈柱上掛有標誌牌。背景中可以看到一些建築物，建築物外牆為淺色，窗戶排列整齊。天空晴朗，有幾朵雲彩漂浮在空中。

3. 這張照片捕捉到了一個鐵路車站的月台，月台的水泥地面上有裂縫。月台兩側設有鐵軌，鐵軌上方有電纜線路。月台旁邊有幾根燈柱，燈柱上掛有標誌牌。背景中可以看到一些建築物，建築物外牆為淺色，窗戶排列整齊。天空晴朗，有幾朵雲彩漂浮在空中。月台上沒有任何乘客或列車，顯得非常空曠。"
origin_dataset/20231215_163755.jpg,"1. 夕陽西下，天空中雲層層疊，散發出柔和的黃色光芒。遠處的建築物在夕陽的照耀下顯得格外鮮明，建築的輪廓在落日餘暉中若隱若現。路燈和交通號誌在夜幕降臨前發出微弱的光亮，為街道帶來了一絲溫暖。

2. 夕陽的餘暉灑在城市上空，天空中雲層層疊，散發出柔和的黃色光芒。建築物在夕陽的照耀下顯得格外鮮明，建築的輪廓在落日餘暉中若隱若現。路燈和交通號誌在夜幕降臨前發出微弱的光亮，為街道帶來了一絲溫暖。

3. 夕陽西下，天空中雲層層疊，散發出柔和的黃色光芒。建築物在夕陽的照耀下顯得格外鮮明，建築的輪廓在落日餘暉中若隱若現。路燈和交通號誌在夜幕降臨前發出微弱的光亮，為街道帶來了一絲溫暖。"
origin_dataset/line_1551176151158.jpg,"1. 這是一盤炒飯，上面有碎黃色的碎屑，可能是蝦皮或海苔碎。炒飯中還可以看到綠色的蔥花和一些肉絲，看起來很香。

2. 盤子是白色的，放在一個淺色的木桌上。炒飯堆得很高，幾乎要溢出盤子。盤子上還有一個綠色的星星形狀的餐具。

3. 炒飯的底部看起來比較乾，而上面的部分則比較濕潤，可能是因為炒飯在盤子上堆積時間較長，導致底部乾燥，而上面的部分因為熱度散失而比較濕潤。"
origin_dataset/20240721_155837.jpg,"1. 這張照片是在健身房拍攝的，背景中可以看到多種健身器材，包括紅色的重量訓練機器和黑色的單槓。地面上有一個白色的水壺。照片中的人穿着黑色的運動褲和白色運動鞋，頭戴一頂黑色的帽子，上身只穿著一件深色的背心，正在用手機自拍。

2. 照片中的人站在健身房內，周圍是各種健身器材，包括紅色的重量訓練機器和黑色的單槗。地面上有一個白色的水壺。他頭戴一頂黑色的帽子，上身只穿著一件深色的背心，下身是黑色的運動褲，腳穿著白色運動鞋，正在用手機自拍。

3. 這張照片是在健身房拍攝的，背景中可以看到多種健身器材，包括紅色的重量訓練機器和黑色的單槗。地面上有一個白色的水壺。照片中的人頭戴一頂黑色的帽子，上身只穿著一件深色的背心，下身是黑色的運動褲，腳穿著白色運動鞋，正在用手機自拍。"
origin_dataset/IMG20211016222250.jpg,"1. 這幅畫是一幅水彩畫，畫中繪製了幾種蔬菜。畫面中央有一個大大的白色蔬菜，可能是大白菜或蘿蔔，其葉子部分用綠色繪製。在蔬菜的左側，有一個綠色的圓形蔬菜，可能是青椒。在蔬菜的右側，有一個紅色的圓形蔬菜，可能是番茄。在蔬菜的下方，還有三個小圓形蔬菜，可能是小番茄或櫻桃番茄。整幅畫的背景是淡色的，並沒有特別的背景元素。

2. 這幅水彩畫展示了多種蔬菜的圖案。畫面的中心是一個大而白色的蔬菜，可能是大白菜或蘿蔔，其葉子部分用綠色繪製。在這個蔬菜的左側，有一個綠色的圓形蔬菜，可能是青椒。在這個蔬菜的右側，有一個紅色的圓形蔬菜，可能是番茄。在蔬菜的下方，還有三個小圓形蔬菜，可能是小番茄或櫻桃番茄。整幅畫的背景是淡色的，並沒有特別的背景元素。

3. 這幅水彩畫中，畫家以淡色背景為基礎，繪製了幾種蔬菜。畫面中央有一個大而白色的蔬菜，可能是大白菜或蘿蔔，其葉子部分用綠色繪製。在這個蔬菜的左側，有一個綠色的圓形蔬菜，可能是青椒。在這個蔬菜的右側，有一個紅色的圓形蔬菜，可能是番茄。在蔬菜的下方，還有三個小圓形蔬菜，可能是小番茄或櫻桃番茄。整幅畫的背景是淡色的，並沒有特別的背景元素。"
origin_dataset/IMG20220317135023.jpg,"1. 這張照片展示了一個位於沙灘上的建築物，建築物前方有一片廣闊的沙灘，沙灘上散落著幾位遊客。建築物的外觀為黃色，前方有幾棵棕櫚樹，背景是綠意盎然的山丘和陰沉的天空。

2. 照片中，建築物的設計獨特，建築物前方有一個寬敞的沙灘，沙灘上散落著幾位遊客。建築物的外觀為黃色，前方有幾棵棕櫚樹，背景是綠意盎然的山丘和陰沉的天空。

3. 這張照片捕捉到了一個沙灘上的建築物，建築物前方有一片廣闊的沙灘，沙灘上散落著幾位遊客。建築物的外觀為黃色，前方有幾棵棕櫚樹，背景是綠意盎然的山丘和陰沉的天空。建築物的設計獨特，前方有一個寬敞的沙灘，沙灘上散落著幾位遊客。"
origin_dataset/IMG20220313114254.jpg,"1. 一位年輕男子站在一個巨大的紅色框架前，背景是藍天和大海。他穿着一件黑色外套、白色T恤和藍色牛仔褲，腳上是白色運動鞋。框架位於一塊岩石和綠草地之間，遠處可以看到其他遊客在海邊活動。

2. 這張照片展示了一個年輕人站在一個紅色框架前，框架位於一個岩石和綠草地之間。背景是藍天和大海，遠處有其他遊客在海邊活動。男子穿著黑色外套、白色T恤和藍色牛仔褲，腳上是白色運動鞋。

3. 一位年輕男子站在一個紅色框架前，背景是藍天和大海。框架位於一塊岩石和綠草地之間，遠處可以看到其他遊客在海邊活動。男子穿著黑色外套、白色T恤和藍色牛仔褲，腳上是白色運動鞋。"
origin_dataset/1554172210966.jpg,"1. 這輛車停在地下停車場，車色為藍色，車型為Jaguar F-Type。車頭裝有Jaguar的標誌，車身流線型設計，車輪為黑色，輪圈為黑色，車窗為黑色。車牌號碼為AXC1256。

2. 地下停車場的標誌顯示B5-E，停車場內有多輛車輛，車輛停在不同的位置。停車場的牆壁為綠色和白色，牆壁上有標誌顯示B5-E和B5-D。停車場的天花板為白色，天花板上有燈管和管道。

3. 車輛停在地下停車場的B5-E位置，停車場內有多輛車輛，車輛停在不同的位置。停車場的牆壁為綠色和白色，牆壁上有標誌顯示B5-E和B5-D。停車場的天花板為白色，天花板上有燈管和管道。車輛為藍色的Jaguar F-Type，車頭裝有Jaguar的標誌，車身流線型設計，車輪為黑色，輪圈為黑色，車窗為黑色。車牌號碼為AXC1256。"
origin_dataset/IMG_20181220_004700_079.jpg,"1. 這張圖片顯示了一台電腦螢幕，螢幕上顯示了一個MATLAB的程式碼和一個圖表。程式碼部分顯示了MATLAB的編輯器界面，其中包含了一些程式碼片段，例如`for i=1:nmax`和`plot(v,E)`等指令。圖表部分則是一個複雜的線條圖，顯示了能量E與v的關係，圖表的X軸標示為v，Y軸標示為能量E。圖表下方還標註了v的範圍為-1到3，以及能量E的範圍為-4到4。螢幕下方有一個藍色的字幕，上面寫著「終於跑跑出來了」，並附有三個大笑的表情符號。

2. 這張圖片捕捉到了一個電腦螢幕的畫面，螢幕上顯示的是MATLAB的程式碼和一個複雜的線條圖。程式碼部分位於螢幕的左側，顯示了MATLAB編輯器的界面，其中包含了一些程式碼片段，例如`for i=1:nmax`和`plot(v,E)`等指令。線條圖部分則位於螢幕的右側，顯示了能量E與v的關係，圖表的X軸標示為v，Y軸標示為能量E。圖表下方還標註了v的範圍為-1到3，以及能量E的範圍為-4到4。螢幕下方有一個藍色的字幕，上面寫著「終於跑跑出來了」，並附有三個大笑的表情符號。

3. 這張圖片展示了一台電腦螢幕，螢幕上同時顯示了MATLAB的程式碼和一個複雜的線條圖。程式碼部分位於螢幕的左側，顯示了MATLAB編輯器的界面，其中包含了一些程式碼片段，例如`for i=1:nmax`和`plot(v,E)`等指令。線條圖部分則位於螢幕的右側，顯示了能量E與v的關係，圖表的X軸標示為v，Y軸標示為能量E。圖表下方還標註了v的範圍為-1到3，以及能量E的範圍為-4到4。螢幕下方有一個藍色的字幕，上面寫著「終於跑跑出來了」，並附有三個大笑的表情符號。"
origin_dataset/20240727_164954.jpg,"1. 一羣音樂家在音樂廳的舞台上合影，他們穿着正式的黑色服裝，手持樂器，背景是木質的牆面和燈光，場景充滿了專業和正式的氛圍。

2. 這張照片捕捉到了一群音樂家在音樂廳的舞台上，他們排成一排，手持樂器，面帶微笑，似乎剛剛完成了一場演出。背景的燈光和木質牆面為整體增添了溫馨的氛圍。

3. 這張照片展示了音樂廳舞台上的一群音樂家，他們排成一排，手持樂器，面帶微笑，背景是木質的牆面和燈光，場景充滿了專業和正式的氛圍。"
origin_dataset/1528649974107.jpg,"1. 兩位畢業生身著學士服，頭戴學士帽，站在一片綠草地上，背景是高大的建築物。他們面帶微笑，雙手交握，似乎在慶祝畢業的時刻。周圍有許多其他畢業生和觀眾，他們似乎在等待畢業典禮的開始或結束。

2. 這張照片捕捉到了畢業典禮的瞬間，兩位畢業生站在一片綠色的草地上，背景是高大的建築物。他們身著學士服，頭戴學士帽，面帶微笑，雙手交握，顯得非常開心。周圍的其他畢業生和觀眾則在等待或觀看儀式。

3. 這張照片展示了畢業典禮的場景，兩位畢業生站在一片綠色的草地上，背景是高大的建築物。他們身著學士服，頭戴學士帽，面帶微笑，雙手交握，顯得非常開心。周圍的其他畢業生和觀眾則在等待或觀看儀式。這張照片捕捉到了畢業生們慶祝畢業的時刻，充滿了歡樂和喜悅。"
origin_dataset/IMG_20190614_034807_618.jpg,"1. 天花板板都在滴水，可能是因为空調或暖氣系統的冷凝水或漏水。這種情況需要檢查和維修，以確保室內環境的乾燥和健康。

2. 天花板板都在滴水，可能是因爲牆壁或天花板的防水層老化或損壞。這種情況需要專業人員進行檢查和修補，以防止水滲透到牆壁內，造成更嚴重的損壞。

3. 天花板板都在滴水，可能是因爲天花板的排水系統不暢。這種情況需要清理排水管道，確保水能夠順暢排出，避免水積聚在天花板上。"
origin_dataset/20230124_142147.jpg,"1. 一間室內空間，牆壁上掛有紅色的裝飾，上面有兔形圖案和福字。地面鋪有大理石地板，牆壁上有一個裝飾性的紅色花架，上面擺放著一些紅色的裝飾品。空間內有幾個人，其中一個人正在使用手機。

2. 一間室內空間，牆壁上掛有紅色的裝飾，上面有兔形圖案和福字。地面鋪有大理石地板，牆壁上有一個裝飾性的紅色花架，上面擺放著一些紅色的裝飾品。空間內有幾個人，其中一個人正在使用手機。牆壁上還有一塊寫有日文的標牌。

3. 一間室內空間，牆壁上掛有紅色的裝飾，上面有兔形圖案和福字。地面鋪有大理石地板，牆壁上有一個裝飾性的紅色花架，上面擺放著一些紅色的裝飾品。空間內有幾個人，其中一個人正在使用手機。牆壁上還有一塊寫有日文的標牌。空間內的裝飾風格顯得非常喜慶，可能是在慶祝節日。"
origin_dataset/20230721_113652.jpg,"1. 海面上，遠處的貨櫃碼頭和貨櫃船構成了一幅現代化的港口景象。天空湛藍，雲層稀疏，海面波光粼粼，遠處的山丘若隱若現，構成了一幅寧靜而壯麗的海景圖。

2. 這張照片從船艙的窗戶拍攝，窗框的邊緣清晰地顯示在畫面的上部。海面寬廣，水色清澈，遠處的貨櫃碼頭和貨櫃船構成了繁忙的港口景象。天空藍得透徹，雲朵輕盈，遠處的山丘和陸地若隱若現，構成了一幅現代化的海港風景。

3. 這張照片展示了從船艙的窗戶向外看的海景。海面寬廣，水色清澈，遠處的貨櫃碼頭和貨櫃船構成了繁忙的港口景象。天空藍得透徹，雲朵輕盈，遠處的山丘和陸地若隱若現，構成了一幅現代化的海港風景。窗框的邊緣清晰地顯示在畫面的上部，為整體視覺構圖增添了幾分獨特的視覺效果。"
origin_dataset/IMG20220311155115.jpg,"1. 這是一張公園的照片，公園內有幾棵樹，樹葉已經開始變黃，顯示出秋天的氣息。公園內有一棟小屋，可能是公園的管理室或休息室。公園的地面鋪有水泥路，兩旁種有綠色的灌木和樹木。遠處可以看到幾棟高樓，顯示出公園位於城市中。公園的環境非常寧靜，適合散步或休閒。

2. 圖片展示了一個公園的場景，公園內有幾棵樹，樹葉已經開始變黃，顯示出秋天的氣息。公園內有一棟小屋，可能是公園的管理室或休息室。公園的地面鋪有水泥路，兩旁種有綠色的灌木和樹木。遠處可以看到幾棟高樓，顯示出公園位於城市中。公園的環境非常寧靜，適合散步或休閒。

3. 這張照片捕捉到了一個公園的場景，公園內有幾棵樹，樹葉已經開始變黃，顯示出秋天的氣息。公園內有一棟小屋，可能是公園的管理室或休息室。公園的地面鋪有水泥路，兩旁種有綠色的灌木和樹木。遠處可以看到幾棟高樓，顯示出公園位於城市中。公園的環境非常寧靜，適合散步或休閒。"
origin_dataset/1526815311766.jpg,"1. 太陽從樹梢間照射下來，形成耀眼的光線和光斑，樹葉在陽光下顯得鮮明而鮮活。

2. 樹木的枝葉間隙中，陽光穿透而來，形成光束和光斑，散發出一種溫暖而柔和的光芒。

3. 樹木的葉子在陽光的照射下，呈現出鮮豔的綠色，陽光從樹梢間照射下來，形成光束和光斑，散發出一種溫暖而柔和的光芒。"
origin_dataset/11133894_632078273558665_5888411711195613462_n(1)(1).jpg,"1. 三名年輕人站在室內，背景是玻璃窗和牆壁。他們似乎在進行某種活動或討論。其中一名穿著灰色外套和牛仔褲的年輕人正在指著某個方向，另外兩名則在傾聽。他們的腳下是灰色的地板，牆壁上有一個掛鐘。

2. 這張照片捕捉到了三個年輕人在一起的瞬間。他們站在一個室內空間，背景是玻璃窗和牆壁。穿著灰色外套和牛仔褲的年輕人似乎在指導或解釋某件事情，另外兩名年輕人則在聽取他的說明。他們的腳下是灰色的地板，牆壁上有一個掛鐘。

3. 這張照片展示了三個年輕人在室內的場景。他們站在一個有玻璃窗和牆壁的空間裡。穿著灰色外套和牛仔褲的年輕人正在指著某個方向，另外兩名年輕人則在傾聽。他們的腳下是灰色的地板，牆壁上有一個掛鐘。"
origin_dataset/20230720_191211.jpg,"1. 這間餐廳的裝潢採用日式風格，牆壁和檯面均以木質材料為主，營造出溫馨的用餐氛圍。牆上掛有幾幅書法作品，增添了一絲文化氣息。餐廳內的燈光柔和，燈籠形吊燈散發出溫暖的光線，營造出舒適的用餐環境。窗戶旁邊擺放了幾瓶酒，可能是用來搭配餐點的飲品。

2. 餐廳內部設有榻榻米座位，客人可以選擇坐在地上或使用桌上的坐墊。牆壁上掛有幾幅書法作品，書法作品的內容可能是與日本文化相關的詩句或名言。餐廳的裝潢採用木質材料，營造出溫馨的用餐氛圍。窗戶旁邊擺放了幾瓶酒，可能是用來搭配餐點的飲品。

3. 這間餐廳的裝潢採用日式風格，牆壁和檯面均以木質材料為主，營造出溫馨的用餐氛圍。牆上掛有幾幅書法作品，增添了一絲文化氣息。餐廳內的燈光柔和，燈籠形吊燈散發出溫暖的光線，營造出舒適的用餐環境。窗戶旁邊擺放了幾瓶酒，可能是用來搭配餐點的飲品。餐廳內部設有榻榻米座位，客人可以選擇坐在地上或使用桌上的坐墊。"
origin_dataset/IMG20220314203537.jpg,"1. 一盤串燒，包含多種食材，如蝦、蘑菇和圓形的肉丸，均用竹签串起，擺放在白色的一次性紙盤上。盤子放在一張有複雜圖案的桌布上，桌布的顏色為紅色和黃色，圖案類似於書寫的筆跡。

2. 一盤串燒，上面有蝦、蘑菇和肉丸，這些食材被串在竹签上，擺放在一個白色的紙盤上。紙盤放在一張有複雜圖案的桌布上，桌布的顏色為紅色和黃色，圖案類似於書寫的筆跡。

3. 一盤串燒，包含蝦、蘑菇和圓形的肉丸，這些食材被串在竹签上，擺放在一個白色的紙盤上。紙盤放在一張有複雜圖案的桌布上，桌布的顏色為紅色和黃色，圖案類似於書寫的筆跡。"
origin_dataset/IMG20220220145844.jpg,"1. 展覽館內，一位女士和一位小女孩站在一幅巨大的畫作前，畫作上寫著法文和中文的詩句。畫作的背景是藍色的天空和綠色的樹葉，畫面下方有一個城市的鳥瞰圖。小女孩坐在地上，背對著畫作，似乎在專注地觀看。女士則站在她身邊，似乎在向她解釋或講述什麼。

2. 在一個室內展覽空間，一位女士和一位小女孩正靜靜地觀看一幅大型的藝術作品。這幅作品由兩部分組成：左側是法文和中文的詩句，右側則是藍天綠樹的畫面，以及一個城市的鳥瞰圖。女士和小女孩都戴著口罩，女士似乎在向小女孩解釋這幅作品的意義。

3. 展覽館內，一位女士和一位小女孩站在一幅大型的藝術作品前。這幅作品由兩部分組成：左側是法文和中文的詩句，右側則是藍天綠樹的畫面，以及一個城市的鳥瞰圖。女士和小女孩都戴著口罩，女士似乎在向小女孩解釋這幅作品的意義。背景中，可以看到其他參觀者在觀看不同的展品。"
origin_dataset/20240602_163820.jpg,"1. 這本書的內容主要討論了在工作流程中如何有效管理時間和資源，以達到最佳的工作效率。書中強調了在執行工作時，需要仔細思考每一步驟，並記錄下來，以便後續參考和調整。此外，書中還提到，即使在時間不夠的情況下，也可以選擇持續地投入少量時間，以推動目標的達成。這需要一種持續的習慣和規律，即使在時間不夠的時候，也應該堅持下去，不輕易放棄。

2. 本書還介紹了一種時間管理策略，即在時間緊湊的情況下，選擇完成目標，而不是放棄。這種策略有助於我們在有限的時間內，完成更多的工作，並達到預期的目標。書中還提到，這種策略需要我們有足夠的自律和毅力，才能在時間不夠的情況下，堅持下去，不輕易放棄。

3. 除了上述內容，本書還強調了在工作過程中，需要不斷反思和調整自己的工作方法，以提高工作效率。書中提到，我們需要在工作過程中，不斷地收集和整理自己的工作資料，以便後續參考和調整。此外，書中還提到，我們需要在工作過程中，不斷地調整自己的工作方法，以適應不同的工作環境和需求。這需要我們有足夠的靈活性和適應能力，才能在不同的工作環境中，保持高效的工作效率。"
origin_dataset/20240602_161951.jpg,"1. 這是一本關於行動計畫的書，書頁上標註了第79頁。頁面中列出了幾個待辦事項，包括整理文件、完成月度報告、健身、寫作新部落格文章、開發新客戶、學習Python、回覆電子郵件、寫出一個統計程式碼並帶入工作資料驗算，以及新行動。每個待辦事項旁邊都有附註，說明了這些任務的具體內容和可能的困難。書頁上還標註了步驟5和步驟6，提示讀者在完成某個任務後，可以考慮加入新的行動。

2. 這本書的內容聚焦於行動計畫的制定與執行，頁面中列出了多個待辦事項，如整理文件、完成月度報告、健身、寫作新部落格文章、開發新客戶、學習Python、回覆電子郵件、寫出一個統計程式碼並帶入工作資料驗算，以及新行動。每個待辦事項旁邊都有附註，說明了這些任務的具體內容和可能的困難。書頁上還標註了步驟5和步驟6，提示讀者在完成某個任務後，可以考慮加入新的行動。

3. 這本書專注於行動計畫的制定與執行，頁面中列出了多個待辦事項，包括整理文件、完成月度報告、健身、寫作新部落格文章、開發新客戶、學習Python、回覆電子郵件、寫出一個統計程式碼並帶入工作資料驗算，以及新行動。每個待辦事項旁邊都有附註，說明了這些任務的具體內容和可能的困難。書頁上還標註了步驟5和步驟6，提示讀者在完成某個任務後，可以考慮加入新的行動。"
origin_dataset/20231109_195631.jpg,"1. 這是一個電力計量器，顯示電力消耗的單位為千瓦時（kWh）。計量器上標有「E-31型」，表示其型號為E-31。計量器的背後有兩根電線，一根紅色，一根黑色，用於連接電源和電力計量器。計量器的正面有數字顯示，顯示當前的電力消耗數值為18919 kWh。計量器的右側有一個透明的塑料袋，可能是用來保護計量器的。計量器的左側有一個旋鈕，可能是用來調整計量器的設定。計量器的底部有一個標籤，標籤上寫有「110/220V 1000A 60Hz」，表示計量器的工作電壓為110/220伏特，最大電流為1000安培，頻率為60赫茲。計量器的右側有一個標籤，標籤上寫有「大同股份有限公司」，表示計量器的製造商為大同股份有限公司。

2. 這是一個電力計量器，顯示電力消耗的單位為千瓦時（kWh）。計量器的正面有數字顯示，顯示當前的電力消耗數值為18919 kWh。計量器的背後有兩根電線，一根紅色，一根黑色，用於連接電源和電力計量器。計量器的右側有一個透明的塑料袋，可能是用來保護計量器的。計量器的左側有一個旋鈕，可能是用來調整計量器的設定。計量器的底部有一個標籤，標籤上寫有「110/220V 1000A 60Hz」，表示計量器的工作電壓為110/220伏特，最大電流為1000安培，頻率為60赫茲。計量器的右側有一個標籤，標籤上寫有「大同股份有限公司」，表示計量器的製造商為大同股份有限公司。計量器的正面還有一個標籤，標籤上寫有「電子式瓦時計」，表示計量器的類型為電子式瓦時計。計量器的左側還有一個標籤，標籤上寫有「單相三線式」，表示計量器的接線方式為單相三線式。

3. 這是一個電力計量器，顯示電力消耗的單位為千瓦時（kWh）。計量器的正面有數字顯示，顯示當前的電力消耗數值為18919 kWh。計量器的背後有兩根電線，一根紅色，一根黑色，用於連接電源和電力計量器。計量器的右側有一個透明的塑料袋，可能是用來保護計量器的。計量器的左側有一個旋鈕，可能是用來調整計量器的設定。計量器的底部有一個標籤，標籤上寫有「110/220V 1000A 60Hz」，表示計量器的工作電壓為110/220伏特，最大電流為1000安培，頻率為60赫茲。計量器的右側有一個標籤，標籤上寫有「大同股份有限公司」，表示計量器的製造商為大同股份有限公司。計量器的正面還有一個標籤，標籤上寫有「電子式瓦時計」，表示計量器的類型為電子式瓦時計。計量器的左側還有一個標籤，標籤上寫有「單相三線式」，表示計量器的接線方式為單相三線式。計量器的正面還有一個標籤，標籤上寫有「10000 1000 100 10 1 0.1」，表示計量器的計數單位為10000、1000、100、10、1、0.1 kWh。計量器的左"
origin_dataset/IMG_20210711_015954_765.jpg,"1. 這張照片中，一位年輕的男性站在純白色的背景前。他留着黑色的短髮，臉上有一些細小的瑕疵。他穿着一件簡單的白色T恤，露出肩膀和手臂。他的表情看起來很平靜，目光直視前方。

2. 這位年輕的男性有着黑色的短髮，臉上有一些細小的瑕疵。他穿著一件純白色的T恤，露出肩膀和手臂。背景是純白色的，使得他成為照片的焦點。他的表情看起來很平靜，目光直視前方。

3. 這張照片中，一位年輕的男性站在純白色的背景前。他留着黑色的短髮，臉上有一些細小的瑕疵。他穿著一件純白色的T恤，露出肩膀和手臂。他的表情看起來很平靜，目光直視前方。背景是純白色的，使得他成為照片的焦點。"
origin_dataset/IMG20220220163115.jpg,"1. 一羣人在室內觀看大型投影畫面，畫面顯示的是城市街景，有建築物、樹木和行人。投影畫面被分為多個部分，每個部分都展示了不同的街景細節。觀眾們坐在地上，有些人在拍照，有些人在觀看。

2. 一場室內展覽活動，投影技術被用來展示一幅幅城市街景的畫面。畫面被分為多個部分，每個部分都展示了不同的街景細節，包括建築物、樹木和行人。觀眾們坐在地上，有些人在拍照，有些人在觀看。

3. 一場室內投影畫面展覽，畫面顯示的是城市街景，有建築物、樹木和行人。投影畫面被分為多個部分，每個部分都展示了不同的街景細節。觀眾們坐在地上，有些人在拍照，有些人在觀看。"
origin_dataset/IMG20220317154811.jpg,"1. 海邊的風景，遠處是連綿的山丘，山丘上覆蓋著茂密的綠色植被。海面波濤洶涌，海浪拍打著海岸，激起白色的浪花。近處的海岸線由岩石和沙灘組成，海邊有一條護欄，護欄外是茂盛的綠草。

2. 這張照片展示了一片海岸線，海浪不斷拍打著海岸，形成白色的浪花。遠處的山丘上布滿了綠色的植被，山腳下有幾棟建築物。海邊有一條護欄，護欄外是茂盛的綠草和岩石。

3. 海邊的風景，遠處是綠色的山丘，山丘上布滿了茂密的植被。海面波濤洶涌，海浪拍打著海岸，激起白色的浪花。近處的海岸線由岩石和沙灘組成，海邊有一條護欄，護欄外是茂盛的綠草。"
origin_dataset/received_947869421980508(1)(1).jpeg,"1. 這是一張展示公園景色的照片。照片中可以看到一排排的樹木，樹枝上開滿了粉紅色的花朵，這些花朵散落在地面上，形成了一片美麗的花毯。公園的地面鋪設了磚塊，兩側有綠色的草地，背景中還有一堵紅磚牆。天空陰沉，但樹木和花朵依然顯得非常鮮豔。

2. 照片中展示了一個公園的場景。公園內有許多樹木，樹枝上開滿了粉紅色的花朵，這些花朵散落在地面上，形成了一片美麗的花毯。公園的地面鋪設了磚塊，兩側有綠色的草地，背景中還有一堵紅磚牆。樹木和花朵在陰沉的天空下依然顯得非常鮮豔。

3. 這張照片捕捉到了一個公園的場景。公園內有許多樹木，樹枝上開滿了粉紅色的花朵，這些花朵散落在地面上，形成了一片美麗的花毯。公園的地面鋪設了磚塊，兩側有綠色的草地，背景中還有一堵紅磚牆。樹木和花朵在陰沉的天空下依然顯得非常鮮豔。"
origin_dataset/20230124_142151.jpg,"1. 這張照片展示了一個室內場景，可能是購物中心或飯店大廳。照片中可以看到兩位穿著冬季外套的客人，他們站在一個裝飾精緻的區域，背景中有一棵裝飾著燈飾的聖誕樹。大廳內有許多裝飾品和燈光，營造出溫馨的氛圍。地面上鋪有大理石地板，牆壁上掛有裝飾畫。在前景中，有一個顯示屏，顯示著一些文字和圖案，可能是餐廳或商店的資訊。

2. 照片中，兩位客人站在一個裝飾精緻的區域，背景中有一棵裝飾著燈飾的聖誕樹。大廳內有許多裝飾品和燈光，營造出溫馨的氛圍。地面上鋪有大理石地板，牆壁上掛有裝飾畫。前景中，有一個顯示屏，顯示著一些文字和圖案，可能是餐廳或商店的資訊。兩位客人穿著冬季外套，一位戴著口罩，他們似乎在等待或觀看顯示屏上的內容。

3. 這張照片捕捉到了一個室內場景，可能是購物中心或飯店大廳。背景中有一棵裝飾著燈飾的聖誕樹，營造出溫馨的氛圍。大廳內有許多裝飾品和燈光，地面上鋪有大理石地板，牆壁上掛有裝飾畫。前景中，有一個顯示屏，顯示著一些文字和圖案，可能是餐廳或商店的資訊。兩位客人站在一個裝飾精緻的區域，一位穿著冬季外套，戴著口罩，另一位穿著粉色外套，他們似乎在等待或觀看顯示屏上的內容。"
origin_dataset/FB_IMG_1516604510366.jpg,"1. 一顆孤獨的樹矗立在雪地之上，樹葉在夜色中顯得格外鮮明。樹下散落著一些積雪，地面上還留有幾行清晰的腳印。天空中，北極光在夜空中閃爍，從紫色漸變到綠色，構成了一幅壯麗的自然畫面。

2. 在一片被雪覆蓋的廣闊地面上，一棵樹獨自矗立，樹幹筆直，樹冠茂盛。樹下散落著一些積雪，地面上還留有幾行清晰的腳印。天空中，北極光在夜空中閃爍，從紫色漸變到綠色，構成了一幅壯麗的自然畫面。

3. 一顆孤獨的樹矗立在雪地之上，樹葉在夜色中顯得格外鮮明。樹下散落著一些積雪，地面上還留有幾行清晰的腳印。天空中，北極光在夜空中閃爍，從紫色漸變到綠色，構成了一幅壯麗的自然畫面。"
origin_dataset/IMG20220313114256.jpg,"1. 一位年輕男子站在一個大型的紅色框架前，背景是藍天和大海。他穿着一件黑色外套、白色T恤和藍色牛仔褲，腳上是白色運動鞋。框架的影子投射在地面上，顯示出一個清晰的陰影。遠處可以看到幾個人在海邊活動，天空非常晴朗。

2. 這張照片展示了一位年輕男子站在一個大型的紅色框架前，背景是藍天和大海。他穿著黑色外套、白色T恤和藍色牛仔褲，腳上是白色運動鞋。框架的影子投射在地面上，顯示出一個清晰的陰影。遠處可以看到幾個人在海邊活動，天空非常晴朗。

3. 一位年輕男子站在一個大型的紅色框架前，背景是藍天和大海。他穿著黑色外套、白色T恤和藍色牛仔褲，腳上是白色運動鞋。框架的影子投射在地面上，顯示出一個清晰的陰影。遠處可以看到幾個人在海邊活動，天空非常晴朗。"
origin_dataset/FB_IMG_1485272620947(1)(1).jpg,"1. 這張照片展示了一個城市公園的景觀。公園內有幾棵高大的樹木，樹蔭下有幾個人在散步。公園的邊緣有一條石制的長椅，供遊人休息。背景中可以看到幾棟高樓建築，顯示出這是一個位於城市中的公園。公園的環境看起來很寧靜，適合人們在閒暇時光來此休閒。

2. 照片中，公園的環境非常宜人，綠樹成蔭，散發出自然的清新氣息。公園內的石制長椅排列整齊，供遊人坐下來休息。遠處的建築物與公園的綠色景觀形成鮮明對比，突顯出公園的獨立性。公園內的遊人悠閒地走動，享受著這片寧靜的空間。

3. 這張照片捕捉到了一個城市公園的場景。公園內的樹木茂盛，樹蔭下有幾個人在散步，環境非常寧靜。公園的邊緣設有石制長椅，供遊人休息。背景中的建築物與公園的綠色景觀形成鮮明對比，顯示出公園的獨立性。公園的環境非常宜人，適合人們在閒暇時光來此休閒。"
origin_dataset/IMG20220313114242.jpg,"1. 一位年輕男子站在一個巨大的紅色框架前，背景是藍天和海景。他穿着黑色外套、白色T恤和藍色牛仔褲，腳上穿著白色運動鞋。框架的影子投射在地面上，形成一個清晰的陰影。遠處可以看到幾個人在海邊活動，天空晴朗，氣氛閒適。

2. 這張照片展示了一位年輕人站在一個紅色框架前，框架的設計簡單而引人注目。他身後是廣闊的海景和藍天，遠處有幾個人在海邊活動。地面上散落著一些岩石，框架的影子在地面上投射出清晰的陰影。這位年輕人穿着黑色外套、白色T恤和藍色牛仔褲，腳上穿著白色運動鞋，看起來非常輕鬆。

3. 這張照片捕捉到了一位年輕男子站在一個紅色框架前的場景。框架的設計簡單而獨特，背景是藍天和海景。遠處可以看到幾個人在海邊活動，天空晴朗，氣氛閒適。地面上散落著一些岩石，框架的影子在地面上投射出清晰的陰影。這位年輕人穿着黑色外套、白色T恤和藍色牛仔褲，腳上穿著白色運動鞋，看起來非常輕鬆。"
origin_dataset/11141384_632052510227908_1277821198924300652_n(1)(1).jpg,"1. 五位年輕人站在一起，似乎在進行一場討論或交流。他們的姿態各異，有交叉雙臂的，有雙手插兜的，還有舉起一隻手的。背景中可以看到一張掛在牆上的書法作品，上面寫著中文。牆邊還有一張桌子，上面堆滿了雜物。窗戶旁邊有兩個人，其中一個人穿著黑色外套，另一個人則穿著深色上衣和牛仔褲，雙腳穿著紅色的運動鞋。

2. 五位年輕人站在一起，似乎在進行一場討論或交流。他們的姿態各異，有交叉雙臂的，有雙手插兜的，還有舉起一隻手的。背景中可以看到一張掛在牆上的書法作品，上面寫著中文。牆邊還有一張桌子，上面堆滿了雜物。窗戶旁邊有兩個人，其中一個人穿著黑色外套，另一個人則穿著深色上衣和牛仔褲，雙腳穿著紅色的運動鞋。牆邊的書法作品上寫著「少吃一點，多幾分健康」。

3. 五位年輕人站在一起，似乎在進行一場討論或交流。他們的姿態各異，有交叉雙臂的，有雙手插兜的，還有舉起一隻手的。背景中可以看到一張掛在牆上的書法作品，上面寫著中文。牆邊還有一張桌子，上面堆滿了雜物。窗戶旁邊有兩個人，其中一個人穿著黑色外套，另一個人則穿著深色上衣和牛仔褲，雙腳穿著紅色的運動鞋。牆邊的書法作品上寫著「少吃一點，多幾分健康」。窗戶旁邊的牆上還掛著一張書法作品，上面寫著「少吃一點，多幾分健康」。"
origin_dataset/20240101_170311.jpg,"1. 天空布滿了層層疊疊的雲彩，從深灰色漸變到淺灰色，最後在地平線附近染上了一抹柔和的黃色。這些雲彩在夕陽的照耀下，呈現出一種美麗的漸變色調，從深沉的藍紫色到柔和的粉紅色，散發出一種寧靜而祥和的氛圍。建築物的屋頂和樹木的剪影在這樣的背景下顯得格外突出，為整體景觀增添了一絲生動。

2. 夕陽西下，天空被染成了柔和的黃色和粉紅色，這些顏色在雲層之間交錯，形成了一幅美麗的畫面。雲朵在天空中緩慢地漂浮，從深灰色漸變到淺灰色，最後在地平線附近染上了一抹柔和的黃色。建築物的屋頂和樹木的剪影在這樣的背景下顯得格外突出，為整體景觀增添了一絲生動。

3. 夕陽西下，天空被染成了柔和的黃色和粉紅色，這些顏色在雲層之間交錯，形成了一幅美麗的畫面。雲朵在天空中緩慢地漂浮，從深灰色漸變到淺灰色，最後在地平線附近染上了一抹柔和的黃色。建築物的屋頂和樹木的剪影在這樣的背景下顯得格外突出，為整體景觀增添了一絲生動。建築物的屋頂和樹木的剪影在這樣的背景下顯得格外突出，為整體景觀增添了一絲生動。"
origin_dataset/IMG20211206125735.jpg,"1. 一棟現代化的高層建築，建築外牆採用玻璃與鋼材構成，呈現出流線型的設計，建築頂端設有天線，建築旁邊有一排綠樹，建築後方是晴朗的藍天，天空中漂浮著幾朵雲彩。

2. 一位行人背對著攝影機，穿著深色外套，頭戴口罩，正走在一條鋪設好的道路上，道路兩側有綠樹和一排護欄，遠處可以看到一棟現代化的高層建築，建築頂端設有天線，建築後方是晴朗的藍天，天空中漂浮著幾朵雲彩。

3. 一棟現代化的高層建築，建築外牆採用玻璃與鋼材構成，呈現出流線型的設計，建築頂端設有天線，建築後方是晴朗的藍天，天空中漂浮著幾朵雲彩。建築旁邊有一排綠樹，道路兩側有護欄，一位行人背對著攝影機，穿著深色外套，頭戴口罩，正走在一條鋪設好的道路上。"
origin_dataset/IMG20220425151647.jpg,"1. 這是一張鐵路車站的照片，顯示了站台和軌道。站台上設有燈柱和標誌牌，指示方向和站台編號。背景中可以看到高樓建築和綠樹成蔭的景觀。天空晴朗，有幾朵雲彩漂浮。

2. 照片中展示了一個鐵路車站的站台，站台鋪設有水泥地面，邊緣有黃色的防滑條。站台兩側是鐵軌，鐵軌上方有電纜線路。站台後方有建築物和樹木，天空藍色，雲層稀疏。

3. 這張照片捕捉到了一個鐵路車站的場景，站台寬敞，鋪設有水泥地面，邊緣設有黃色的防滑條。站台兩側是鐵軌，鐵軌上方有電纜線路。背景中可以看到高樓建築和綠樹，天空晴朗，有幾朵雲彩。站台上設有燈柱和標誌牌，指示方向和站台編號。"
origin_dataset/20230709_185013.jpg,"1. 夕陽西下，天空被染成金黃色，雲層在夕陽的照耀下呈現出燦爛的光芒。遠處的建築物在夕陽的映襯下顯得格外鮮明，建築的輪廓在夕陽的餘暉中若隱若現，建築的窗戶反射出夕陽的餘暉，散發出溫暖的光芒。

2. 夕陽的餘暉灑在建築的屋頂上，屋頂的瓦片在夕陽的照耀下閃爍著金黃色的光芒。建築的牆壁在夕陽的餘暉中顯得格外溫暖，建築的窗戶反射出夕陽的餘暉，散發出溫暖的光芒。建築的屋頂在夕陽的照耀下顯得格外鮮明，建築的輪廓在夕陽的餘暉中若隱若現。

3. 夕陽的餘暉灑在建築的屋頂上，屋頂的瓦片在夕陽的照耀下閃爍著金黃色的光芒。建築的牆壁在夕陽的餘暉中顯得格外溫暖，建築的窗戶反射出夕陽的餘暉，散發出溫暖的光芒。建築的屋頂在夕陽的照耀下顯得格外鮮明，建築的輪廓在夕陽的餘暉中若隱若現。遠處的建築物在夕陽的映襯下顯得格外鮮明，建築的窗戶反射出夕陽的餘暉，散發出溫暖的光芒。"
origin_dataset/1526815300494.jpg,"1. 四位年輕人站在沙灘上，背景是落日的餘暉。他們都穿着畢業袍，其中兩位還戴著畢業帽。他們的腳直接踩在沙灘上，沒有穿鞋。沙灘的表面有波浪狀的紋理，反射著落日的餘暉。遠處可以看到幾個人影，似乎在沙灘上行走。

2. 四位年輕人站在一起，背景是落日的餘暉。他們都穿着畢業袍，其中兩位還戴著畢業帽。他們的腳直接踩在沙灘上，沒有穿鞋。沙灘的表面有波浪狀的紋理，反射著落日的餘暉。遠處可以看到幾個人影，似乎在沙灘上行走。他們的姿態看起來很輕鬆，似乎在慶祝畢業。

3. 四位年輕人站在沙灘上，背景是落日的餘暉。他們都穿着畢業袍，其中兩位還戴著畢業帽。他們的腳直接踩在沙灘上，沒有穿鞋。沙灘的表面有波浪狀的紋理，反射著落日的餘暉。遠處可以看到幾個人影，似乎在沙灘上行走。他們的姿態看起來很輕鬆，似乎在慶祝畢業。沙灘的環境非常寧靜，落日的餘暉為整個場景增添了一絲溫暖的氛圍。"
origin_dataset/11014823_632065240226635_1445512991665359780_n(1)(1).jpg,"1. 一間教室內，多個學生圍繞在桌子旁，似乎在進行討論或活動。牆上掛有標語，內容為「信義鄉婦女大學第二十四屆傳統技藝編織研習班」。教室內有吊扇，燈光明亮，學生們表情專注，似乎在積極參與活動。

2. 教室內，一群學生圍繞在桌子旁，桌上有文件和筆。牆上掛有標語，內容為「信義鄉婦女大學第二十四屆傳統技藝編織研習班」。教室內有吊扇，燈光明亮，學生們表情專注，似乎在積極參與活動。

3. 教室內，多個學生圍繞在桌子旁，似乎在進行討論或活動。牆上掛有標語，內容為「信義鄉婦女大學第二十四屆傳統技藝編織研習班」。教室內有吊扇，燈光明亮，學生們表情專注，似乎在積極參與活動。"
origin_dataset/IMG20220317113743.jpg,"1. 一張照片中，一個人的左手放在膝蓋上，手肘撐在膝蓋上。背景中可以看到一個藍色的盤子，盤子上有一些剩餘的食物，包括一些蔬菜和一塊肉。盤子旁邊有一個透明的塑料袋，裡面似乎裝著一些東西。桌子是淺色的木頭桌子，地面上可以看到一些磚塊。

2. 這張照片捕捉到了一個人在用餐後的瞬間。他的左手放在膝蓋上，手肘撐在膝蓋上。背景中有一個藍色的盤子，盤子上還剩有一些食物，包括蔬菜和肉。盤子旁邊有一個透明的塑料袋，裡面可能裝著一些東西。桌子是淺色的木頭桌子，地面上可以看到一些磚塊。

3. 這張照片展示了一个人在用餐後的場景。他的左手放在膝蓋上，手肘撐在膝蓋上。背景中有一個藍色的盤子，盤子上還剩有一些食物，包括蔬菜和肉。盤子旁邊有一個透明的塑料袋，裡面可能裝著一些東西。桌子是淺色的木頭桌子，地面上可以看到一些磚塊。"
origin_dataset/IMG20210829110446.jpg,"1. 一棟現代建築矗立在廣闊的廣場上，建築外牆以玻璃和鋼材構成，反射著天空的藍色。廣場上種植了幾棵綠意盎然的樹木，樹蔭下有幾位行人悠閒地走動。廣場鋪設著方磚，邊緣設有幾根高大的柱子，柱頂懸掛著國旗。天空中雲彩綿綿，陽光從雲隙間透出，散發出溫暖的光芒。

2. 廣場上，幾棵樹木排列成行，樹冠茂盛，為廣場帶來了綠色的氛圍。建築物的外牆由玻璃和鋼材組成，反射著天空的藍色。廣場鋪設著方磚，邊緣設有幾根高大的柱子，柱頂懸掛著國旗。廣場上，幾位行人悠閒地走動，享受著晴朗的天氣。天空中雲彩綿綿，陽光從雲隙間透出，散發出溫暖的光芒。

3. 廣場上，幾棵樹木排列成行，樹冠茂盛，為廣場帶來了綠色的氛圍。建築物的外牆由玻璃和鋼材組成，反射著天空的藍色。廣場鋪設著方磚，邊緣設有幾根高大的柱子，柱頂懸掛著國旗。廣場上，幾位行人悠閒地走動，享受著晴朗的天氣。天空中雲彩綿綿，陽光從雲隙間透出，散發出溫暖的光芒。"
origin_dataset/20230820_180955.jpg,"1. 天空中出現一道美麗的彩虹，橫跨著灰暗的雲層，為周圍的建築物和樹木帶來了一絲亮色。建築物的牆面是磚塊砌成，窗戶排列整齊，窗簾半開，透出一絲家的溫暖。樹木的枝葉在微風中輕搖，似乎在與彩虹共舞。

2. 一隻鳥兒在天空中飛翔，背景是灰暗的雲層和一道橫跨天空的彩虹。建築物的牆面是磚塊砌成，窗戶排列整齊，窗簾半開，透出一絲家的溫暖。建築物的屋頂有陽台，陽台上擺放著一些綠植，為這座城市增添了一抹綠意。

3. 灰暗的雲層中，一道美麗的彩虹橫跨天空，為周圍的建築物和樹木帶來了一絲亮色。建築物的牆面是磚塊砌成，窗戶排列整齊，窗簾半開，透出一絲家的溫暖。建築物的屋頂有陽台，陽台上擺放著一些綠植，為這座城市增添了一抹綠意。一隻鳥兒在天空中飛翔，與彩虹共舞。"
origin_dataset/20240602_162848.jpg,"1. 這是一本工作日誌或時間管理手冊，頁面設計有詳細的時間軸和步驟指引。頁面左側有標註「Step 1」、「Step 2」、「Step 3」的步驟指示，右側則有詳細的時間安排和任務描述。頁面右側還有一個綠色圓形標籤，標註「5分鐘」，可能用於記錄或提醒特定的時間段落。

2. 頁面中央有一個流程圖，從左到右標註了「A任務的想法」、「B任務的想法」、「A任務的下一步行動」、「B任務的下一步行動」，並用箭頭指示流程方向。頁面右側還有一個綠色圓形標籤，標註「5分鐘」，可能用於記錄或提醒特定的時間段落。

3. 頁面右側有一個綠色圓形標籤，標註「5分鐘」，可能用於記錄或提醒特定的時間段落。頁面右側還有一個詳細的時間安排和任務描述，包括「A任務的想法」、「B任務的想法」、「A任務的下一步行動」、「B任務的下一步行動」等。頁面右側還有一個綠色圓形標籤，標註「5分鐘」，可能用於記錄或提醒特定的時間段落。"
origin_dataset/IMG20220220160030.jpg,"1. 三塊大屏幕展示著一幅經典的風景畫，畫中兩位女性坐在小船上，船身為綠色，船頭有一個開門的綠色小屋。畫面的背景是波光粼粼的水面，遠處有樹木和建築物。畫面的色彩柔和，以藍綠色調為主，表現出一種寧靜的氛圍。

2. 三塊大屏幕中，中間的畫面特別引人注目，展示了一幅經典的風景畫，畫中兩位女性坐在小船上，船身為綠色，船頭有一個開門的綠色小屋。畫面的背景是波光粼粼的水面，遠處有樹木和建築物。畫面的色彩柔和，以藍綠色調為主，表現出一種寧靜的氛圍。

3. 三塊大屏幕中，中間的畫面特別引人注目，展示了一幅經典的風景畫，畫中兩位女性坐在小船上，船身為綠色，船頭有一個開門的綠色小屋。畫面的背景是波光粼粼的水面，遠處有樹木和建築物。畫面的色彩柔和，以藍綠色調為主，表現出一種寧靜的氛圍。"
origin_dataset/IMG20220315163218.jpg,"1. 海邊的風景，遠處的山丘和海面相接，天空布滿了厚重的雲層，海面波紋細微，遠處的山丘上長滿了茂密的樹木。

2. 這張照片展示了一片海邊的風景，海面寬廣，遠處的山丘和海面相接，天空中布滿了厚重的雲層，海面波紋細微，遠處的山丘上長滿了茂密的樹木。

3. 海邊的風景，遠處的山丘和海面相接，天空布滿了厚重的雲層，海面波紋細微，遠處的山丘上長滿了茂密的樹木，這張照片給人一種寧靜而深邃的感覺。"
origin_dataset/20240322_115807.jpg,"1. 一隻毛色濃密的狗，正站在人行道上，牽著藍色的繩子。狗的毛髮看起來非常蓬鬆，顏色為深灰色。狗的腳邊有一個綠色的包，包上有一些圖案。地面是水泥鋪成的，有幾塊磚頭和一些雜物散落。

2. 一隻毛髮濃密的狗，正站在人行道上，牽著藍色的繩子。狗的毛色為深灰色，看起來非常蓬鬆。狗的腳邊有一個綠色的包，包上有一些圖案。地面是水泥鋪成的，有幾塊磚頭和一些雜物散落。

3. 一隻毛髮濃密的狗，正站在人行道上，牽著藍色的繩子。狗的毛色為深灰色，看起來非常蓬鬆。狗的腳邊有一個綠色的包，包上有一些圖案。地面是水泥鋪成的，有幾塊磚頭和一些雜物散落。"
origin_dataset/IMG20220317121646.jpg,"1. **空間絮語**
   - 寂寞隨時上場，為每一個相遇安排曲折情節，靜待秘密花開後，平行線交會的可能浮現。在確定的現象背後，是那看不見的「無常」，讓故事更加美麗。

2. **設計概念**
   - 《向左走·向右走》的男女主角，各有自己習慣的方向。他們將搭上不同的班車，就此錯過，還是會沿著這裡的環形步道走一圈再度相遇？繪本的故事線理進場域的動線中，空間因此產生更多人文的想像。

3. **歡迎大家與藝術裝置合照**
   - 藝術裝置僅供觀賞，請勿碰觸或拍打，以免損毀作品。"
origin_dataset/20240609_160919.jpg,"1. 一張照片中，天空藍白相間，雲層厚重，電線橫跨畫面，建築物的屋頂和牆面清晰可見。建築物的外牆顏色為淺灰色，窗戶排列整齊，屋頂為深色瓦片。電線從左側延伸至右側，與建築物形成對比。

2. 照片中，建築物的屋頂和牆面構成主要景觀，建築物的外牆為淺灰色，窗戶排列整齊。電線從左側延伸至右側，與建築物形成對比。天空藍白相間，雲層厚重，電線橫跨畫面。

3. 一張照片中，建築物的屋頂和牆面構成主要景觀，建築物的外牆為淺灰色，窗戶排列整齊。電線從左側延伸至右側，與建築物形成對比。天空藍白相間，雲層厚重，電線橫跨畫面。"
origin_dataset/IMG20220314194546.jpg,"1. 一間餐廳的門口，招牌上寫著「三景羊肉羹」，顯示出這是一家賣羊肉湯的餐廳。門口停有幾輛機車和自行車，店內燈光亮起，顯示出營業中。店內有幾張桌子，看起來像是提供座位給顧客用餐。店外有一輛白色轎車停在路邊，車牌號碼為「AT58179」。

2. 一間餐廳的門口，招牌上寫著「三景羊肉羹」，顯示出這是一家賣羊肉湯的餐廳。門口停有幾輛機車和自行車，店內燈光亮起，顯示出營業中。店內有幾張桌子，看起來像是提供座位給顧客用餐。店外有一輛白色轎車停在路邊，車牌號碼為「AT58179」。

3. 一間餐廳的門口，招牌上寫著「三景羊肉羹」，顯示出這是一家賣羊肉湯的餐廳。門口停有幾輛機車和自行車，店內燈光亮起，顯示出營業中。店內有幾張桌子，看起來像是提供座位給顧客用餐。店外有一輛白色轎車停在路邊，車牌號碼為「AT58179」。"
origin_dataset/20230826_150606.jpg,"1. 藍天白雲，橋樑橫跨，遠處建築林立，近處綠樹成蔭，公園內有人在休閒活動。

2. 天空湛藍，雲朵綿綿，橋樑連接兩岸，遠處建築群錯落有致，近處公園內綠意盎然，有人在運動場上活動。

3. 藍天白雲，橋樑貫穿，遠處建築林立，近處公園內綠樹成蔭，有人在休閒活動，遠處山丘隱約可見。"
origin_dataset/20240208_220715.jpg,"1. 這張照片展示了一間書店的內部，櫃檯上擺放著許多雜誌，雜誌的封面色彩鮮豔，內容涉及軍事、航空、汽車和機車等主題。櫃檯旁邊有一張木製桌子，桌面上沒有任何物品。書店的牆壁上掛有標籤，標籤上寫著「軍事/航空/汽車/機車」等字樣，顯示了書店的主題分類。書店的地板是淺色木質地板，牆壁和天花板則是深色木質裝飾，營造出一種溫馨的閱讀氛圍。

2. 這張照片捕捉到了一個書店的內部景觀，櫃檯上堆滿了各種雜誌，雜誌的封面設計各異，色彩豐富，內容涵蓋軍事、航空、汽車和機車等領域。櫃檯旁邊有一張木製桌子，桌面上沒有任何物品。書店的牆壁上掛有標籤，標籤上寫著「軍事/航空/汽車/機車」等字樣，顯示了書店的主題分類。書店的地板是淺色木質地板，牆壁和天花板則是深色木質裝飾，營造出一種溫馨的閱讀氛圍。

3. 這張照片呈現了一間書店的內部，櫃檯上擺放著多種雜誌，雜誌的封面色彩鮮豔，內容涉及軍事、航空、汽車和機車等主題。櫃檯旁邊有一張木製桌子，桌面上沒有任何物品。書店的牆壁上掛有標籤，標籤上寫著「軍事/航空/汽車/機車」等字樣，顯示了書店的主題分類。書店的地板是淺色木質地板，牆壁和天花板則是深色木質裝飾，營造出一種溫馨的閱讀氛圍。"
origin_dataset/IMG20220316155239.jpg,"1. 這張照片展示了一個位於海岸邊的景點，天空中布滿了厚重的雲層，海面波濤洶涌。前景中有一個鋪設有磚塊的平台，上面放置了兩張木製長椅，背後是茂密的綠色植被和一塊突出的岩石。遠處可以看到一塊小島，島上也長滿了樹木。整體氛圍略顯陰沉，但卻也透露出一種寧靜的感覺。

2. 照片中，海岸線的景觀引人注目，海浪拍打著岩石，激起白色的浪花。平台上的木製長椅靜靜地等待著遊客來坐，享受這片海景。平台的鋪設方式和長椅的設計都顯得非常樸實，與周圍的自然環境相得益彰。遠處的島嶼和近處的植被構成了一幅動態與靜態並存的圖景。

3. 這張照片捕捉到了一個海岸邊的休閒區域，天空陰沉，海面波濤洶涌。平台上的木製長椅和鋪設的磚塊構成了一個簡單卻舒適的休憩空間。遠處的島嶼和近處的植被形成了強烈的對比，海浪拍打著岩石的聲音在這片寧靜的場景中顯得格外清晰。整體來說，這是一個適合靜思或遠眺的場所。"
origin_dataset/1591504729228.jpg,"1. 一位穿著學士服的畢業生站在一塊大型的「I ❤️ NCU」標誌前，背景是綠意盎然的校園，樹木茂盛，天空藍白相間，散發出一種慶祝的氛圍。

2. 校園內，一位畢業生在「I ❤️ NCU」的大型標誌前拍照留念，周圍是綠色的草地和茂密的樹木，遠處還可以看到其他人在活動，顯得非常歡樂。

3. 在一個充滿綠意的校園裡，一位畢業生站在「I ❤️ NCU」的大型標誌前，背景是藍天和綠樹，標誌的設計簡單而鮮明，彰顯出一種慶祝畢業的歡樂氣氛。"
origin_dataset/1529165012636.jpg,"1. 這張照片中有兩位年輕人，他們站在一座現代建築前。背景是一座三角形的玻璃建築，建築頂部有一個十字架。建築前的草地上散落著一些物品，建築後方有許多畢業生，他們穿着畢業袍，頭戴學位帽。天空晴朗，陽光明媚，整個場景充滿了慶祝的氣氛。

2. 這張照片捕捉到了畢業典禮的瞬間。前景中有兩位年輕人，一位穿著白色T恤和綠色短褲，另一位則身著黑色畢業袍，頭戴學位帽。他們站在一條小路上，背後是綠色的草地和一座現代建築。建築頂部有一個十字架，建築前聚集了許多畢業生，他們似乎在等待儀式開始。天空湛藍，陽光燦爛，整個場景充滿了慶祝的氣氛。

3. 這張照片展示了畢業典禮的場景。前景中有兩位年輕人，一位穿著白色T恤和綠色短褲，另一位則身著黑色畢業袍，頭戴學位帽。他們站在一條小路上，背後是綠色的草地和一座現代建築。建築頂部有一個十字架，建築前聚集了許多畢業生，他們似乎在等待儀式開始。天空晴朗，陽光明媚，整個場景充滿了慶祝的氣氛。背景中的建築設計獨特，三角形的玻璃建築與周圍的綠樹形成鮮明對比。"
origin_dataset/IMG20220317132821.jpg,"1. 一處現代建築與自然景觀相結合的景點，建築物採用玻璃幕牆設計，反射出周圍環境。建築前方有一片水域，水面上散落著幾塊岩石，周圍種植著綠色植被，環境清幽。建築後方有一棟高樓，遠處天空陰沉，可能即將下雨。

2. 這是一張展示現代建築與自然景觀結合的圖片。建築採用玻璃幕牆設計，反射出周圍環境。建築前方有一片水域，水面上散落著幾塊岩石，周圍種植著綠色植被，環境清幽。建築後方有一棟高樓，遠處天空陰沉，可能即將下雨。

3. 這張圖片展示了一處現代建築與自然景觀相結合的景點。建築採用玻璃幕牆設計，反射出周圍環境。建築前方有一片水域，水面上散落著幾塊岩石，周圍種植著綠色植被，環境清幽。建築後方有一棟高樓，遠處天空陰沉，可能即將下雨。"
origin_dataset/IMG20200628122441.jpg,"1. 一尊銅質雕塑矗立在博物館的中央，雕塑的主題為思考者，其姿態為盤腿而坐，雙手撐於額頭，凝神沉思。雕塑的底座為白色大理石，上面貼有相關的介紹牌，背景為圓形的天花板和柱子，環境莊嚴肅穆。

2. 雕塑的主題為思考者，其姿態為盤腿而坐，雙手撐於額頭，凝神沉思。雕塑的底座為白色大理石，上面貼有相關的介紹牌，背景為圓形的天花板和柱子，環境莊嚴肅穆。雕塑的材質為銅質，表面光滑，反射出柔和的光線。

3. 雕塑的主題為思考者，其姿態為盤腿而坐，雙手撐於額頭，凝神沉思。雕塑的底座為白色大理石，上面貼有相關的介紹牌，背景為圓形的天花板和柱子，環境莊嚴肅穆。雕塑的材質為銅質，表面光滑，反射出柔和的光線。雕塑的背景為博物館的內部，環境莊嚴肅穆，雕塑的周圍有幾位參觀者在觀賞。"
origin_dataset/IMG20220316140146.jpg,"1. 一塊塊石頭鋪成的小徑蜿蜒曲折，兩旁是綠意盎然的草地和樹木，遠處的樹枝光禿，顯示出冬日的景象。小徑兩側散落著一些枯葉，地面上還有一些落花，增添了一絲自然的美。

2. 石頭鋪成的小徑在綠色的草地上延伸，兩旁是茂盛的樹木和灌木，樹枝上沒有葉子，顯示出冬季的特徵。小徑兩側散落著一些枯葉，地面上還有一些落花，給這片自然景觀增添了一絲詩意。

3. 一塊塊石頭鋪成的小徑在綠色的草地上延伸，兩旁是茂盛的樹木和灌木，樹枝上沒有葉子，顯示出冬季的特徵。小徑兩側散落著一些枯葉，地面上還有一些落花，給這片自然景觀增添了一絲詩意。遠處的樹枝光禿，顯示出冬日的景象。"
origin_dataset/20240410_184921.jpg,"1. 這是一瓶標有「WILLISS Reverse Health Beauty Moisturising Lotion」的保濕乳液，容量為250毫升/8.45液量盎司。

2. 保濕乳液的瓶身是白色的，瓶蓋和瓶身的標籤是藍色的，標籤上寫著品牌名「WILLISS」和產品名稱「Reverse Health Beauty Moisturising Lotion」，以及容量信息「250ml/8.45FL.OZ.」。

3. 這款保濕乳液可能是用來幫助皮膚保持水分和健康，適合需要保濕和護膚的人群使用。"
origin_dataset/IMG20220304235016.jpg,"1. 一塊大型的石碑在夜晚被綠色的燈光照亮，石碑的側面有一個三角形的開口，內有幾道垂直的線條，形成一種幾何圖形的美感。背景是漆黑的夜空，遠處可以看到一些樹木的剪影，以及幾點微弱的光點，可能是遠處的建築或燈光。

2. 在一片黑暗的夜景中，一塊巨大的石碑成為了焦點，它被一束綠色的光束從側面照射，使得石碑的側面和開口部分顯得格外突出。石碑的後方是無盡的黑暗，只有遠處的樹木和幾點微弱的光點，為這片黑暗增添了一絲生機。

3. 夜晚的場景中，一塊被綠色燈光照亮的石碑成為了視覺的中心。石碑的側面有一個三角形的開口，內有幾道垂直的線條，構成了一種現代感的設計。背景是深邃的夜空，遠處的樹木和幾點微弱的光點，為這片黑暗的場景增添了一絲神秘和寧靜。"
origin_dataset/IMG_20180722_165237_487.jpg,"1. 這張圖片顯示了兩位男性在會議室中發表演說，背景為深色木質牆面。圖片上方有「LiVE」的標誌，顯示這是一場直播。圖片下方有文字描述，提到王世堅和韓國瑜的對話，並稱柯文哲笑到翻過去。圖片下方還有觀看次數和互動按鈕，顯示有513萬次觀看，1.7萬個喜歡按鈕和1390個不喜歡按鈕。圖片右側有五個笑臉表情圖標，顯示觀眾對此場景的反應。

2. 圖片中顯示了兩位男性在會議室發表演說，背景為深色木質牆面。上方有「LiVE」的標誌，顯示這是一場直播。圖片下方有文字描述，提到王世堅和韓國瑜的對話，並稱柯文哲笑到翻過去。圖片下方還有觀看次數和互動按鈕，顯示有513萬次觀看，1.7萬個喜歡按鈕和1390個不喜歡按鈕。圖片右側有五個笑臉表情圖標，顯示觀眾對此場景的反應。

3. 圖片顯示了兩位男性在會議室發表演說，背景為深色木質牆面。上方有「LiVE」的標誌，顯示這是一場直播。圖片下方有文字描述，提到王世堅和韓國瑜的對話，並稱柯文哲笑到翻過去。圖片下方還有觀看次數和互動按鈕，顯示有513萬次觀看，1.7萬個喜歡按鈕和1390個不喜歡按鈕。圖片右側有五個笑臉表情圖標，顯示觀眾對此場景的反應。"
origin_dataset/IMG20220311205808.jpg,"1. 夜晚的公園，燈光點綴著，幾個人在散步，背景中有一座高聳的建築，建築頂端有一個紅色的燈光，周圍環境比較昏暗，但建築和公園的燈光提供了明亮的照明。

2. 一羣人在公園的小徑上行走，背景中有一座現代感強烈的建築，建築的頂端有一個紅色的燈光，建築的設計獨特，燈光在黑暗的夜空中特別顯眼。

3. 夜間的公園，幾個人在散步，背景中有一座高聳的建築，建築頂端有一個紅色的燈光，建築的設計現代，燈光在黑暗的夜空中特別顯眼，公園的環境比較昏暗，但建築和公園的燈光提供了明亮的照明。"
origin_dataset/20230921_171535.jpg,"1. 夕陽西下，天際線被染上了一層柔和的橙色，遠處的城市建築在薄霧中若隱若現，近處的山丘上綠樹成蔭，構成了一幅寧靜而美麗的自然與城市交織的畫面。

2. 夕陽從雲層間探出頭來，散發出溫暖的光芒，天空漸漸從藍色轉為橙色，遠處的城市建築在薄霧中隱約可見，近處的山丘上綠樹成蔭，構成了一幅寧靜而美麗的自然與城市交織的畫面。

3. 夕陽西下，天際線被染上了一層柔和的橙色，遠處的城市建築在薄霧中若隱若現，近處的山丘上綠樹成蔭，構成了一幅寧靜而美麗的自然與城市交織的畫面。"
origin_dataset/IMG20220316160057.jpg,"1. 海邊的風景，天空布滿了厚重的雲層，海面波濤洶涌，遠處的山丘被綠色植被覆蓋，近處的海岸線旁邊有綠色的植被和白色的花朵，地面上鋪設了磚塊的小路。

2. 一片海邊的景觀，天空被厚重的雲層覆蓋，海面波濤洶涌，遠處的山丘被綠色植被覆蓋，近處的海岸線旁邊有綠色的植被和白色的花朵，地面上鋪設了磚塊的小路。

3. 海邊的風景，天空被厚重的雲層覆蓋，海面波濤洶涌，遠處的山丘被綠色植被覆蓋，近處的海岸線旁邊有綠色的植被和白色的花朵，地面上鋪設了磚塊的小路。"
origin_dataset/line_1525243332981.jpg,"- T-Life Hostel + Guesthouse
- 綠色背景，白色文字
- 提供電話號碼：+886 989 610 980
- 網站：www.TLifeHostel.com
- 電子郵件：T.Life.Hostel@gmail.com
- Facebook：www.facebook.com/T.Life.Hostel"
origin_dataset/20230928_171359.jpg,"1. 藍天白雲，晴朗天氣，建築物與路標清晰可見，交通燈顯示紅燈，街道上沒有行人或車輛。

2. 高樓建築與低層建築並存，建築物外牆顏色多樣，路標上顯示方向與地名，天空中雲朵稀疏，天空藍色。

3. 建築物與路標構成城市景觀，紅色交通燈顯示禁止通行，路標上標示方向與地名，天空晴朗，雲朵散佈。"
origin_dataset/IMG_20171111_013628_830.jpg,"1. 一隻狗坐在駕駛座上，張開嘴巴，露出齒齦，似乎在叫喊或發出聲音。狗的毛色為棕色和白色，耳朵向後傾斜，表情活潑。車內的環境顯示出車窗和部分車內裝飾。

2. 一隻狗坐在駕駛座上，張開嘴巴，露出齒齦，似乎在叫喊或發出聲音。狗的毛色為棕色和白色，耳朵向後傾斜，表情活潑。車內的環境顯示出車窗和部分車內裝飾。車內有藍色的字樣，寫著「飆車車R」。

3. 一隻狗坐在駕駛座上，張開嘴巴，露出齒齦，似乎在叫喊或發出聲音。狗的毛色為棕色和白色，耳朵向後傾斜，表情活潑。車內的環境顯示出車窗和部分車內裝飾。車內有藍色的字樣，寫著「飆車車R」。"
origin_dataset/IMG20220820203749.jpg,"1. 夜晚的戶外音樂會現場，舞台燈光閃爍，聚光燈從上方照射下來，形成一道道光束。觀眾席上擠滿了人羣，他們或坐或站，全神貫注地觀看舞台上的表演。舞台後方有一個大型的白色帳篷，帳篷頂部有幾盞燈光。背景中可以看到一些樹木和建築物的剪影，天空中雲層密布，但依稀可以看到星星點點。

2. 一場戶外音樂會在夜晚舉行，舞台前方聚集了許多觀眾。舞台燈光五彩繽紛，從上方照射下來，形成一道道光束。觀眾席上人頭攢動，人們或坐或站，享受著音樂會的氛圍。舞台後方有一個大型的白色帳篷，帳篷頂部有幾盞燈光。背景中可以看到一些樹木和建築物的剪影，天空中雲層密布，但依稀可以看到星星點點。

3. 夜晚的戶外音樂會現場，舞台燈光閃爍，聚光燈從上方照射下來，形成一道道光束。觀眾席上擠滿了人羣，他們或坐或站，全神貫注地觀看舞台上的表演。舞台後方有一個大型的白色帳篷，帳篷頂部有幾盞燈光。背景中可以看到一些樹木和建築物的剪影，天空中雲層密布，但依稀可以看到星星點點。"
origin_dataset/IMG20220315155219.jpg,"1. 這是一條蜿蜒的山區公路，兩旁是茂密的綠樹和植被。道路兩側有護欄，路邊種植了幾株花卉，遠處是連綿的山丘和雲霧。天空陰沉，雲層厚重，給整體景色增添了一絲肅穆的氣氛。

2. 公路兩側的植被非常茂盛，綠樹成蔭，遠處的山丘被濃密的樹木覆蓋，山頂隱約有薄霧籠罩。道路兩側的護欄和路邊的花卉構成了美麗的景觀，遠處的山丘和雲霧為整體景色增添了層次感。

3. 這條公路位於山區，兩側是茂密的森林和植被，遠處的山丘被濃密的樹木覆蓋，山頂隱約有薄霧籠罩。道路兩側的護欄和路邊的花卉構成了美麗的景觀，遠處的山丘和雲霧為整體景色增添了層次感。天空陰沉，雲層厚重，給整體景色增添了一絲肅穆的氣氛。"
origin_dataset/20230916_225136.jpg,"1. 一間室內餐廳，建築物外牆採用米色磚塊裝飾，窗戶上方有黑色百葉窗。餐廳外設有露天座位區，桌椅排列整齊，上方有綠色遮陽篷。牆壁上繪有色彩鮮豔的卡通圖案，圖案中有一個紅色的卡通形象，頭部朝向右側，表情可愛。餐廳內部燈光柔和，營造出溫馨的用餐氛圍。

2. 這是一張室內餐廳的照片，建築物外牆採用米色磚塊裝飾，窗戶上方有黑色百葉窗。餐廳外設有露天座位區，桌椅排列整齊，上方有綠色遮陽篷。牆壁上繪有色彩鮮豔的卡通圖案，圖案中有一個紅色的卡通形象，頭部朝向右側，表情可愛。餐廳內部燈光柔和，營造出溫馨的用餐氛圍。

3. 一間室內餐廳，建築物外牆採用米色磚塊裝飾，窗戶上方有黑色百葉窗。餐廳外設有露天座位區，桌椅排列整齊，上方有綠色遮陽篷。牆壁上繪有色彩鮮豔的卡通圖案，圖案中有一個紅色的卡通形象，頭部朝向右側，表情可愛。餐廳內部燈光柔和，營造出溫馨的用餐氛圍。"
origin_dataset/22317_632066536893172_6314694451387112522_n(1)(1).jpg,"1. 一間教室內，數位學生圍繞在桌子旁，似乎在進行討論或活動。牆上掛有紅色的標語，內容涉及傳統技藝編織研習班的相關資訊。教室內有吊扇，窗戶旁邊有簾子，牆壁上還掛有白板，顯示出一種正式的學習環境。

2. 教室內，一群學生圍坐在桌子旁，似乎在進行一場討論或活動。牆上掛有標語，提到傳統技藝編織研習班的相關資訊。教室內有吊扇，窗戶旁邊有簾子，牆壁上掛有白板，顯示出一種正式的學習環境。

3. 教室內，數位學生圍繞在桌子旁，似乎在進行討論或活動。牆上掛有標語，提到傳統技藝編織研習班的相關資訊。教室內有吊扇，窗戶旁邊有簾子，牆壁上掛有白板，顯示出一種正式的學習環境。"
origin_dataset/1534474159866.jpg,"1. 這張照片中有兩位年輕人，其中一位正在騎自行車，另一位則是自拍者。自拍者穿着深色T恤，而騎自行車的人則穿著淺色T恤和牛仔褲。背景中可以看到一間咖啡店的招牌，以及一些模糊的建築物和路邊的景觀。

2. 照片中，兩位年輕人似乎在一個室內空間，可能是車站或購物中心的入口。自拍者站在前景，而騎自行車的人則在後方，雙手緊握自行車的把手。背景的光線較亮，顯示出室內的照明情況。

3. 這張照片捕捉到了一個年輕人自拍的瞬間，另一位則在後方騎著自行車。自拍者表情自然，而騎自行車的人則面帶微笑。背景中可以看到一間咖啡店的招牌，以及一些模糊的建築物和路邊的景觀。照片的氛圍輕鬆愉快，似乎是在一個室內空間，可能是車站或購物中心的入口。"
origin_dataset/DSC_0008(1)(1).JPG,"1. 一輛裝飾精美的花車在夜晚的街道上行駛，車頂上有一個大型的雞形裝飾，色彩鮮豔，燈光閃爍，吸引著路人的目光。車身後方有幾個觀眾在觀看，他們似乎在拍照或記錄這一刻。

2. 夜晚的街道上，一輛色彩繽紛的花車緩緩駛過，車頂上裝飾著一個巨大的雞形裝飾，燈光在黑暗中閃耀。車後方有幾個觀眾，他們圍繞在花車旁，似乎在欣賞這場盛大的活動。

3. 在夜晚的街道上，一輛裝飾精美的花車在行駛，車頂上有一個大型的雞形裝飾，色彩鮮豔，燈光閃爍。車後方有幾個觀眾在觀看，他們似乎在拍照或記錄這一刻。花車的裝飾非常精緻，燈光效果也十分吸引人。"
origin_dataset/20240713_182628.jpg,"1. 藍天白雲，建築物頂部的廣告牌在風中搖曳，遠處的燈柱和交通燈在微風中輕晃。

2. 高樓建築的頂部，廣告牌在風中搖擺，天空湛藍，雲朵稀疏，遠處的燈柱和交通燈在微風中輕晃。

3. 高樓建築的頂部，廣告牌在風中搖曳，天空湛藍，雲朵稀疏，遠處的燈柱和交通燈在微風中輕晃。"
origin_dataset/20230730_204652~2.jpg,"1. 夜晚的天空中，月光透過雲層散發出柔和的光芒，周圍的樹木在月光下顯得幽靜而神秘。樹葉在微風中輕輕搖曳，散發出一種寧靜的氛圍。

2. 月光從雲層間透出，照亮了夜空，形成了一幅美麗的景象。樹木的剪影在月光下顯得格外鮮明，周圍的環境顯得格外寧靜，讓人感受到一種深邃的自然之美。

3. 夜晚的天空中，月光從雲層間透出，散發出柔和的光芒。樹木的剪影在月光下顯得格外鮮明，周圍的環境顯得格外寧靜，散發出一種深邃的自然之美。微風輕拂，樹葉在月光下輕輕搖曳，散發出一種寧靜的氛圍。"
origin_dataset/20231202_170253.jpg,"1. 夕陽西下，天空染上粉紅與橙色的漸層，電線杆上掛滿錯綜複雜的電線，街道兩旁是低矮的建築，建築物的顏色從淺綠到淡紫，窗戶上裝有鐵欄杆，樹木在微風中搖曳，一盞街燈在電線杆旁發出微弱的光亮。

2. 夕陽的餘暉灑在建築物的屋頂和牆壁上，建築物的顏色從淺綠到淡紫，窗戶上裝有鐵欄杆，電線杆上掛滿錯綜複雜的電線，樹木在微風中搖曳，一盞街燈在電線杆旁發出微弱的光亮，電線杆旁的樹木在微風中搖曳，電線在空中交錯，形成複雜的網狀結構。

3. 夕陽西下，天空染上粉紅與橙色的漸層，建築物的顏色從淺綠到淡紫，窗戶上裝有鐵欄杆，電線杆上掛滿錯綜複雜的電線，樹木在微風中搖曳，一盞街燈在電線杆旁發出微弱的光亮，電線杆旁的樹木在微風中搖曳，電線在空中交錯，形成複雜的網狀結構，建築物的屋頂和牆壁在夕陽的餘暉下顯得格外美麗。"
origin_dataset/1549434859974.jpg,"1. 四位遊客站在石欄杆前，背景是城市的天際線和綠色的山丘。他們面帶微笑，似乎在享受這段時間。從左至右，第一位穿著淺藍色襯衫和白色長褲，第二位穿著藍色上衣和灰色長褲，第三位穿著淺藍色牛仔外套和深藍色T恤，第四位穿著黑色連帽衫和黃色背心。他們的腳下是鋪有大理石的地面，欄杆上雕刻有魚的圖案。

2. 這張照片捕捉到了四個人在一個觀景臺上合影的瞬間。他們站在一排，背後是城市的全景，包括遠處的山丘和綠樹。從左至右，第一位穿著淺藍色襯衫和白色長褲，第二位穿著藍色上衣和灰色長褲，第三位穿著淺藍色牛仔外套和深藍色T恤，第四位穿著黑色連帽衫和黃色背心。他們的腳下是鋪有大理石的地面，欄杆上雕刻有魚的圖案。

3. 四位遊客站在一個觀景臺上，背景是城市的天際線和綠色的山丘。他們面帶微笑，似乎在享受這段時間。從左至右，第一位穿著淺藍色襯衫和白色長褲，第二位穿著藍色上衣和灰色長褲，第三位穿著淺藍色牛仔外套和深藍色T恤，第四位穿著黑色連帽衫和黃色背心。他們的腳下是鋪有大理石的地面，欄杆上雕刻有魚的圖案。"
origin_dataset/IMG20220309152221.jpg,"1. 一張游泳池的照片，游泳池的水呈藍色，池底鋪有方磚，兩邊有黑色的邊線。游泳池的水面上有一個人在游泳，他穿着黑色的泳褲，雙手向前伸展，雙腿向後踢動，動作流暢，似乎在進行自由泳。

2. 這張照片展示了一個游泳池的場景，游泳池的水質清澈，水面上有一個人在游泳。游泳者穿着黑色的泳褲，雙手向前伸展，雙腿向後踢動，動作標準，似乎在進行自由泳。游泳池的水面上有兩條黑色的邊線，分隔了不同的泳道。

3. 這張照片捕捉到了一個游泳池的瞬間，游泳池的水質清澈，水面上有一個人在游泳。游泳者穿着黑色的泳褲，雙手向前伸展，雙腿向後踢動，動作流暢，似乎在進行自由泳。游泳池的水面上有兩條黑色的邊線，分隔了不同的泳道。"
origin_dataset/IMG20211016222119.jpg,"1. 這幅畫作以簡潔的線條勾勒出一隻巨大的魚形生物，其身體修長，尾部寬闊，頭部則有著簡單的面部特徵。魚的周圍散落著一些小物件，包括一個小人形和幾個小圓形，這些可能代表魚的魚鰭或魚鰓。畫面的背景使用了淡雅的水彩渲染，從淺黃到淡藍漸變，營造出一種夢幻般的氛圍。

2. 畫面中有一隻巨大的魚形生物，其身體修長，尾部寬闊，頭部則有著簡單的面部特徵。魚的周圍散落著一些小物件，包括一個小人形和幾個小圓形，這些可能代表魚的魚鰭或魚鰓。畫面的背景使用了淡雅的水彩渲染，從淺黃到淡藍漸變，營造出一種夢幻般的氛圍。畫家使用了線條和水彩的組合，表現出一種超現實的藝術風格。

3. 這幅畫作以簡潔的線條勾勒出一隻巨大的魚形生物，其身體修長，尾部寬闊，頭部則有著簡單的面部特徵。魚的周圍散落著一些小物件，包括一個小人形和幾個小圓形，這些可能代表魚的魚鰭或魚鰓。畫面的背景使用了淡雅的水彩渲染，從淺黃到淡藍漸變，營造出一種夢幻般的氛圍。畫家使用了線條和水彩的組合，表現出一種超現實的藝術風格。整體畫面充滿了奇幻和神秘的氛圍，引人入勝。"
origin_dataset/20230610_161340.jpg,"1. 海邊的沙灘上，細膩的沙粒在陽光下閃耀，海浪輕撫著海岸線，形成一道道白色的浪花。遠處，藍天與海天一色，雲層在天空中飄浮，散發出寧靜的氣息。海邊的風景美不勝收，讓人感受到大自然的壯麗與平靜。

2. 沙灘上，細膩的沙粒在陽光下閃耀，海浪輕撫著海岸線，形成一道道白色的浪花。遠處，藍天與海天一色，雲層在天空中飄浮，散發出寧靜的氣息。海邊的風景美不勝收，讓人感受到大自然的壯麗與平靜。

3. 海邊的沙灘上，細膩的沙粒在陽光下閃耀，海浪輕撫著海岸線，形成一道道白色的浪花。遠處，藍天與海天一色，雲層在天空中飄浮，散發出寧靜的氣息。海邊的風景美不勝收，讓人感受到大自然的壯麗與平靜。"
origin_dataset/11147092_632071173559375_3354250968229489058_n(1)(1).jpg,"1. 一羣年輕人聚集在室內，似乎在進行一場討論或活動。他們站在一排椅子後，背景中可以看到一扇大窗戶和一些掛在牆上的布簾。其中一位穿著迷彩服的年輕人背對著攝影機，而其他人則面朝著攝影機，似乎在傾聽或參與某個活動。場景看起來像是在一個教室或會議室。

2. 一群年輕人圍繞在室內，似乎在進行一場活動或討論。他們站在一排椅子後，背景中可以看到一扇大窗戶和一些掛在牆上的布簾。其中一位穿著迷彩服的年輕人背對著攝影機，而其他人則面朝著攝影機，似乎在傾聽或參與某個活動。場景看起來像是在一個教室或會議室。

3. 一羣年輕人聚集在室內，似乎在進行一場討論或活動。他們站在一排椅子後，背景中可以看到一扇大窗戶和一些掛在牆上的布簾。其中一位穿著迷彩服的年輕人背對著攝影機，而其他人則面朝著攝影機，似乎在傾聽或參與某個活動。場景看起來像是在一個教室或會議室。"
origin_dataset/20240514_014018.jpg,"1. 這張照片中，一個人側頭看向鏡頭，背景是白色的牆壁，上面有黑色的剪影圖案，圖案包括飛鳥和幾棟建築物。這個人的頭髮是黑色的，臉部表情平靜，穿著一件深色的上衣。

2. 這張照片捕捉到了一個人的側臉，背景是簡單的白色牆壁，上面有黑色的剪影裝飾，包括飛鳥和建築物。這個人的頭髮是黑色的，臉部特寫顯示出平靜的表情，穿著深色的上衣。

3. 這張照片展示了側臉的特寫，背景是白色的牆壁，上面有黑色的剪影裝飾，包括飛鳥和建築物。這個人的頭髮是黑色的，臉部表情平靜，穿著深色的上衣。"
origin_dataset/IMG_20220201_175406_193.jpg,"1. 這張照片中，一個人戴著圓框眼鏡，鏡片反射出周圍的環境。他穿着深色的衣物，背景是簡單的牆壁，牆壁上有一個開關和一張紙。照片的調色風格是黑白色調，帶有一種懷舊的感覺。

2. 這張照片捕捉到了一個人的側臉，他戴著圓框眼鏡，鏡片反射出周圍的環境。背景簡單，牆壁上有一個開關和一張紙。照片的調色風格是黑白色調，帶有一種沉靜的氛圍。

3. 這張照片展示了一個人的側臉，他戴著圓框眼鏡，鏡片反射出周圍的環境。背景簡單，牆壁上有一個開關和一張紙。照片的調色風格是黑白色調，帶有一種靜謐的感覺。"
origin_dataset/20230805_175053.jpg,"1. 一株高大的棕櫚樹，樹幹粗壯，樹冠茂盛，樹葉在微風中輕輕搖曳。陽光從樹葉間透射下來，形成斑斕的光斑，散發出溫暖的光芒。遠處可以看到一些建築物的屋頂，建築物的顏色較淺，與綠色的樹葉形成鮮明對比。

2. 棕櫚樹的樹幹筆直，樹皮粗糙，樹冠寬闊，樹葉呈羽毛狀，隨風輕擺。樹下散落著幾片樹葉，地上鋪滿了綠色的草叢。遠處的建築物在樹葉的遮擋下若隱若現，建築物的窗戶反射出陽光，閃爍著微光。

3. 棕櫚樹的樹冠在微風中輕輕搖曳，樹葉在陽光下閃爍著斑斕的光點。樹幹筆直，樹皮粗糙，樹葉呈羽毛狀，散發出濃郁的綠色。遠處的建築物屋頂在樹葉的遮擋下若隱若現，建築物的窗戶反射出陽光，閃爍著微光。"
origin_dataset/20230511_213859.jpg,"1. 一張餐桌上有各種食物。左上角有一個大鐵鍋，裡面裝著湯。右上角有兩盤菜，一盤是炒肉，另一盤是炒蔬菜。左下角有一盤炒蓮藕和豆角。右下角有一盤炒蛋。左下角有一盤炒番茄蛋。右下角有一碗白飯。右下角有一個手正拿著碗。

2. 一張餐桌上有各種食物。左上角有一個大鐵鍋，裡面裝著湯。右上角有兩盤菜，一盤是炒肉，另一盤是炒蔬菜。左下角有一盤炒蓮藕和豆角。右下角有一盤炒蛋。左下角有一盤炒番茄蛋。右下角有一碗白飯。右下角有一個手正拿著碗。

3. 一張餐桌上有各種食物。左上角有一個大鐵鍋，裡面裝著湯。右上角有兩盤菜，一盤是炒肉，另一盤是炒蔬菜。左下角有一盤炒蓮藕和豆角。右下角有一盤炒蛋。左下角有一盤炒番茄蛋。右下角有一碗白飯。右下角有一個手正拿著碗。"
origin_dataset/IMG_20180729_134018_431.jpg,"1. 綠意盎然的山丘，遠處的電塔與藍天相映成趣，竹製欄杆環繞在山腳，增添了一絲自然的質樸美。

2. 山頂的綠樹成蔭，遠處的電塔隱約可見，天空湛藍，雲朵稀疏，竹製欄杆在山腳邊，給人一種悠閒的感覺。

3. 綠色的山丘上，竹製欄杆環繞，遠處的電塔與藍天相接，山腳的綠樹成蔭，遠處的電塔與藍天相接，給人一種寧靜的自然美。"
origin_dataset/20240116_200652.jpg,"1. 舞台上有一群人，他們似乎正在表演或進行活動。舞台燈光以紫色為主，並有幾束聚光燈照射在他們身上。背景中可以看到一些舞台設備，包括鐵架和幕布。舞台的設計簡單，主要以燈光效果為主。

2. 這張照片捕捉到了一個室內活動的場景，可能是一場音樂會或演講會。舞台上有一群人，他們站成一排，似乎正在進行表演或發表演說。舞台燈光柔和，主要以紫色調為主，並有幾束聚光燈照射在他們身上。背景中可以看到一些舞台設備，包括鐵架和幕布。

3. 這張照片展示了一個室內活動的場景，可能是一場音樂會或演講會。舞台上有一群人，他們站成一排，似乎正在進行表演或發表演說。舞台燈光柔和，主要以紫色調為主，並有幾束聚光燈照射在他們身上。背景中可以看到一些舞台設備，包括鐵架和幕布。舞台的設計簡單，主要以燈光效果為主。"
origin_dataset/IMG20211016222333.jpg,"1. 這幅畫是一幅水彩畫，畫中繪製了幾種蔬菜。畫面左上角有一個黃色的洋蔥，右側有一個綠色的青椒，下方有一個紅色的番茄，左側還有一個小番茄。這些蔬菜的顏色鮮豔，表現出鮮活的生機。畫面的背景是淡雅的水彩渲染，給整幅畫增添了一種柔和的氛圍。

2. 這幅水彩畫展示了多種蔬菜的圖案。畫面中央有一個紅色的番茄，番茄的顏色飽滿，表現出鮮紅的外皮和略帶黃色的果肉。番茄的綠葉部分用綠色渲染，給整幅畫增添了生機。畫面左側有一個小番茄，顏色較淺，表現出鮮嫩的狀態。畫面右側有一個綠色的青椒，青椒的顏色鮮豔，表現出鮮綠的外皮和略帶黃色的果肉。畫面左上角有一個黃色的洋蔥，洋蔥的顏色鮮豔，表現出鮮黃的外皮和略帶紅色的果肉。整幅畫的背景是淡雅的水彩渲染，給整幅畫增添了一種柔和的氛圍。

3. 這幅水彩畫表現了多種蔬菜的圖案。畫面左側有一個小番茄，番茄的顏色較淺，表現出鮮嫩的狀態。畫面右側有一個綠色的青椒，青椒的顏色鮮豔，表現出鮮綠的外皮和略帶黃色的果肉。畫面中央有一個紅色的番茄，番茄的顏色飽滿，表現出鮮紅的外皮和略帶黃色的果肉。畫面左上角有一個黃色的洋蔥，洋蔥的顏色鮮豔，表現出鮮黃的外皮和略帶紅色的果肉。整幅畫的背景是淡雅的水彩渲染，給整幅畫增添了一種柔和的氛圍。"
origin_dataset/FB_IMG_1485272711807(1)(1).jpg,"1. 一位年輕男子，留着短髮，面帶微笑，身穿深色長袖上衣和深色長褲，腳穿藍色運動鞋，正在戶外的草地上行走。背景中可以看到一棟紅色屋頂的建築物，周圍是高大的樹木和綠色的草地。

2. 一位年輕人，面帶微笑，站在戶外的草地上，周圍是高大的樹木和綠色的草地。他身穿深色長袖上衣和深色長褲，腳穿藍色運動鞋，背景中可以看到一棟紅色屋頂的建築物。

3. 一位年輕男子，留着短髮，面帶微笑，身穿深色長袖上衣和深色長褲，腳穿藍色運動鞋，正在戶外的草地上行走。背景中可以看到一棟紅色屋頂的建築物，周圍是高大的樹木和綠色的草地。"
origin_dataset/20230731_151342.jpg,"1. 一束陽光穿透樹葉，散發出柔和的光芒，樹葉在微風中輕輕搖曳，形成斑斕的光影效果。遠處的建築物在樹葉的遮擋下若隱若現，天空則是灰蒙蒙的，透出一種寧靜的氛圍。

2. 太陽從樹冠間透出，形成一道道光束，散落在地面上，樹葉在微風中輕輕搖晃，形成斑斕的光影。遠處的建築物在樹葉的遮擋下若隱若現，天空則是灰蒙蒙的，透出一種寧靜的氛圍。

3. 陽光從樹冠間透出，散發出柔和的光芒，樹葉在微風中輕輕搖曳，形成斑斕的光影效果。遠處的建築物在樹葉的遮擋下若隱若現，天空則是灰蒙蒙的，透出一種寧靜的氛圍。"
origin_dataset/IMG20220220155934.jpg,"1. 三幅畫作分別展示了一位穿著白色洋裝的女性在畫架前作畫、一位穿著白色洋裝的女性手持鮮花站在花園中、以及一個充滿鮮花的花園。這些畫作色彩鮮豔，充滿了印象派的風格。

2. 這三幅畫作分別呈現了不同的場景：第一幅畫作中，一位女性在畫架前作畫，周圍是綠色的植物和一張畫布；第二幅畫作中，一位女性手持鮮花站在花園中，周圍是五彩繽紛的花朵；第三幅畫作則是一個充滿鮮花的花園，色彩豐富，充滿生機。

3. 這三幅畫作分別展示了不同的主題：第一幅畫作聚焦於一位女性在畫架前作畫的場景，周圍是綠色的植物和一張畫布；第二幅畫作則是一位女性手持鮮花站在花園中的場景，周圍是五彩繽紛的花朵；第三幅畫作則是一個充滿鮮花的花園，色彩豐富，充滿生機。這些畫作都展現了印象派的風格，色彩鮮豔，充滿了自然的美。"
origin_dataset/1529907230231.jpg,"1. 這張照片中有兩個人，一男一女。男子留有短髮，穿著深藍色T恤，女子戴著眼鏡，頭髮為深色，兩人並排站立，背景似乎是在室內，有燈光和牆壁的裝飾。

2. 男子的臉部特寫顯示他有短髮，臉型較圓，女子則戴著眼鏡，臉型較方，兩人看起來都很年輕。背景的燈光和牆壁裝飾顯示他們可能在一個室內場所，可能是餐廳或購物中心。

3. 這張照片捕捉到了兩個人的自拍，男子留有短髮，穿著深藍色T恤，女子戴著眼鏡，頭髮為深色。他們並排站立，背景是室內環境，有燈光和牆壁的裝飾。照片的氛圍看起來很輕鬆，兩人似乎在享受共同的時刻。"
origin_dataset/IMG20220502205614.jpg,"1. 這幅素描畫作以一位女性為主題，畫家通過細膩的筆觸表現出她優雅的姿態和神態。畫中女性頭髮長而黑，垂落在肩頭，耳邊佩戴著一對圓形耳環，臉部表情溫柔，嘴角微翹，似乎在微笑。她身穿一件簡單的上衣，衣領處有細緻的褶皺，手肘輕輕撐在桌面上，手指輕觸下巴，眼神看向畫外，流露出一種沉思或思索的神情。整幅畫作以黑白灰的色調呈現，細膩的筆觸和層次感強烈，表現出畫家高超的繪畫技巧。

2. 這幅素描作品以一位女性為主題，畫家通過細膩的筆觸表現出她優雅的姿態和神態。畫中女性頭髮長而黑，垂落在肩頭，耳邊佩戴著一對圓形耳環，臉部表情溫柔，嘴角微翹，似乎在微笑。她身穿一件簡單的上衣，衣領處有細緻的褶皺，手肘輕輕撐在桌面上，手指輕觸下巴，眼神看向畫外，流露出一種沉思或思索的神情。整幅畫作以黑白灰的色調呈現，細膩的筆觸和層次感強烈，表現出畫家高超的繪畫技巧。

3. 這幅素描作品以一位女性為主題，畫家通過細膩的筆觸表現出她優雅的姿態和神態。畫中女性頭髮長而黑，垂落在肩頭，耳邊佩戴著一對圓形耳環，臉部表情溫柔，嘴角微翹，似乎在微笑。她身穿一件簡單的上衣，衣領處有細緻的褶皺，手肘輕輕撐在桌面上，手指輕觸下巴，眼神看向畫外，流露出一種沉思或思索的神情。整幅畫作以黑白灰的色調呈現，細膩的筆觸和層次感強烈，表現出畫家高超的繪畫技巧。"
origin_dataset/20240711_185327.jpg,"1. 天空湛藍，雲層稀疏，幾朵雲朵在天空中飄浮。遠處可以看到一些建築物和樹木，樹木的葉子在微風中輕輕搖曳。電線杆和電線橫跨在空中，形成一道道線條。右側有一個藍色的招牌，上面寫著黃色的中文字，招牌下方有一個紅色的招牌，上面也有中文字。招牌的右側有一個燈光，發出黃色的光。

2. 天空藍得深邃，雲朵稀疏，散落在天空中。遠處的建築物和樹木在微風中搖曳。電線杆和電線橫跨在空中，形成一道道線條。招牌上寫著黃色的中文字，招牌的顏色是藍色和紅色，招牌的右側有一個發出黃色光的燈光。

3. 天空湛藍，雲層稀疏，幾朵雲朵在天空中飄浮。遠處的建築物和樹木在微風中搖曳。電線杆和電線橫跨在空中，形成一道道線條。招牌上寫著黃色的中文字，招牌的顏色是藍色和紅色，招牌的右側有一個發出黃色光的燈光。"
origin_dataset/IMG20220314141554.jpg,"1. 這間餐廳的裝潢簡單而現代，牆壁採用淺色木紋裝飾，天花板則是淺色木質材料，散發出溫馨的氛圍。餐廳內的桌椅採用淺色木質，搭配黑色的坐墊，整體設計簡潔而高雅。餐廳內有幾組客人，他們坐在桌子旁邊，似乎在享受美食和飲品。餐廳的環境明亮，自然光從前方的玻璃窗灑進來，使得整個空間充滿了溫暖的感覺。

2. 這張照片展示了一間現代風格的餐廳內部。餐廳的牆壁和天花板都採用了淺色木紋裝飾，營造出一種溫馨而自然的氛圍。餐廳內的桌椅採用淺色木質，搭配黑色的坐墊，整體設計簡潔而高雅。餐廳內有幾組客人，他們坐在桌子旁邊，似乎在享受美食和飲品。餐廳的環境明亮，自然光從前方的玻璃窗灑進來，使得整個空間充滿了溫暖的感覺。

3. 這張照片捕捉到了一家現代風格的餐廳內部。餐廳的牆壁和天花板都採用了淺色木紋裝飾，營造出一種溫馨而自然的氛圍。餐廳內的桌椅採用淺色木質，搭配黑色的坐墊，整體設計簡潔而高雅。餐廳內有幾組客人，他們坐在桌子旁邊，似乎在享受美食和飲品。餐廳的環境明亮，自然光從前方的玻璃窗灑進來，使得整個空間充滿了溫暖的感覺。"
origin_dataset/IMG20220313133603.jpg,"1. 一位年輕男子站在一條鄉間馬路上，背景是廣闊的綠色稻田和遠處的山脈。天空湛藍，雲朵稀疏，散發出寧靜的氛圍。男子身穿黑色外套和牛仔褲，頭髮短而黑，面帶微笑，看起來心情愉悅。

2. 這張照片捕捉到了一個年輕人站在鄉間馬路旁的場景。他背對著一望無際的綠色稻田和遠處的山脈，天空湛藍，雲朵稀疏。男子的姿態自信，面帶微笑，似乎在享受這片寧靜的鄉間風景。

3. 一位年輕男子站在鄉間馬路旁，背後是廣闊的綠色稻田和遠處的山脈。天空湛藍，雲朵稀疏，散發出寧靜的氛圍。男子身穿黑色外套和牛仔褲，頭髮短而黑，面帶微笑，看起來心情愉悅。這張照片捕捉到了鄉間的寧靜與自然之美。"
origin_dataset/20240316_172501.jpg,"1. 天空湛藍，雲朵輕盈，樹葉在微風中輕搖，構成一幅寧靜的自然畫面。

2. 藍天與白雲交織，樹梢的葉子在風中輕擺，構成一幅優美的自然風景。

3. 天空清澈，雲朵稀疏，樹葉在微風中輕晃，構成一幅平靜的自然景象。"
origin_dataset/IMG20220317155703.jpg,"1. 鐵軌旁邊的綠色植物，枝葉繁茂，葉片呈深綠色，葉緣光滑。背景是鐵路線和懸掛的電纜線，遠處是灰蒙蒙的天空和一望無際的海面。

2. 一列鐵軌旁邊的自然風景，綠樹成蔭，葉子在微風中輕輕搖曳。鐵軌旁邊的電纜線和鐵路杆構成了一個現代與自然交融的場景，遠處的海面在陰沉的天氣下顯得遙遠而靜謐。

3. 鐵軌與綠色植物的交匯點，鐵軌旁邊的電纜線和鐵路杆構成了一個現代化的背景，而綠色植物則為這片場景增添了一抹自然的色彩。遠處的海面在陰沉的天氣下顯得遙遠而靜謐，植物在微風中輕輕搖曳，構成了一幅現代與自然交融的美麗畫面。"
origin_dataset/IMG_20201123_001156_995.jpg,"1. 一位年輕的男子，頭髮短而黑，側頭望向遠方，背景是藍天和綠色的山丘。他背後有一塊標誌牌，上面寫著中文。他穿著灰色的T恤，肩上掛著一個背包，似乎在觀賞自然風景。

2. 一位年輕的亞洲男子，側臉朝向一邊，背景是藍天和綠色的山丘。他穿著灰色的T恤，肩上掛著一個背包，背後有一塊標誌牌，上面寫著中文。他似乎在觀賞自然風景，神情平靜。

3. 一位年輕的男子，側頭望向遠方，背景是藍天和綠色的山丘。他穿著灰色的T恤，肩上掛著一個背包，背後有一塊標誌牌，上面寫著中文。他似乎在觀賞自然風景，神情平靜。"
origin_dataset/IMG20220226133136.jpg,"1. 一張木桌擺放在室內，桌上有一幅正在繪製的素描畫，畫中是一位女性的側臉。畫的右側有一台筆記型電腦，屏幕上顯示著同一幅畫。桌面上散落著繪畫工具，包括一盒藍色鉛筆、橡皮擦、削筆器、畫布、紙張和一些繪畫用的顏料。背景中可以看到一張椅子、一臺電風扇和一些裝飾品，如花瓶和植物。

2. 一張木桌擺放在室內，桌上有一幅正在繪製的素描畫，畫中是一位女性的側臉。畫的右側有一台筆記型電腦，屏幕上顯示著同一幅畫。桌面上散落著繪畫工具，包括一盒藍色鉛筆、橡皮擦、削筆器、畫布、紙張和一些繪畫用的顏料。背景中可以看到一張椅子、一臺電風扇和一些裝飾品，如花瓶和植物。

3. 一張木桌擺放在室內，桌上有一幅正在繪製的素描畫，畫中是一位女性的側臉。畫的右側有一台筆記型電腦，屏幕上顯示著同一幅畫。桌面上散落著繪畫工具，包括一盒藍色鉛筆、橡皮擦、削筆器、畫布、紙張和一些繪畫用的顏料。背景中可以看到一張椅子、一臺電風扇和一些裝飾品，如花瓶和植物。"
origin_dataset/20231104_202656.jpg,"1. 一場在夜晚舉辦的戶外活動，場地設置在樹下，燈光柔和，營造出溫馨的氛圍。場地上方掛有串燈，散發出溫暖的光芒。牆壁上裝飾著木板，上面掛滿了多張照片，照片上是不同場景和人物的紀念照，展示了活動的精彩時刻。牆壁上還掛有寫有「Better Together」的霓虹燈，為活動增添了一絲浪漫的氣氛。桌面上擺放著精美的裝飾品，包括花瓶、蠟燭和一些小物件，營造出溫馨的氛圍。活動現場有一位女士正在整理桌上的物品，她身穿淺色上衣和褲子，頭髮盤成丸子頭，看起來非常專注。

2. 這是一場在夜晚舉行的戶外活動，場地設置在樹下，周圍環境幽靜，燈光柔和。牆壁上裝飾著木板，上面掛滿了多張照片，照片上是不同場景和人物的紀念照，展示了活動的精彩時刻。牆壁上還掛有寫有「Better Together」的霓虹燈，為活動增添了一絲浪漫的氣氛。桌面上擺放著精美的裝飾品，包括花瓶、蠟燭和一些小物件，營造出溫馨的氛圍。活動現場有一位女士正在整理桌上的物品，她身穿淺色上衣和褲子，頭髮盤成丸子頭，看起來非常專注。牆壁下方還掛有幾張可愛的狗狗頭像，增添了活動的趣味性。

3. 一場在夜晚舉辦的戶外活動，場地設置在樹下，燈光柔和，營造出溫馨的氛圍。牆壁上裝飾著木板，上面掛滿了多張照片，照片上是不同場景和人物的紀念照，展示了活動的精彩時刻。牆壁上還掛有寫有「Better Together」的霓虹燈，為活動增添了一絲浪漫的氣氛。桌面上擺放著精美的裝飾品，包括花瓶、蠟燭和一些小物件，營造出溫馨的氛圍。活動現場有一位女士正在整理桌上的物品，她身穿淺色上衣和褲子，頭髮盤成丸子頭，看起來非常專注。牆壁下方還掛有幾張可愛的狗狗頭像，增添了活動的趣味性。場地上方掛有串燈，散發出溫暖的光芒，使整個場景更加溫馨。"
origin_dataset/20231208_230132.jpg,"1. 夜晚的公園，天空深邃，星星點點。公園內的燈光柔和，樹木在微風中輕搖，遠處的建築物在夜色中若隱若現。地面上有幾個人在閒適地走動或坐著，享受著夜晚的寧靜。

2. 照片捕捉到了一個公園的夜景，天空中星星閃爍，地面上的燈光散發出溫暖的光芒。公園內的樹木在微風中搖曳，遠處的建築物在夜色中若隱若現。地面上有幾個人在閒適地走動或坐著，享受著夜晚的寧靜。

3. 這張照片展示了夜晚的公園，天空深邃，星星點點。公園內的燈光柔和，樹木在微風中輕搖，遠處的建築物在夜色中若隱若現。地面上有幾個人在閒適地走動或坐著，享受著夜晚的寧靜。"
origin_dataset/20231208_224147.jpg,"1. 夜晚的天空中，星星點點，閃爍著微光。地面上，一些建築物的燈光在夜色中閃爍，樹木的葉子在微風中輕輕搖曳。遠處，一些建築物的頂部在夜空中若隱若現。近處，一些建築物的牆壁和樹木的樹冠在燈光下顯得格外清晰。

2. 夜幕降臨，天空中星星閃爍，地面上燈光點綴。建築物的燈光在夜色中閃爍，樹木的葉子在微風中輕搖。遠處，建築物的頂部在夜空中若隱若現。近處，建築物的牆壁和樹木的樹冠在燈光下顯得格外清晰。

3. 夜晚的天空中，星星點點，閃爍著微光。地面上，建築物的燈光在夜色中閃爍，樹木的葉子在微風中輕輕搖曳。遠處，建築物的頂部在夜空中若隱若現。近處，建築物的牆壁和樹木的樹冠在燈光下顯得格外清晰。"
origin_dataset/20230214_211736.jpg,"1. 這間餐廳內部裝潢簡潔，天花板採用白色木質材料，牆壁則是淺色的，營造出明亮的空間感。餐廳內設有多張木製餐桌，搭配白色椅子，桌面上鋪有格子桌布，並擺放有水杯和餐具。餐廳內還掛有一幅畫作，增添了一絲藝術氣息。餐廳內有幾位顧客，其中一位顧客正在用餐，另一位顧客則坐在椅子上，似乎在等待服務。

2. 這間餐廳的裝潢風格偏向現代簡約，天花板和牆壁均採用白色木質材料，營造出一種清新自然的氛圍。餐廳內的桌椅採用淺色木質，搭配白色桌布，桌面上擺放有水杯和餐具，整體佈置簡潔而高雅。餐廳內掛有一幅畫作，為空間增添了一絲藝術氣息。餐廳內有幾位顧客，其中一位顧客正在用餐，另一位顧客則坐在椅子上，似乎在等待服務。

3. 這間餐廳的內部裝潢採用現代簡約風格，天花板和牆壁均採用白色木質材料，營造出明亮的空間感。餐廳內設有多張木製餐桌，搭配白色椅子，桌面上鋪有格子桌布，並擺放有水杯和餐具。餐廳內掛有一幅畫作，增添了一絲藝術氣息。餐廳內有幾位顧客，其中一位顧客正在用餐，另一位顧客則坐在椅子上，似乎在等待服務。"
origin_dataset/IMG_20201130_165257_818.jpg,"1. 一幢現代化的建築，建築外牆以玻璃和鋼材構成，反射出天空和周圍的綠樹。建築前有一條鋪設磚塊的小路，兩旁種植了綠色的灌木和樹木，環境整潔且綠意盎然。建築入口處有一名穿著正式服裝的男子，正在行走。

2. 一張展示現代建築的圖片，建築外牆由玻璃和鋼材組成，反射出天空和周圍的綠樹。建築前有一條鋪設磚塊的小路，兩旁種植了綠色的灌木和樹木，環境整潔且綠意盎然。建築入口處有一名穿著正式服裝的男子，正在行走。

3. 一張現代建築的圖片，建築外牆由玻璃和鋼材構成，反射出天空和周圍的綠樹。建築前有一條鋪設磚塊的小路，兩旁種植了綠色的灌木和樹木，環境整潔且綠意盎然。建築入口處有一名穿著正式服裝的男子，正在行走。"
origin_dataset/IMG20220220161501.jpg,"1. 一羣人在昏暗的展覽館內觀看三幅巨大的畫作。畫作被投影在牆壁上，呈現出印象派風格的風景畫。畫面中，有樹木、河流和山丘，色彩柔和，充滿了自然的氛圍。觀眾們靜靜地站在畫作前，似乎在欣賞和思考這些藝術作品。

2. 展覽館內，三幅巨大的畫作被投影在牆壁上，形成了一個引人入勝的視覺體驗。這些畫作表現了自然風景，色彩豐富，充滿了動感。觀眾們圍繞在畫作前，仔細觀看，並用手機拍照記錄這一刻。畫作的細節和色彩變化，讓人們感受到藝術的魅力。

3. 在一個昏暗的展覽館內，三幅巨大的畫作被投影在牆壁上，呈現出印象派風格的風景畫。這些畫作表現了樹木、河流和山丘，色彩柔和，充滿了自然的氛圍。觀眾們靜靜地站在畫作前，仔細觀看，並用手機拍照記錄這一刻。畫作的細節和色彩變化，讓人們感受到藝術的魅力。"
origin_dataset/1528557916805.jpg,"1. 一位年輕人穿着學士服，手持花束，與兩位年長者站在一起。背景中可以看到許多其他人在場地內走動，似乎是在畢業典禮上。牆上掛有標語，顯示日期為107年。

2. 一位年輕人站在兩位年長者之間，手持花束，背景中可以看到許多其他人在場地內走動。牆上掛有標語，顯示日期為107年。年輕人穿著學士服，兩位年長者則穿著日常服裝。

3. 一位年輕人穿著學士服，手持花束，與兩位年長者站在一起。背景中可以看到許多其他人在場地內走動，似乎是在畢業典禮上。牆上掛有標語，顯示日期為107年。年輕人看起來非常開心，兩位年長者則面帶微笑。"
origin_dataset/IMG20220315163351.jpg,"1. 雲霧瀰漫的山脈，遠處的山峰隱約在厚重的雲層後，山腳下是碧綠的湖泊，湖水靜靜地倒映著天空的陰沉。近處的草叢隨風輕擺，散發出自然的寧靜與安詳。

2. 眺望著遠處的山脈，山頂被厚重的雲霧所籠罩，山腳下是深邃的湖泊，湖水靜靜地反射著天空的陰沉。近處的草叢隨風輕擺，散發出自然的寧靜與安詳。

3. 雲霧瀰漫的山脈，遠處的山峰隱約在厚重的雲層後，山腳下是碧綠的湖泊，湖水靜靜地倒映著天空的陰沉。近處的草叢隨風輕擺，散發出自然的寧靜與安詳。"
origin_dataset/1528992865443.jpg,"1. 這張照片中有兩位男士，他們站在一個裝飾有「CONGRATS」字樣的牆前。牆上還有金色和銀色的星星裝飾。兩位男士都穿着正式的服裝，其中一位穿著藍色西裝外套和紅色領帶，另一位穿著黑色西裝外套。他們站在一個有圓形圖案的地毯上，背景的天花板有幾何圖形的裝飾。兩位男士都面帶微笑，似乎在慶祝某個活動或成就。

2. 這張照片捕捉到了一個慶祝的場景。牆上用金色氣球拼出「CONGRATS」，並有幾顆星星裝飾。兩位男士站在牆前，一位穿藍色西裝外套和紅色領帶，另一位穿黑色西裝外套。他們站在一個有圓形圖案的地毯上，背景的天花板有幾何圖形的裝飾。兩位男士都面帶微笑，似乎在慶祝某個活動或成就。

3. 這張照片展示了一個慶祝的場景。牆上用金色氣球拼出「CONGRATS」，並有幾顆星星裝飾。兩位男士站在牆前，一位穿藍色西裝外套和紅色領帶，另一位穿黑色西裝外套。他們站在一個有圓形圖案的地毯上，背景的天花板有幾何圖形的裝飾。兩位男士都面帶微笑，似乎在慶祝某個活動或成就。"
origin_dataset/line_1519103836032.jpg,"1. 這張照片展示了一頓日式餐點，包含一盤烤鯖魚、一碗白飯和一碗味噌湯。白飯上撒有海苔碎和芝麻，看起來非常美味。烤鯖魚放在一旁，搭配一塊檸檬，增添清新感。味噌湯中可以看到一些綠蔥，湯色濃郁，看起來溫暖可口。這頓餐點擺放在一個木質托盤上，托盤上還有一雙木製筷子和一個小碟子，碟子裡有兩塊青色的蔬菜，可能是西兰花。整體呈現出一種簡約而高雅的用餐氛圍。

2. 這張照片中，一盤烤鯖魚、一碗白飯和一碗味噌湯擺放在一個木質托盤上。烤鯖魚外皮烤得金黃，表面有烤痕，看起來非常香脆。白飯上撒有海苔碎和芝麻，看起來非常有層次感。味噌湯中可以看到一些綠蔥，湯色濃郁，看起來溫暖可口。托盤上還有一雙木製筷子和一個小碟子，碟子裡有兩塊青色的蔬菜，可能是西兰花。整體呈現出一種簡約而高雅的用餐氛圍。

3. 這張照片展示了一頓日式餐點，包含一盤烤鯖魚、一碗白飯和一碗味噌湯。烤鯖魚外皮烤得金黃，表面有烤痕，看起來非常香脆。白飯上撒有海苔碎和芝麻，看起來非常有層次感。味噌湯中可以看到一些綠蔥，湯色濃郁，看起來溫暖可口。托盤上還有一雙木製筷子和一個小碟子，碟子裡有兩塊青色的蔬菜，可能是西兰花。整體呈現出一種簡約而高雅的用餐氛圍。"
origin_dataset/1550238547839.jpg,"1. 這是一道以草莓和藍莓為主的甜點，外層是金黃色的餅皮，內部鋪滿了粉紅色的奶油，上面撒上了糖粉，並用草莓和藍莓裝飾，看起來非常吸引人。餅皮的邊緣有波浪狀的裝飾，增加了整體的美感。餅的底部還綁了一條粉紅色的絲帶，給整道甜點增添了一絲浪漫的氛圍。

2. 這道甜點的外層是一層薄薄的餅皮，內部填滿了粉紅色的奶油，奶油上鋪滿了草莓和藍莓，這些水果都撒上了糖粉，看起來非常甜美。草莓和藍莓的顏色鮮豔，與餅皮的金黃色形成鮮明對比，使得整道甜點看起來非常吸引人。餅的底部綁了一條粉紅色的絲帶，給整道甜點增添了一絲浪漫的氛圍。

3. 這是一道以草莓和藍莓為主的甜點，外層是金黃色的餅皮，內部鋪滿了粉紅色的奶油，上面撒上了糖粉，並用草莓和藍莓裝飾，看起來非常吸引人。餅皮的邊緣有波浪狀的裝飾，增加了整體的美感。餅的底部還綁了一條粉紅色的絲帶，給整道甜點增添了一絲浪漫的氛圍。甜點的顏色搭配非常鮮豔，草莓的紅色和藍莓的藍色與餅皮的金黃色形成鮮明對比，使得整道甜點看起來非常吸引人。"
origin_dataset/IMG20220315164827.jpg,"1. 這張照片展示了一片海景，遠處有幾座小島，天空中布滿了層層雲霧，海面反射著天空的顏色，遠處的陸地和建築物依稀可見，近處的樹木和護欄構成了前景。

2. 照片中，海面寬廣，遠處的島嶼在薄霧中若隱若現，天空中雲層密布，海面反射著天空的藍色，近處的樹木和護欄構成了景深的前導，遠處的陸地和建築物隱約可見。

3. 這張照片捕捉到了一個海景的廣闊視野，遠處的島嶼在薄霧中若隱若現，天空中雲層密布，海面反射著天空的藍色，近處的樹木和護欄構成了景深的前導，遠處的陸地和建築物隱約可見。"
origin_dataset/1529004415140.jpg,"1. 一組年輕人站在一起，背景是寫有「CONGRATS」的金色氣球，氣球下方還有幾顆金色星星。他們都穿着正式的西裝，表情開心，似乎是在慶祝某個成就或活動。地板是紅色的，牆壁是深色的，燈光柔和，環境看起來像是在一個會議室或宴會廳。

2. 六位年輕人排成兩排，前面兩位蹲下，後面四人站著。他們都穿著不同的西裝，表情開心，似乎在慶祝某個成就或活動。背景是寫有「CONGRATS」的金色氣球，氣球下方還有幾顆金色星星。牆壁是深色的，地板是紅色的，燈光柔和，環境看起來像是在一個會議室或宴會廳。

3. 這張照片中有六位年輕人，他們站在一起，背景是寫有「CONGRATS」的金色氣球，氣球下方還有幾顆金色星星。他們都穿著不同的西裝，表情開心，似乎在慶祝某個成就或活動。牆壁是深色的，地板是紅色的，燈光柔和，環境看起來像是在一個會議室或宴會廳。"
origin_dataset/1529682902565.jpg,"1. 三位畢業生身著黑色學士服，胸前佩戴著黃色邊框的學士帽，站在戶外的草地上。他們面帶微笑，其中一位手持一束花，背景中可以看到其他畢業生和觀眾，場景充滿歡樂氣氛。

2. 三位畢業生站在戶外的草地上，他們身著黑色學士服，胸前佩戴著學士帽。其中一位手持一束花，面帶微笑。背景中可以看到其他畢業生和觀眾，場景充滿歡樂氣氛。

3. 三位畢業生站在戶外的草地上，他們身著黑色學士服，胸前佩戴著學士帽。其中一位手持一束花，面帶微笑。背景中可以看到其他畢業生和觀眾，場景充滿歡樂氣氛。"
origin_dataset/1562318819272.jpg,"1. 這是一台機甲主題的互動遊戲機，機身設計未來感強烈，機器人造型的屏幕顯示一位玩家的模擬形象，玩家正舉著一隻粉紅色的傘，並舉起右手，似乎在進行遊戲中的動作。機台旁邊有說明牌，上面有圖示和文字，指示玩家如何操作。機台下方有取票口，顯示玩家的遊戲進度和獎勵。

2. 這是一款機甲主題的互動遊戲機，機身設計科技感十足，機器人造型的屏幕顯示一位玩家的模擬形象，玩家舉著粉紅色的傘，並舉起右手，似乎在進行遊戲中的動作。機台旁邊有說明牌，上面有圖示和文字，指示玩家如何操作。機台下方有取票口，顯示玩家的遊戲進度和獎勵。

3. 這是一款機甲主題的互動遊戲機，機身設計未來感強烈，機器人造型的屏幕顯示一位玩家的模擬形象，玩家舉著粉紅色的傘，並舉起右手，似乎在進行遊戲中的動作。機台旁邊有說明牌，上面有圖示和文字，指示玩家如何操作。機台下方有取票口，顯示玩家的遊戲進度和獎勵。"
origin_dataset/20230806_164719.jpg,"1. 天空中有濃密的雲層，雲朵的形狀不規則，有些部分較為厚重，有些則較為輕盈。樹木的樹冠茂盛，葉子在微風中輕輕搖曳，樹葉間透出一絲陽光，散發出溫暖的光芒。

2. 空氣中瀰漫著濃厚的雲霧，雲層厚重，遮蓋了大部分的天空，只有少許的陽光從雲隙中透出，照耀在樹冠上，樹葉在微風中輕輕搖曳，散發出一種寧靜而神秘的氛圍。

3. 天空中的雲層厚重，形狀不規則，有些部分較為厚重，有些則較為輕盈。樹木的樹冠茂盛，葉子在微風中輕輕搖曳，散發出一種寧靜而祥和的氛圍。陽光從雲隙中透出，照耀在樹葉上，散發出溫暖的光芒。"
origin_dataset/IMG20220315151810.jpg,"1. 這是一條沿海的公路，兩旁是茂密的植被和陡峭的山崖。路邊設有電線杆和電線，電線杆旁邊有黃色的路標。公路的路基邊緣有一道混凝土護欄，護欄上長滿了綠色的植物。遠處是無垠的海洋，天空陰沉，雲層厚重。

2. 這條公路蜿蜒曲折，兩側是茂密的山林和陡峭的山崖。公路邊緣設有混凝土護欄，護欄上長滿了綠色的植物。護欄旁邊有電線杆和電線，電線杆上掛有黃色的路標。遠處是無垠的海洋，天空陰沉，雲層厚重。

3. 這是一條沿海的公路，兩側是茂密的植被和陡峭的山崖。公路邊緣設有混凝土護欄，護欄上長滿了綠色的植物。護欄旁邊有電線杆和電線，電線杆上掛有黃色的路標。遠處是無垠的海洋，天空陰沉，雲層厚重。公路蜿蜒曲折，兩側是茂密的山林和陡峭的山崖。"
origin_dataset/IMG20220317121556.jpg,"1. 一張照片展示了一個戶外的場景，背景中有一個色彩鮮豔的壁畫，壁畫上繪有房屋和樹木的圖案。照片的前景中有一個大型的行李箱模型，行李箱的顏色為藍色和灰色，並帶有紅色的條紋。行李箱放置在一個鋪有灰色磚塊的地面上，地面上有白色的標誌線。背景中還有一個標有中文的標牌，標牌上寫著「不知道為什麼，我總會在這裡那裡遇見他」。照片的左側有一條馬路，馬路旁邊有一些樹木和綠化帶。

2. 這張照片捕捉到了一個戶外的場景，背景中有一幅色彩豐富的壁畫，壁畫上繪有房屋和樹木的圖案。前景中有一個大型的行李箱模型，行李箱的顏色為藍色和灰色，並帶有紅色的條紋。行李箱放置在鋪有灰色磚塊的地面上，地面上有白色的標誌線。背景中的標牌上寫著「不知道為什麼，我總會在這裡那裡遇見他」。照片的左側有一條馬路，馬路旁邊有一些樹木和綠化帶。

3. 這張照片展示了一個戶外的場景，背景中有一幅色彩豐富的壁畫，壁畫上繪有房屋和樹木的圖案。前景中有一個大型的行李箱模型，行李箱的顏色為藍色和灰色，並帶有紅色的條紋。行李箱放置在鋪有灰色磚塊的地面上，地面上有白色的標誌線。背景中的標牌上寫著「不知道為什麼，我總會在這裡那裡遇見他」。照片的左側有一條馬路，馬路旁邊有一些樹木和綠化帶。"
origin_dataset/20240623_184504.jpg,"1. 一盞明亮的街燈在電線和樹木之間閃耀，天空中雲層密布，遠處建築物的燈光在夜幕降臨前點亮，電線橫跨在空中，形成幾條平行的線條。

2. 電線在天空中形成幾條平行的線條，樹木的枝葉在電線的上方搖曳，一盞街燈在電線和樹木之間閃爍，遠處建築物的燈光在夜幕降臨前點亮。

3. 電線在天空中形成幾條平行的線條，樹木的枝葉在電線的上方搖曳，一盞街燈在電線和樹木之間閃爍，遠處建築物的燈光在夜幕降臨前點亮，電線和樹木構成了一幅現代都市的夜景。"
origin_dataset/IMG_20201129_213226_723.jpg,1. 這間房間的牆壁是白色的，地板是淺色的。房間內有一張床，床頭靠牆，床頭櫃上放著一些物品。床的旁邊有一張桌子，上面放著一台電視機。電視機的前面有一個藍色的行李箱，行李箱的旁邊有一個小冰箱。房間的門是關著的，門上掛著一塊布簾。房間的牆壁上有一個空調機，空調機的旁邊有一個插座。房間的牆壁上還有一個開關，開關的旁邊有一個插座。房間的牆壁上還有一個開關，開關的旁邊有一個插座。房間的牆壁上還有一個開關，開關的旁邊有一個插座。房間的牆壁上還有一個開關，開關的旁邊有一個插座。房間的牆壁上還有一個開關，開關的旁邊有一個插座。房間的牆壁上還有一個開關，開關的旁邊有一個插座。房間的牆壁上還有一個開關，開關的旁邊有一個插座。房間的牆壁上還有一個開關，開關的旁邊有一個插座。房間的牆壁上還有一個開關，開關的旁邊有一個插座。房間的牆壁上還有一個開關，開關的旁邊有一個插座。房間的牆壁上還有一個開關，開關的旁邊有一個插座。房間的牆壁上還有一個開關，開關的旁邊有一個插座。房間的牆壁上還有一個開關，開關的旁邊有一個插座。房間的牆壁上還有一個開關，開關的旁邊有一個插座。房間的牆壁上還有一個開關，開關的旁邊有一個插座。房間的牆壁上還有一個開關，開關的旁邊有一個插座。房間的牆壁上還有一個開關，開關的旁邊有一個插座。房間的牆壁上還有一個開關，開關的旁邊有一個插座。房間的牆壁上還有一個開關，開關的旁邊有一個插座。房間的牆壁上還有一個開關，開關的旁邊有一個插座。房間的牆壁上還有一個開關，開關的旁邊有一個插座。房間的牆壁上還有一個開關，開關的旁邊有一個插座。房間的牆壁上還有一個開關，開關的旁邊有一個插座。房間的牆壁上還有一個開關，開關的旁邊有一個插座。房間的牆壁上還有一個開關，開關的旁邊有一個插座。房間的牆壁上還有一個開關，開關的旁邊有一個插座。房間的牆壁上還有一個開關，開關的旁邊有一個插座。房間的牆壁上還有一個開關，開關的旁邊有一個插座。房間的牆壁上還有一個開關，開關的旁邊有一個插座。房間的牆壁上還有一個開關，開關的旁邊有一個插座。房間的牆壁上還有一個開關，開關的旁邊有一個插座。房間的牆壁上還有一個開關，開關的旁邊有一個插座。房間的牆壁上還有一個開關，開關的旁邊有一個插座。房間的牆壁上還有一個開關，開關的旁邊有一個插座。房間的牆壁上還有一個開關，開關的旁邊有一個插座。房間的牆壁上還有一個開關，開關的旁邊有一個插座。房間的牆壁上還有一個開關，開關的旁邊有一個插座。房間的牆壁上還有一個開關，開關的旁邊有一個插座。房間的牆壁上還有一個開關，開關的旁邊有一個插座。房間的牆壁上還有一個開關，開關的旁邊有一個插座。房間的牆壁上還有一個開關，開關的旁邊有一個插座。房間的牆壁上還有一個開關，開關的旁邊有一個插座。
origin_dataset/20240703_184720.jpg,"1. 一塊綠色的路牌懸掛在高樓建築的頂端，上面寫著「民權東路」，箭頭指向左方，顯示方向。路牌下方有一個交通燈，目前顯示紅燈。背景中可以看到一些建築物和樹木，天空陰沉，雲層厚重。

2. 一處城市街景，路牌上寫著「民權東路」，指示方向為左方。路牌下方有一個交通燈，目前顯示紅燈。背景中可以看到一些建築物和樹木，天空陰沉，雲層厚重。建築物的玻璃幕牆反射出周圍的景物。

3. 一塊綠色的路牌懸掛在高樓建築的頂端，上面寫著「民權東路」，箭頭指向左方，顯示方向。路牌下方有一個交通燈，目前顯示紅燈。背景中可以看到一些建築物和樹木，天空陰沉，雲層厚重。建築物的玻璃幕牆反射出周圍的景物，建築物的頂部有廣告牌，顯示電話號碼。"
origin_dataset/20230719_182833.jpg,"1. 一張圓形的餐桌，上面掛有一幅日式風格的畫作，畫中是一位穿著和服的女性，背景是淡雅的花卉圖案。餐桌旁邊有一個木製的抽屜櫃，櫃子上放著一盒餐巾紙、一罐醬油和一罐調味料。櫃子的邊緣有一個透明的玻璃杯，杯底有水印。牆壁是淺色的木板裝飾，地板是淺色的木質地板，地板上鋪有一塊有圖案的地毯。

2. 圖中展示了一個室內的角落，有一張圓形的餐桌，上面掛有一幅日式風格的畫作，畫中是一位穿著和服的女性，背景是淡雅的花卉圖案。餐桌旁邊有一個木製的抽屜櫃，櫃子上放著一盒餐巾紙、一罐醬油和一罐調味料。櫃子的邊緣有一個透明的玻璃杯，杯底有水印。牆壁是淺色的木板裝飾，地板是淺色的木質地板，地板上鋪有一塊有圖案的地毯。

3. 一張圓形的餐桌，上面掛有一幅日式風格的畫作，畫中是一位穿著和服的女性，背景是淡雅的花卉圖案。餐桌旁邊有一個木製的抽屜櫃，櫃子上放著一盒餐巾紙、一罐醬油和一罐調味料。櫃子的邊緣有一個透明的玻璃杯，杯底有水印。牆壁是淺色的木板裝飾，地板是淺色的木質地板，地板上鋪有一塊有圖案的地毯。"
origin_dataset/20231203_165319.jpg,"1. 這間餐廳內部裝潢簡潔現代，以白色為主調，搭配幾株綠植，營造出清新自然的氛圍。餐廳內設有多張白色鐵藝桌椅，桌面上鋪有大理石紋理的桌布，增添了一絲高雅氣息。餐廳內部還設有玻璃隔間，隔開了不同的用餐區，提供私密性。牆壁上掛有幾盞吊燈，散發出柔和的光線，營造出溫馨的用餐環境。牆壁上還掛有一塊藍色的霓虹燈牌，上面寫著“SELECT”，為餐廳增添了一絲現代感。

2. 這間餐廳的裝潢設計注重細節，牆壁上鋪有白色磚塊，營造出質樸的感覺。餐廳內部設有多個用餐區，每個區塊之間都用玻璃隔間隔開，既保持了空間的通透性，又提供了私密性。餐廳內的桌椅均為白色鐵藝，搭配大理石紋桌布，既簡潔又高雅。餐廳內還設有幾株綠植，散佈在各個角落，為空間增添了一絲綠意。餐廳內部的燈光設計也很獨特，牆壁上掛有幾盞吊燈，散發出柔和的光線，營造出溫馨的用餐氛圍。牆壁上還掛有一塊藍色的霓虹燈牌，上面寫著“SELECT”，為餐廳增添了一絲現代感。

3. 這間餐廳的裝潢設計簡潔現代，以白色為主調，散發出清新自然的氛圍。餐廳內部設有多張白色鐵藝桌椅，桌面上鋪有大理石紋理的桌布，增添了一絲高雅氣息。餐廳內部還設有玻璃隔間，隔開了不同的用餐區，提供私密性。牆壁上掛有幾盞吊燈，散發出柔和的光線，營造出溫馨的用餐環境。牆壁上還掛有一塊藍色的霓虹燈牌，上面寫著“SELECT”，為餐廳增添了一絲現代感。餐廳內部的裝潢設計注重細節，牆壁上鋪有白色磚塊，營造出質樸的感覺。餐廳內的桌椅均為白色鐵藝，搭配大理石紋桌布，既簡潔又高雅。餐廳內還設有幾株綠植，散佈在各個角落，為空間增添了一絲綠意。"
origin_dataset/20230820_154814.jpg,"1. 海濱步道旁邊，一排黑色鐵欄杆圍繞著，步道鋪設著光滑的石板，反射著天空的陰沉。遠處，海面波光粼粼，天際線隱約可見，幾艘船隻在海面上航行。天空布滿了厚重的烏雲，似乎即將降下大雨。步道上，幾位行人撐著雨傘，緩步前行，享受著這份寧靜與涼爽。

2. 沿海的步道上，鐵欄杆與石板構成了一道優雅的景觀。遠處，海面波光閃爍，幾艘船隻在海面上劃過。天空烏雲密布，似乎即將降下大雨。步道上，行人撐著雨傘，緩步前行，享受著這份寧靜與涼爽。遠處的天際線隱約可見，幾棟建築在雨中若隱若現。

3. 海濱步道旁邊，一排黑色鐵欄杆圍繞著，步道鋪設著光滑的石板，反射著天空的陰沉。遠處，海面波光粼粼，幾艘船隻在海面上航行。天空烏雲密布，似乎即將降下大雨。步道上，行人撐著雨傘，緩步前行，享受著這份寧靜與涼爽。遠處的天際線隱約可見，幾棟建築在雨中若隱若現。"
origin_dataset/FB_IMG_1485272684837(1)(1).jpg,"1. 這張照片展示了一個戶外活動場景，兩名參與者正在進行高空中攀爬的活動。他們身著安全裝備，包括頭盔和護具，懸掛在繩索上，並通過繩索和固定點進行攀爬。背景是茂密的樹木和晴朗的藍天，顯示出活動是在一個開放的自然環境中進行的。

2. 這張照片捕捉到了一個戶外冒險活動的瞬間，兩名參與者正在高空中攀爬。他們身著安全裝備，包括頭盔和護具，懸掛在繩索上，並通過繩索和固定點進行攀爬。背景是茂密的樹木和晴朗的藍天，顯示出活動是在一個開放的自然環境中進行的。

3. 這張照片展示了一個戶外活動場景，兩名參與者正在進行高空中攀爬的活動。他們身著安全裝備，包括頭盔和護具，懸掛在繩索上，並通過繩索和固定點進行攀爬。背景是茂密的樹木和晴朗的藍天，顯示出活動是在一個開放的自然環境中進行的。"
origin_dataset/20230703_091110.jpg,"1. 一張從機場窗戶拍攝的照片，窗外有一架飛機停在跑道上。飛機的尾翼上有一個綠色的圓形標誌，標誌內有一個白色的圓形圖案。天空藍色，雲朵稀疏，地面上可以看到一些綠色的植被和建築物。

2. 一張機場內的窗戶照片，窗外有一架飛機停在跑道上。飛機的尾翼上有一個綠色的圓形標誌，標誌內有一個白色的圓形圖案。天空藍色，雲朵稀疏，地面上可以看到一些綠色的植被和建築物。

3. 一張從機場窗戶拍攝的照片，窗外有一架飛機停在跑道上。飛機的尾翼上有一個綠色的圓形標誌，標誌內有一個白色的圓形圖案。天空藍色，雲朵稀疏，地面上可以看到一些綠色的植被和建築物。"
origin_dataset/IMG20201118203130.jpg,"1. 一隻隻活蹦亂跳的龍蝦被裝在玻璃魚缸中，魚缸內有藍色的照明燈，使得龍蝦的顏色更加鮮豔。龍蝦的觸角和鉗子清晰可見，顯得非常活潑。魚缸的底部還有一些其他海鮮，但主要的焦點是這些活龍蝦。

2. 魚缸內的龍蝦被綁上了白色帶子，可能是用來標記或保護龍蝦。魚缸的玻璃壁上有些水珠，顯示出魚缸內的環境濕度較高。魚缸的底部有一個鐵絲網，可能是用來隔離龍蝦和其他海鮮。

3. 魚缸的底部有一個鐵絲網，龍蝦被綁在上面，顯得非常活躍。魚缸的玻璃壁上有些水珠，顯示出魚缸內的環境濕度較高。魚缸的底部還有一些其他海鮮，但主要的焦點是這些活龍蝦。魚缸的照明燈發出藍色的光，使得龍蝦的顏色更加鮮豔。"
origin_dataset/IMG_0009.JPG,"1. 一位年輕的男子站在戶外，背景是高樓大廈和藍天。他穿着深色的夾克和T恤，頭髮是黑色的，短而齊整。他的表情看起來很沉思，目光遠遠地望著前方。

2. 這張照片捕捉到了一個年輕男子的側臉，他站在一片綠色的草地上，背後是幾棟高樓。他穿著一件深色的外套和一件黑色的T恤，頭髮是黑色的，看起來很自然。他的表情看起來很平靜，似乎在思考什麼。

3. 這張照片展示了一位年輕的男子，他站在戶外，背後是藍天和幾棟高樓。他穿著深色的外套和黑色的T恤，頭髮是黑色的，看起來很自然。他的表情看起來很沉思，目光遠遠地望著前方。背景的建築物看起來很現代，顯示出都市的氛圍。"
origin_dataset/20240328_172336.jpg,"1. 一幢高樓建築，建築外牆為淺灰色，窗戶排列整齊，建築頂部有幾塊綠色的招牌，招牌上有中文字樣。建築前有一排樹木，樹葉茂盛，天空中雲層稀疏，陽光從雲隙中透出，形成光束照射在建築上。

2. 一處城市街景，建築為現代風格，建築頂部有幾塊綠色招牌，招牌上有中文字樣。建築前有一排樹木，樹葉茂盛，天空中雲層稀疏，陽光從雲隙中透出，形成光束照射在建築上。建築旁邊有幾盞路燈，燈光微弱，顯示時間可能是傍晚或清晨。

3. 一幢現代建築，建築外牆為淺灰色，窗戶排列整齊，建築頂部有幾塊綠色招牌，招牌上有中文字樣。建築前有一排樹木，樹葉茂盛，天空中雲層稀疏，陽光從雲隙中透出，形成光束照射在建築上。建築旁邊有幾盞路燈，燈光微弱，顯示時間可能是傍晚或清晨。建築後方有幾輛停車的汽車，顯示這是一處城市街景。"
origin_dataset/20230708_125640.jpg,"1. 這是一張展示三個豬形狀的蒸餃的圖片。蒸餃被放置在一個竹製的蒸籠中，蒸籠放在一個透明的玻璃桌面上。蒸餃的外觀非常可愛，每個蒸餃的表面都有一對粉紅色的耳朵和一個小黑點，模仿豬的臉部特徵。蒸餃的顏色是純白的，看起來非常新鮮和美味。

2. 這張圖片中的三個蒸餃被設計成豬的形狀，每一個蒸餃的表面都有兩隻粉紅色的耳朵和一個小黑點，模仿豬的臉部特徵。蒸餃被放置在一個竹製的蒸籠中，蒸籠放在一個透明的玻璃桌面上。蒸餃的顏色是純白的，看起來非常新鮮和美味。

3. 這張圖片展示了一個竹製的蒸籠，裡面有三個豬形狀的蒸餃。蒸餃的表面有兩隻粉紅色的耳朵和一個小黑點，模仿豬的臉部特徵。蒸餃被放置在一個透明的玻璃桌面上，蒸餃的顏色是純白的，看起來非常新鮮和美味。蒸籠的邊緣有幾個小孔，可能是為了讓蒸汽流通，以確保蒸餃熟透。"
origin_dataset/12187669_901341533289976_6385997350178512912_n(1)(1).jpg,"1. 一羣年輕人站在室內的舞台上，背景是一塊寫有「KAVI AZ」字樣的橫幅。他們身穿紅色和白色相間的制服，頭戴不同顏色的帽子，雙手合十，面向觀眾。舞台後方有三臺吊扇，牆壁上是大面積的玻璃窗。觀眾席上坐著一些人，他們的頭部和上半身部分出現在畫面中。

2. 一群年輕人站在室內的舞台上，背景是一塊寫有「KAVI AZ」字樣的橫幅。他們身穿紅色和白色相間的制服，頭戴不同顏色的帽子，雙手合十，面向觀眾。舞台後方有三臺吊扇，牆壁上是大面積的玻璃窗。觀眾席上坐著一些人，他們的頭部和上半身部分出現在畫面中。

3. 一羣年輕人站在室內的舞台上，背景是一塊寫有「KAVI AZ」字樣的橫幅。他們身穿紅色和白色相間的制服，頭戴不同顏色的帽子，雙手合十，面向觀眾。舞台後方有三臺吊扇，牆壁上是大面積的玻璃窗。觀眾席上坐著一些人，他們的頭部和上半身部分出現在畫面中。"
origin_dataset/IMG_20180315_162644_095.jpg,"1. 燒烤架上放著四塊生肉，肉質鮮紅，表面有油光閃閃，看起來非常新鮮。燒烤架下方有炭火，炭火已經燒得紅熱，準備好要開始燒烤了。燒烤架的邊緣有兩塊可愛的笑臉表情圖案，看起來非常開心。

2. 一張燒烤架的照片，燒烤架上放著四塊生肉，肉質鮮紅，表面有油光閃閃，看起來非常新鮮。燒烤架下方有炭火，炭火已經燒得紅熱，準備好要開始燒烤了。燒烤架的邊緣有兩塊可愛的笑臉表情圖案，看起來非常開心。

3. 燒烤架上放著四塊生肉，肉質鮮紅，表面有油光閃閃，看起來非常新鮮。燒烤架下方有炭火，炭火已經燒得紅熱，準備好要開始燒烤了。燒烤架的邊緣有兩塊可愛的笑臉表情圖案，看起來非常開心。燒烤架的邊緣還寫著「報到到完開吃」，看起來非常期待。"
origin_dataset/IMG20220221182259.jpg,"1. 這道菜包含炸雞塊、番茄、生菜、紅蔥頭絲、煮蛋和一碟醬汁。醬汁放在一個小碗中，醬汁表面有一層蛋黃。炸雞塊外皮酥脆，內部多汁。番茄和生菜提供了清新的口感，而紅蔥頭絲則增添了一絲辛辣。煮蛋則提供了蛋白和蛋黃的搭配，營養均衡。

2. 這道菜的盤子是黑白相間的，盤子的邊緣有黑色的條紋。炸雞塊放在盤子的一側，番茄和生菜則放在另一側。醬汁放在一個小碗中，放在盤子的中央。醬汁表面有一層蛋黃，看起來非常誘人。盤子的設計和食物的擺盤都顯得非常有藝術感。

3. 這道菜的醬汁是用蛋黃調製的，表面有一層蛋黃，看起來非常誘人。炸雞塊外皮酥脆，內部多汁，搭配番茄、生菜、紅蔥頭絲和煮蛋，營養均衡。醬汁的顏色是黃色的，醬汁的香氣應該非常濃郁。這道菜的擺盤非常有藝術感，醬汁放在一個小碗中，放在盤子的中央，炸雞塊放在盤子的一側，番茄和生菜則放在另一側。盤子的邊緣有黑色的條紋，盤子的設計非常獨特。"
origin_dataset/IMG20200626172838.jpg,"1. 海灘上，陽光從雲層間照射下來，形成耀眼的光線。海浪輕撫著沙灘，人們在海邊嬉戲，享受著這美好的時刻。天空中散佈著幾朵雲，襯托出藍色的天空。海面反射著陽光，波光粼粼，遠處的海平線與天空相接，構成一幅寧靜而美麗的海景畫。

2. 陽光穿透雲層，灑在海灘上，形成一道道光線。人們在海邊活動，有的在戲水，有的在沙灘上閒逛。海浪輕拍著海岸，沙灘上散落著幾個人影，遠處的海平線與天空相接，構成一幅寧靜而美麗的海景畫。

3. 海灘上，陽光從雲層間照射下來，形成耀眼的光線。人們在海邊活動，有的在戲水，有的在沙灘上閒逛。海浪輕撫著沙灘，遠處的海平線與天空相接，構成一幅寧靜而美麗的海景畫。沙灘上散落著幾個人影，遠處的海平線與天空相接，構成一幅寧靜而美麗的海景畫。"
origin_dataset/IMG20220317142556.jpg,"1. 海灘上的沙地上，有許多腳印散落，形成了一個不規則的圖案。在沙地上，還有一個用腳印寫成的「LOVE」字樣，字跡清晰，但不規則。在沙地的左上角，有一雙白色的運動鞋，與沙地形成鮮明對比。沙地上散落著一些小石子和雜物，增加了沙地的真實感。

2. 在一片沙地上，散落著許多腳印，這些腳印大小不一，方向不一，形成了一個不規則的圖案。在沙地上，還有一個用腳印寫成的「LOVE」字樣，字跡清晰，但不規則。在沙地的左上角，有一雙白色的運動鞋，與沙地形成鮮明對比。沙地上散落著一些小石子和雜物，增加了沙地的真實感。

3. 海灘上的沙地上，散落著許多腳印，這些腳印大小不一，方向不一，形成了一個不規則的圖案。在沙地上，還有一個用腳印寫成的「LOVE」字樣，字跡清晰，但不規則。在沙地的左上角，有一雙白色的運動鞋，與沙地形成鮮明對比。沙地上散落著一些小石子和雜物，增加了沙地的真實感。"
origin_dataset/IMG_20201128_012309_295.jpg,"1. 一樹枝延伸至畫面右側，樹葉間隙透出遠方的山脈，山脈層層疊疊，遠處的山峰在薄霧中若隱若現，天空湛藍，無雲。

2. 樹枝在畫面左側延伸，樹葉間隙間露出遠方的山脈，山脈層層疊疊，遠處的山峰在薄霧中若隱若現，天空湛藍，無雲。

3. 樹枝橫跨畫面，樹葉間隙透出遠方的山脈，山脈層層疊疊，遠處的山峰在薄霧中若隱若現，天空湛藍，無雲。"
origin_dataset/IMG20220304121042.jpg,"1. 海邊風力發電場，遠處風力發電機矗立在海岸邊，風力發電機的葉片在微風中緩緩轉動。海面寬廣，水色清澈，遠處的風力發電機與近處的海岸線形成對比，構成一幅現代與自然共存的圖景。

2. 海邊風力發電場，風力發電機矗立在海岸邊，風力發電機的葉片在微風中緩緩轉動。海面寬廣，水色清澈，遠處的風力發電機與近處的海岸線形成對比，構成一幅現代與自然共存的圖景。風力發電機的聲音在海邊響起，與海浪拍打海岸的聲音交織在一起，形成一種平靜而和諧的聲音。

3. 海邊風力發電場，風力發電機矗立在海岸邊，風力發電機的葉片在微風中緩緩轉動。海面寬廣，水色清澈，遠處的風力發電機與近處的海岸線形成對比，構成一幅現代與自然共存的圖景。風力發電機的聲音在海邊響起，與海浪拍打海岸的聲音交織在一起，形成一種平靜而和諧的聲音。遠處的風力發電機在微風中緩緩轉動，構成一幅現代與自然共存的圖景。"
origin_dataset/20240613_194610.jpg,"1. 這張照片展示了一座高聳的建築物，夜晚的天空中只有它被燈光照亮。建築物的頂部有一個突出的綠色燈光，建築的外觀由許多方形的窗戶組成，排列整齊。建築的頂部還有一個紅色的起重機，顯示出建築仍在進行施工或維修。

2. 照片中，一棟建築在夜間被強烈的照明突出，其頂部有一個綠色的燈光裝飾。建築的外觀由許多方形的窗戶構成，排列成規律的模式。建築的頂部還有一個紅色的起重機，顯示出建築可能正在施工或維修中。

3. 這張照片捕捉到了一棟建築在夜晚的景象，建築頂部有一個綠色的燈光裝飾。建築的外觀由許多方形的窗戶組成，排列整齊。建築的頂部還有一個紅色的起重機，顯示出建築可能正在施工或維修中。建築的頂部還有一個紅色的起重機，顯示出建築可能正在施工或維修中。"
origin_dataset/IMG20220313112721.jpg,"1. 海邊的沙灘上，沙子細膩，遠處的海面湛藍，天空晴朗無雲，海浪輕柔拍打著海岸線，散發出寧靜的氣氛。

2. 沙灘上沒有遊人，只有幾塊散落的石頭，沙子上留下了一些淺淺的痕跡，遠處的海天一色，海浪輕柔地拍打著海岸線。

3. 沙灘上沒有遊人，沙子細膩，遠處的海面湛藍，天空晴朗無雲，海浪輕柔拍打著海岸線，散發出寧靜的氣氛。"
origin_dataset/IMG20220315225250.jpg,"1. 一盞燈掛在帳篷內，燈光從上方照射下來，照亮了帳篷內的空間。帳篷的頂部有繩子固定，帳篷的牆壁上有一個圖案，圖案的顏色是淺色的，圖案的設計看起來像是幾何圖形。帳篷的牆壁上還有一個電風扇，電風扇的顏色是白色的，電風扇的葉片是白色的，電風扇的葉片在旋轉。

2. 一盞燈掛在帳篷內，燈光從上方照射下來，照亮了帳篷內的空間。帳篷的頂部有繩子固定，帳篷的牆壁上有一個圖案，圖案的顏色是淺色的，圖案的設計看起來像是幾何圖形。帳篷的牆壁上還有一個電風扇，電風扇的顏色是白色的，電風扇的葉片是白色的，電風扇的葉片在旋轉。帳篷的牆壁上還有一個圖案，圖案的顏色是淺色的，圖案的設計看起來像是幾何圖形。

3. 一盞燈掛在帳篷內，燈光從上方照射下來，照亮了帳篷內的空間。帳篷的頂部有繩子固定，帳篷的牆壁上有一個圖案，圖案的顏色是淺色的，圖案的設計看起來像是幾何圖形。帳篷的牆壁上還有一個電風扇，電風扇的顏色是白色的，電風扇的葉片是白色的，電風扇的葉片在旋轉。帳篷的牆壁上還有一個圖案，圖案的顏色是淺色的，圖案的設計看起來像是幾何圖形。"
origin_dataset/IMG20220317145403.jpg,"1. 海邊的風景，天空陰沉，海浪拍打著海岸，遠處有幾艘船在海面上航行。一位穿著泳裝的女子站在海水中，背對著攝影機，遠處可以看到一些建築物和樹木。

2. 一張海邊的照片，天空灰暗，海浪不斷拍打著海岸。一位女子站在海水中，背對著攝影機，遠處有幾艘船在海面上航行。海邊的建築物和樹木隱約可見。

3. 海邊的風景，天空陰沉，海浪拍打著海岸，遠處有幾艘船在海面上航行。一位穿著泳裝的女子站在海水中，背對著攝影機，遠處可以看到一些建築物和樹木。海邊的風景靜謐而美麗。"
origin_dataset/IMG20220317144709.jpg,"1. 這張照片展示了一片廣闊的沙灘，沙子呈深灰色，表面有明顯的腳印。背景中可以看到一排綠意盎然的山丘，山丘上布滿了茂密的樹木。天空中有一些雲彩，但整體天氣晴朗。沙灘的遠端有一些建築物，可能是度假村或海灘設施。

2. 照片中，一片沙灘延伸至遠處的山丘，沙子的顏色為深灰色，表面有許多腳印。山丘上覆蓋著茂密的綠色植被，遠處的天空中有一些雲朵，但整體天氣晴朗。沙灘的盡頭有一些建築物，可能是海灘設施或度假村。

3. 這張照片捕捉到了一片沙灘的景象，沙子呈深灰色，表面有許多腳印。沙灘的遠端有一排綠意盎然的山丘，山丘上布滿了茂密的樹木。天空中有一些雲彩，但整體天氣晴朗。沙灘的盡頭有一些建築物，可能是海灘設施或度假村。"
origin_dataset/20230729_112328.jpg,"1. 藍天白雲，雲朵輕盈飄浮，天空清澈明亮，綠樹成蔭，樹葉繁茂，微風輕拂，帶來寧靜的氛圍。

2. 雲層層疊疊，天空湛藍，樹木茂盛，綠葉在微風中輕搖，自然景緻美不勝收。

3. 藍天與白雲交織，樹木在風中搖曳，自然的寧靜與美麗，讓人感受到大自然的優美。"
origin_dataset/IMG20220314140017.jpg,"1. 星巴克咖啡杯展示區，擺放著多款不同設計的咖啡杯，包括藍色底帶白色圖案的咖啡杯，以及白色底帶城市風景圖案的咖啡杯。此外，還有一系列星巴克咖啡豆的包裝盒，包括Verona、Pike Place Roast等系列。

2. 木質展示櫃上陳列著多款星巴克咖啡杯，包括藍色底帶白色圖案的咖啡杯，以及白色底帶城市風景圖案的咖啡杯。此外，還有一系列星巴克咖啡豆的包裝盒，包括Verona、Pike Place Roast等系列。

3. 星巴克咖啡杯展示區，擺放著多款不同設計的咖啡杯，包括藍色底帶白色圖案的咖啡杯，以及白色底帶城市風景圖案的咖啡杯。此外，還有一系列星巴克咖啡豆的包裝盒，包括Verona、Pike Place Roast等系列。"
origin_dataset/1527003187487.jpg,"1. 一位年輕的男子，頭髮是黑色的，側臉朝向森林的另一側，面帶沉思的神情。他穿着一件藍色的上衣，肩上背著一個背包，似乎正在森林中行走。周圍是高大的樹木，樹幹粗壯，樹葉茂盛，陽光從樹叢間透下來，形成斑斕的光影效果。

2. 這張照片捕捉到了一個年輕男子在森林中的側影。他有着黑色的頭髮，側臉朝向森林的另一側，面帶沉思的神情。他穿著一件藍色的上衣，肩上背著一個背包，似乎正在探索或旅行。周圍的環境是茂密的樹林，陽光從樹叢間透下來，形成斑斕的光影效果。

3. 這張照片展示了一位年輕的男子在森林中的側影。他有着黑色的頭髮，側臉朝向森林的另一側，面帶沉思的神情。他穿著一件藍色的上衣，肩上背著一個背包，似乎正在森林中行走。周圍的環境是高大的樹木，樹幹粗壯，樹葉茂盛，陽光從樹叢間透下來，形成斑斕的光影效果。"
origin_dataset/IMG_20170818_181301_020(1)(1).jpg,"1. 一張木桌上有兩道菜，一盤白飯，一盤蔬菜，一盤炒飯，還有一個帶有黃色醬汁的青色碗，碗內裝有蔬菜。桌上還有一張白紙，上面寫著「Café Meal MUJI」。桌上還有一個帶有黑白條紋的餐巾紙，以及一個透明的玻璃杯。

2. 木桌上有兩道菜，一盤白飯，一盤蔬菜，一盤炒飯，還有一個帶有黃色醬汁的青色碗，碗內裝有蔬菜。桌上還有一張白紙，上面寫著「Café Meal MUJI」。桌上還有一個帶有黑白條紋的餐巾紙，以及一個透明的玻璃杯。

3. 木桌上有兩道菜，一盤白飯，一盤蔬菜，一盤炒飯，還有一個帶有黃色醬汁的青色碗，碗內裝有蔬菜。桌上還有一張白紙，上面寫著「Café Meal MUJI」。桌上還有一個帶有黑白條紋的餐巾紙，以及一個透明的玻璃杯。"
origin_dataset/DSC_0002(1)(1).JPG,"1. 一處夜晚的公園，湖面上有綠色的燈光反射，橋樑上點綴著紅色的燈光，橋下有遊船經過，周圍是茂密的樹木和一些建築物，夜空深邃，燈光點綴著整體的氛圍。

2. 晚間的公園，湖面倒映著周圍的燈光，橋樑上點綴著紅色的燈飾，橋下有遊船緩緩經過，周圍的樹木和建築物在夜色中顯得格外靜謐，燈光點綴著整體的氛圍。

3. 夜晚的公園，湖面上有綠色的燈光反射，橋樑上點綴著紅色的燈光，橋下有遊船經過，周圍是茂密的樹木和一些建築物，夜空深邃，燈光點綴著整體的氛圍，橋樑和遊船的倒影在湖面上形成美麗的圖案。"
origin_dataset/20230820_163855.jpg,"1. 海濱步道上，人們撐著雨傘，緩步行走，享受著海風。遠處的海面上，一艘船隻靜靜地停泊著。天空陰沉，雲層厚重，但陽光從雲隙中透出，為這片海濱帶來了一絲溫暖。

2. 沿著海濱步道，綠色的灌木和樹木排列成行，形成一道自然的屏障。步道兩側，人們撐著各色雨傘，緩步前行，享受著這份寧靜與安靜。遠處的海面上，一艘船隻靜靜地停泊著，與周圍的景緻相得益彰。

3. 海濱步道兩側，綠色的灌木和樹木排列成行，形成一道自然的屏障。步道上，人們撐著各色雨傘，緩步前行，享受著這份寧靜與安靜。遠處的海面上，一艘船隻靜靜地停泊著，與周圍的景緻相得益彰。天空陰沉，雲層厚重，但陽光從雲隙中透出，為這片海濱帶來了一絲溫暖。"
origin_dataset/20240517_163212.jpg,1. 一幢高樓建築，建築外牆為米色，窗戶排列整齊，建築頂部有幾層樓層，建築前有幾塊廣告牌，建築後方有幾棵樹木，建築旁邊有一條鐵路軌道，鐵路軌道旁邊有一個鐵製欄杆，欄杆上有一些鐵絲網，欄杆旁邊有一個電箱，電箱上有一些標誌，電箱旁邊有一個樹木，樹木上有一些綠葉，樹木旁邊有一個建築，建築外牆為紅色，建築頂部有幾層樓層，建築前有幾塊廣告牌，建築後方有幾棵樹木，建築旁邊有一條鐵路軌道，鐵路軌道旁邊有一個鐵製欄杆，欄杆上有一些鐵絲網，欄杆旁邊有一個電箱，電箱上有一些標誌，電箱旁邊有一個樹木，樹木上有一些綠葉，樹木旁邊有一個建築，建築外牆為紅色，建築頂部有幾層樓層，建築前有幾塊廣告牌，建築後方有幾棵樹木，建築旁邊有一條鐵路軌道，鐵路軌道旁邊有一個鐵製欄杆，欄杆上有一些鐵絲網，欄杆旁邊有一個電箱，電箱上有一些標誌，電箱旁邊有一個樹木，樹木上有一些綠葉，樹木旁邊有一個建築，建築外牆為紅色，建築頂部有幾層樓層，建築前有幾塊廣告牌，建築後方有幾棵樹木，建築旁邊有一條鐵路軌道，鐵路軌道旁邊有一個鐵製欄杆，欄杆上有一些鐵絲網，欄杆旁邊有一個電箱，電箱上有一些標誌，電箱旁邊有一個樹木，樹木上有一些綠葉，樹木旁邊有一個建築，建築外牆為紅色，建築頂部有幾層樓層，建築前有幾塊廣告牌，建築後方有幾棵樹木，建築旁邊有一條鐵路軌道，鐵路軌道旁邊有一個鐵製欄杆，欄杆上有一些鐵絲網，欄杆旁邊有一個電箱，電箱上有一些標誌，電箱旁邊有一個樹木，樹木上有一些綠葉，樹木旁邊有一個建築，建築外牆為紅色，建築頂部有幾層樓層，建築前有幾塊廣告牌，建築後方有幾棵樹木，建築旁邊有一條鐵路軌道，鐵路軌道旁邊有一個鐵製欄杆，欄杆上有一些鐵絲網，欄杆旁邊有一個電箱，電箱上有一些標誌，電箱旁邊有一個樹木，樹木上有一些綠葉，樹木旁邊有一個建築，建築外牆為紅色，建築頂部有幾層樓層，建築前有幾塊廣告牌，建築後方有幾棵樹木，建築旁邊有一條鐵路軌道，鐵路軌道旁邊有一個鐵製欄杆，欄杆上有一些鐵絲網，欄杆旁邊有一個電箱，電箱上有一些標誌，電箱旁邊有一個樹木，樹木上有一些綠葉，樹木旁邊有一個建築，建築外牆為紅色，建築頂部有幾層樓層，建築前有幾塊廣告牌，建築後方有幾棵樹木，建築旁邊有一條鐵路軌道，鐵路軌道旁邊有一個鐵製欄杆，欄杆上有一些鐵絲網，欄杆旁邊有一個電箱，電箱上有一些標誌，電箱旁邊有一個樹木，樹木上有一些綠葉，樹木旁邊有一個建築，建築外牆為紅色，建築頂部有幾層樓層，建築前有幾塊廣告牌，建築後方有幾棵樹木，建築旁邊有一條鐵路軌道，鐵路軌道旁邊有一個鐵製欄杆，欄杆上有一些鐵絲網，欄杆旁邊有一個電箱，電箱上有一些標誌，電箱旁邊有一個樹木，樹木上有一些綠葉，樹木旁邊有一個建築，建築外牆為紅色，建築頂部有幾層樓層，建築前有幾塊廣告
origin_dataset/IMG_20210621_120745_175.jpg,"1. 這是一張Abbott Panbio™ COVID-19抗原快速檢測試劑盒的照片。試劑盒的顏色為白色，上面有紫色的標籤和文字。試劑盒的底部標有「15 min」，表示檢測時間為15分鐘。試劑盒的上部標有「C」和「T」，分別代表控制線和測試線。試劑盒的右側標有「Abbott」和「Panbio™」的標誌。試劑盒的左側標有「COVID-19 Ag」，表示該試劑盒用於檢測COVID-19抗原。試劑盒的右側還標有兩個笑臉表情符號，表示檢測結果為陰性。

2. 這是一張Abbott Panbio™ COVID-19抗原快速檢測試劑盒的照片。試劑盒的顏色為白色，上面有紫色的標籤和文字。試劑盒的底部標有「15 min」，表示檢測時間為15分鐘。試劑盒的上部標有「C」和「T」，分別代表控制線和測試線。試劑盒的右側標有「Abbott」和「Panbio™」的標誌。試劑盒的左側標有「COVID-19 Ag」，表示該試劑盒用於檢測COVID-19抗原。試劑盒的右側還標有兩個笑臉表情符號，表示檢測結果為陰性。

3. 這是一張Abbott Panbio™ COVID-19抗原快速檢測試劑盒的照片。試劑盒的顏色為白色，上面有紫色的標籤和文字。試劑盒的底部標有「15 min」，表示檢測時間為15分鐘。試劑盒的上部標有「C」和「T」，分別代表控制線和測試線。試劑盒的右側標有「Abbott」和「Panbio™」的標誌。試劑盒的左側標有「COVID-19 Ag」，表示該試劑盒用於檢測COVID-19抗原。試劑盒的右側還標有兩個笑臉表情符號，表示檢測結果為陰性。"
origin_dataset/20230729_111351.jpg,"1. 藍天白雲，雲層蓬鬆，天空清澈，樹木茂盛，建築物頂部有廣告牌，廣告牌上有數字和文字。

2. 雲層厚重，天空藍色，樹木綠色，建築物頂部有廣告牌，廣告牌上有數字和文字。

3. 天空藍色，雲層蓬鬆，樹木茂盛，建築物頂部有廣告牌，廣告牌上有數字和文字。"
origin_dataset/20230721_131520.jpg,"1. 這張照片展示了一個機場的內部景象，透過大面積的玻璃窗可以看到外面的機場跑道和停機坪。跑道上停泊著幾架飛機，遠處可以看到一座高聳的航管塔。天空湛藍，雲朵稀疏，陽光充足，整個場景充滿了現代化的建築風格和繁忙的空氣。

2. 照片中，機場內部的玻璃窗將室內與室外的景觀完美地連接起來。透過窗戶，可以看到機場的跑道和停機坪，跑道上停泊著幾架飛機，遠處的航管塔清晰可見。天空藍得透徹，幾朵雲朵在空中悠然漂浮，陽光照射下來，整個場景明亮而開闊。

3. 這張照片捕捉到了一個機場的內部視角，透過大面積的玻璃窗，可以看到外面的機場跑道和停機坪。跑道上停泊著幾架飛機，遠處的航管塔清晰可見。天空湛藍，幾朵雲朵在空中悠然漂浮，陽光照射下來，整個場景明亮而開闊。機場內部的建築設計現代化，玻璃窗的設計使得室內與室外的景觀完美地連接起來。"
origin_dataset/received_1425366990896894.jpeg,"1. 這是一杯透明的飲料杯，杯身上印有“DUCKLING”和“natural & fresh”的字樣。杯蓋是白色的，並附有一根黑色的吸管。杯子放在一張木紋桌面上，背景是藍色的牆壁。

2. 這是一張展示一杯飲料的圖片。飲料杯是透明的，杯身印有“DUCKLING”和“natural & fresh”的字樣。杯蓋是白色的，並附有一根黑色的吸管。杯子放在一張木紋桌面上，背景是藍色的牆壁。

3. 這是一張展示一杯飲料的圖片。飲料杯是透明的，杯身印有“DUCKLING”和“natural & fresh”的字樣。杯蓋是白色的，並附有一根黑色的吸管。杯子放在一張木紋桌面上，背景是藍色的牆壁。"
origin_dataset/IMG_20200215_143413_038.jpg,"1. 一張照片中，一個人坐在車廂內，雙腳交叉，雙手交疊放在腿上。他穿著深藍色牛仔褲和棕色皮鞋，腳上還有一個棕色的包。車廂內的地板是灰色的，牆壁是白色的，車廂內的扶手是銀色的。

2. 這張照片顯示了一個人在車廂內的視角，他雙腳交叉，雙手交疊放在腿上。他穿著深藍色牛仔褲和棕色皮鞋，腳上還有一個棕色的包。車廂內的地板是灰色的，牆壁是白色的，車廂內的扶手是銀色的。

3. 這張照片捕捉到了一個人在車廂內的視角，他雙腳交叉，雙手交疊放在腿上。他穿著深藍色牛仔褲和棕色皮鞋，腳上還有一個棕色的包。車廂內的地板是灰色的，牆壁是白色的，車廂內的扶手是銀色的。"
origin_dataset/IMG_20210626_135523_963.jpg,"1. 這張圖片顯示了一群人在戶外活動，背景是建築物和電線杆。人們似乎在進行某種社交活動，可能與社區服務或志願服務有關。圖片下方有文字註釋，提到「Dirac delta function」，這可能是對圖片內容的幽默或諷刺評論。

2. 圖片中，幾位身穿不同顏色衣物的人聚集在一起，其中一位穿著藍色上衣的人坐在電動車上，電動車的後座上放著一個籃子。背景中可以看到一些建築物和電線杆，顯示出一個典型的社區環境。圖片上方的文字顯示了日期和時間，並提到「Delta病毒」，這可能與當前的健康或疫情相關。

3. 圖片捕捉到了一個社區活動的場景，幾位居民聚集在一起，可能是在進行社區服務或志願活動。電動車和籃子顯示出一種實用和方便的運輸方式。圖片下方的註釋提到「Dirac delta function」，這可能是對圖片內容的幽默或諷刺評論，暗示這種活動與科學或數學概念有關。"
origin_dataset/IMG20220221185654.jpg,"1. 這是一個位於台北市的攤販，攤位號碼為3。攤位上有一個透明的玻璃罩，裡面裝有黃色的飲料。攤位上還貼有紅色的春聯和一些標籤，上面寫有中文的字樣。攤位的木板上還有一張紙，上面寫有詳細的菜單和價格。

2. 這是一個位於台北市的攤販，攤位號碼為3。攤位上有一個透明的玻璃罩，裡面裝有黃色的飲料。攤位上還貼有紅色的春聯和一些標籤，上面寫有中文的字樣。攤位的木板上還有一張紙，上面寫有詳細的菜單和價格。攤位的設計簡單，但看起來很實用，適合在市場上營業。

3. 這是一個位於台北市的攤販，攤位號碼為3。攤位上有一個透明的玻璃罩，裡面裝有黃色的飲料。攤位上還貼有紅色的春聯和一些標籤，上面寫有中文的字樣。攤位的木板上還有一張紙，上面寫有詳細的菜單和價格。攤位的設計簡單，但看起來很實用，適合在市場上營業。攤販的營業時間可能是在午夜，因為攤位上有一個標籤寫著「午夜勤保食堂」。"
origin_dataset/IMG20220317144537.jpg,"1. 海邊的沙灘上，海浪輕輕拍打著海岸線，形成細小的泡沫。天空陰沉，雲層密布，散發出一種沉悶的氣氛。遠處的海平面上，一些建築物若隱若現，似乎在告訴人們這片海岸線的距離。一個人影在沙灘上行走，背影孤獨而寂靜。

2. 沙灘上的沙子在海浪的衝擊下，顯得格外細膩，沙粒在海浪的拍打下輕輕搖曳。海浪不斷地拍打著海岸線，形成一道道白色的浪花。天空陰沉，雲層密布，海面波濤洶涌，散發出一種濃厚的海洋氣息。遠處的建築物在海風中若隱若現，似乎在訴說著這片海岸線的距離。

3. 海邊的沙灘上，海浪輕輕拍打著海岸線，形成細小的泡沫。天空陰沉，雲層密布，散發出一種沉悶的氣氛。遠處的海平面上，一些建築物若隱若現，似乎在告訴人們這片海岸線的距離。一個人影在沙灘上行走，背影孤獨而寂靜。沙灘上的沙子在海浪的衝擊下，顯得格外細膩，沙粒在海浪的拍打下輕輕搖曳。海浪不斷地拍打著海岸線，形成一道道白色的浪花。海面波濤洶涌，散發出一種濃厚的海洋氣息。"
origin_dataset/1527003413788.jpg,"1. 一位年輕的男子站在森林中，背景是模糊的樹木。他穿着一件藍色的T恤，T恤上寫著「DON'T」。他的頭髮是黑色的，短而齊整。他側著臉，望向遠方，表情看不清楚，但看起來很沉思。

2. 這張照片捕捉到了一個年輕男子在森林中的側影。他背對著觀眾，側著臉，望向遠方。他穿著一件藍色的T恤，T恤上寫著「DON'T」。他的頭髮是黑色的，短而齊整。背景是模糊的樹木，營造出一種靜謐的氛圍。

3. 這張照片展示了一位年輕男子在森林中的側影。他側著臉，望向遠方，表情看不清楚，但看起來很沉思。他穿著一件藍色的T恤，T恤上寫著「DON'T」。他的頭髮是黑色的，短而齊整。背景是模糊的樹木，營造出一種靜謐的氛圍。"
origin_dataset/Screenshot_2018-03-13-23-31-26.jpg,"1. 為物理系學生做好面對二十...，最常面對的挑戰是處理真實世界中，一些複雜、含糊、界線不明的問題。他得自己重新去定義問題，有系統地界定出幾個較小的子問題，進行文獻回顧，據此去制定解題策略或研究方法，來回答他自己設定的問題；研究方法可以是做實驗，也可以是電腦模擬、模型分析，或是不勝枚舉的其他方法。為了能落實自己的解題策略，他必須明確地知道自己需要哪些資源，並做出決定或建議，從哪個方向開始研究或繼續先前已有的研究，設計並決定後續的步驟，並能從較為寬廣的視野，來看待自己收集的數據。然而，除非他在大學部的課程裡，已經有過相關的學習經驗，並學會相關的技能，否則這很可能可能是他首次面對一個真實的問題，以及相關的繁雜資料與數據。

2. 為物理系學生做好面對二十...，最常面對的挑戰是處理真實世界中，一些複雜、含糊、界線不明的問題。他得自己重新去定義問題，有系統地界定出幾個較小的子問題，進行文獻回顧，據此去制定解題策略或研究方法，來回答他自己設定的問題；研究方法可以是做實驗，也可以是電腦模擬、模型分析，或是不勝枚舉的其他方法。為了能落實自己的解題策略，他必須明確地知道自己需要哪些資源，並做出決定或建議，從哪個方向開始研究或繼續先前已有的研究，設計並決定後續的步驟，並能從較為寬廣的視野，來看待自己收集的數據。然而，除非他在大學部的課程裡，已經有過相關的學習經驗，並學會相關的技能，否則這很可能可能是他首次面對一個真實的問題，以及相關的繁雜資料與數據。

3. 為物理系學生做好面對二十...，最常面對的挑戰是處理真實世界中，一些複雜、含糊、界線不明的問題。他得自己重新去定義問題，有系統地界定出幾個較小的子問題，進行文獻回顧，據此去制定解題策略或研究方法，來回答他自己設定的問題；研究方法可以是做實驗，也可以是電腦模擬、模型分析，或是不勝枚舉的其他方法。為了能落實自己的解題策略，他必須明確地知道自己需要哪些資源，並做出決定或建議，從哪個方向開始研究或繼續先前已有的研究，設計並決定後續的步驟，並能從較為寬廣的視野，來看待自己收集的數據。然而，除非他在大學部的課程裡，已經有過相關的學習經驗，並學會相關的技能，否則這很可能可能是他首次面對一個真實的問題，以及相關的繁雜資料與數據。"
origin_dataset/20231105_172317.jpg,"1. 天空從深藍漸變至淺藍，遠處的建築物在夕陽的餘暉下顯得剪影般靜謐。空中有一道細長的飛機尾跡，從左至右劃過天際，留下一道美麗的痕跡。

2. 夕陽西下，天空從深藍漸變至淺藍，遠處的建築物在落日餘暉的映照下顯得格外靜謐。空中一道細長的飛機尾跡，從左至右劃過天際，留下一道美麗的痕跡。

3. 夕陽西下，天空從深藍漸變至淺藍，遠處的建築物在落日餘暉的映照下顯得格外靜謐。空中一道細長的飛機尾跡，從左至右劃過天際，留下一道美麗的痕跡。"
origin_dataset/1529166183140.jpg,"1. 五位畢業生身著學士服，頭戴學士帽，站在一座尖頂建築前合影。背景是藍天和綠樹，建築的玻璃窗反射出陽光。他們面帶微笑，手持畢業花束，表情開心。

2. 五位畢業生排成一列，站在一座現代建築前。建築的尖頂設計引人注目，玻璃窗反射出陽光。他們身穿學士服，頭戴學士帽，手持畢業花束，面帶微笑，背景是藍天和綠樹。

3. 五位畢業生站在一座尖頂建築前，建築的玻璃窗反射出陽光。他們身穿學士服，頭戴學士帽，手持畢業花束，面帶微笑。背景是藍天和綠樹，建築的現代設計引人注目。"
origin_dataset/1510733800810.jpg,"1. 一位年輕男子坐在餐廳的桌子旁，桌上有一杯帶吸管的飲料。他穿着一件印有「LE LIFE SURPRISE YOU」字樣的T恤，正在使用手機。背景中可以看到餐廳的裝飾和燈光。

2. 一位年輕人坐在餐廳的桌子前，桌上有一杯帶吸管的飲料。他穿著一件印有「LE LIFE SURPRISE YOU」字樣的T恤，正在用手指點擊手機屏幕。背景中可以看到餐廳的裝飾和燈光。

3. 一位年輕男子坐在餐廳的桌子旁，桌上有一杯帶吸管的飲料。他穿著一件印有「LE LIFE SURPRISE YOU」字樣的T恤，正在使用手機。背景中可以看到餐廳的裝飾和燈光。"
origin_dataset/20230806_143204.jpg,"1. 一間室內空間，牆壁為白色，天花板略顯低矮。牆上掛有一幅畫框，畫框內有黑白與黃色相間的圖案，圖案下方有文字。畫框上方有一盞燈，燈光柔和，照亮了牆上的畫框。牆邊有一扇木門，門框為深色，門板為深棕色，門的邊緣有木紋。牆壁下方有一張白色的桌子，桌上也有一幅類似的畫框，畫框內有圖案和文字。

2. 室內環境，牆壁為白色，天花板略顯低矮。牆上掛有一幅畫框，畫框內有黑白與黃色相間的圖案，圖案下方有文字。畫框上方有一盞燈，燈光柔和，照亮了牆上的畫框。牆邊有一扇木門，門框為深色，門板為深棕色，門的邊緣有木紋。牆壁下方有一張白色的桌子，桌上也有一幅類似的畫框，畫框內有圖案和文字。

3. 一間室內空間，牆壁為白色，天花板略顯低矮。牆上掛有一幅畫框，畫框內有黑白與黃色相間的圖案，圖案下方有文字。畫框上方有一盞燈，燈光柔和，照亮了牆上的畫框。牆邊有一扇木門，門框為深色，門板為深棕色，門的邊緣有木紋。牆壁下方有一張白色的桌子，桌上也有一幅類似的畫框，畫框內有圖案和文字。"
origin_dataset/IMG20220316105119.jpg,"1. 這張照片展示了一個城市的景觀，天空中雲層密布，但仍有部分陽光透出。前景中有一個建築物的窗戶，窗戶外可以看到一些建築和綠樹。建築物的後方有一片綠地，綠地上有一些樹木和建築物。遠處可以看到一些高樓大廈，建築風格多樣，有現代感和傳統感的混合。整體感覺是城市與自然的結合。

2. 照片中，天空被厚重的雲層覆蓋，但仍有幾處陽光穿透雲層，散發出柔和的光線。前景中有一個窗戶，窗戶外可以看到一些建築和綠樹。建築物後方有一片綠地，綠地上有一些樹木和建築物。遠處可以看到一些高樓大廈，建築風格多樣，有現代感和傳統感的混合。整體感覺是城市與自然的結合。

3. 這張照片捕捉到了一個城市的全景，天空中雲層密布，但仍有部分陽光透出。前景中有一個建築物的窗戶，窗戶外可以看到一些建築和綠樹。建築物後方有一片綠地，綠地上有一些樹木和建築物。遠處可以看到一些高樓大廈，建築風格多樣，有現代感和傳統感的混合。整體感覺是城市與自然的結合。"
origin_dataset/FB_IMG_1485272615897(1)(1).jpg,"1. 一位年輕男子坐在街道邊緣的欄杆上，雙腿交叉，雙手捧著一本書，似乎在閱讀。他穿着深色的連帽外套和灰色的長褲，腳上是淺色的運動鞋。他的身邊有一個紙袋，裡面似乎裝著一些東西。背景中可以看到一輛黃色的計程車和一些商店的招牌，顯示出這是在一個繁忙的城市街道上。

2. 一位年輕男子坐在一個城市的街道邊緣，雙腿交叉，雙手捧著一本書，似乎在閱讀。他穿著深色的連帽外套和灰色的長褲，腳上是淺色的運動鞋。他的身邊有一個紙袋，裡面似乎裝著一些東西。背景中可以看到一輛黃色的計程車和一些商店的招牌，顯示出這是在一個繁忙的城市街道上。

3. 一位年輕男子坐在一個城市的街道邊緣，雙腿交叉，雙手捧著一本書，似乎在閱讀。他穿著深色的連帽外套和灰色的長褲，腳上是淺色的運動鞋。他的身邊有一個紙袋，裡面似乎裝著一些東西。背景中可以看到一輛黃色的計程車和一些商店的招牌，顯示出這是在一個繁忙的城市街道上。"
origin_dataset/20240602_162620.jpg,"1. 這張圖片顯示了一本書的一部分內容，頁碼為85。書中包含了一些問題和解答，主題圍繞著「完成月度報告」的相關議題。內容涉及時間管理、工作流程和個人成就感的討論。頁面上有標題「Part 2 行動計畫」，並標註了「QA」，顯示這是一本針對學習者或工作人員的參考書。

2. 圖片中的文字描述了關於完成月度報告的問題和解答，強調了時間管理的重要性以及如何在工作流程中保持進度。內容還提到，完成月度報告時，應當考慮到其他價值任務的進度，並保持對個人成就感的追求。頁面設計清晰，使用了綠色邊框和圓圈標記來區分問題和解答部分。

3. 這張圖片展示了一本關於工作流程和時間管理的書的一部分內容。頁面標題為「Part 2 行動計畫」，頁碼為85。內容主要圍繞著如何有效完成月度報告，並在其中提到時間管理的重要性。頁面中包含了一些問題和解答，例如「沒有先做月度報告（看起來最重要又緊急）對嗎？」以及「沒有處理郵件怎麼辦？」等，這些問題旨在幫助讀者理解如何在工作流程中保持進度並保持個人成就感。頁面設計整體清晰，使用了綠色邊框和圓圈標記來區分問題和解答部分。"
origin_dataset/IMG20220127212212_03.jpg,"1. 夜晚的城市全景，遠處的建築群點綴著點點燈光，近處的植物在微弱的光線中顯現出綠色的葉子，天空則是深邃的黑色，帶有幾絲雲彩。

2. 城市的夜景，遠處的建築群在夜色中若隱若現，近處的植物在微弱的光線中顯現出綠色的葉子，天空則是深邃的黑色，帶有幾絲雲彩。

3. 夜晚的城市全景，遠處的建築群點綴著點點燈光，近處的植物在微弱的光線中顯現出綠色的葉子，天空則是深邃的黑色，帶有幾絲雲彩。"
origin_dataset/IMG20220316140647.jpg,"1. 這張照片展示了一片湖泊，湖水靜靜地反射著天空的陰沉雲彩。湖邊是茂密的綠樹，遠處可以看到一些建築物。湖邊的草地和岩石散落，給人一種平靜而寧靜的感覺。

2. 照片中，湖泊的水面上沒有波紋，反射著上方的灰暗天空。湖邊的綠樹和岩石構成了自然的景觀，遠處的建築物隱約可見。整體氛圍顯得有些陰鬱，但卻也有一種平靜之美。

3. 這張照片捕捉到了一個湖泊的景象，湖水靜止，天空布滿了厚重的雲層。湖邊的綠樹和岩石構成了自然的邊界，遠處的建築物隱約可見。整體的氛圍顯得有些沉悶，但卻也有一種平靜之美。"
origin_dataset/IMG20220308145837.jpg,"1. 一望無際的藍天，陽光從左上角照射下來，形成一道光線，照射在水面上，反射出閃爍的光芒。水面上有一片綠色的植被，遠處可以看到一些建築物和樹木，構成了一幅寧靜的自然風景畫。

2. 水面波光粼粼，反射著陽光，遠處的綠色植被和建築物在陽光下顯得格外鮮明。天空湛藍，沒有雲彩，陽光從左上角照射下來，形成一道光線，照射在水面上，使得整個場景充滿了生機。

3. 一望無際的藍天，陽光從左上角照射下來，形成一道光線，照射在水面上，反射出閃爍的光芒。遠處的綠色植被和建築物在陽光下顯得格外鮮明，構成了一幅寧靜的自然風景畫。水面上波光粼粼，反射著陽光，遠處的綠色植被和建築物在陽光下顯得格外鮮明。"
origin_dataset/IMG_20180308_161032_296.jpg,"1. 來電顯示為「Your Dream」，來電者身份為「work」，顯示為來電通知，提供「Decline」和「Accept」兩個選項。

2. 來電顯示為「Your Dream」，來電者身份為「work」，顯示為來電通知，提供「Decline」和「Message」兩個選項。

3. 來電顯示為「Your Dream」，來電者身份為「work」，顯示為來電通知，提供「Decline」、「Accept」和「Message」三個選項。"
origin_dataset/IMG_20180208_142020_533.jpg,"1. 結束啦啦～🎉🎊🎈

2. 結束啦啦～🎉🎊🎈

3. 結束啦啦～🎉🎊🎈"
origin_dataset/20240626_121619.jpg,"1. 藍天背景下，一團蓬鬆的白色雲朵在右側飄浮，雲朵的形狀獨特，像是一隻巨大的動物。遠處可以看到一棟建築物，建築物的外牆是淺色的，窗戶排列整齊。建築物的右側有一棵樹，樹葉茂盛，綠意盎然。電線從左側延伸到右側，與藍天形成對比。

2. 這張照片捕捉到了一個晴朗的天氣，藍天中有一團蓬鬆的白色雲朵。雲朵的形狀獨特，像是一隻巨大的動物，漂浮在右側。遠處可以看到一棟建築物，建築物的外牆是淺色的，窗戶排列整齊。建築物的右側有一棵樹，樹葉茂盛，綠意盎然。電線從左側延伸到右側，與藍天形成對比。

3. 藍天背景下，一團蓬鬆的白色雲朵在右側飄浮，雲朵的形狀獨特，像是一隻巨大的動物。遠處可以看到一棟建築物，建築物的外牆是淺色的，窗戶排列整齊。建築物的右側有一棵樹，樹葉茂盛，綠意盎然。電線從左側延伸到右側，與藍天形成對比。"
origin_dataset/11081036_632065413559951_7109343805778426697_n(1)(1).jpg,"1. 一群年輕人圍繞著一張桌子，似乎在進行一項活動或遊戲。桌面上有一張紙，可能是用來記錄或展示某種信息。人們的表情看起來很開心，可能是在參加一個社交活動或團隊建設活動。

2. 一位穿著迷彩外套的年輕人正彎腰在桌子旁，似乎在進行某項任務或展示。周圍的其他人都在觀看，顯然對這位年輕人的動作很感興趣。場景看起來像是在室內，可能是學校或辦公室的環境。

3. 一羣年輕人聚集在一起，圍繞著一張桌子。桌面上有一張紙，可能是用來記錄或展示某種信息。人們的表情看起來很開心，可能是在參加一個社交活動或團隊建設活動。場景看起來像是在室內，可能是學校或辦公室的環境。"
origin_dataset/IMG20220220151329.jpg,"1. 這張照片展示了一個展覽場景，背景是一幅巨大的畫作，畫中描繪了海灘上的場景，天空中漂浮著雲朵，海灘上有人們在活動。畫作的右側有法國國旗飄揚。左側的牆上投影出一段文字，上面寫著：“光線的流逝讓人惶恐。任何色彩皆稍即逝，頂多只停留三到四分鐘。”下面還寫著“Claude Monet”，表明這幅畫是法國印象派畫家克勞德·莫內的作品。照片前景中有幾個孩子坐在地上，他們似乎在觀看這幅畫作。

2. 這張照片捕捉到了一個室內展覽的瞬間，展覽內容似乎與法國印象派畫家克勞德·莫內有關。背景中，一幅巨大的畫作被投影出來，畫中呈現了海灘上的場景，天空湛藍，雲朵飄浮，海灘上有人們在活動，法國國旗在風中飄揚。左側的牆上投影出一段文字，內容是：“光線的流逝讓人惶恐。任何色彩皆稍即逝，頂多只停留三到四分鐘。”下面還寫著“Claude Monet”，表明這幅畫是莫內的作品。前景中有幾個孩子坐在地上，他們似乎在專注地觀看這幅畫作。

3. 這張照片展示了一個室內的展覽場景，背景是一幅巨大的投影畫作，畫中描繪了海灘上的場景，天空湛藍，雲朵飄浮，海灘上有人們在活動，法國國旗在風中飄揚。左側的牆上投影出一段文字，內容是：“光線的流逝讓人惶恐。任何色彩皆稍即逝，頂多只停留三到四分鐘。”下面還寫著“Claude Monet”，表明這幅畫是法國印象派畫家克勞德·莫內的作品。前景中有幾個孩子坐在地上，他們似乎在專注地觀看這幅畫作。"
origin_dataset/IMG_20180330_153240_531.jpg,"1. 這張照片展示了一片廣闊的綠地，綠地上散落著幾棵樹木，其中一棵樹的樹冠非常茂盛，幾乎遮蓋了整個視野。背景中有一座大型的黃色建築物，建築物的外牆由許多小方塊組成，呈現出一種幾何圖形的美感。建築物的後方還有一些其他的樹木，這些樹木的葉子已經開始轉換成紅色和橙色，顯示出秋天的氣息。天空湛藍，沒有雲彩，陽光照射下來，整個場景顯得非常明亮和開闊。

2. 照片中，一片廣闊的綠地佔據了主要視野，綠地上散落著幾棵樹木，其中一棵樹的樹冠非常茂盛，幾乎遮蓋了整個視野。背景中有一座大型的黃色建築物，建築物的外牆由許多小方塊組成，呈現出一種幾何圖形的美感。建築物的後方還有一些其他的樹木，這些樹木的葉子已經開始轉換成紅色和橙色，顯示出秋天的氣息。天空湛藍，沒有雲彩，陽光照射下來，整個場景顯得非常明亮和開闊。

3. 這張照片展示了一片廣闊的綠地，綠地上散落著幾棵樹木，其中一棵樹的樹冠非常茂盛，幾乎遮蓋了整個視野。背景中有一座大型的黃色建築物，建築物的外牆由許多小方塊組成，呈現出一種幾何圖形的美感。建築物的後方還有一些其他的樹木，這些樹木的葉子已經開始轉換成紅色和橙色，顯示出秋天的氣息。天空湛藍，沒有雲彩，陽光照射下來，整個場景顯得非常明亮和開闊。"
origin_dataset/20230729_111754.jpg,"1. 這張照片展示了一棵樹的樹冠，樹葉茂盛，綠意盎然。樹冠的邊緣部分被攝入，樹葉在微風中輕輕搖曳。背景是灰白色的天空，雲層厚重，給整體畫面帶來了一種沉靜的氛圍。

2. 照片中，樹冠佔據了視覺的上半部分，樹葉的顏色從深綠到淺綠不等，葉片細長，排列緊密。樹冠下方的樹幹部分被部分遮擋，顯示出樹木的高大。天空部分則是灰白色，雲層厚重，給整體帶來了一種沉靜的感覺。

3. 這張照片捕捉到了樹冠的細節，樹葉在微風中輕輕搖曳，顯示出樹木的生機勃勃。樹冠的邊緣部分被攝入，樹葉的顏色從深綠到淺綠不等，葉片細長，排列緊密。背景是灰白色的天空，雲層厚重，給整體畫面帶來了一種沉靜的氛圍。"
origin_dataset/IMG_20181226_183008_510.jpg,"1. 一張餐廳的桌子，上面鋪有紫色桌布。桌上擺放著幾種飲料，包括一瓶綠色的飲料、一瓶黑色的飲料和一瓶綠色的果汁。還有一個黑色的托盤，托盤上有三個小碗，裡面裝著不同的食物。托盤旁邊有一個透明的玻璃杯和一雙筷子。背景中可以看到一些木製的椅子和一扇門。

2. 桌子上鋪有紫色桌布，上面擺放著幾種飲料和食物。飲料包括一瓶綠色的飲料、一瓶黑色的飲料和一瓶綠色的果汁。食物則是三個小碗，裡面裝著不同的東西。托盤旁邊有一個透明的玻璃杯和一雙筷子。背景中可以看到一些木製的椅子和一扇門。

3. 一張餐廳的桌子，上面鋪有紫色桌布。桌上擺放著幾種飲料，包括一瓶綠色的飲料、一瓶黑色的飲料和一瓶綠色的果汁。還有一個黑色的托盤，托盤上有三個小碗，裡面裝著不同的食物。托盤旁邊有一個透明的玻璃杯和一雙筷子。背景中可以看到一些木製的椅子和一扇門。桌面上還有一個藍色的標籤，上面寫著「開吃囉」，並有一個開心的表情圖案。"
origin_dataset/IMG20220317105807.jpg,"1. 這間餐廳的裝潢風格簡約現代，牆壁上掛有書法字畫，增添了一絲文化氣息。餐廳內的桌椅設計簡單，以淺色木質為主，搭配玻璃圓桌，營造出輕鬆的用餐氛圍。餐廳的地板採用六邊形地磚，排列規律，給人一種整潔而現代的感覺。餐廳內的燈光柔和，營造出溫馨的用餐環境。

2. 餐廳的服務員正在忙碌地為顧客服務，顧客們坐在木製椅子上，享受著美食。餐廳的櫃檯後方擺放著一些綠植，增添了一絲綠意。櫃檯上擺放著一些飲料和甜點，顯得非常豐富。餐廳的牆壁上掛有書法字畫，書法字畫的風格古樸，與現代的裝潢風格形成了一種有趣的對比。

3. 餐廳的裝潢風格簡約現代，牆壁上掛有書法字畫，營造出一種文化氛圍。餐廳內的桌椅設計簡單，以淺色木質為主，搭配玻璃圓桌，營造出輕鬆的用餐氛圍。餐廳的地板採用六邊形地磚，排列規律，給人一種整潔而現代的感覺。餐廳內的燈光柔和，營造出溫馨的用餐環境。櫃檯後方擺放著一些綠植，增添了一絲綠意。櫃檯上擺放著一些飲料和甜點，顯得非常豐富。餐廳的牆壁上掛有書法字畫，書法字畫的風格古樸，與現代的裝潢風格形成了一種有趣的對比。"
origin_dataset/DSC_0037(1)(1).JPG,"1. 一間廁所內部，牆壁和地板採用黑色小方磚鋪設，牆壁上有一個紅色的照明燈，燈光下，廁所的內部結構清晰可見。廁所的牆壁上裝有一個尿斗，尿斗的前方有一個小的開關和一個小的插座。廁所的牆壁上還有一個洗手池，洗手池的邊緣是銀色的，洗手池的下方有一個開關和一個插座。廁所的牆壁上還有一個鏡子，鏡子的邊緣是銀色的，鏡子的下方有一個開關和一個插座。

2. 一間廁所內部，牆壁和地板採用黑色小方磚鋪設，牆壁上有一個紅色的照明燈，燈光下，廁所的內部結構清晰可見。廁所的牆壁上裝有一個尿斗，尿斗的前方有一個小的開關和一個小的插座。廁所的牆壁上還有一個洗手池，洗手池的邊緣是銀色的，洗手池的下方有一個開關和一個插座。廁所的牆壁上還有一個鏡子，鏡子的邊緣是銀色的，鏡子的下方有一個開關和一個插座。

3. 一間廁所內部，牆壁和地板採用黑色小方磚鋪設，牆壁上有一個紅色的照明燈，燈光下，廁所的內部結構清晰可見。廁所的牆壁上裝有一個尿斗，尿斗的前方有一個小的開關和一個小的插座。廁所的牆壁上還有一個洗手池，洗手池的邊緣是銀色的，洗手池的下方有一個開關和一個插座。廁所的牆壁上還有一個鏡子，鏡子的邊緣是銀色的，鏡子的下方有一個開關和一個插座。"
origin_dataset/IMG20220220161229.jpg,"1. 三塊大屏幕在黑暗的展覽空間中投影出一幅壯麗的山景，山峰在夕陽的照耀下呈現出金黃與橙紅的色彩，山腳下是綠意盎然的草地，天空中散落著點點星光，觀眾們靜靜地觀看，沉浸於這幅自然美景之中。

2. 展覽館內，三塊大屏幕並排展示，投影出一幅色彩繽紛的山景，山峰在夕陽的映照下呈現出金黃與橙紅的漸變色調，山腳下是綠意盎然的草地，天空中散落著點點星光，觀眾們圍坐在屏幕前，靜靜地欣賞這幅自然美景。

3. 在一個昏暗的展覽空間內，三塊大屏幕並排展示，投影出一幅壯麗的山景，山峰在夕陽的照耀下呈現出金黃與橙紅的色彩，山腳下是綠意盎然的草地，天空中散落著點點星光，觀眾們靜靜地觀看，沉浸在這幅自然美景之中。"
origin_dataset/IMG20220315163337.jpg,"1. 山間湖泊：遠處是被雲霧環繞的山脈，山腳下有一片清澈的湖泊，湖水呈現藍綠色，反射著天空的陰沉。近處的山坡上長滿了綠色的植被，草地上散落著一些野花，風吹過時，草葉輕輕搖曳。

2. 雲霧山景：天空中布滿了厚重的雲層，山頂隱約可見，山體被濃密的樹木覆蓋，遠處的山脈在雲霧中若隱若現。近處的山坡上，綠色的植被與岩石交織，草地上有幾株野花，風吹過時，草葉輕輕搖曳。

3. 湖畔風景：近處的山坡上，綠色的植被與岩石交織，草地上散落著一些野花，風吹過時，草葉輕輕搖曳。遠處是被雲霧環繞的山脈，山腳下有一片清澈的湖泊，湖水呈現藍綠色，反射著天空的陰沉。"
origin_dataset/received_1410196005747326.jpeg,"1. 一位年輕男子正坐在餐桌前，專注地用筷子夾取盤中的炒麵。他穿着一件深色T恤，盤中的炒麵色彩鮮豔，包含有黃色的麵條、綠色的蔬菜和一些肉片，看起來非常可口。背景中可以看到其他幾個人，似乎是在餐廳內用餐。

2. 一位年輕人正在用餐，他面前擺放著一盤色彩豐富的炒麵。炒麵中包含有黃色的麵條、綠色的蔬菜和一些肉片，看起來非常美味。他專注地用筷子夾取盤中的食物，周圍的環境看起來像是餐廳，背景中還可以看到其他幾個人。

3. 一位年輕男子正在用餐，他面前擺放著一盤色彩鮮豔的炒麵。炒麵中包含有黃色的麵條、綠色的蔬菜和一些肉片，看起來非常可口。他專注地用筷子夾取盤中的食物，周圍的環境看起來像是餐廳，背景中還可以看到其他幾個人。"
origin_dataset/20230826_150926.jpg,"1. 這張照片展示了一條寬闊的河流，河岸兩側綠樹成蔭，遠處可以看到一座現代化的橋樑，橋樑上車輛來往不絕。天空湛藍，雲朵綿綿，整體景色非常寧靜祥和。

2. 河流兩岸的綠樹成蔭，河面寬闊，水色清澈。遠處的橋樑設計獨特，橋樑上車輛川流不息，橋下則是寧靜的河面。天空藍得透徹，雲朵稀疏，給整體景色增添了一絲寧靜的氛圍。

3. 這張照片捕捉到了一條河流的全景，兩岸綠樹成蔭，橋樑橫跨河面，橋樑上車輛來往不絕。遠處的建築群與綠樹相映成趣，天空藍得透徹，雲朵綿綿，整體景色非常寧靜祥和。"
origin_dataset/20240705_162330.jpg,"1. 藍天無雲，天空清澈，遠處樹木茂盛，樹後有綠色路標，標示方向為南京東路及成龍路。

2. 空中無雲，天空湛藍，樹木高聳，樹後有綠色路標，指示前往南京東路及成龍路的方向。

3. 天空一碧如洗，無一絲雲彩，遠處樹木繁茂，樹後有綠色路標，標示前往南京東路及成龍路的方向。"
origin_dataset/20221106_165846.jpg,"1. 夕陽西下，天空被染成金黃色，雲層間透出柔和的光線。公園內，樹木高聳，枝葉繁茂，樹幹上綁有木棍，形成獨特的裝飾。草地上，人們悠閒地散步或坐著，享受這份寧靜與美好。遠處，海面波光粼粼，與天空交相輝映，構成一幅動人畫面。

2. 晚霞映照在公園的樹木上，樹葉在微風中輕輕搖曳。公園內，綠草如茵，散落著幾塊小土堆，樹幹上綁有木棍，形成獨特的裝飾。人們在公園內悠閒地散步或坐著，享受這份寧靜與美好。遠處，海面波光粼粼，與天空交相輝映，構成一幅動人畫面。

3. 夕陽西下，天空被染成金黃色，雲層間透出柔和的光線。公園內，樹木高聳，枝葉繁茂，樹幹上綁有木棍，形成獨特的裝飾。人們悠閒地散步或坐著，享受這份寧靜與美好。遠處，海面波光粼粼，與天空交相輝映，構成一幅動人畫面。"
origin_dataset/IMG20220311155825.jpg,"1. 這張照片展示了一個公園的景觀，背景中有一座高聳的摩天大樓。公園內有大片的綠草地，種植了許多修剪成圓形的樹木。公園的建築物有一個大型的白色屋頂，屋頂的支柱是黃色的。天空晴朗，陽光明媚，整個場景看起來非常開闊和舒適。

2. 照片中，公園的綠草地佔據了主要部分，綠草修剪得整齊劃一。在綠草地的邊緣，種植了許多圓形修剪的樹木，這些樹木排列成一排，形成了一道自然的分隔線。背景中的摩天大樓高聳入雲，與公園的綠色景觀形成鮮明對比。建築物的屋頂設計獨特，白色屋頂搭配黃色支柱，給人一種現代感。

3. 這張照片捕捉到了一個現代城市的公園景觀。公園內的綠草地廣闊，綠草修剪得非常整齊。在綠草地的邊緣，種植了許多圓形修剪的樹木，這些樹木排列成一排，形成了一道自然的分隔線。背景中的摩天大樓高聳入雲，與公園的綠色景觀形成鮮明對比。建築物的屋頂設計獨特，白色屋頂搭配黃色支柱，給人一種現代感。天空晴朗，陽光明媚，整個場景看起來非常開闊和舒適。"
origin_dataset/10491140_632080123558480_974855326617795162_n(1)(1).jpg,"1. 教室內，幾位小朋友圍繞在長桌旁，其中一位小朋友正在用鉛筆在紙上畫畫，其他小朋友則在旁邊觀看或等待。教室的牆壁上掛有一塊黑板，上面寫有中文的字句。教室的窗戶旁邊有一台電風扇，教室的牆壁上還掛有一張布告板，上面貼有一些通知或公告。教室的地板是灰色的，牆壁是淺藍色的，環境看起來很乾淨明亮。

2. 教室內，幾個小朋友在活動。一位小朋友坐在長桌旁，正在用鉛筆在紙上畫畫，其他小朋友則在旁邊觀看或等待。教室的牆壁上掛有一塊黑板，上面寫有中文的字句。教室的窗戶旁邊有一台電風扇，教室的牆壁上還掛有一張布告板，上面貼有一些通知或公告。教室的地板是灰色的，牆壁是淺藍色的，環境看起來很乾淨明亮。

3. 教室內，幾個小朋友在活動。一位小朋友坐在長桌旁，正在用鉛筆在紙上畫畫，其他小朋友則在旁邊觀看或等待。教室的牆壁上掛有一塊黑板，上面寫有中文的字句。教室的窗戶旁邊有一台電風扇，教室的牆壁上還掛有一張布告板，上面貼有一些通知或公告。教室的地板是灰色的，牆壁是淺藍色的，環境看起來很乾淨明亮。"
origin_dataset/20240505_102554.jpg,"1. 這間餐廳的內部裝潢現代簡約，牆壁採用深色調，櫃檯上方裝有現代感的燈具，櫃檯後方設有玻璃展示櫃，展示櫃內陳列著多種酒瓶，櫃檯旁邊有幾位顧客正在用餐，餐廳內部採光良好，透過大面積的玻璃窗可以看到戶外的綠色植物。

2. 餐廳內部的裝潢設計注重細節，櫃檯後方的玻璃展示櫃內陳列著多種酒瓶，櫃檯旁邊的牆壁採用深色調，櫃檯上方裝有現代感的燈具，櫃檯後方的玻璃窗讓餐廳內部的自然光充足，櫃檯旁邊有幾位顧客正在用餐，餐廳內部的裝潢設計簡約而不失高雅。

3. 餐廳內部的裝潢設計現代簡約，櫃檯後方的玻璃展示櫃內陳列著多種酒瓶，櫃檯旁邊的牆壁採用深色調，櫃檯上方裝有現代感的燈具，櫃檯後方的玻璃窗讓餐廳內部的自然光充足，櫃檯旁邊有幾位顧客正在用餐，餐廳內部的裝潢設計注重細節，簡約而不失高雅。"
origin_dataset/IMG_20180715_231029_165.jpg,"1. 一臺MacBook Air的螢幕上播放著一場足球賽，球場上兩隊正在進行比賽，球場周圍有觀眾席，場地上有廣告牌顯示着“Hisense”等品牌名稱。螢幕上方顯示比賽時間為09:08，比分為0-0。螢幕下方有一行文字，寫著“冠軍賽跟風一下”，並附有兩個小人跑步的圖案。

2. 一臺MacBook Air的螢幕上播放著一場足球賽，球場上兩隊正在進行比賽，球場周圍有觀眾席，場地上有廣告牌顯示着“Hisense”等品牌名稱。螢幕上方顯示比賽時間為09:08，比分為0-0。螢幕下方有一行文字，寫著“冠軍賽跟風一下”，並附有兩個小人跑步的圖案。

3. 一臺MacBook Air的螢幕上播放著一場足球賽，球場上兩隊正在進行比賽，球場周圍有觀眾席，場地上有廣告牌顯示着“Hisense”等品牌名稱。螢幕上方顯示比賽時間為09:08，比分為0-0。螢幕下方有一行文字，寫著“冠軍賽跟風一下”，並附有兩個小人跑步的圖案。"
origin_dataset/1552912257241_1.jpg,"1. 一位年輕男子站在陽臺欄杆旁，雙手交叉，面朝遠方，似乎在沉思。他身穿淺藍色襯衫，短髮，表情平靜。陽臺上鋪有木質地板，兩旁種有幾棵樹，樹上掛有燈飾，發出溫暖的黃光。背景中可以看到一些建築物和綠樹，遠處有山丘的輪廓。

2. 一位年輕人站在一個現代建築的陽臺上，雙手交叉，面朝遠方。他身著淺藍色襯衫，短髮，表情平靜。陽臺上鋪有木質地板，兩旁種有幾棵樹，樹上掛有燈飾，發出溫暖的黃光。背景中可以看到一些建築物和綠樹，遠處有山丘的輪廓。

3. 一位年輕男子站在一個現代建築的陽臺上，雙手交叉，面朝遠方。他身著淺藍色襯衫，短髮，表情平靜。陽臺上鋪有木質地板，兩旁種有幾棵樹，樹上掛有燈飾，發出溫暖的黃光。背景中可以看到一些建築物和綠樹，遠處有山丘的輪廓。陽臺上方有裝飾性的金屬網狀結構，散發出柔和的光線。"
origin_dataset/20231118_144227.jpg,"1. 這幅壁畫上繪有一位長著白鬍子的老人，他坐在岩石上，手持一根長杖，面帶微笑。背景是藍色的天空，有幾棵綠色的樹。壁畫的左側有中文文字，寫著「中和在地文化」，右側則有另一段文字，描述了當地的風土人情和景點。壁畫的下方有一個小男孩的圖像，他舉著一隻勺子，似乎在吃東西，並有文字描述當地的美食和生活用品。

2. 壁畫的主題圍繞著當地的文化和風土人情，特別是中和地區的特色。壁畫的左側有「中和在地文化」的標題，右側則詳細描述了當地的景點和風土人情。壁畫的下方有一個小男孩的圖像，他舉著一隻勺子，似乎在吃東西，並有文字描述當地的美食和生活用品。壁畫的右側還有一個小男孩的圖像，他舉著一隻勺子，似乎在吃東西，並有文字描述當地的美食和生活用品。

3. 壁畫的主題圍繞著當地的文化和風土人情，特別是中和地區的特色。壁畫的左側有「中和在地文化」的標題，右側則詳細描述了當地的景點和風土人情。壁畫的下方有一個小男孩的圖像，他舉著一隻勺子，似乎在吃東西，並有文字描述當地的美食和生活用品。壁畫的右側還有一個小男孩的圖像，他舉著一隻勺子，似乎在吃東西，並有文字描述當地的美食和生活用品。"
origin_dataset/20230721_093023.jpg,"1. 一輛車從車窗拍攝，車窗反射出車內的景象。車窗外是一片綠色的草地，草地旁邊有幾塊廣告牌，上面寫著「OPPO智能製造中心」。遠處可以看到一些建築物和煙囪，天空藍色，雲朵稀疏。

2. 車窗外的景色清晰，草地綠意盎然，草地上有幾塊廣告牌，上面寫著「OPPO智能製造中心」。遠處的建築物和煙囪在藍天的映襯下顯得格外突出。車窗反射出車內的景象，車內的座椅和車窗邊緣清晰可見。

3. 一輛車從車窗拍攝，車窗反射出車內的景象。車窗外是一片綠色的草地，草地旁邊有幾塊廣告牌，上面寫著「OPPO智能製造中心」。遠處可以看到一些建築物和煙囪，天空藍色，雲朵稀疏。車窗反射出車內的景象，車內的座椅和車窗邊緣清晰可見。"
origin_dataset/IMG20220315164100.jpg,"1. 海邊的風景，遠處是無垠的海洋，天空中散佈著幾朵雲彩，近處是茂密的綠色植被，電線橫跨在海邊，給這幅畫面增添了一絲現代感。

2. 這是一幅海邊的風景畫，海面波光粼粼，天空中漂浮著幾朵雲，遠處的海天一色，近處的植被茂盛，電線橫跨在海邊，給這幅畫面增添了一絲現代感。

3. 海邊的風景，遠處是無垠的海洋，天空中散佈著幾朵雲彩，近處是茂密的綠色植被，電線橫跨在海邊，給這幅畫面增添了一絲現代感。"
origin_dataset/20230721_093021.jpg,"1. 藍天白雲，晴朗天氣，視野開闊。前方有一片綠色草地，草地邊緣有幾塊廣告牌，上面寫著中文。廣告牌後方是建築物，建築物頂部有藍色的廣告牌，上面寫著「以中國式現代化 全面推進中華民族伟大复兴」。廣告牌後方還有一個大型的廣告牌，上面寫著「OPPO智慧中心」。廣告牌後方的建築物後方有幾棵樹，樹後方是藍天和白雲。

2. 車窗外，藍天白雲，天氣晴朗。前方是一片綠色草地，草地邊緣有幾塊廣告牌，廣告牌上寫著中文。廣告牌後方是建築物，建築物頂部有藍色的廣告牌，上面寫著「以中國式現代化 全面推進中華民族伟大复兴」。廣告牌後方還有一個大型的廣告牌，上面寫著「OPPO智慧中心」。廣告牌後方的建築物後方有幾棵樹，樹後方是藍天和白雲。

3. 車窗外，藍天白雲，天氣晴朗。前方是一片綠色草地，草地邊緣有幾塊廣告牌，廣告牌上寫著中文。廣告牌後方是建築物，建築物頂部有藍色的廣告牌，上面寫著「以中國式現代化 全面推進中華民族伟大复兴」。廣告牌後方還有一個大型的廣告牌，上面寫著「OPPO智慧中心」。廣告牌後方的建築物後方有幾棵樹，樹後方是藍天和白雲。"
origin_dataset/12043223_901336199957176_4472476089475072071_n(1)(1).jpg,"1. 一位年輕女性身著鮮豔的紅色背心，背心上繡有精緻的圖案，頭上綁著黑色的頭巾，頭巾上有一條細長的織帶垂下。她正與其他幾位穿著相仿服裝的人一起，似乎在進行某種活動或表演，背景中可以看到一些裝飾品，可能是節慶活動的一部分。

2. 這張照片捕捉到了一群年輕人，他們正參與一個活動或表演。前景中的女性身著紅色背心，背心上繡有圖案，頭上綁著黑色頭巾，頭巾上有一條織帶垂下。她與其他幾位穿著類似服裝的人站在一起，背景中可以看到一些裝飾品，可能是節慶活動的一部分。

3. 這張照片展示了一群年輕人，他們似乎正在參加一個活動或表演。前景中的女性身著鮮豔的紅色背心，背心上繡有圖案，頭上綁著黑色的頭巾，頭巾上有一條細長的織帶垂下。她與其他幾位穿著類似服裝的人站在一起，背景中可以看到一些裝飾品，可能是節慶活動的一部分。"
origin_dataset/received_10208518859981345.jpeg,"1. 一羣年輕人站在一起，背景是夜晚的街景，燈光柔和，燈籠掛在門口，上面有漢字標誌。他們面帶微笑，似乎在慶祝或聚會。他們的服裝風格各異，有穿襯衫的，有穿T恤的，有穿短褲的，有穿長褲的。他們的髮型和髮色也各不相同，有短髮的，有長髮的。他們的臉上都帶有眼鏡，顯得非常有學問氣息。

2. 這張照片中，一群年輕人站在一起，背景是夜晚的街景，燈光柔和，燈籠掛在門口，上面有漢字標誌。他們面帶微笑，似乎在慶祝或聚會。他們的服裝風格各異，有穿襯衫的，有穿T恤的，有穿短褲的，有穿長褲的。他們的髮型和髮色也各不相同，有短髮的，有長髮的。他們的臉上都帶有眼鏡，顯得非常有學問氣息。他們的姿態各異，有站直的，有微微彎腰的，有比出V字形的，有比出勝利手勢的。

3. 這張照片中，一群年輕人站在一起，背景是夜晚的街景，燈光柔和，燈籠掛在門口，上面有漢字標誌。他們面帶微笑，似乎在慶祝或聚會。他們的服裝風格各異，有穿襯衫的，有穿T恤的，有穿短褲的，有穿長褲的。他們的髮型和髮色也各不相同，有短髮的，有長髮的。他們的臉上都帶有眼鏡，顯得非常有學問氣息。他們的姿態各異，有站直的，有微微彎腰的，有比出V字形的，有比出勝利手勢的。他們的服裝上還有一些文字，例如「MALA LUMPUR」、「ALOHA」等，顯得非常有個性。"
origin_dataset/1526815317402.jpg,"1. 這是一條位於城市中的小河，兩旁種滿了綠樹，環境清幽。河岸鋪設了石階，供遊人行走。河邊有石塊圍欄，保護河岸。河面寬闊，反射著周圍的綠樹和建築物。河邊有行人和遊客，享受著這片綠意盎然的景致。

2. 河道兩側種植了茂盛的樹木，形成了一道自然的屏障。河岸鋪設了灰色的石階，供遊人行走。河邊有石塊圍欄，保護河岸。河面寬闊，反射著周圍的綠樹和建築物。河邊有行人和遊客，享受著這片綠意盎然的景致。

3. 這是一條位於城市中的小河，兩旁種滿了綠樹，環境清幽。河岸鋪設了石階，供遊人行走。河邊有石塊圍欄，保護河岸。河面寬闊，反射著周圍的綠樹和建築物。河邊有行人和遊客，享受著這片綠意盎然的景致。河邊還設有禁止行人進入的標誌牌。"
origin_dataset/20240218_174334.jpg,"1. 這張照片展示了一棵高大的棕櫚樹，樹頂的葉子在微風中輕輕搖曳。天空湛藍，幾朵薄雲在空中飄浮，給整體畫面增添了一絲寧靜的氛圍。棕櫚樹的樹幹筆直，樹冠寬闊，樹葉茂盛，看起來非常健康。

2. 照片中，一株棕櫚樹的樹冠在右側顯得格外引人注目，樹葉在微風中輕輕擺動。背景是清澈的藍天，幾朵稀疏的雲朵散落在天空中，為整體的視覺效果帶來了層次感。這張照片捕捉到了自然的寧靜與美麗。

3. 這張照片中，一株棕櫚樹的樹冠在右側清晰地展現出來，樹葉在微風中輕輕搖曳。天空湛藍，幾朵薄雲在空中飄浮，給整體的視覺效果帶來了寧靜的氛圍。棕櫚樹的樹幹筆直，樹冠寬闊，樹葉茂盛，看起來非常健康。"
origin_dataset/IMG20200218182230.jpg,"1. 這是一個大型的機械手臂模型，展示在室內的展覽區。機械手臂的設計非常複雜，表面有許多細節和裝飾，包括多個彩色的燈光裝置。機械手臂被放置在一個木製的底座上，底座上還有一個黑色的設備，可能是用來控制機械手臂的。背景中可以看到一些其他物品和裝飾，包括一個綠色的地毯和一些裝飾品。

2. 這是一個大型的機械手臂模型，展示在室內的展覽區。機械手臂的設計非常複雜，表面有許多細節和裝飾，包括多個彩色的燈光裝置。機械手臂被放置在一個木製的底座上，底座上還有一個黑色的設備，可能是用來控制機械手臂的。背景中可以看到一些其他物品和裝飾，包括一個綠色的地毯和一些裝飾品。

3. 這是一個大型的機械手臂模型，展示在室內的展覽區。機械手臂的設計非常複雜，表面有許多細節和裝飾，包括多個彩色的燈光裝置。機械手臂被放置在一個木製的底座上，底座上還有一個黑色的設備，可能是用來控制機械手臂的。背景中可以看到一些其他物品和裝飾，包括一個綠色的地毯和一些裝飾品。"
origin_dataset/IMG20220220145606.jpg,"1. 色彩的旋律與色彩的視覺交響曲
2. 音樂與視覺的聯覺現象
3. 聽覺與視覺的交織：音樂與色彩的視覺交響曲"
origin_dataset/1528557893472.jpg,"1. 一羣人聚集在一座建築物前，背景掛有藍色的橫幅，上面寫著「東海大學107年畢業典禮」。人們面帶笑容，舉起大拇指，似乎在慶祝畢業儀式。其中一位穿著學士服的人手持一束鮮花和一張紅色的卡片，可能是畢業證書或紀念品。背景中還有許多其他人在活動中，有些人戴著畢業帽，顯示出慶祝的氛圍。

2. 這張照片捕捉到了一個重要的瞬間——東海大學的畢業典禮。一群人在建築物前合影，背景的橫幅標明了這場活動的時間為107年。人們面帶歡樂，舉起大拇指，顯露出慶祝的氣氛。一位穿著學士服的人手持鮮花和紅色卡片，可能是畢業證書或紀念品。背景中還可以看到其他參加儀式的畢業生和觀眾，他們都沉浸在這場盛大的慶祝活動中。

3. 這張照片展示了東海大學107年畢業典禮的場景。一群人在建築物前合影，背景的橫幅上寫著「東海大學107年畢業典禮」。人們面帶笑容，舉起大拇指，顯露出慶祝的氣氛。一位穿著學士服的人手持鮮花和紅色卡片，可能是畢業證書或紀念品。背景中還可以看到其他參加儀式的畢業生和觀眾，他們都沉浸在這場盛大的慶祝活動中。"
origin_dataset/IMG20220311210327.jpg,"1. 一張夜景照片，顯示了一座橋樑和一些建築物。橋樑的結構由多根鋼索支撐，橋樑上有一個大型的白色帆狀建築，燈光從建築內部透出，反射在水面上。背景中可以看到幾座建築，建築的外牆上有亮起的燈光。整體環境在夜晚显得非常靜謐。

2. 這張照片捕捉到了一個現代建築的夜景。橋樑的設計獨特，由多根鋼索構成，並支撐著一個大型的白色帆狀建築。建築內部的燈光在夜晚格外引人注目，其光芒在水面上形成美麗的倒影。背景中的建築則被柔和的燈光點綴，營造出一種寧靜而現代的氛圍。

3. 這張照片展示了夜晚的橋樑和建築風景。橋樑的結構由多根鋼索構成，並支撐著一個大型的白色帆狀建築，建築內部的燈光在夜晚格外引人注目。橋樑和建築的倒影在水面上形成美麗的景觀。背景中的建築則被柔和的燈光點綴，營造出一種寧靜而現代的氛圍。"
origin_dataset/20230820_181025.jpg,"1. 一場雨過後，天空中出現了一道美麗的彩虹，橫跨在灰暗的雲層之上。建築物的屋頂和一旁的樹木在彩虹的映襯下顯得格外鮮明。這道彩虹不僅為周圍的環境帶來了色彩，也給人們帶來了希望和愉悅。

2. 當天氣陰沉時，一場突如其來的雨過後，天空中出現了一道彩虹。這道彩虹橫跨在灰暗的雲層之上，為周圍的環境帶來了色彩。建築物的屋頂和一旁的樹木在彩虹的映襯下顯得格外鮮明。這道彩虹不僅為周圍的環境帶來了色彩，也給人們帶來了希望和愉悅。

3. 一場雨過後，天空中出現了一道美麗的彩虹，橫跨在灰暗的雲層之上。建築物的屋頂和一旁的樹木在彩虹的映襯下顯得格外鮮明。這道彩虹不僅為周圍的環境帶來了色彩，也給人們帶來了希望和愉悅。"
origin_dataset/IMG_20210422_185547_113.jpg,"1. 這幅畫作展示了四名士兵在行進，他們身穿綠色迷彩服，頭戴綠色頭盔，手持步槍，面帶嚴肅表情，步伐一致地向前邁進。背景是一片綠色的樹林和遠處的山丘，天空陰沉，似乎有風吹過。畫面右側有一面鮮豔的紫色旗幟，旗幟上有一個白色圖案，隨風飄揚。

2. 這幅畫面中，四名士兵排成一列，他們的姿態嚴肅而有紀律，步伐穩健，顯得非常專業。士兵們的裝備包括綠色迷彩服、頭盔和步槍，這些裝備在畫中表現得非常細緻。背景是一片寬闊的綠地，遠處有樹木和山丘，天空陰沉，給整幅畫增添了一種莊嚴的氛圍。

3. 這幅畫作描繪了四名士兵在行進的場景，他們的姿態嚴肅而有紀律，步伐一致地向前邁進。士兵們身穿綠色迷彩服，頭戴綠色頭盔，手持步槍，面帶嚴肅表情。背景是一片綠色的樹林和遠處的山丘，天空陰沉，給整幅畫增添了一種莊嚴的氛圍。畫面右側有一面鮮豔的紫色旗幟，旗幟上有一個白色圖案，隨風飄揚。"
origin_dataset/11061740_632075216892304_7262861409413504330_n(1)(1).jpg,"1. 一羣學生在教室內圍成圓形，似乎在進行討論或活動。教室內有黑板和多張掛圖，牆壁上還掛有幾盞吊扇。學生們表情自然，有的在傾聽，有的在說話，顯得相當活躍。

2. 教室內有十幾名學生，他們圍成一圈，似乎在進行一場小型的會議或討論。學生們的服裝多樣，有穿羽絨服的，也有穿運動服的。教室的環境比較簡潔，牆壁上掛有黑板和一些掛圖，吊扇懸掛在教室的上方。

3. 教室內有十幾名學生，他們圍成一圈，似乎在進行一場小型的活動或討論。學生們的服裝多樣，有穿羽絨服的，也有穿運動服的。教室的環境比較簡潔，牆壁上掛有黑板和一些掛圖，吊扇懸掛在教室的上方。學生們表情自然，有的在傾聽，有的在說話，顯得相當活躍。"
origin_dataset/20230820_181743.jpg,"1. 天空中雲層密布，陽光從雲隙間透出，散發出柔和的黃色光芒。遠處的建築物在這樣的光線照射下，顯得格外溫暖。建築物的外牆是黃色的，窗戶排列整齊，建築的屋頂有一排鐵欄杆，建築的後方還可以看到一些建築物的屋頂。

2. 空氣中瀰漫著一種寧靜的氛圍，天空的顏色從淺藍漸變至黃色，雲層厚重而濃密，但陽光依然從雲隙間透出，散發出柔和的光芒。建築物的外牆是黃色的，窗戶排列整齊，建築的屋頂有一排鐵欄杆，建築的後方還可以看到一些建築物的屋頂。

3. 天空中的雲層厚重而濃密，陽光從雲隙間透出，散發出柔和的黃色光芒。建築物的外牆是黃色的，窗戶排列整齊，建築的屋頂有一排鐵欄杆，建築的後方還可以看到一些建築物的屋頂。建築物的建築風格顯得古樸而莊重，建築的後方還可以看到一些建築物的屋頂。"
origin_dataset/20230805_155250.jpg,"1. 木質架子上展示著多樣化的商品，包括兩瓶標有“ALL DAY”的玻璃瓶裝飲料，一瓶紅色調的花束，以及一個印有“ALL DAY”字樣的相框。相框內展示了一間咖啡廳的圖片，背景牆上掛有許多印有“SAVOR”字樣的貼紙。

2. 木質架子上陳列著兩瓶標有“ALL DAY”的玻璃瓶裝飲料，一瓶紅色調的花束，以及一個印有“ALL DAY”字樣的相框。相框內展示了一間咖啡廳的圖片，背景牆上掛有許多印有“SAVOR”字樣的貼紙。架子上還擺放著一些小包裝的物品，可能是咖啡豆或相關的咖啡產品。

3. 木質架子上展示著多樣化的商品，包括兩瓶標有“ALL DAY”的玻璃瓶裝飲料，一瓶紅色調的花束，以及一個印有“ALL DAY”字樣的相框。相框內展示了一間咖啡廳的圖片，背景牆上掛有許多印有“SAVOR”字樣的貼紙。架子上還擺放著一些小包裝的物品，可能是咖啡豆或相關的咖啡產品。架子上還掛有印有“ALL DAY”字樣的貼紙，展示出咖啡館的主題。"
origin_dataset/1527003493558.jpg,"1. 三個人騎著機車，前面的人戴著透明頭盔，面帶微笑，露出齒縫。後面兩個人也戴著頭盔，其中一個人比出V字手势，背景是晴朗的藍天和一排電線杆，路邊有綠樹和草地。

2. 這張照片捕捉了三個朋友在晴朗天氣下騎機車的瞬間。前景中，一個戴著透明頭盔的人面帶微笑，露出齒縫。後方的兩個人也戴著頭盔，其中一個人比出V字手势，背景是藍天和一排電線杆，路邊有綠樹和草地。

3. 這張照片展示了三個朋友在晴朗的天氣下騎機車的場景。前景中，一個戴著透明頭盔的人面帶微笑，露出齒縫。後方的兩個人也戴著頭盔，其中一個人比出V字手势，背景是藍天和一排電線杆，路邊有綠樹和草地。"
origin_dataset/IMG20220309121136.jpg,"1. 這張照片中，一個人站在戶外，背景是建築物和門。他戴著一隻口罩，口罩的顏色是淺黃色。他穿著一件黑色外套和一件白色T恤，T恤上有一些英文字母。背景的建築物看起來像是現代建築，門是灰色的，門上有兩扇門，門的上方有綠色的標誌。陽光照射在建築物上，產生了光線的折射效果。

2. 這張照片捕捉到了一個人在戶外的自拍。他戴著一隻淺黃色的口罩，站在一棟建築物前。建築物的門是灰色的，門上有綠色的標誌。背景中可以看到建築物的陽台和牆壁，牆壁是白色的。陽光從建築物的一側照射過來，產生了光線的折射效果。他穿著一件黑色外套和一件白色T恤，T恤上有一些英文字母。

3. 這張照片展示了一個人在戶外的自拍。他戴著一隻淺黃色的口罩，站在一棟現代建築前。建築物的門是灰色的，門上有綠色的標誌。背景中可以看到建築物的陽台和牆壁，牆壁是白色的。陽光從建築物的一側照射過來，產生了光線的折射效果。他穿著一件黑色外套和一件白色T恤，T恤上有一些英文字母。背景的建築物看起來像是學校或辦公樓。"
origin_dataset/IMG20220317151515.jpg,"1. 海灘上散落著腳印，沙灘上的人們在海浪中嬉戲。遠處的海面上有幾艘船，天空陰沉，雲層厚重。

2. 沙灘上留下一串串腳印，海浪輕撫著海岸線。幾個人在海邊閒逛，遠處的海平面上有幾艘船，天空灰暗，雲層密佈。

3. 海灘上散落著腳印，沙灘上的人們在海浪中嬉戲。遠處的海面上有幾艘船，天空陰沉，雲層厚重。"
origin_dataset/IMG20220309123053.jpg,"1. 這是一處現代建築風格的公園，園內設有幾座白色混凝土構築的建築物，建築物的設計風格獨特，呈現出幾何圖形的美感。園內還設有幾棵樹木，樹木的枝葉稀疏，可能是因為季節的原因。園內的地面鋪設了灰色的水泥，與白色的建築物形成鮮明對比。園內還設有幾處水池，水池的水質清澈，反射出天空的藍色。園內還設有幾處座椅，供遊客休息。遠處可以看到一些建築物，可能是居民樓或商業建築。

2. 這是一處現代風格的公園，園內設有幾座白色混凝土構築的建築物，建築物的設計風格獨特，呈現出幾何圖形的美感。園內還設有幾棵樹木，樹木的枝葉稀疏，可能是因為季節的原因。園內的地面鋪設了灰色的水泥，與白色的建築物形成鮮明對比。園內還設有幾處水池，水池的水質清澈，反射出天空的藍色。園內還設有幾處座椅，供遊客休息。遠處可以看到一些建築物，可能是居民樓或商業建築。

3. 這是一處現代風格的公園，園內設有幾座白色混凝土構築的建築物，建築物的設計風格獨特，呈現出幾何圖形的美感。園內還設有幾棵樹木，樹木的枝葉稀疏，可能是因為季節的原因。園內的地面鋪設了灰色的水泥，與白色的建築物形成鮮明對比。園內還設有幾處水池，水池的水質清澈，反射出天空的藍色。園內還設有幾處座椅，供遊客休息。遠處可以看到一些建築物，可能是居民樓或商業建築。"
origin_dataset/IMG20220220162905.jpg,"1. 一羣人在昏暗的展覽館內觀看投影在牆上的畫作。畫作色彩豐富，表現出夜景的氛圍，燈光點綴在樹木和建築物上。觀眾們靜靜地坐在地上，有些人在拍照，有些人在欣賞畫作的細節。

2. 展覽館內，數位投影技術將印象派畫家的作品呈現出來。畫作被投影在牆上，呈現出夜景的氛圍，燈光點綴在樹木和建築物上。觀眾們圍坐在地上，靜靜地欣賞，有些人用相機記錄下這一刻。

3. 在昏暗的展覽館內，數位投影技術將印象派畫家的作品呈現出來。畫作被投影在牆上，表現出夜景的氛圍，燈光點綴在樹木和建築物上。觀眾們靜靜地坐在地上，有些人在拍照，有些人在欣賞畫作的細節。"
origin_dataset/IMG_20180727_111726_952.jpg,這是一輛Ducati 959 Panigale。車身主色為紅白相間，車頭和車尾的紅色部分較為鮮豔，車身側面則以白色為主，搭配黑色和紅色的裝飾條紋。車頭部分裝有透明的擋風玻璃，車把上裝有黑色的把手和調節桿。車尾部裝有雙管排氣管，車身後方設有黑色的尾燈和尾部的車牌架。車輪為黑色，搭配金色的前叉和黑色的輪圈。車身側面標有Ducati的標誌和車型名稱。
origin_dataset/1513347903181.jpg,"1. 這張圖片來源於Instagram，用戶名為draw.ttshow.tw。圖片中有一隻卡通風格的兔子，兔子的表情從驚訝到驚恐，最後變得非常驚慌。兔子的背景是一個簡單的室內環境，牆壁是淺色的。兔子的臉上寫著一些中文文字，描述了它的情緒變化。圖片下方有用戶的互動數量，顯示有5,062個讚。此外，還有一些與用戶相關的連結和標籤，例如@twodeerman和@pet.ttshow.tw。

2. 這張Instagram圖片展示了一隻卡通兔子的動態表情變化。兔子的表情從驚訝到驚恐，最後變得非常驚慌。兔子的背景是一個簡單的室內環境，牆壁是淺色的。兔子的臉上寫著一些中文文字，描述了它的情緒變化。圖片下方有用戶的互動數量，顯示有5,062個讚。此外，還有一些與用戶相關的連結和標籤，例如@twodeerman和@pet.ttshow.tw。

3. 這張Instagram圖片來源於draw.ttshow.tw，展示了一隻卡通兔子的動態表情變化。兔子的表情從驚訝到驚恐，最後變得非常驚慌。兔子的背景是一個簡單的室內環境，牆壁是淺色的。兔子的臉上寫著一些中文文字，描述了它的情緒變化。圖片下方有用戶的互動數量，顯示有5,062個讚。此外，還有一些與用戶相關的連結和標籤，例如@twodeerman和@pet.ttshow.tw。"
origin_dataset/11122444_632054960227663_1190275637078120020_n(1)(1).jpg,"1. 一群年輕人聚集在室內，似乎在進行一場活動或討論。他們站在一排，背對著牆壁，牆壁上掛有許多海報和公告。其中一名穿著黑色夾克的女性站在前方，似乎在講話或指導其他人。周圍散落著一些書包和文件，顯示出一種學習或工作環境的氛圍。

2. 一羣年輕人聚集在室內，似乎在進行一場活動或討論。他們站在一排，背對著牆壁，牆壁上掛有許多海報和公告。其中一名穿著黑色夾克的女性站在前方，似乎在講話或指導其他人。周圍散落著一些書包和文件，顯示出一種學習或工作環境的氛圍。牆壁上還有一些標籤和標誌，可能是學校或辦公室的標識。

3. 一群年輕人聚集在室內，似乎在進行一場活動或討論。他們站在一排，背對著牆壁，牆壁上掛有許多海報和公告。其中一名穿著黑色夾克的女性站在前方，似乎在講話或指導其他人。周圍散落著一些書包和文件，顯示出一種學習或工作環境的氛圍。牆壁上還有一些標籤和標誌，可能是學校或辦公室的標識。地面上散落著一些書籍和文件，顯示出一種忙碌的學習或工作環境。"
origin_dataset/10557426_632067916893034_1055970319306797213_n(1)(1).jpg,"1. 一間教室內，數位學生圍坐一塊，似乎在進行討論或活動。他們的姿態各異，有蹲著的，有坐著的，表情看來相當專注。教室的牆壁上掛著黑板，黑板旁邊有幾張疊疊的椅子。牆壁上還貼著一些標語，內容不甚清晰。地面上散落著一些物品，可能是學生的書包或個人物品。

2. 教室內，一群學生圍坐在一起，似乎在進行某種活動或討論。他們的姿態各異，有蹲著的，有坐著的，表情專注。教室的牆壁上掛著黑板，黑板旁邊有幾張疊疊的椅子。牆壁上還貼著一些標語，內容不甚清晰。地面上散落著一些物品，可能是學生的書包或個人物品。

3. 教室內，數位學生圍坐一塊，似乎在進行討論或活動。他們的姿態各異，有蹲著的，有坐著的，表情專注。教室的牆壁上掛著黑板，黑板旁邊有幾張疊疊的椅子。牆壁上還貼著一些標語，內容不甚清晰。地面上散落著一些物品，可能是學生的書包或個人物品。"
origin_dataset/IMG20200628145326.jpg,"1. 這張照片展示了一座大型的公園景觀，前景是一片鋪設有方磚的廣場，廣場邊緣種植了綠色的灌木和紅色的花朵。中景是一個大型的噴泉，噴泉中有許多白色的雕像，雕像造型為馬和騎士。背景是一座大型的建築物，建築物的頂部有一個圓頂，建築物的前面還有一些其他的小型建築物。天空是藍色的，有幾朵白色的雲朵。

2. 這張照片捕捉到了一個廣闊的公園景觀，前景是一片方磚鋪成的廣場，廣場的邊緣是綠色的灌木和紅色的花朵。中景是一個大型的噴泉，噴泉中有許多白色的雕像，雕像的造型為馬和騎士。背景是一座大型的建築物，建築物的頂部有一個圓頂，建築物的前面還有其他的小型建築物。天空是藍色的，有幾朵白色的雲朵。

3. 這張照片呈現了一個公園的全景，前景是一片方磚鋪成的廣場，廣場的邊緣是綠色的灌木和紅色的花朵。中景是一個大型的噴泉，噴泉中有許多白色的雕像，雕像的造型為馬和騎士。背景是一座大型的建築物，建築物的頂部有一個圓頂，建築物的前面還有其他的小型建築物。天空是藍色的，有幾朵白色的雲朵。"
origin_dataset/IMG20220311155204.jpg,"1. 這是一張公園的照片，照片中可以看到許多樹木，樹木的枝葉在微風中輕輕搖曳。公園的地面鋪有草地和沙土，散落著一些枯葉。遠處有幾個人在公園裡散步，享受著陽光和清新的空氣。天空晴朗，陽光從樹葉間透射下來，給整個公園帶來了溫暖的感覺。

2. 照片展示了一個公園的場景，公園內種植了許多樹木，樹木的樹幹筆直，樹冠茂盛。公園的地面鋪有綠色的草地和沙土，散落著一些枯葉。遠處有幾個人在公園裡散步，享受著陽光和清新的空氣。天空晴朗，陽光從樹葉間透射下來，給整個公園帶來了溫暖的感覺。

3. 這張照片捕捉到了一個公園的場景，公園內種植了許多樹木，樹木的樹幹筆直，樹冠茂盛。公園的地面鋪有綠色的草地和沙土，散落著一些枯葉。遠處有幾個人在公園裡散步，享受著陽光和清新的空氣。天空晴朗，陽光從樹葉間透射下來，給整個公園帶來了溫暖的感覺。"
origin_dataset/20230826_155727.jpg,"1. 這張照片展示了一條寬闊的河流，兩岸是茂密的綠樹，遠處是連綿的山脈。天空湛藍，雲朵稀疏，散發出一種寧靜的氛圍。河面上有一座現代感的拱橋，橋樑的紅色與周圍的自然景觀形成鮮明對比。

2. 照片中，一條清澈的河流蜿蜒流過，兩側是茂盛的樹木和綠色植被。遠處的山脈在藍天的映襯下顯得格外壯觀。天空中，幾朵蓬鬆的雲朵悠然自得地漂浮著，為整幅畫面增添了一絲動感。

3. 這張照片捕捉到了一個寧靜的自然景觀，一條河流從左至右貫穿整個畫面。兩岸的樹木郁鬱蔥蔥，遠處的山脈在藍天的襯托下顯得格外壯麗。天空中，幾朵蓬鬆的雲朵悠然自得地漂浮著，為整幅畫面增添了一絲動感。"
origin_dataset/IMG20220220160914.jpg,"1. 這張照片展示了一個室內展覽場景，牆上投影了三幅大型的畫作。畫作呈現了樹木和遠處的建築，色彩鮮豔，充滿了自然的生動感。牆壁上方有幾盞燈光，照亮了畫作，使得觀眾能夠清晰地看到細節。在畫作前，有兩位觀眾正在拍照，他們都戴著口罩，可能是在一個博物館或藝術館內。

2. 這張照片捕捉到了一個室內的藝術展覽，牆上投影了三幅大型的畫作，表現了樹木和遠處的建築。畫作色彩豐富，充滿了自然的氛圍。牆壁上方有幾盞燈光，為畫作提供了照明。在畫作前，有兩位觀眾正在拍照，他們都戴著口罩，可能是在一個博物館或藝術館內。

3. 這張照片展示了一個室內的展覽場景，牆上投影了三幅大型的畫作，表現了樹木和遠處的建築。畫作色彩鮮豔，充滿了自然的生動感。牆壁上方有幾盞燈光，照亮了畫作，使得觀眾能夠清晰地看到細節。在畫作前，有兩位觀眾正在拍照，他們都戴著口罩，可能是在一個博物館或藝術館內。"
origin_dataset/20230108_163822.jpg,"1. 這張照片展示了一個位於山區的景點，遠處可以看到海景和島嶼。山區內有建築物和道路，建築物的顏色多樣，有藍色、白色和綠色等。道路兩旁種滿了樹木，環境綠意盎然。遠處的海景和島嶼在夕陽的照耀下，呈現出柔和的色彩，天空中有一些雲朵，整體氛圍非常寧靜。

2. 照片中可以看到一個位於山區的景點，遠處的海景和島嶼在夕陽的照耀下，呈現出柔和的色彩。山區內有建築物和道路，建築物的顏色多樣，有藍色、白色和綠色等。道路兩旁種滿了樹木，環境綠意盎然。遠處的海景和島嶼在夕陽的照耀下，呈現出柔和的色彩，天空中有一些雲朵，整體氛圍非常寧靜。

3. 這張照片展示了一個位於山區的景點，遠處可以看到海景和島嶼。山區內有建築物和道路，建築物的顏色多樣，有藍色、白色和綠色等。道路兩旁種滿了樹木，環境綠意盎然。遠處的海景和島嶼在夕陽的照耀下，呈現出柔和的色彩，天空中有一些雲朵，整體氛圍非常寧靜。"
origin_dataset/IMG20220317145428.jpg,"1. 海面波濤洶涌，浪花飛濺，天空陰沉，遠處有幾艘船隻在海面上航行。

2. 海水深邃，波浪輕柔拍打著海岸，遠處的山丘若隱若現，天空灰蒙蒙的，似乎預示著即將有風雨來臨。

3. 海面波紋細密，遠處的燈塔在風中搖曳，天空陰沉，海面波濤洶涌，遠處的船隻在海面上劃過一道道白色的痕跡。"
origin_dataset/IMG20220315145639~2.jpg,"1. 海邊的公路，兩旁是陡峭的山崖，路邊設有護欄，護欄上裝有橙色的警示燈，遠處是無垠的海洋，天空陰沉，海面波濤洶涌。

2. 一條沿海公路蜿蜒而行，兩側是高聳的山崖，山崖上植被茂盛，公路邊設有護欄，護欄上裝有橙色的警示燈，遠處是廣闊的海洋，天空陰沉，海面波濤洶涌。

3. 海邊的公路，兩旁是陡峭的山崖，護欄上裝有橙色的警示燈，遠處是無垠的海洋，天空陰沉，海面波濤洶涌，公路邊設有護欄，護欄上裝有橙色的警示燈，遠處是廣闊的海洋，天空陰沉，海面波濤洶涌。"
origin_dataset/IMG20220313113602.jpg,"1. 這張照片展示了一片廣闊的戶外景觀，天空湛藍，雲朵稀疏。地面上鋪設了一條筆直的道路，兩旁種植了幾棵樹木，樹下設有白色帳篷，可能是野餐或活動的場地。遠處有一座大型的石雕建築，建築頂部有一個平台，可能是觀景台或紀念碑。背景中還可以看到一些山丘，增加了景觀的層次感。

2. 照片中，一片廣闊的草地延伸至道路兩側，草地上的草質較為乾燥，散落著幾塊大小不一的岩石。道路兩側種植了幾排樹木，樹下設有白色帳篷，帳篷內有幾個人在活動。遠處的石雕建築頂部有一個平台，建築後方有幾輛停車的汽車。天空湛藍，雲朵稀疏，遠處的山丘為景觀增添了層次感。

3. 這張照片捕捉到了一片戶外的廣闊景觀，天空湛藍，雲朵稀疏。地面上鋪設了一條筆直的道路，兩旁種植了幾棵樹木，樹下設有白色帳篷，可能是野餐或活動的場地。遠處有一座大型的石雕建築，建築頂部有一個平台，可能是觀景台或紀念碑。背景中還可以看到一些山丘，增加了景觀的層次感。道路兩側種植了幾排樹木，樹下設有白色帳篷，帳篷內有幾個人在活動。遠處的石雕建築後方有幾輛停車的汽車。"
origin_dataset/IMG20220304201117.jpg,"1. 一排排的燈柱在夜晚的公園小徑上發出明亮的光線，照亮了整條路。路的兩側是綠色的灌木和樹木，遠處可以看到一些建築物的燈光。路的盡頭有一棟建築物，發出黃色的光，與周圍的黑暗形成鮮明對比。

2. 夜晚的公園小徑被燈光照耀，形成一條明亮的路徑。路的兩側是綠色的植物，遠處可以看到一些建築物的燈光。路的盡頭有一棟建築物，發出黃色的光，與周圍的黑暗形成鮮明對比。路的兩側還有一些樹木，樹枝在夜空中顯得格外清晰。

3. 一排排的燈柱在夜晚的公園小徑上發出明亮的光線，照亮了整條路。路的兩側是綠色的植物，遠處可以看到一些建築物的燈光。路的盡頭有一棟建築物，發出黃色的光，與周圍的黑暗形成鮮明對比。路的兩側還有一些樹木，樹枝在夜空中顯得格外清晰。整體環境顯得非常寧靜，適合散步或慢跑。"
origin_dataset/20230217_113905.jpg,"1. 一株開滿粉紅色花朵的樹木，樹枝輕盈地伸向藍天，樹葉間散落著幾朵鮮豔的花瓣。背景中，一棟現代建築的玻璃幕牆反射著陽光，建築的外牆以藍白相間的方格圖案為主，建築旁邊有幾棵高大的棕櫚樹，樹葉在微風中輕搖。建築前的廣場鋪設著方磚，兩側種植著綠色的灌木和樹木，環境整潔而美麗。

2. 粉紅色的花朵在樹枝上綻放，樹葉間的花朵在微風中輕輕搖曳，樹下是鋪設方磚的廣場，廣場兩側種植著綠色的灌木和樹木。背景中，一棟現代建築的玻璃幕牆反射著陽光，建築的外牆以藍白相間的方格圖案為主，建築旁邊有幾棵高大的棕櫚樹，樹葉在微風中輕搖。建築前的廣場鋪設著方磚，環境整潔而美麗。

3. 一株開滿粉紅色花朵的樹木，樹枝輕盈地伸向藍天，樹葉間散落著幾朵鮮豔的花瓣。背景中，一棟現代建築的玻璃幕牆反射著陽光，建築的外牆以藍白相間的方格圖案為主，建築旁邊有幾棵高大的棕櫚樹，樹葉在微風中輕搖。建築前的廣場鋪設著方磚，兩側種植著綠色的灌木和樹木，環境整潔而美麗。"
origin_dataset/IMG20220315122751.jpg,"1. 這是一張展示戶外空間的照片，照片中可以看到一排黑色的戶外桌椅，桌椅旁邊有幾張白色和棕色的椅子。桌椅上方有傘，提供遮陽功能。地面鋪有灰色的石板，兩側有綠色的草地和樹木。背景中可以看到一棟建築物，建築物的牆壁是淺色的，窗戶是方形的。建築物的右側有一個木製的建築，建築的牆壁是深色的，窗戶是方形的。建築的前面有一個小樹和一些綠植。地上散落著一些紅色的葉子。地上還有一張木製的長椅，長椅上貼有兩張白底紅字的標籤，標籤上寫有「Step」和「請勿亂丟垃圾」的字樣。

2. 這張照片展示了一個戶外的休閒空間，空間內有幾排黑色的戶外桌椅，桌椅旁邊有幾張白色和棕色的椅子。桌椅上方有傘，提供遮陽功能。地面鋪有灰色的石板，兩側有綠色的草地和樹木。背景中可以看到一棟建築物，建築物的牆壁是淺色的，窗戶是方形的。建築物的右側有一個木製的建築，建築的牆壁是深色的，窗戶是方形的。建築的前面有一個小樹和一些綠植。地上散落著一些紅色的葉子。地上還有一張木製的長椅，長椅上貼有兩張白底紅字的標籤，標籤上寫有「Step」和「請勿亂丟垃圾」的字樣。

3. 這張照片展示了一個戶外的休閒空間，空間內有幾排黑色的戶外桌椅，桌椅旁邊有幾張白色和棕色的椅子。桌椅上方有傘，提供遮陽功能。地面鋪有灰色的石板，兩側有綠色的草地和樹木。背景中可以看到一棟建築物，建築物的牆壁是淺色的，窗戶是方形的。建築物的右側有一個木製的建築，建築的牆壁是深色的，窗戶是方形的。建築的前面有一個小樹和一些綠植。地上散落著一些紅色的葉子。地上還有一張木製的長椅，長椅上貼有兩張白底紅字的標籤，標籤上寫有「Step」和「請勿亂丟垃圾」的字樣。"
origin_dataset/20240101_170016.jpg,"1. 天空布滿了層層疊疊的雲彩，從深藍漸變至黃橙色，夕陽的餘暉灑在雲朵上，散發出柔和的光澤。遠處的建築物在夕陽的照耀下顯得格外鮮明，建築的屋頂和牆壁反射出夕陽的餘暉，建築的輪廓在天空的背景下顯得格外突出。

2. 夕陽西下，天空被染成了金黃色，雲層在夕陽的照耀下呈現出不同的顏色，從淺黃到深紫，層次分明。建築物的屋頂和牆壁在夕陽的照耀下顯得格外鮮明，建築的輪廓在天空的背景下顯得格外突出，建築的屋頂和牆壁反射出夕陽的餘暉，建築的輪廓在天空的背景下顯得格外突出。

3. 夕陽西下，天空被染成了金黃色，雲層在夕陽的照耀下呈現出不同的顏色，從淺黃到深紫，層次分明。建築物的屋頂和牆壁在夕陽的照耀下顯得格外鮮明，建築的輪廓在天空的背景下顯得格外突出，建築的屋頂和牆壁反射出夕陽的餘暉，建築的輪廓在天空的背景下顯得格外突出。遠處的建築物在夕陽的照耀下顯得格外鮮明，建築的屋頂和牆壁反射出夕陽的餘暉，建築的輪廓在天空的背景下顯得格外突出。"
origin_dataset/IMG20220315122745.jpg,"1. 一間建築物的入口處，門口有一塊木製的牌匾，上面寫著「檢察長宿舍」。牌匾旁邊有一塊石柱，上面也寫著相同的字樣。門口的地面鋪有灰色的磚塊，門口處有一隻狗在走動。背景中可以看到一棟木製建築，建築的門口處有兩張白色的椅子。建築的牆壁上掛有兩塊布簾，布簾上寫著「花蓮縣檢察署」的字樣。建築的屋頂是灰色的瓦片，建築的牆壁是紅色的木板。建築的門口處有一個紅色的門，門上掛有一張紅色的布簾。建築的門口處有一個紅色的門，門上掛有一張紅色的布簾。建築的門口處有一個紅色的門，門上掛有一張紅色的布簾。

2. 一間建築物的入口處，門口有一塊木製的牌匾，上面寫著「檢察長宿舍」。牌匾旁邊有一塊石柱，上面也寫著相同的字樣。門口的地面鋪有灰色的磚塊，門口處有一隻狗在走動。背景中可以看到一棟木製建築，建築的門口處有兩張白色的椅子。建築的牆壁上掛有兩塊布簾，布簾上寫著「花蓮縣檢察署」的字樣。建築的屋頂是灰色的瓦片，建築的牆壁是紅色的木板。建築的門口處有一個紅色的門，門上掛有一張紅色的布簾。建築的門口處有一個紅色的門，門上掛有一張紅色的布簾。建築的門口處有一個紅色的門，門上掛有一張紅色的布簾。

3. 一間建築物的入口處，門口有一塊木製的牌匾，上面寫著「檢察長宿舍」。牌匾旁邊有一塊石柱，上面也寫著相同的字樣。門口的地面鋪有灰色的磚塊，門口處有一隻狗在走動。背景中可以看到一棟木製建築，建築的門口處有兩張白色的椅子。建築的牆壁上掛有兩塊布簾，布簾上寫著「花蓮縣檢察署」的字樣。建築的屋頂是灰色的瓦片，建築的牆壁是紅色的木板。建築的門口處有一個紅色的門，門上掛有一張紅色的布簾。建築的門口處有一個紅色的門，門上掛有一張紅色的布簾。建築的門口處有一個紅色的門，門上掛有一張紅色的布簾。"
origin_dataset/IMG20220304150323.jpg,"1. 這是一張公園的照片，路邊種滿了樹木，樹蔭下有幾個人在散步。路燈和圍欄沿著道路兩側排列，遠處可以看到一些建築物。天空晴朗，陽光照射在地面上，形成斑斕的光影。

2. 園區內有一條鋪設好的石板小路，兩旁種植了茂盛的樹木，樹枝延伸到路邊，形成了一個自然的綠色隧道。路邊有幾塊告示牌，可能提供了公園的資訊或指引。遠處的建築物看起來像是住宅或商業設施。

3. 這張照片展示了一個公園的場景，路邊的樹木茂盛，樹蔭下有幾個人在閒逛。路燈和圍欄沿著道路兩側排列，遠處可以看到一些建築物。天空晴朗，陽光照射在地面上，形成斑斕的光影。路邊的告示牌可能提供了公園的資訊或指引。"
origin_dataset/FB_IMG_1527873655819.jpg,"1. 一羣人站在一棟舊房子前，房子的牆壁有些破舊，門窗也有些損壞。他們似乎在討論或規劃某件事情，周圍散落著一些磚塊和工具，顯示出他們可能正在進行修繕或改造工作。

2. 這張照片捕捉到了一群人在一個看似廢棄的建築物前的場景。建築物的牆壁已經有些斑駁，門窗也顯得有些破舊。他們似乎在進行某種活動，周圍散落著一些磚塊和工具，顯示出他們可能正在進行修繕或改造工作。

3. 一羣人聚集在一座舊建築物前，建築物的牆壁已經有些斑駁，門窗也顯得有些破舊。他們似乎在討論或規劃某件事情，周圍散落著一些磚塊和工具，顯示出他們可能正在進行修繕或改造工作。"
origin_dataset/IMG20220304163918.jpg,"1. 這是一張公園的照片，照片中可以看到一條蜿蜒的小路，兩旁種植了許多樹木。樹木的葉子已經落光，顯露出光禿禿的樹幹，顯示出冬季的景象。小路兩旁的草地上散落著一些枯葉，地面上的顏色以黃褐色為主。遠處可以看到一些建築物的屋頂，顯示出公園周圍的建築環境。天空晴朗，陽光照射下來，使得整個公園的氛圍顯得非常明亮。

2. 照片中展示了一個公園的景色，公園內有許多樹木，樹木的葉子已經落光，顯示出冬季的特徵。公園內的小路蜿蜒曲折，兩旁種植了各種樹木和灌木，樹木的葉子已經落光，顯露出光禿禿的樹幹。公園內的草地上散落著一些枯葉，地面上的顏色以黃褐色為主。遠處可以看到一些建築物的屋頂，顯示出公園周圍的建築環境。天空晴朗，陽光照射下來，使得整個公園的氛圍顯得非常明亮。

3. 這張照片展示了一個公園的景色，公園內有許多樹木，樹木的葉子已經落光，顯示出冬季的特徵。公園內的小路蜿蜒曲折，兩旁種植了各種樹木和灌木，樹木的葉子已經落光，顯露出光禿禿的樹幹。公園內的草地上散落著一些枯葉，地面上的顏色以黃褐色為主。遠處可以看到一些建築物的屋頂，顯示出公園周圍的建築環境。天空晴朗，陽光照射下來，使得整個公園的氛圍顯得非常明亮。"
origin_dataset/IMG20220317144253.jpg,"1. 海灘上散落著幾位遊客，他們或站立於沙灘上，或在海邊閒逛。遠處的山丘被綠色植被覆蓋，天空中雲層稀疏，散發出一種寧靜的氛圍。海浪輕拍著海岸，帶來陣陣清新的海風。

2. 沙灘上散落著幾件行李，顯然有人在此暫時停留。遊客們或在沙灘上閒逛，或在海邊嬉戲。遠處的山丘被綠色植被覆蓋，天空中雲層稀疏，散發出一種寧靜的氛圍。海浪輕拍著海岸，帶來陣陣清新的海風。

3. 海灘上散落著幾位遊客，他們或站立於沙灘上，或在海邊閒逛。遠處的山丘被綠色植被覆蓋，天空中雲層稀疏，散發出一種寧靜的氛圍。海浪輕拍著海岸，帶來陣陣清新的海風。沙灘上散落著幾件行李，顯然有人在此暫時停留。"
origin_dataset/IMG_20210122_070011_816.jpg,"1. 這張照片展示了一輛客車內部的景象。車廂內有許多乘客，他們坐在藍色的座椅上，頭部朝向車窗方向。車廂的天花板上裝有電視屏幕，顯示器顯示著不同的內容。車廂的內部裝飾以米色和藍色為主，座椅上有繡花裝飾。車廂的後方有幾個座位，座位上有人坐著，他們似乎在觀看車廂後方的電視屏幕。車廂的前部有幾個座位，座位上也有人坐著，他們似乎在觀看車廂前部的電視屏幕。車廂的前部還有一個大屏幕，顯示著不同的內容。車廂的前部還有一個大屏幕，顯示著不同的內容。車廂的前部還有一個大屏幕，顯示著不同的內容。

2. 這張照片展示了一輛客車內部的景象。車廂內有許多乘客，他們坐在藍色的座椅上，頭部朝向車窗方向。車廂的天花板上裝有電視屏幕，顯示器顯示著不同的內容。車廂的內部裝飾以米色和藍色為主，座椅上有繡花裝飾。車廂的後方有幾個座位，座位上有人坐著，他們似乎在觀看車廂後方的電視屏幕。車廂的前部有幾個座位，座位上也有人坐著，他們似乎在觀看車廂前部的電視屏幕。車廂的前部還有一個大屏幕，顯示著不同的內容。車廂的前部還有一個大屏幕，顯示著不同的內容。車廂的前部還有一個大屏幕，顯示著不同的內容。

3. 這張照片展示了一輛客車內部的景象。車廂內有許多乘客，他們坐在藍色的座椅上，頭部朝向車窗方向。車廂的天花板上裝有電視屏幕，顯示器顯示著不同的內容。車廂的內部裝飾以米色和藍色為主，座椅上有繡花裝飾。車廂的後方有幾個座位，座位上有人坐著，他們似乎在觀看車廂後方的電視屏幕。車廂的前部有幾個座位，座位上也有人坐著，他們似乎在觀看車廂前部的電視屏幕。車廂的前部還有一個大屏幕，顯示著不同的內容。車廂的前部還有一個大屏幕，顯示著不同的內容。車廂的前部還有一個大屏幕，顯示著不同的內容。"
origin_dataset/20240201_125552.jpg,"1. 藍天白雲，建築與山丘相映成趣，綠色圍欄在前景中顯眼。

2. 窗外景色，建築與自然交織，遠處山丘與近處建築形成層次感。

3. 窗外視野，建築與綠色圍欄構成城市景觀，遠處山丘與藍天白雲相得益彰。"
origin_dataset/20230805_175208.jpg,"1. 一株粗壯的榕樹，樹幹粗大，枝條繁茂，樹冠廣闊，樹葉濃密，綠意盎然。陽光從樹葉間透射下來，形成斑斕的光影效果。樹下鋪有綠色的草地，草地旁邊有一條石板路，路邊種有綠色的灌木和小樹，遠處可以看到一些建築物。

2. 這是一張展示榕樹的照片，樹幹粗壯，樹冠廣闊，樹葉濃密，綠意盎然。陽光從樹葉間透射下來，形成斑斕的光影效果。樹下鋪有綠色的草地，草地旁邊有一條石板路，路邊種有綠色的灌木和小樹，遠處可以看到一些建築物。榕樹的樹幹粗大，枝條繁茂，樹冠廣闊，樹葉濃密，綠意盎然。

3. 這張照片展示了一株粗壯的榕樹，樹幹粗大，樹冠廣闊，樹葉濃密，綠意盎然。陽光從樹葉間透射下來，形成斑斕的光影效果。樹下鋪有綠色的草地，草地旁邊有一條石板路，路邊種有綠色的灌木和小樹，遠處可以看到一些建築物。榕樹的樹幹粗大，枝條繁茂，樹冠廣闊，樹葉濃密，綠意盎然。"
origin_dataset/20230808_160000.jpg,"1. 一棟現代建築，建築外牆以藍白相間的玻璃窗為主，窗戶排列整齊，反射出天空的藍色。建築前有一個綠意盎然的花園，種植著各種綠色植物，包括蕨類植物和高大的棕櫚樹，綠意盎然，環境優美。

2. 花園內種植了多種植物，包括蕨類植物和高大的棕櫚樹，綠意盎然。建築外牆以藍白相間的玻璃窗為主，窗戶排列整齊，反射出天空的藍色。建築前的綠意盎然的花園與建築形成鮮明對比，營造出一種現代與自然融合的氛圍。

3. 一棟現代建築，建築外牆以藍白相間的玻璃窗為主，窗戶排列整齊，反射出天空的藍色。建築前有一個綠意盎然的花園，種植著各種綠色植物，包括蕨類植物和高大的棕櫚樹，綠意盎然，環境優美。建築與花園之間的對比，營造出一種現代與自然融合的氛圍。"
origin_dataset/IMG20220316135754.jpg,"1. 這是一條兩旁種滿樹木的街道，樹木的枝葉已經脫落，顯示出冬季或早春的季節。道路兩側有建築物，建築物的風格各異，有現代建築也有傳統建築。天空陰沉，似乎即將下雨。路邊有一個行人正在行走，他戴著口罩，可能是在防護自己免受空氣污染或傳染病的影響。道路兩側的樹木排列整齊，形成了一條綠色的長廊。道路的邊緣有一個排水溝，溝內有水，顯示出最近可能有降雨。

2. 這是一張展示城市街道的照片，街道兩旁種滿了樹木，樹木的枝葉已經脫落，顯示出冬季或早春的季節。道路兩側有建築物，建築物的風格各異，有現代建築也有傳統建築。天空陰沉，似乎即將下雨。路邊有一個行人正在行走，他戴著口罩，可能是在防護自己免受空氣污染或傳染病的影響。道路兩側的樹木排列整齊，形成了一條綠色的長廊。道路的邊緣有一個排水溝，溝內有水，顯示出最近可能有降雨。建築物的設計風格各異，有現代建築也有傳統建築，顯示出當地建築文化的多樣性。

3. 這是一張展示城市街道的照片，街道兩旁種滿了樹木，樹木的枝葉已經脫落，顯示出冬季或早春的季節。道路兩側有建築物，建築物的風格各異，有現代建築也有傳統建築。天空陰沉，似乎即將下雨。路邊有一個行人正在行走，他戴著口罩，可能是在防護自己免受空氣污染或傳染病的影響。道路兩側的樹木排列整齊，形成了一條綠色的長廊。道路的邊緣有一個排水溝，溝內有水，顯示出最近可能有降雨。建築物的設計風格各異，有現代建築也有傳統建築，顯示出當地建築文化的多樣性。街道兩旁的樹木排列整齊，形成了一條綠色的長廊，顯示出當地注重環境保護和綠化。"
origin_dataset/20230805_155133.jpg,"1. 這間店鋪的設計風格簡潔現代，天花板上懸掛著綠色植物，營造出自然的氛圍。櫃檯後方設有咖啡機和工作區，顯得專業且現代。櫃檯前的牆壁上寫著「ALL DAY ROASTING COMPANY」，顯示出這是一家咖啡烘焙公司。櫃檯後方的牆壁上掛有時鐘，顯示時間。櫃檯旁邊的櫃子上陳列著各種咖啡豆和相關產品，展示出豐富的產品線。

2. 店鋪內部裝修以白色和木色為主，營造出溫馨的氛圍。櫃檯後方的牆壁上掛有時鐘，櫃檯前的牆壁上寫著「ALL DAY ROASTING COMPANY」。櫃檯後方設有咖啡機和工作區，櫃檯旁邊的櫃子上陳列著各種咖啡豆和相關產品。天花板上懸掛著綠色植物，營造出自然的氛圍。櫃檯後方的牆壁上掛有時鐘，櫃檯前的牆壁上寫著「ALL DAY ROASTING COMPANY」。

3. 這間店鋪的設計風格簡潔現代，櫃檯後方設有咖啡機和工作區，顯得專業且現代。櫃檯前的牆壁上寫著「ALL DAY ROASTING COMPANY」，顯示出這是一家咖啡烘焙公司。櫃檯後方的牆壁上掛有時鐘，櫃檯旁邊的櫃子上陳列著各種咖啡豆和相關產品，展示出豐富的產品線。天花板上懸掛著綠色植物，營造出自然的氛圍。櫃檯後方的牆壁上掛有時鐘，櫃檯前的牆壁上寫著「ALL DAY ROASTING COMPANY」。"
origin_dataset/20230707_174901.jpg,"1. 這間餐廳內部裝潢簡潔現代，牆壁以白色為主，搭配紅色的牆面，營造出一種溫馨的氛圍。天花板上裝有幾盞燈，提供柔和的照明。餐廳內的桌椅採用木質材料，椅子的坐墊是紅色的，與牆面的紅色相呼應，整體設計風格統一。餐廳內的窗戶採用大面積玻璃，讓自然光可以充分進入，同時也提供了良好的視野，可以看到外面的景觀。

2. 餐廳內部的裝潢設計注重細節，牆壁上裝有幾盞燈，燈光柔和，營造出溫馨的用餐氛圍。餐廳內的桌椅採用木質材料，椅子的坐墊是紅色的，與牆面的紅色相呼應，整體設計風格統一。餐廳內的窗戶採用大面積玻璃，自然光可以充分進入，同時也提供了良好的視野，可以看到外面的景觀。餐廳內部的裝潢設計注重細節，牆壁上裝有幾盞燈，燈光柔和，營造出溫馨的用餐氛圍。

3. 餐廳內部的裝潢設計注重細節，牆壁上裝有幾盞燈，燈光柔和，營造出溫馨的用餐氛圍。餐廳內的桌椅採用木質材料，椅子的坐墊是紅色的，與牆面的紅色相呼應，整體設計風格統一。餐廳內的窗戶採用大面積玻璃，自然光可以充分進入，同時也提供了良好的視野，可以看到外面的景觀。餐廳內部的裝潢設計注重細節，牆壁上裝有幾盞燈，燈光柔和，營造出溫馨的用餐氛圍。"
origin_dataset/1531474877960.jpg,"1. 一位年輕男子，頭髮為深色，長度至耳邊，面帶輕微鬍子，身穿黑色皮夾克，內搭深色毛衣，坐在車廂內，頭靠在手臂上，似乎在休息或打盹。

2. 男子的皮夾克拉鍊部分拉開，露出內層的深色衣物，他側頭向右，雙眼閉合，表情平靜，周圍環境為車廂內部，座椅為米色。

3. 男子的頭髮略顯凌亂，皮夾克的拉鍊處有白色繩子，他側身坐著，頭靠在手臂上，雙手交疊，似乎在車廂內休息。背景為車廂的座椅和部分車窗。"
origin_dataset/20240212_172244.jpg,"1. 天空的顏色從淡黃漸變至深藍，雲層稀疏，散發出柔和的光澤。遠處的樹木在夕陽的照耀下顯得格外鮮豔，樹葉間的光影交錯，構成一幅美麗的自然畫面。建築物的屋頂在夕陽的餘暉中顯得格外突出，建築的輪廓線在天空的映襯下更加清晰。

2. 夕陽西下，天空的顏色從淡黃漸變至深藍，雲層稀疏，散發出柔和的光澤。遠處的樹木在夕陽的照耀下顯得格外鮮豔，樹葉間的光影交錯，構成一幅美麗的自然畫面。建築物的屋頂在夕陽的餘暉中顯得格外突出，建築的輪廓線在天空的映襯下更加清晰。建築物的窗戶在夕陽的照耀下顯得格外鮮豔，窗戶的邊框在夕陽的餘暉中顯得格外突出。

3. 夕陽西下，天空的顏色從淡黃漸變至深藍，雲層稀疏，散發出柔和的光澤。遠處的樹木在夕陽的照耀下顯得格外鮮豔，樹葉間的光影交錯，構成一幅美麗的自然畫面。建築物的屋頂在夕陽的餘暉中顯得格外突出，建築的輪廓線在天空的映襯下更加清晰。建築物的窗戶在夕陽的照耀下顯得格外鮮豔，窗戶的邊框在夕陽的餘暉中顯得格外突出。建築物的屋頂在夕陽的餘暉中顯得格外突出，建築的輪廓線在天空的映襯下更加清晰。"
origin_dataset/IMG20220317142839.jpg,"1. 海灘上，幾個人在沙灘上行走，遠處有幾棟建築物。海浪輕拍著海岸線，天空陰沉，雲層厚重。

2. 三個人在沙灘上，其中兩人似乎在拍照或拍攝，另一人則在沙灘上行走。遠處的建築物和海浪是這張照片的背景。

3. 沙灘上散落著幾個人，他們在沙灘上行走或活動。遠處的建築物和海浪是這張照片的背景，天空陰沉，雲層厚重。"
origin_dataset/received_1419041474862779.jpeg,"1. 一位年輕男子坐在餐廳的桌子旁，他穿着一件白色T恤，雙手緊緊地握著一部手機，似乎在仔細地查看或操作著。他的面前有一杯深色的飲料，桌面上還有一些其他物品。背景中可以看到其他客人和餐廳的裝飾，包括牆上的掛畫和吊燈。

2. 這張照片捕捉到了一個年輕人坐在餐廳的環境中，他專注地看著手中的手機。他身著一件簡單的白色T恤，雙手緊緊地握著手機，似乎在進行某項活動。桌上有一杯深色的飲料，而背景則顯示了餐廳的其他部分，包括牆上的裝飾和吊燈。

3. 一位年輕男子坐在餐廳的桌子旁，他雙手緊緊地握著一部手機，似乎在仔細地查看或操作著。他身著一件白色T恤，面前有一杯深色的飲料。背景中可以看到其他客人和餐廳的裝飾，包括牆上的掛畫和吊燈。"
origin_dataset/IMG20220317142811.jpg,"1. 海浪拍打著海岸線，激起白色的浪花。遠處，一座孤島隱約可見，被薄霧所籠罩。天空灰蒙蒙的，海面波光粼粼，散發出一種寧靜而孤獨的氛圍。

2. 沙灘上，海浪輕柔地拍打著，形成細碎的泡沫。遠方，一座孤島在薄霧中若隱若現，天空灰暗，海面波光閃爍，散發出一種孤獨而寧靜的氛圍。

3. 海浪輕柔地拍打著海岸線，激起白色的浪花。遠處，一座孤島隱約可見，被薄霧所籠罩。天空灰蒙蒙的，海面波光粼粼，散發出一種寧靜而孤獨的氛圍。"
origin_dataset/IMG20220318163928.jpg,"1. 這張照片展示了一座現代化的城市街景，背景中有一座高聳的摩天大樓，建築外牆以玻璃和鋼材構成，反射出周圍的天空和建築。大樓前的街道兩旁是多棟不同高度的建築，建築物外牆多為淺色，窗戶排列整齊。街道上有行駛的汽車和停靠的機車，顯示出繁忙的都市生活。天空陰沉，可能是陰天或傍晚時分。

2. 照片中，一輛藍色的小貨車停在馬路邊，車身上有白色標誌，顯示出貨運或服務的用途。道路兩側停有各種車輛，包括轎車和機車，顯示出交通的繁忙。建築物之間的綠樹成蔭，為城市帶來了一絲綠意。遠處的高樓建築在陰沉的天空下顯得格外突出，構成了一幅現代都市的景象。

3. 這張照片捕捉到了一個典型的現代城市街景，前景中有一輛藍色的小貨車，車身上有白色標誌，停在馬路邊。道路兩側停有各種車輛，包括轎車和機車，顯示出交通的繁忙。建築物之間的綠樹成蔭，為城市帶來了一絲綠意。遠處的高樓建築在陰沉的天空下顯得格外突出，構成了一幅現代都市的景象。建築物外牆多為淺色，窗戶排列整齊，顯示出現代建築的特徵。"
origin_dataset/20240613_182528.jpg,"1. 藍天白雲，天空中漂浮著蓬鬆的雲朵，遠處可以看到一些建築物和路燈，地面上有各種標誌和廣告牌。

2. 雲層厚重，天空中布滿了濃密的雲霧，遠處的建築物和路燈在雲層的掩蓋下若隱若現，地面上的標誌和廣告牌在微風中輕微搖曳。

3. 天空湛藍，雲層稀疏，遠處的建築物和路燈在藍天的映襯下顯得格外清晰，地面上的標誌和廣告牌在微風中輕輕晃動。"
origin_dataset/IMG20220315145639~3.jpg,"1. 海邊的公路，兩旁是陡峭的山崖，路邊設有護欄，護欄上裝有橙色的警示燈，遠處是無垠的海洋，天空陰沉，風景壯麗。

2. 一條沿海公路，路邊設有護欄，護欄上裝有橙色的警示燈，護欄外是陡峭的山崖，山崖上長滿綠色的植被，遠處是深藍色的海洋，天空陰沉，風景壯麗。

3. 海邊的公路，兩旁是陡峭的山崖，護欄外是無垠的海洋，天空陰沉，護欄上裝有橙色的警示燈，遠處是深藍色的海洋，風景壯麗。"
origin_dataset/IMG20220308145834.jpg,"1. 一望無際的藍天，清澈的湖水與綠色植被交織成一幅寧靜的自然畫面。遠處的建築物隱約可見，構成了一幅現代與自然並存的景緻。

2. 湖水靜靜地流動，周圍的綠樹成蔭，遠處的建築物在遠方若隱若現，構成了一幅寧靜而美麗的自然風景畫。

3. 湖水清澈，倒映著藍天，周圍的綠樹成蔭，遠處的建築物在遠方若隱若現，構成了一幅寧靜而美麗的自然風景畫。"
origin_dataset/IMG20220315152710.jpg,"1. 海邊的風景，遠處是無邊無際的海洋，天空中散落著幾朵雲彩，近處是茂密的綠色植被，樹葉在微風中輕輕搖曳。

2. 一片廣闊的海景，海面波光粼粼，遠處的天際線與海平面相接，近處的樹木和灌木叢在風中搖曳，形成了一幅自然的畫面。

3. 眺望著無垠的海洋，海天一色，遠處的天際線與海平面相接，近處的樹木和灌木叢在微風中輕輕搖曳，構成了一幅美麗的自然風景圖。"
origin_dataset/20230218_164045.jpg,"1. 這張照片展示了一棵開滿粉紅色櫻花的樹，樹枝在藍天的背景下顯得格外鮮豔。粉紅色的櫻花在樹枝上綻放，形成了一幅美麗的自然畫面。

2. 照片中，樹枝錯綜複雜，樹幹筆直，樹冠上開滿了粉紅色的櫻花。藍天作為背景，使得櫻花的顏色更加鮮豔奪目，整體構圖非常優美。

3. 這張照片捕捉到了一棵樹的特寫，樹上開滿了粉紅色的櫻花，樹枝在藍天的映襯下顯得格外鮮豔。櫻花的顏色與藍天形成鮮明對比，構成了一幅美麗的自然風景畫。"
origin_dataset/11077946_632080850225074_2867019729320378823_n(1)(1).jpg,"1. 一位小男孩站在室內，頭戴一頂紫色的帽子，帽子上有一個白色的小貼紙。他穿着一件黃色的長袖T恤，T恤上印有卡通猴子的圖案和英文字母。他的褲子是豹紋的，腳上穿著綠色的拖鞋。他右手握著一個粉紅色的氣球，氣球的形狀像是一隻狗的頭部。背景中可以看到一扇窗戶和一堵白色的牆壁，牆壁上有一個插座。

2. 一位小男孩站在室內，頭戴一頂紫色的帽子，帽子上有一個白色的小貼紙。他穿着一件黃色的長袖T恤，T恤上印有卡通猴子的圖案和英文字母。他的褲子是豹紋的，腳上穿著綠色的拖鞋。他右手握著一個粉紅色的氣球，氣球的形狀像是一隻狗的頭部。背景中可以看到一扇窗戶和一堵白色的牆壁，牆壁上有一個插座。牆壁上還寫有數學公式。

3. 一位小男孩站在室內，頭戴一頂紫色的帽子，帽子上有一個白色的小貼紙。他穿着一件黃色的長袖T恤，T恤上印有卡通猴子的圖案和英文字母。他的褲子是豹紋的，腳上穿著綠色的拖鞋。他右手握著一個粉紅色的氣球，氣球的形狀像是一隻狗的頭部。背景中可以看到一扇窗戶和一堵白色的牆壁，牆壁上有一個插座。牆壁上還寫有數學公式。地面上鋪有花紋的地磚，牆壁旁邊有一塊白板，上面寫有數學公式。"
origin_dataset/1529165657814.jpg,"1. 這張照片中有兩位畢業生，他們身穿黑色學士服，胸前佩戴著黃色的畢業證書帶，背景是一座尖頂建築，建築外牆由玻璃和鋼構組成，建築後方有許多畢業生和觀眾，天空晴朗，綠樹成蔭。

2. 這張照片捕捉到了畢業典禮的瞬間，兩位畢業生站在建築前，背景中可以看到許多其他畢業生和觀眾，他們似乎正在慶祝畢業，建築的設計獨特，玻璃和鋼構的組合構成了一個引人注目的背景。

3. 這張照片展示了兩位畢業生在畢業典禮上的歡樂時刻，他們站在一座現代建築前，建築的設計充滿了現代感，背景中可以看到許多其他畢業生和觀眾，他們的學士服和畢業證書帶彰顯了他們的成就，天空晴朗，綠樹成蔭，整體氛圍歡樂而喜慶。"
origin_dataset/IMG20220313133921.jpg,"1. 這張照片展示了一個公園的景觀，背景是廣闊的綠色稻田和遠處的山丘。公園內有幾棵高大的樹木，樹蔭下有幾位遊客在閒坐或拍照。公園的地面鋪有碎石，邊緣有一條灰色的護欄。遠處的天空藍白相間，雲層稀疏。

2. 圖片中，公園的環境非常宜人，綠色的稻田延伸到遠處，與藍天形成鮮明對比。公園內有幾棵樹，樹蔭下有遊客在休息或觀賞景緻。公園的設計包括一個大型的環形雕塑，位於公園的中心位置。遊客們分散在公園內，有的在拍照，有的在閒聊，顯得非常悠閒。

3. 這張照片捕捉到了一個公園的場景，公園內有幾棵高大的樹木，樹蔭下有遊客在閒坐或拍照。公園的地面鋪有碎石，邊緣有一條灰色的護欄。遠處的天空藍白相間，雲層稀疏。公園的設計包括一個大型的環形雕塑，位於公園的中心位置。遊客們分散在公園內，有的在拍照，有的在閒聊，顯得非常悠閒。背景是廣闊的綠色稻田和遠處的山丘，環境非常宜人。"
origin_dataset/IMG20220220160054.jpg,"1. 這幅畫作展示了海灘上的場景，畫面中有一個女人撐著一把藍色的傘，她坐在長椅上，背後是海灘和遠處的建築物。海灘上還有其他遊客，他們在海邊散步或休息。天空中雲層密布，整體畫面色彩柔和，充滿了印象派的風格。

2. 這幅畫作的主題是海灘上的休閒活動，畫面中有一個女人撐著一把藍色的傘，坐在長椅上。她身邊有其他遊客，他們在海灘上閒逛或休閒。遠處可以看到一些建築物，天空中雲層密布，整體畫面色彩柔和，表現出一種悠閒的氛圍。

3. 這幅畫作描繪了海灘上的場景，畫面中有一個女人撐著一把藍色的傘，坐在長椅上。她身邊有其他遊客，他們在海灘上閒逛或休閒。遠處可以看到一些建築物，天空中雲層密布，整體畫面色彩柔和，表現出一種悠閒的氛圍。這幅畫作的風格屬於印象派，通過色彩和光影的運用，表現出一種輕鬆的海灘氛圍。"
origin_dataset/IMG_20201128_012309_283.jpg,"1. 山頂的樹木在微風中輕輕搖曳，遠處的山峯被薄薄的雲霧所籠罩，遠近的景緻在藍色的天空下顯得格外清新。

2. 眼前的樹枝上掛著一簇簇的白色絨毛，遠處的山峯被茂密的樹木覆蓋，遠近的景緻在藍色的天空下顯得格外清新。

3. 山頂的樹木在微風中輕輕搖曳，遠處的山峯被薄薄的雲霧所籠罩，遠近的景緻在藍色的天空下顯得格外清新。"
origin_dataset/IMG20220313133935.jpg,"1. 一羣人在一個公園裡，背景是綠色的稻田和遠處的山丘。他們站在一個由石頭堆砌成的拱形建築旁，這個建築看起來像是現代藝術品。一些人正在拍照，而其他人則在閒聊。天空是藍色的，有幾朵雲，環境看起來很宜人。

2. 這張照片展示了一個公園的場景，公園裡有一個由石頭堆砌成的拱形建築，看起來像是現代藝術品。背景是綠色的稻田和遠處的山丘。天空是藍色的，有幾朵雲。照片中有幾個人，他們正在拍照或閒聊。公園的地面鋪滿了灰色的石子。

3. 這張照片捕捉到了一個公園的場景，公園裡有一個由石頭堆砌成的拱形建築，看起來像是現代藝術品。背景是綠色的稻田和遠處的山丘。天空是藍色的，有幾朵雲。照片中有幾個人，他們正在拍照或閒聊。公園的地面鋪滿了灰色的石子。遠處的山丘和稻田構成了美麗的自然景觀。"
origin_dataset/IMG_20171231_215439_357.jpg,"1. 這張照片顯示了一個室內場景，可能是一個購物中心或電影院。照片中可以看到許多人在走動，場景中有一些人排隊，可能是在等待進入某個區域。照片的右上角有“Happy new year”的字樣，並附有煙火圖案，顯示出慶祝新年的氛圍。照片的左下角標註了位置，寫著“台中新光三越-新光影城”，顯示出這個場景位於臺灣臺中市的新光三越百貨公司內的新光影城。

2. 照片中，人們在室內走動，場景明亮，燈光充足。照片的右上角有“Happy new year”的字樣，並附有煙火圖案，顯示出慶祝新年的氛圍。照片的左下角標註了位置，寫著“台中新光三越-新光影城”，顯示出這個場景位於臺灣臺中市的新光三越百貨公司內的新光影城。

3. 這張照片捕捉到了一個室內場景，可能是一個購物中心或電影院。照片中可以看到許多人在走動，場景中有一些人排隊，可能是在等待進入某個區域。照片的右上角有“Happy new year”的字樣，並附有煙火圖案，顯示出慶祝新年的氛圍。照片的左下角標註了位置，寫著“台中新光三越-新光影城”，顯示出這個場景位於臺灣臺中市的新光三越百貨公司內的新光影城。"
origin_dataset/10402974_632094923557000_9205936433528002458_n(1)(1).jpg,"1. 一群年輕人坐在一堵牆前，牆上繪有藍色背景的圖案，圖案中有一隻白色的小動物，周圍有星星和幾顆仙人掌。他們面帶微笑，擺出不同的姿勢，似乎是在拍照留念。牆前的地面上鋪有灰色的石板，牆的邊緣有幾塊三角形的裝飾。

2. 一羣年輕人排成一排，坐在一堵繪有圖案的牆前。牆上的圖案以藍色為主，圖案中有一隻白色的小動物，周圍有星星和仙人掌。他們面帶微笑，有的比出V字形，有的則是自然的坐姿。牆前的地面上鋪有灰色的石板，牆的邊緣有幾塊三角形的裝飾。

3. 一羣年輕人坐在一堵繪有圖案的牆前，牆上的圖案以藍色為主，圖案中有一隻白色的小動物，周圍有星星和仙人掌。他們面帶微笑，有的比出V字形，有的則是自然的坐姿。牆前的地面上鋪有灰色的石板，牆的邊緣有幾塊三角形的裝飾。背景的牆上還有幾顆仙人掌的圖案。"
origin_dataset/20230916_223640.jpg,"1. 一棟建築在夜晚被燈光點綴，建築外牆採用磚石砌成，窗戶排列整齊，窗框為拱形設計，建築頂部有精緻的裝飾。建築前有一排綠色灌木，樹枝垂下，為建築增添了一絲綠意。建築旁邊有幾位行人，他們在石板路上行走，似乎在欣賞這些建築的美麗夜景。

2. 建築的外牆由磚石構成，窗戶排列整齊，窗框為拱形設計，建築頂部有精緻的裝飾。建築前有一排綠色灌木，樹枝垂下，為建築增添了一絲綠意。建築旁邊有幾位行人，他們在石板路上行走，似乎在欣賞這些建築的美麗夜景。建築的燈光在夜空中閃耀，營造出一種溫馨而莊重的氛圍。

3. 建築的外牆由磚石構成，窗戶排列整齊，窗框為拱形設計，建築頂部有精緻的裝飾。建築前有一排綠色灌木，樹枝垂下，為建築增添了一絲綠意。建築旁邊有幾位行人，他們在石板路上行走，似乎在欣賞這些建築的美麗夜景。建築的燈光在夜空中閃耀，營造出一種溫馨而莊重的氛圍。建築的歷史和建築風格讓人聯想到歐洲的古典建築，建築的設計和裝飾都透露出一種優雅和歷史的氣息。"
origin_dataset/IMG20220317121959.jpg,"1. 一塊木製的告示牌懸掛在鐵網門上方，上面寫著「這一站是終點？還是另一個起點？」的問題，並附有兩幅圖案，一隻行走的人和一隻奔跑的人。背景是籃球場，籃球場的圍欄外有一棟紅色的建築物，建築物後方有幾棵樹和一些建築物。

2. 一塊木製的告示牌懸掛在鐵網門上方，上面寫著「這一站是終點？還是另一個起點？」的問題，並附有兩幅圖案，一隻行走的人和一隻奔跑的人。籃球場的圍欄外有一棟紅色的建築物，建築物後方有幾棵樹和一些建築物。籃球場的圍欄內有一個籃球框，籃球場的地面鋪有灰色的磚塊。

3. 一塊木製的告示牌懸掛在鐵網門上方，上面寫著「這一站是終點？還是另一個起點？」的問題，並附有兩幅圖案，一隻行走的人和一隻奔跑的人。籃球場的圍欄外有一棟紅色的建築物，建築物後方有幾棵樹和一些建築物。籃球場的圍欄內有一個籃球框，籃球場的地面鋪有灰色的磚塊。籃球場的圍欄外還有一個籃球場的標誌。"
origin_dataset/20230916_194640.jpg,1. 這間餐廳的裝潢採用古典風格，櫃檯上方掛有紅色的標誌，櫃檯後方是金屬色的裝飾，櫃檯上擺放著許多玻璃杯和調酒器，櫃檯後方有一名穿著白色制服的服務員，櫃檯前有一張紅色的皮椅，櫃檯旁邊有一台平板電腦，櫃檯後方的牆壁上掛有畫框，櫃檯後方的牆壁上有一排木製的櫃子，櫃檯後方的牆壁上有一排木製的櫃子，櫃檯後方的牆壁上有一排木製的櫃子，櫃檯後方的牆壁上有一排木製的櫃子，櫃檯後方的牆壁上有一排木製的櫃子，櫃檯後方的牆壁上有一排木製的櫃子，櫃檯後方的牆壁上有一排木製的櫃子，櫃檯後方的牆壁上有一排木製的櫃子，櫃檯後方的牆壁上有一排木製的櫃子，櫃檯後方的牆壁上有一排木製的櫃子，櫃檯後方的牆壁上有一排木製的櫃子，櫃檯後方的牆壁上有一排木製的櫃子，櫃檯後方的牆壁上有一排木製的櫃子，櫃檯後方的牆壁上有一排木製的櫃子，櫃檯後方的牆壁上有一排木製的櫃子，櫃檯後方的牆壁上有一排木製的櫃子，櫃檯後方的牆壁上有一排木製的櫃子，櫃檯後方的牆壁上有一排木製的櫃子，櫃檯後方的牆壁上有一排木製的櫃子，櫃檯後方的牆壁上有一排木製的櫃子，櫃檯後方的牆壁上有一排木製的櫃子，櫃檯後方的牆壁上有一排木製的櫃子，櫃檯後方的牆壁上有一排木製的櫃子，櫃檯後方的牆壁上有一排木製的櫃子，櫃檯後方的牆壁上有一排木製的櫃子，櫃檯後方的牆壁上有一排木製的櫃子，櫃檯後方的牆壁上有一排木製的櫃子，櫃檯後方的牆壁上有一排木製的櫃子，櫃檯後方的牆壁上有一排木製的櫃子，櫃檯後方的牆壁上有一排木製的櫃子，櫃檯後方的牆壁上有一排木製的櫃子，櫃檯後方的牆壁上有一排木製的櫃子，櫃檯後方的牆壁上有一排木製的櫃子，櫃檯後方的牆壁上有一排木製的櫃子，櫃檯後方的牆壁上有一排木製的櫃子，櫃檯後方的牆壁上有一排木製的櫃子，櫃檯後方的牆壁上有一排木製的櫃子，櫃檯後方的牆壁上有一排木製的櫃子，櫃檯後方的牆壁上有一排木製的櫃子，櫃檯後方的牆壁上有一排木製的櫃子，櫃檯後方的牆壁上有一排木製的櫃子，櫃檯後方的牆壁上有一排木製的櫃子，櫃檯後方的牆壁上有一排木製的櫃子，櫃檯後方的牆壁上有一排木製的櫃子，櫃檯後方的牆壁上有一排木製的櫃子，櫃檯後方的牆壁上有一排木製的櫃子，櫃檯後方的牆壁上有一排木製的櫃子，櫃檯後方的牆壁上有一排木製的櫃子，櫃檯後方的牆壁上有一排木製的櫃子，櫃檯後方的牆壁上有一排木製的櫃子，櫃檯後方的牆壁上有一排木製的櫃子，櫃檯後方的牆壁上有一排木製的櫃子，櫃檯後方的牆壁上有一
origin_dataset/received_1599885853448597.jpeg,"1. 這張照片中有兩位年輕人，他們坐在室內的桌子旁邊。前景中的年輕人側頭看向鏡頭，背景中的年輕人則側身面向窗外。窗戶外可以看到樹木和建築物，顯示出室內的環境是室內的餐廳或咖啡廳。前景中的年輕人穿着深色的上衣和牛仔褲，而背景中的年輕人則穿着深藍色的上衣和牛仔褲。桌上有一個黑色的水壺。

2. 這張照片捕捉到了兩個年輕人坐在室內的場景。前景中的年輕人側頭，臉部清晰可見，而背景中的年輕人則側身，背對著鏡頭。窗戶外的綠樹和建築物表明他們處於一個開放式的空間，可能是餐廳或咖啡廳。前景中的年輕人留有短髮，而背景中的年輕人則留有較長的頭髮。兩人都穿着合適的服裝，適合室內的環境。

3. 這張照片展示了兩個年輕人坐在室內的場景。前景中的年輕人側頭，臉部清晰，而背景中的年輕人則側身，背對著鏡頭。窗戶外的綠樹和建築物顯示他們處於一個開放式的空間，可能是餐廳或咖啡廳。前景中的年輕人留有短髮，而背景中的年輕人則留有較長的頭髮。兩人都穿着合適的服裝，適合室內的環境。窗戶旁邊的桌子上有一個黑色的水壺。"
origin_dataset/20240602_165945.jpg,"1. 這張圖片展示了一個標題為「高效人生工作法」的書籍封面。封面上有三個圓形圖表，分別標示了99%、33%和50%的進度條。書名下方有詳細的副標題，介紹了書籍內容涉及的主題，如GTD、子彈筆記、原子習慣等。此外，還列出了作者、編輯和出版社等相關資訊。

2. 封面設計中，圓形圖表以不同顏色區分，分別代表99%、33%和50%的進度條。這些圖表位於書名的兩側，並用不同顏色區分，以強調不同的進度比例。書名下方的副標題詳細介紹了書籍內容，包括GTD、子彈筆記、原子習慣等主題，並列出了作者、編輯和出版社等相關資訊。

3. 這張圖片展示了一本名為「高效人生工作法」的書籍封面。封面上有三個圓形圖表，分別標示了99%、33%和50%的進度條。書名下方有詳細的副標題，介紹了書籍內容涉及的主題，如GTD、子彈筆記、原子習慣等。此外，還列出了作者、編輯和出版社等相關資訊。封面上的圖表以不同顏色區分，強調不同的進度比例。"
origin_dataset/20240725_173800.jpg,"1. 這間房間採用日式風格，牆壁和天花板均為淺色，牆壁上有一幅精美的花鳥畫，窗戶採用傳統的日式格子窗，透出自然光線，房間內有一張鋪有桌布的桌子，桌上放有幾樣物品，牆角處有一張榻榻米，房間的裝修風格簡潔而溫馨。

2. 房間內部採用日式風格，牆壁和天花板均為淺色，牆壁上有一幅精美的花鳥畫，窗戶採用傳統的日式格子窗，透出自然光線，房間內有一張鋪有桌布的桌子，桌上放有幾樣物品，牆角處有一張榻榻米，房間的裝修風格簡潔而溫馨，窗戶旁邊有一個小型的空調機，牆壁上還有一個小型的開關。

3. 這間房間採用日式風格，牆壁和天花板均為淺色，牆壁上有一幅精美的花鳥畫，窗戶採用傳統的日式格子窗，透出自然光線，房間內有一張鋪有桌布的桌子，桌上放有幾樣物品，牆角處有一張榻榻米，房間的裝修風格簡潔而溫馨，窗戶旁邊有一個小型的空調機，牆壁上還有一個小型的開關，房間的裝修風格簡潔而溫馨，窗戶旁邊有一個小型的空調機，牆壁上還有一個小型的開關。"
origin_dataset/20240604_073916.jpg,"1. 一塊大型廣告牌，上面寫著「ADVANCING AI AND HIGH PERFORMANCE」，下方標註「COMPUTEX TAIPEI」，顯示這是在台北國際電腦展的廣告。背景是現代建築和街道，有行人和自行車經過。

2. 广告牌上寫著「ADVANCING AI AND HIGH PERFORMANCE」，下方標註「COMPUTEX TAIPEI」，顯示這是在台北國際電腦展的廣告。背景是現代建築和街道，有行人和自行車經過。

3. 一塊大型廣告牌，上面寫著「ADVANCING AI AND HIGH PERFORMANCE」，下方標註「COMPUTEX TAIPEI」，顯示這是在台北國際電腦展的廣告。背景是現代建築和街道，有行人和自行車經過。"
origin_dataset/IMG20211017012702.jpg,"1. 夜晚的城市全景，從高處俯瞰，遠處的燈光點綴在黑暗中，形成一派寧靜而壯麗的景象。近處的山丘上，幾點微弱的光點散落，與遠處的城市光景形成對比。

2. 照片捕捉到了夜晚的城市風景，遠處的城市光線在黑暗中閃爍，近處的山丘上，幾點微弱的光點散落，構成一幅寧靜而美麗的夜景圖。

3. 這張照片展示了夜晚的城市全景，遠處的城市光線在黑暗中閃爍，近處的山丘上，幾點微弱的光點散落，構成一幅寧靜而美麗的夜景圖。"
origin_dataset/IMG20220315124731.jpg,"1. 這間房間採用傳統日式設計，地板鋪設榻榻米，牆壁和天花板則採用木製結構。房間內擺設簡單，有一張木製桌子和兩張椅子，桌子旁邊有一張長椅。房間外有一扇大玻璃門，門外可以看到一間餐廳，餐廳外有幾把遮陽傘，餐廳旁邊有一條小河，河邊種植了一些綠樹。房間內的燈光柔和，透出一種寧靜的氛圍。

2. 房間內的裝飾簡單而樸實，牆壁和天花板都採用木製材料，地板則鋪設榻榻米。房間內有一張木製桌子和兩張椅子，桌子旁邊有一張長椅。房間外有一扇大玻璃門，門外可以看到一間餐廳，餐廳外有幾把遮陽傘，餐廳旁邊有一條小河，河邊種植了一些綠樹。房間內的燈光柔和，透出一種寧靜的氛圍。

3. 這間房間採用傳統日式設計，地板鋪設榻榻米，牆壁和天花板則採用木製結構。房間內擺設簡單，有一張木製桌子和兩張椅子，桌子旁邊有一張長椅。房間外有一扇大玻璃門，門外可以看到一間餐廳，餐廳外有幾把遮陽傘，餐廳旁邊有一條小河，河邊種植了一些綠樹。房間內的燈光柔和，透出一種寧靜的氛圍。"
origin_dataset/IMG_20210422_185547_112.jpg,"1. 這是一張印有中華民國國旗和國防部印章的文件。文件上寫有「結訓人員須知」，並列出了四條內容，分別是：一、結訓人員依法列為後備軍人；二、後備軍人依法應接受動員、臨時、教育、勤務、點閱各種召集及主管機關之編組管理；三、後備軍人應對公務有終身保守機密之責任；四、本結訓令應妥為保管，如有遺失，請向戶籍所在地縣（市）後備指揮部申請補發遺失證明。

2. 文件上印有中華民國國旗和國防部印章，標題為「結訓人員須知」，並列出了四條內容，分別是：一、結訓人員依法列為後備軍人；二、後備軍人依法應接受動員、臨時、教育、勤務、點閱各種召集及主管機關之編組管理；三、後備軍人應對公務有終身保守機密之責任；四、本結訓令應妥為保管，如有遺失，請向戶籍所在地縣（市）後備指揮部申請補發遺失證明。

3. 文件上印有中華民國國旗和國防部印章，標題為「結訓人員須知」，並列出了四條內容，分別是：一、結訓人員依法列為後備軍人；二、後備軍人依法應接受動員、臨時、教育、勤務、點閱各種召集及主管機關之編組管理；三、後備軍人應對公務有終身保守機密之責任；四、本結訓令應妥為保管，如有遺失，請向戶籍所在地縣（市）後備指揮部申請補發遺失證明。"
origin_dataset/DSC_0040(1)(1).JPG,"1. 一盤白色的圓形碗中裝有綠色粉末狀物質，碗內還有一個白色的圓形物體，碗邊緣有一把銀色的勺子，碗的左側有一塊白色紙巾，紙巾上有一些黑色的字跡，紙巾下方有一個黑色的金屬物品，金屬物品的邊緣有一個黃色的光澤。

2. 一盤白色的圓形碗中裝有綠色粉末狀物質，碗內還有一個白色的圓形物體，碗邊緣有一把銀色的勺子，碗的左側有一塊白色紙巾，紙巾上有一些黑色的字跡，紙巾下方有一個黑色的金屬物品，金屬物品的邊緣有一個黃色的光澤。

3. 一盤白色的圓形碗中裝有綠色粉末狀物質，碗內還有一個白色的圓形物體，碗邊緣有一把銀色的勺子，碗的左側有一塊白色紙巾，紙巾上有一些黑色的字跡，紙巾下方有一個黑色的金屬物品，金屬物品的邊緣有一個黃色的光澤。"
origin_dataset/20221113_144823.jpg,"1. 這張照片展示了一片寬闊的水域，水面上波光粼粼，反射著天空的藍色。遠處可以看到一些建築物，可能是城市建築，建築物後方有幾座高聳的橋樑，橋樑的結構清晰可見。天空湛藍，幾朵雲朵飄浮在空中，增添了幾分詩意。照片的右側有一個碼頭，碼頭上有一些設備，可能是用於碼頭運營的工具或裝置。碼頭的邊緣有綠色的植物，與藍色的天空和水形成鮮明對比。

2. 照片中，一片廣闊的水域佔據了主要視野，水面上波光粼粼，反射著天空的藍色。遠處的建築物和橋樑構成了城市天際線，橋樑的結構清晰可見，顯示出現代建築的特徵。天空湛藍，幾朵雲朵飄浮在空中，增添了幾分詩意。碼頭的邊緣有綠色的植物，與藍色的天空和水形成鮮明對比。碼頭上有一些設備，可能是用於碼頭運營的工具或裝置。

3. 這張照片捕捉到了一片寬闊的水域，水面上波光粼粼，反射著天空的藍色。遠處的城市建築和橋樑構成了天際線，橋樑的結構清晰可見，顯示出現代建築的特徵。天空湛藍，幾朵雲朵飄浮在空中，增添了幾分詩意。碼頭的邊緣有綠色的植物，與藍色的天空和水形成鮮明對比。碼頭上有一些設備，可能是用於碼頭運營的工具或裝置。"
origin_dataset/IMG20220425152128.jpg,"1. 一列藍色的列車停靠在鐵軌上，車頭部分清晰可見。站台邊緣設有黃色的安全線，站台上鋪有水泥地，並設有幾張木製長椅。站台上方有鐵製的棚架，撐起鐵軌上方的空間。背景中可以看到一些建築物和綠樹，天空中雲層密布。

2. 照片中展示了一個鐵路車站的場景。站台邊緣設有黃色的安全線，站台上鋪有水泥地，並設有幾張木製長椅。站台上方有鐵製的棚架，撐起鐵軌上方的空間。背景中可以看到一些建築物和綠樹，天空中雲層密布。一列藍色的列車停靠在鐵軌上，車頭部分清晰可見。

3. 一列藍色的列車停靠在鐵軌上，車頭部分清晰可見。站台邊緣設有黃色的安全線，站台上鋪有水泥地，並設有幾張木製長椅。站台上方有鐵製的棚架，撐起鐵軌上方的空間。背景中可以看到一些建築物和綠樹，天空中雲層密布。站台邊緣設有黃色的安全線，站台上鋪有水泥地，並設有幾張木製長椅。站台上方有鐵製的棚架，撐起鐵軌上方的空間。背景中可以看到一些建築物和綠樹，天空中雲層密布。"
origin_dataset/IMG20220317131948.jpg,"1. 一處湖泊，湖水靜謐，反射著天空的陰沉。湖邊有綠樹成蔭，遠處有一棟高聳的建築，建築的倒影在湖面上清晰可見。天空陰沉，雲層厚重，給整體景色增添了一絲肅穆的氛圍。

2. 湖泊周圍是茂密的綠樹，遠處有一座高樓，建築的外觀是現代風格，樓頂有幾處突出的建築元素。湖水靜止，反射著天空的陰沉，遠處的建築倒影在湖面上，構成了一幅靜謐的自然與現代建築交織的圖景。

3. 湖泊周圍是茂盛的綠樹，遠處有一座現代風格的高樓，建築的外觀整齊劃一，樓頂有幾處突出的建築元素。湖水靜止，反射著天空的陰沉，遠處的建築倒影在湖面上，構成了一幅自然與現代建築交織的圖景。"
origin_dataset/IMG20220605175259.jpg,"1. 這張照片展示了一個寬敞的運動場，跑道為紅色，兩側是綠色的草地。運動場的後方有一棟建築，建築外牆為黃色，建築頂部有幾棟較高的建築。運動場的兩側有樹木，天空中有一些雲彩，天氣晴朗。

2. 照片中可以看到一個籃球場，籃球場的圍欄是藍色的，籃球架是白色的。籃球場的後方有一棟建築，建築外牆為黃色，建築頂部有幾棟較高的建築。籃球場的兩側有樹木，天空中有一些雲彩，天氣晴朗。

3. 這張照片展示了一個寬敞的運動場，跑道為紅色，兩側是綠色的草地。運動場的後方有一棟建築，建築外牆為黃色，建築頂部有幾棟較高的建築。運動場的兩側有樹木，籃球場的圍欄是藍色的，籃球架是白色的。天空中有一些雲彩，天氣晴朗。"
origin_dataset/IMG20220305160057.jpg,"1. 這是一本中文書籍的內頁，內容為繁體中文，頁碼為154頁。書頁上印有許多文字，文字排列成多行，每行字數不一，內容看似是某種形式的敘述或論述。書頁的邊緣有裝訂線，顯示出書本的裝訂方式。書頁的右上角有一行小字，可能是作者簽名或出版信息。書頁的左側有一個手指，手指的指腹輕輕地按在書頁上，似乎在閱讀或展示書頁。

2. 這是一張展示中文書籍內頁的照片，書頁上的文字是繁體中文，內容看起來像是某種形式的敘述或論述。書頁的右上角有一行小字，可能是作者簽名或出版信息。書頁的左側有一個手指，手指的指腹輕輕地按在書頁上，似乎在閱讀或展示書頁。書頁的頁碼為154頁，顯示出書本的裝訂方式。

3. 這是一張展示中文書籍內頁的照片，書頁上的文字是繁體中文，內容看起來像是某種形式的敘述或論述。書頁的右上角有一行小字，可能是作者簽名或出版信息。書頁的左側有一個手指，手指的指腹輕輕地按在書頁上，似乎在閱讀或展示書頁。書頁的頁碼為154頁，顯示出書本的裝訂方式。書頁的內容看起來像是在討論某種問題或情境，但具體內容無法從照片中得知。"
origin_dataset/1551029498032.jpg,"1. 兩位畢業生身著學士服，頭戴學士帽，站在一片綠草地上，背景是高大的建築物。他們面帶微笑，雙手交握，似乎在慶祝畢業的時刻。周圍有許多其他畢業生和觀眾，他們似乎在等待畢業典禮的開始或結束。

2. 這張照片捕捉到了畢業典禮的瞬間，兩位畢業生站在一片綠色的草地上，背景是高大的建築物。他們身著學士服，頭戴學士帽，面帶微笑，雙手交握，顯得非常開心。周圍的其他畢業生和觀眾則在等待或觀看儀式。

3. 這張照片展示了畢業典禮的場景，兩位畢業生站在一片綠色的草地上，背景是高大的建築物。他們身著學士服，頭戴學士帽，面帶微笑，雙手交握，顯得非常開心。周圍的其他畢業生和觀眾則在等待或觀看儀式。這張照片捕捉到了畢業生們慶祝畢業的時刻，充滿了歡樂和喜悅。"
origin_dataset/11146210_632076553558837_1497899046098842992_n(1)(1).jpg,"1. 這張照片中，有兩個人站在室內的地板上。前面的人穿着黑色的外套和褲子，腳上穿著運動鞋，面帶微笑，似乎在與人互動。後面的人則穿着紅色的外套和黑色的褲子，腳上穿著運動鞋，頭部稍微低垂，似乎在聽取前面人的話。

2. 照片的背景是一個室內環境，可以看到一些椅子和窗戶。窗戶的玻璃有些斑駁，顯示出一種舊舊的感覺。地板是淺色的，可能是石頭或瓷磚製成的。兩個人之間的距離比較近，似乎是在進行一種社交活動或活動。

3. 這張照片捕捉到了一個室內場景，兩個人站在一起。前面的人穿着黑色的外套和褲子，腳上穿著運動鞋，面帶微笑，似乎在與人互動。後面的人則穿着紅色的外套和黑色的褲子，腳上穿著運動鞋，頭部稍微低垂，似乎在聽取前面人的話。背景中可以看到一些椅子和窗戶，窗戶的玻璃有些斑駁，顯示出一種舊舊的感覺。地板是淺色的，可能是石頭或瓷磚製成的。"
origin_dataset/1529216841285.jpg,"1. 這張照片捕捉了畢業典禮的歡樂時刻。前景中，一位穿著畢業袍和學士帽的畢業生，手持畢業證書，面帶微笑，與身旁的友人合影。背景中，其他畢業生和觀眾在教堂前的廣場上慶祝，氣氛熱烈。教堂建築獨特，三角形的屋頂和玻璃窗格外引人注目。天空湛藍，陽光明媚，整個場景充滿了慶祝和成就的氣氛。

2. 這張照片展示了畢業典禮的場景。前景中，一位畢業生身著黑色的畢業袍和學士帽，手持畢業證書，與友人合影。他面帶微笑，顯得非常開心。背景中，其他畢業生和觀眾在教堂前的廣場上慶祝，氣氛熱烈。教堂建築設計獨特，三角形的屋頂和玻璃窗非常顯眼。天空湛藍，陽光明媚，整個場景充滿了慶祝和成就的氣氛。

3. 這張照片記錄了畢業典禮的精彩時刻。前景中，一位畢業生身著黑色的畢業袍和學士帽，手持畢業證書，與友人合影。他面帶微笑，顯得非常開心。背景中，其他畢業生和觀眾在教堂前的廣場上慶祝，氣氛熱烈。教堂建築設計獨特，三角形的屋頂和玻璃窗非常顯眼。天空湛藍，陽光明媚，整個場景充滿了慶祝和成就的氣氛。"
origin_dataset/20230714_180837.jpg,"1. 天空中的雲層層層疊疊，從淺灰色到深灰色不等，雲朵的形狀多變，有如飛鳥展翅，有如山巒起伏。陽光從雲層間透出，散發出柔和的黃色光芒，為天空染上了一抹金黃。遠處的建築物在夕陽的照耀下，顯得格外鮮明，建築的玻璃窗反射出天空的顏色，形成了一幅美麗的畫面。

2. 空中的雲朵在微風的吹拂下，輕盈地漂浮著，形狀多樣，有如綿羊般的雲朵，有如羽毛般的雲朵，有如山巒般的雲朵。這些雲朵在天空中形成了各種各樣的圖案，為這片天空增添了一絲詩意。建築物在夕陽的照耀下，顯得格外鮮明，建築的玻璃窗反射出天空的顏色，形成了一幅美麗的畫面。

3. 天空中的雲層層層疊疊，從淺灰色到深灰色不等，雲朵的形狀多變，有如飛鳥展翅，有如山巒起伏。陽光從雲層間透出，散發出柔和的黃色光芒，為天空染上了一抹金黃。建築物在夕陽的照耀下，顯得格外鮮明，建築的玻璃窗反射出天空的顏色，形成了一幅美麗的畫面。遠處的建築物在夕陽的照耀下，顯得格外鮮明，建築的玻璃窗反射出天空的顏色，形成了一幅美麗的畫面。"
origin_dataset/20230816_172513.jpg,"1. 天空布滿了蓬鬆的雲朵，顏色從淺藍到灰白漸變，遠處的建築物和樹木在雲層的映襯下顯得格外靜謐。建築物的外牆是淺黃色，窗戶排列整齊，樹木茂盛，綠葉在微風中輕搖。

2. 空氣中瀰漫著一種寧靜的氛圍，天空的顏色從上到下逐漸變淡，從深藍到淺藍，最後變成灰白。建築物的頂部有幾座高聳的天線，樹木的葉子在微風中輕輕搖曳，給這片景緻增添了一絲生機。

3. 天空的顏色從上到下逐漸變淡，從深藍到淺藍，最後變成灰白，雲朵蓬鬆而美麗，散落在天空中。建築物的外牆是淺黃色，窗戶排列整齊，樹木茂盛，綠葉在微風中輕搖，給這片景緻增添了一絲生機。"
origin_dataset/20231109_112712.jpg,"1. 天空布滿了蓬鬆的積雲，這些雲朵密密麻麻地堆積在一起，形成了一片雲海。這些雲朵的顏色從白色到淺灰色不等，有些部分被陽光照射得發亮，而另一些部分則因為陰影而顯得較暗。在雲層的下方，可以看到幾座現代建築的頂部，建築的外牆是深色的，與天空形成鮮明對比。

2. 空氣中瀰漫著一種寧靜的氛圍，天空被層層積雲所覆蓋，這些雲朵在陽光的照射下閃耀著微光。在雲層的下方，幾座現代建築的頂部清晰可見，建築的外牆是深色的，與上方的雲層形成鮮明對比。建築的窗戶排列整齊，反射出周圍環境的光線。

3. 空氣中瀰漫著一種寧靜的氛圍，天空被層層積雲所覆蓋，這些雲朵在陽光的照射下閃耀著微光。在雲層的下方，幾座現代建築的頂部清晰可見，建築的外牆是深色的，與上方的雲層形成鮮明對比。建築的窗戶排列整齊，反射出周圍環境的光線。建築的設計簡潔現代，與周圍的自然環境形成和諧的對比。"
origin_dataset/20240726_120503.jpg,"1. 這張照片展示了一座位於山上的建築，建築的屋頂和牆壁上繪有精美的圖案和裝飾。建築的建築風格具有中國傳統特色，屋頂的屋檐翹起，色彩鮮豔，呈現出濃厚的東方建築美學。建築的周圍是茂密的樹木和遠處的山丘，天空中雲霧繚繞，給整體景色增添了一種神秘的氛圍。

2. 照片中，建築的屋頂和牆壁上繪有精美的圖案和裝飾，建築的建築風格具有中國傳統特色。建築的屋頂屋檐翹起，色彩鮮豔，呈現出濃厚的東方建築美學。建築的周圍是茂密的樹木和遠處的山丘，天空中雲霧繚繞，給整體景色增添了一種神秘的氛圍。建築的建築風格和周圍的自然環境形成了鮮明的對比，構成了一幅美麗的風景畫。

3. 這張照片展示了一座位於山上的建築，建築的屋頂和牆壁上繪有精美的圖案和裝飾。建築的建築風格具有中國傳統特色，屋頂的屋檐翹起，色彩鮮豔，呈現出濃厚的東方建築美學。建築的周圍是茂密的樹木和遠處的山丘，天空中雲霧繚繞，給整體景色增添了一種神秘的氛圍。建築的建築風格和周圍的自然環境形成了鮮明的對比，構成了一幅美麗的風景畫。建築的建築風格和周圍的自然環境形成了鮮明的對比，構成了一幅美麗的風景畫。"
origin_dataset/IMG20220220161038.jpg,"1. 這兩幅畫作採用點彩技法，色彩鮮明，構圖精緻。左側的畫面以黃色和藍色為主，表現了海灘和天空的交織。右側的畫面則展示了海港的風景，有帆船和燈塔，色彩層次豐富，點彩技法表現出細膩的光影變化。

2. 這兩幅畫作均為點彩派風格，表現了不同的主題。左側的畫面以黃色和藍色為主，表現了海灘和天空的交織，色彩鮮明，構圖精緻。右側的畫面則展示了海港的風景，有帆船和燈塔，色彩層次豐富，點彩技法表現出細膩的光影變化。

3. 這兩幅畫作均為點彩派風格，表現了不同的主題。左側的畫面以黃色和藍色為主，表現了海灘和天空的交織，色彩鮮明，構圖精緻。右側的畫面則展示了海港的風景，有帆船和燈塔，色彩層次豐富，點彩技法表現出細膩的光影變化。"
origin_dataset/20230805_174927.jpg,"1. 這張照片展示了一個城市街景，背景中有一棟建築物，建築物上掛有廣告牌，廣告牌上有中文文字。建築物前面有幾棵高大的棕櫚樹，樹葉茂盛。天空陰沉，可能是陰天或傍晚時分。

2. 照片中可以看到一排棕櫚樹，樹冠寬大，樹幹筆直，樹葉在微風中輕輕搖曳。建築物的外牆是磚砌的，窗戶排列整齊。廣告牌上寫有中文，顯示出當地的商業活動情況。

3. 這張照片捕捉到了一個典型的亞熱帶城市街景，棕櫚樹是這一地區的典型景觀。建築物的外觀顯示出一種現代與傳統的融合，廣告牌上的文字提供了當地商業信息。天空的陰沉為整體氛圍增添了一絲沉靜。"
origin_dataset/IMG_20220209_000110_376.jpg,"1. 一位年輕的男士，留着短黑髮，面帶微笑，身穿淺藍色條紋長袖襯衫，搭配深色長褲，雙手自然垂放，右手輕輕插在褲袋中，背景為純白色。

2. 這位男士的髮型為短髮，臉型方正，五官端正，面帶微笑，身穿淺藍色條紋長袖襯衫，搭配深色長褲，雙手自然垂放，右手輕輕插在褲袋中，背景為純白色。

3. 這位年輕的男士，留着短黑髮，面帶微笑，身穿淺藍色條紋長袖襯衫，搭配深色長褲，雙手自然垂放，右手輕輕插在褲袋中，背景為純白色。"
origin_dataset/12190046_901341349956661_2541203614983763942_n(1)(1).jpg,"1. 一群年輕人正在室內跳舞，他們穿着紅色背心和黑色褲子，頭上戴著不同顏色的頭巾。背景中有一個寫有“KAVI”的布條，上面繪有卡通人物和綠色的背景。他們的動作同步，顯得非常有活力和協調。

2. 一羣年輕舞者在室內進行舞蹈表演，他們的服裝統一，主要是紅色背心搭配黑色褲子，頭上還戴著不同顏色的頭巾。背景的牆上掛著寫有“KAVI”的布條，上面繪有卡通形象和綠色背景。他們的動作充滿節奏感，顯得非常有活力。

3. 一群年輕人正在室內跳舞，他們的服裝統一，主要是紅色背心搭配黑色褲子，頭上還戴著不同顏色的頭巾。背景的牆上掛著寫有“KAVI”的布條，上面繪有卡通形象和綠色背景。他們的動作同步，顯得非常有活力和協調。"
origin_dataset/IMG20220310220645.jpg,"1. 這間餐廳的裝潢風格簡潔現代，牆壁上掛有一塊黑板，上面寫著「FLY INN」和「TAIWANE」等字樣，並附有簡短的介紹。餐廳內部設有多張木製桌椅，桌椅之間的空間寬敞，適合多人聚會。餐廳的牆壁上還設有書架，擺放著一些書籍和裝飾品，營造出一種溫馨的氛圍。餐廳的天花板上裝有吊扇和燈具，燈光柔和，營造出舒適的用餐環境。

2. 這間餐廳的內部裝潢以白色和木色為主，牆壁上掛有一塊黑板，上面寫著「FLY INN」和「TAIWANE」等字樣，並附有簡短的介紹。餐廳內部設有多張木製桌椅，桌椅之間的空間寬敞，適合多人聚會。餐廳的牆壁上還設有書架，擺放著一些書籍和裝飾品，營造出一種溫馨的氛圍。餐廳的天花板上裝有吊扇和燈具，燈光柔和，營造出舒適的用餐環境。

3. 這間餐廳的裝潢風格簡潔現代，牆壁上掛有一塊黑板，上面寫著「FLY INN」和「TAIWANE」等字樣，並附有簡短的介紹。餐廳內部設有多張木製桌椅，桌椅之間的空間寬敞，適合多人聚會。餐廳的牆壁上還設有書架，擺放著一些書籍和裝飾品，營造出一種溫馨的氛圍。餐廳的天花板上裝有吊扇和燈具，燈光柔和，營造出舒適的用餐環境。"
origin_dataset/IMG20220315164107.jpg,"1. 一張照片展示了一條沿海的公路，路邊有綠色的植被和電線杆。路標上有一個三角形的警告標誌，標誌上有一個向左的箭頭和一個向下的箭頭，提醒駕駛員前方道路彎曲。天空陰沉，海面波濤洶涌，遠處可以看到山丘和樹木。

2. 這張照片捕捉到了一條沿海公路的景象，路邊是茂密的綠樹和電線杆。路標上有一個三角形的警告標誌，標誌上有一個向左的箭頭和一個向下的箭頭，提醒駕駛員前方道路彎曲。天空陰沉，海面波濤洶涌，遠處可以看到山丘和樹木。

3. 這張照片展示了一條沿海的公路，路邊有綠色的植被和電線杆。路標上有一個三角形的警告標誌，標誌上有一個向左的箭頭和一個向下的箭頭，提醒駕駛員前方道路彎曲。天空陰沉，海面波濤洶涌，遠處可以看到山丘和樹木。"
origin_dataset/20230121_160034.jpg,"1. 這張照片展示了一座現代化的城市景觀，天空中布滿了蓬鬆的雲朵，遠處可以看到一些建築物。前景中有一座高聳的摩天大樓，建築外牆採用玻璃和鋼材構造，反射出周圍的天空和建築。大樓旁邊有一個大型的廣告牌，上面寫著粉紅色的中文字。地面上鋪設了方磚，幾個人在建築旁邊行走。

2. 照片中，天空湛藍，雲層稀疏，散發出一種清新宜人的氛圍。建築物的設計現代而簡潔，玻璃幕牆反射出周圍環境。建築旁邊的廣告牌上寫著粉紅色的中文字，可能是商業廣告。地面上鋪設了方磚，幾個人在建築旁邊行走，似乎在進行日常活動。

3. 這張照片捕捉到了一個現代城市的街景，天空中布滿了蓬鬆的雲朵，遠處可以看到一些建築物。前景中有一座高聳的摩天大樓，建築外牆採用玻璃和鋼材構造，反射出周圍的天空和建築。大樓旁邊有一個大型的廣告牌，上面寫著粉紅色的中文字。地面上鋪設了方磚，幾個人在建築旁邊行走，似乎在進行日常活動。"
origin_dataset/IMG20220304114438.jpg,"1. 這是一張展示在陰天下的道路照片。道路兩側設有交通燈和路障，前方有一輛藍色貨車停在路口。道路兩側有幾棵棕櫚樹，背景中可以看到一些建築物和欄杆。天空灰蒙蒙的，沒有陽光。

2. 這張照片顯示了一個廣闊的空曠道路，路面上劃有白色標線。道路兩側設有交通燈和路障，前方有一輛藍色貨車停在路口。道路兩側種植了幾棵棕櫚樹，背景中可以看到一些建築物和欄杆。天空陰沉，沒有陽光。

3. 這張照片捕捉到了一個陰天下的道路場景。道路兩側設有交通燈和路障，前方有一輛藍色貨車停在路口。道路兩側種植了幾棵棕櫚樹，背景中可以看到一些建築物和欄杆。天空灰蒙蒙的，沒有陽光。"
origin_dataset/line_717233136663170.jpg,"1. 這張照片中，一個小男孩站在室內，背景是木製的櫃子和一些雜物。小男孩穿着一件紅色的衣服，頭髮是黑色的，短髮，臉型圓潤，表情比較嚴肅。背景中可以看到一些玩具和裝飾品，櫃子上還有一隻毛絨玩具。

2. 照片中的小男孩站在室內，背景是木製的櫃子和一些雜物。小男孩的頭髮是黑色的，短髮，臉型圓潤，表情比較嚴肅。他穿著一件紅色的衣服，背景中可以看到一些玩具和裝飾品，櫃子上還有一隻毛絨玩具。

3. 這張照片中，一個小男孩站在室內，背景是木製的櫃子和一些雜物。小男孩的頭髮是黑色的，短髮，臉型圓潤，表情比較嚴肅。他穿著一件紅色的衣服，背景中可以看到一些玩具和裝飾品，櫃子上還有一隻毛絨玩具。"
origin_dataset/IMG20220314173544.jpg,"1. 一扇窗戶外，可以看到城市的全景。遠處是被雲霧籠罩的山峰，山腳下是現代化的建築群。近處是寬闊的道路，兩旁種滿了樹木，綠意盎然。道路兩側有幾輛車輛，車流不息。天空陰沉，雲層厚重，給整體景色增添了一絲肅穆的氣氛。

2. 這張照片從一扇窗戶拍攝，窗外是城市的景象。遠處的山峰被厚重的雲霧所籠罩，山腳下是現代化的建築群。近處的街道寬闊，兩旁種滿了樹木，綠意盎然。道路兩側有幾輛車輛，車流不息。天空陰沉，雲層厚重，給整體景色增添了一絲肅穆的氣氛。

3. 一扇窗戶外，可以看到城市的全景。遠處的山峰被厚重的雲霧所籠罩，山腳下是現代化的建築群。近處的街道寬闊，兩旁種滿了樹木，綠意盎然。道路兩側有幾輛車輛，車流不息。天空陰沉，雲層厚重，給整體景色增添了一絲肅穆的氣氛。"
origin_dataset/IMG_20210712_211835_299.jpg,"1. 一位年輕的男士，身著深藍色格紋西裝外套，搭配白色襯衫，整體造型簡潔而專業。他雙手插在褲袋中，站姿挺拔，顯得自信且沉穩。背景為純白色，強調了他衣著的細節。

2. 這位男士的髮型為短髮，髮色為深色，整體髮型整齊利落。他穿著一套深藍色格紋西裝外套，搭配白色襯衫，褲子為深色，整體造型簡潔而專業。他雙手插在褲袋中，站姿挺拔，顯得自信且沉穩。

3. 這位年輕的男士，身著深藍色格紋西裝外套，搭配白色襯衫，整體造型簡潔而專業。他雙手插在褲袋中，站姿挺拔，顯得自信且沉穩。背景為純白色，強調了他衣著的細節。他的髮型為短髮，髮色為深色，整體髮型整齊利落。"
origin_dataset/IMG20220317121752.jpg,"1. 這張照片展示了一個公園的場景，公園內有一個由鋼筋構成的網狀棚頂，棚頂下掛有幾個不同顏色的環狀玩具。公園的地面鋪有方磚，兩側有綠色的草地。背景中可以看到一些建築物和樹木，天空陰沉，可能是陰天。公園內還設有兩個雕像，一個是穿著棕色外套和褲子的男性雕像，另一個是穿著藍色外套和紅色帽子的女性雕像，她拖著一個藍色的行李箱。雕像的後方有一塊標牌，上面寫著「寂寞上場了」。

2. 圖片中，公園的環境被精心設計，包括一個由鋼筋構成的網狀棚頂，棚頂下懸掛著不同顏色的環狀玩具，為遊客提供休閒娛樂。公園地面鋪設方磚，兩側是綠色的草地，環境清幽。背景中可以看到一些建築物和樹木，天空陰沉，可能是陰天。公園內設有兩個雕像，一個男性雕像穿著棕色外套和褲子，另一個女性雕像穿著藍色外套和紅色帽子，她拖著一個藍色的行李箱。雕像後方有一塊標牌，上面寫著「寂寞上場了」。

3. 這張照片捕捉到了一個公園的場景，公園內設有由鋼筋構成的網狀棚頂，棚頂下懸掛著不同顏色的環狀玩具，供遊客休閒娛樂。公園地面鋪設方磚，兩側是綠色的草地，環境清幽。背景中可以看到一些建築物和樹木，天空陰沉，可能是陰天。公園內設有兩個雕像，一個男性雕像穿著棕色外套和褲子，另一個女性雕像穿著藍色外套和紅色帽子，她拖著一個藍色的行李箱。雕像後方有一塊標牌，上面寫著「寂寞上場了」。"
origin_dataset/20230826_150935.jpg,"1. 這張照片展示了一條寬闊的河流，河面上有一座現代化的橋樑。橋樑的設計結構複雜，橋墩和橋樑之間的鋼索構成了一個引人注目的視覺元素。橋的兩側是綠意盎然的植被，遠處可以看到一些建築物和高樓大廈，顯示出城市與自然的融合。天空湛藍，雲朵稀疏，給整體景色帶來了清新明快的氛圍。

2. 照片中，一條河流從前景延伸至背景，河面寬闊，水色清澈。河岸兩側是茂密的綠樹，形成了一道自然的屏障。橋樑橫跨在河面上，橋樑的設計現代而優雅，橋樑的鋼索構成了一個引人注目的視覺元素。遠處的建築物和高樓大廈與自然景觀形成鮮明對比，展示了城市與自然的共存。

3. 這張照片捕捉到了一個城市的自然與現代建築的完美結合。前景是一條寬闊的河流，河面清澈，兩岸是茂密的綠樹。橋樑橫跨在河面上，橋樑的設計現代而優雅，橋樑的鋼索構成了一個引人注目的視覺元素。遠處的建築物和高樓大廈與自然景觀形成鮮明對比，展示了城市與自然的共存。天空湛藍，雲朵稀疏，給整體景色帶來了清新明快的氛圍。"
origin_dataset/IMG20210523100809.jpg,"1. 一位年輕的男性，側頭望向窗外，表情平靜。他留有短黑髮，臉型方正，五官端正。他身穿深色上衣，背景是一個室內環境，可以看到廚房的一角，有廚房用具和櫃子。牆壁是淺色的，地板鋪有白色地磚。窗戶旁邊掛有電扇，窗戶外邊是陽台，陽台上有綠色的植物。

2. 一位年輕的男性側頭望向窗外，表情平靜。他留有短黑髮，臉型方正，五官端正。他身穿深色上衣，背景是一個室內環境，可以看到廚房的一角，有廚房用具和櫃子。牆壁是淺色的，地板鋪有白色地磚。窗戶旁邊掛有電扇，窗戶外邊是陽台，陽台上有綠色的植物。

3. 一位年輕的男性側頭望向窗外，表情平靜。他留有短黑髮，臉型方正，五官端正。他身穿深色上衣，背景是一個室內環境，可以看到廚房的一角，有廚房用具和櫃子。牆壁是淺色的，地板鋪有白色地磚。窗戶旁邊掛有電扇，窗戶外邊是陽台，陽台上有綠色的植物。"
origin_dataset/20231019_134237.jpg,"1. 藍天白雲，現代建築林立，綠樹成蔭，城市景觀優美。

2. 高樓林立，玻璃幕牆反射陽光，天空湛藍，雲朵輕盈，城市風景壯麗。

3. 綠樹掩映下的現代建築群，藍天白雲，城市景觀現代而優美。"
origin_dataset/1527003327506.jpg,"1. 三位年輕人站在一片樹林中，他們身後是高大的樹木，樹葉間透出斑斕的陽光。其中兩位穿著黑色的畢業袍，一位穿著黑色T恤，他們並排站著，面帶微笑，似乎在慶祝畢業。樹林的環境非常寧靜，地面上散落著樹葉和枯枝，遠處可以看見一些綠色的植被。

2. 三位年輕人站在樹林中，他們的背後是高大的樹木，樹葉間透出斑斕的陽光。兩位穿著黑色的畢業袍，一位穿著黑色T恤，他們並排站著，面帶微笑，似乎在慶祝畢業。樹林的環境非常寧靜，地面上散落著樹葉和枯枝，遠處可以看見一些綠色的植被。他們的畢業袍上掛著畢業證書，顯得非常正式。

3. 三位年輕人站在樹林中，他們的背後是高大的樹木，樹葉間透出斑斕的陽光。兩位穿著黑色的畢業袍，一位穿著黑色T恤，他們並排站著，面帶微笑，似乎在慶祝畢業。樹林的環境非常寧靜，地面上散落著樹葉和枯枝，遠處可以看見一些綠色的植被。他們的畢業袍上掛著畢業證書，顯得非常正式。他們的畢業袍上掛著畢業證書，顯得非常正式。"
origin_dataset/1539522422668.jpg,"1. 這張照片展示了一片茂密的森林，樹木茂盛，綠意盎然。天空中布滿了厚重的雲層，雲層低垂，幾乎將整片森林都覆蓋了。這種景象通常會讓人聯想到雨季或清晨的霧氣，給人一種靜謐而神秘的感覺。

2. 照片中，森林的樹木層次分明，從近處的樹葉到遠處的樹冠，構成了一幅豐富的自然畫面。雲層從天空中垂落，與森林的綠色形成鮮明對比，使得整體視覺效果非常強烈。這種雲霧繚繞的景象，常見於山區或高海拔地區，給人一種清新而寧靜的感覺。

3. 這張照片捕捉到了一個典型的山區森林景象。森林中樹木茂密，層次分明，從近處的樹葉到遠處的樹冠，構成了一幅豐富的自然畫面。天空中布滿了厚重的雲層，雲層低垂，幾乎將整片森林都覆蓋了。這種雲霧繚繞的景象，常見於山區或高海拔地區，給人一種清新而寧靜的感覺。"
origin_dataset/20230812_130201.jpg,"1. 一張掛在牆上的畫，畫框為淺木色，畫面以鮮豔的橙色、綠色和黑色為主，圖案為花卉和葉子的圖案，右側有一塊白色紙張，上面寫著「Touché Amoré」，以及一些小字，紙張邊緣有黑色邊框。

2. 壁燈為黃銅色，燈頭為半圓形，燈桿可調節角度，燈線從燈桿上垂下，燈頭朝下，燈光未開。

3. 壁燈下方的牆壁為白色，牆壁上有一道淺色的陰影，可能是由燈光造成的。"
origin_dataset/IMG20220316220736.jpg,"1. 這是一本中文書籍，書頁上印有繁體中文的字體。書頁的邊緣被手拿著，顯示出書的開本。書頁上的文字排列成段落，每段之間有空行隔開，看起來像是小說或散文的內容。文字的大小和間距適中，閱讀起來比較容易。

2. 這本書的內容似乎是一篇長篇的散文或小說，文字描述了一個老人的內心世界和他對快樂的追求。文字中提到了老人的快樂和喜悅，以及他對外在事物的態度。文字的風格比較抒情，充滿了哲學的思考。

3. 這本書的內容涉及對快樂和喜悅的探討，老人在書中分享了他對快樂的理解。他提到快樂和喜悅是內心的，而不是外在的東西。老人的快樂和喜悅來自於內心的平靜和滿足，而不是外在的物質或成就。這本書的內容可能適合那些對人生哲學和內心世界感興趣的讀者。"
origin_dataset/20240613_182841.jpg,"1. 天空湛藍，雲層稀疏，幾朵蓬鬆的雲朵漂浮在空中。遠處可以看到一些建築物，建築物的外牆顏色多樣，有白色、灰色和藍色。建築物的窗戶排列整齊，有些窗戶上掛有廣告牌。建築物的頂部有鐵皮屋頂，屋頂上有一些綠色的植物。建築物的前面有一個交通燈，顯示紅燈。建築物的後方有一座山，山頂被薄薄的雲霧籠罩。

2. 藍天白雲，天空中漂浮著幾朵蓬鬆的雲朵。建築物的外牆顏色多樣，有白色、灰色和藍色。建築物的窗戶排列整齊，有些窗戶上掛有廣告牌。建築物的頂部有鐵皮屋頂，屋頂上有一些綠色的植物。建築物的前面有一個交通燈，顯示紅燈。建築物的後方有一座山，山頂被薄薄的雲霧籠罩。

3. 天空湛藍，雲層稀疏，幾朵蓬鬆的雲朵漂浮在空中。建築物的外牆顏色多樣，有白色、灰色和藍色。建築物的窗戶排列整齊，有些窗戶上掛有廣告牌。建築物的頂部有鐵皮屋頂，屋頂上有一些綠色的植物。建築物的前面有一個交通燈，顯示紅燈。建築物的後方有一座山，山頂被薄薄的雲霧籠罩。"
origin_dataset/IMG20200628144808.jpg,"1. 這張照片展示了一座廣闊的廣場，廣場上鋪設著灰色的石磚，遠處有一座大型建築，建築頂部有圓頂，建築兩側有雕像和燈柱。廣場上有幾位遊客，他們撐著傘，似乎在避陽。天空藍色，雲朵稀疏，氣氛平靜。

2. 照片中，廣場的地面鋪設著規律的石磚，遠處有一座大型建築，建築的設計風格莊重，頂部有圓頂。建築兩側有雕像和燈柱，廣場上散落著幾位遊客，他們撐著傘，可能是在避陽。天空晴朗，藍色的天空中有些許雲彩，環境整體感覺非常寧靜。

3. 這張照片捕捉到了一個廣闊的廣場，廣場鋪設著石磚，遠處有一座大型建築，建築頂部有圓頂，建築兩側有雕像和燈柱。廣場上有幾位遊客，他們撐著傘，似乎在避陽。天空藍色，雲朵稀疏，環境整體感覺非常寧靜。"
origin_dataset/IMG20191118173247.jpg,"1. 這張照片展示了一座教堂的側面，建築採用現代風格，牆面為磚塊砌成，窗戶採用大面積玻璃設計，內部燈光透出，呈現出溫暖的光線。教堂頂部有一個十字架，背景是漸變的夕陽，天空從藍色漸變到粉紅色，樹木的剪影在右側顯現。

2. 照片中，一間教堂在夕陽的餘暉中顯得格外莊嚴。建築的牆面由磚塊構成，窗戶採用大面積的玻璃，內部的燈光從外側透出，形成一道溫暖的光線。教堂頂部的十字架在夕陽的映襯下顯得格外突出，天空從藍色漸變到粉紅色，樹木的剪影在右側顯現。

3. 這張照片捕捉到了一間教堂在夕陽下的景象。建築採用現代風格，牆面由磚塊砌成，窗戶採用大面積玻璃設計，內部的燈光從外側透出，形成一道溫暖的光線。教堂頂部的十字架在夕陽的映襯下顯得格外突出，天空從藍色漸變到粉紅色，樹木的剪影在右側顯現。"
origin_dataset/20240721_174858.jpg,"1. 白板上寫著一些數學符號和公式，包括「d[sex']」、「male」、「d[sex-0]」、「d[sex-1]」等，這些似乎與性別相關的數學分析有關。白板上還有一些手寫的箭頭和圈圈，可能用來表示數學邏輯關係或流程圖。

2. 白板上用綠色筆寫著數學符號和公式，包括「d[sex']」、「male」、「d[sex-0]」、「d[sex-1]」等，這些公式可能與性別分析有關。白板上還有一些手寫的箭頭和圈圈，可能用來表示數學邏輯關係或流程圖。

3. 白板上寫著一些數學符號和公式，包括「d[sex']」、「male」、「d[sex-0]」、「d[sex-1]」等，這些似乎與性別相關的數學分析有關。白板上還有一些手寫的箭頭和圈圈，可能用來表示數學邏輯關係或流程圖。"
origin_dataset/20230916_115428.jpg,"1. 藍天白雲，遠處是連綿起伏的山脈，山腳下綠樹成蔭，近處有一棟建築，建築旁邊有樹木和一個藍色的桶。

2. 遠方的山脈在藍天的映襯下顯得格外壯觀，山腳下綠意盎然，近處有一棟建築，建築旁邊有樹木和一個藍色的桶。

3. 遠處的山脈在藍天的襯托下顯得格外壯觀，山腳下綠樹成蔭，近處有一棟建築，建築旁邊有樹木和一個藍色的桶。"
origin_dataset/IMG20220317151504.jpg,"1. 海灘上，幾個人在沙灘上行走，遠處的海浪拍打着海岸線，天空陰沉，雲層厚重，海邊的風景靜謐而肅穆。

2. 沙灘上散落著一些腳印，遠處的海浪不斷拍打著海岸線，天空陰沉，雲層厚重，海邊的風景靜謐而肅穆。

3. 海灘上，幾個人在沙灘上行走，遠處的海浪拍打着海岸線，天空陰沉，雲層厚重，海邊的風景靜謐而肅穆。"
origin_dataset/IMG20220313133931.jpg,"1. 一羣人在公園裡，背景是廣闊的綠色稻田和遠處的山丘。他們站在一個由石頭堆砌成的拱形建築旁，這個建築看起來像是現代藝術品。公園裡有幾棵樹，樹葉茂盛，天空藍白相間，雲層稀疏。地面上鋪滿了灰色的石子路。

2. 一羣人在公園裡，他們站在一個由石頭堆砌成的拱形建築旁，這個建築看起來像是現代藝術品。背景是廣闊的綠色稻田和遠處的山丘。公園裡有幾棵樹，樹葉茂盛，天空藍白相間，雲層稀疏。地面上鋪滿了灰色的石子路。他們似乎在欣賞這片景色，有些人坐在地上，有些人則站著，似乎在討論著什麼。

3. 一羣人在公園裡，他們站在一個由石頭堆砌成的拱形建築旁，這個建築看起來像是現代藝術品。背景是廣闊的綠色稻田和遠處的山丘。公園裡有幾棵樹，樹葉茂盛，天空藍白相間，雲層稀疏。地面上鋪滿了灰色的石子路。他們似乎在欣賞這片景色，有些人坐在地上，有些人則站著，似乎在討論著什麼。遠處的山丘和廣闊的綠色稻田構成了一幅美麗的鄉村風景畫。"
origin_dataset/20231002_000453.jpg,"1. 這張照片中，有兩個人在拍照。照片的左側寫著「HAPPY BIRTHDAY」，右側寫著「Mioya」和「2023.10.21」。照片的風格是黑白的，兩個人看起來非常開心，背景是室內環境。

2. 這張照片被裝在一個透明的塑膠袋中，袋子上有兩個人的合影。照片的左側有「HAPPY BIRTHDAY」的字樣，右側寫著「Mioya」和「2023.10.21」。照片中兩個人的臉部表情非常開心，背景是室內的環境。

3. 這張照片展示了一個生日祝福的場景。照片的左側寫著「HAPPY BIRTHDAY」，右側寫著「Mioya」和「2023.10.21」。照片中有兩個人，他們看起來非常開心，背景是室內的環境。照片被裝在一個透明的塑膠袋中。"
origin_dataset/IMG20220316151956.jpg,"1. 一碗熱騰騰的湯，裡面有蝦、蔬菜、肉丸和麵條，湯汁清澈，上面撒有蔥花，搭配一碗白飯，放在木桌上面，旁邊有一雙黑色筷子和一個湯匙。

2. 這是一道湯品，裡面有蝦、蔬菜、肉丸和麵條，湯汁清澈，上面撒有蔥花，搭配一碗白飯，放在木桌上面，旁邊有一雙黑色筷子和一個湯匙。

3. 這是一道熱騰騰的湯，裡面有蝦、蔬菜、肉丸和麵條，湯汁清澈，上面撒有蔥花，搭配一碗白飯，放在木桌上面，旁邊有一雙黑色筷子和一個湯匙。"
origin_dataset/IMG_20190828_221606_650.jpg,"1. 一間昏暗的房間，牆壁上掛著一塊投影幕，投影幕上顯示著一部電影的場景。投影幕後方的牆壁上掛著一些裝飾品，地面上散落著一些雜物，包括一張桌子和一些玩具。投影幕下方的桌子上擺放著一些電子設備，顯示著藍色的燈光。投影幕上顯示的電影場景中，有一個角色頭戴藍色頭盔，面帶驚恐表情，背景是黑暗的環境，散發出一種緊張的氛圍。

2. 在一個昏暗的房間裡，牆壁上掛著一塊投影幕，投影幕上播放著一部電影。投影幕後方的牆壁上掛著一些裝飾品，地面上散落著一些雜物，包括一張桌子和一些玩具。投影幕下方的桌子上擺放著一些電子設備，顯示著藍色的燈光。投影幕上顯示的電影場景中，有一個角色頭戴藍色頭盔，面帶驚恐表情，背景是黑暗的環境，散發出一種緊張的氛圍。

3. 一間昏暗的房間，牆壁上掛著一塊投影幕，投影幕上播放著一部電影。投影幕後方的牆壁上掛著一些裝飾品，地面上散落著一些雜物，包括一張桌子和一些玩具。投影幕下方的桌子上擺放著一些電子設備，顯示著藍色的燈光。投影幕上顯示的電影場景中，有一個角色頭戴藍色頭盔，面帶驚恐表情，背景是黑暗的環境，散發出一種緊張的氛圍。投影幕上還顯示著“Movie time”字樣。"
origin_dataset/20230714_183731.jpg,"1. 夕陽西下，天空被染成金黃色，雲層在夕陽的照耀下呈現出層層疊疊的美麗景象。建築物的外牆在夕陽的照射下顯得格外鮮明，窗戶反射出柔和的光線。街道兩旁的建築物和燈柱構成了一幅現代都市的夕陽圖景。

2. 夕陽的餘暉從建築物後方照射出來，天空被染成漸變的橙黃色，雲層在夕陽的照耀下呈現出層層疊疊的美麗景象。建築物的外牆在夕陽的照射下顯得格外鮮明，窗戶反射出柔和的光線。街道兩旁的建築物和燈柱構成了一幅現代都市的夕陽圖景。

3. 夕陽西下，天空被染成金黃色，雲層在夕陽的照耀下呈現出層層疊疊的美麗景象。建築物的外牆在夕陽的照射下顯得格外鮮明，窗戶反射出柔和的光線。街道兩旁的建築物和燈柱構成了一幅現代都市的夕陽圖景。"
origin_dataset/IMG20191221114609.jpg,"1. 一位年長婦女正使用助行器在家中行走，身邊有兩位年輕人陪伴。房間內擺設簡單，牆壁上掛有衣架，地上鋪有地毯，環境顯得溫馨而家常。

2. 一位年長婦女在家中使用助行器行走，身邊有兩位年輕人。房間內擺設簡單，牆壁上掛有衣架，地上鋪有地毯，環境顯得溫馨而家常。

3. 一位年長婦女在家中使用助行器行走，身邊有兩位年輕人陪伴。房間內擺設簡單，牆壁上掛有衣架，地上鋪有地毯，環境顯得溫馨而家常。"
origin_dataset/IMG20220309120403.jpg,"1. 這張照片展示了一個現代化的公園景觀，背景是幾棟高樓建築。公園內有幾棵樹木，樹幹被支架支撐，以防止傾倒。公園地面鋪設了水泥路，兩側有綠色的草地。遠處可以看到一些建築物的陽台和窗戶，建築物的外牆顏色為白色和灰色。天空晴朗，陽光充足，整個場景顯得非常明亮。

2. 照片中，公園的景觀設計非常現代，建築物的外觀風格簡潔，窗戶排列整齊。公園內的樹木種類多樣，樹幹被支架支撐，顯示出公園在設計時注重保護樹木。公園的地面鋪設了水泥路，兩側有綠色的草地，環境整潔。遠處的建築物外牆顏色為白色和灰色，陽台和窗戶設計簡潔，與公園的現代風格相得益彰。

3. 這張照片捕捉到了一個現代公園的場景，背景是幾棟高樓建築。公園內有幾棵樹木，樹幹被支架支撐，以防止傾倒。公園地面鋪設了水泥路，兩側有綠色的草地。遠處可以看到一些建築物的陽台和窗戶，建築物的外牆顏色為白色和灰色。天空晴朗，陽光充足，整個場景顯得非常明亮。公園的設計注重綠化和現代化，給人一種舒適和寧靜的感覺。"
origin_dataset/IMG20220309125209.jpg,"1. 一棟建築物前，有多家商店，招牌上寫有中文，顯示不同的服務項目，如美髮、修車等。建築物外牆有鐵梯，街道上有停車的車輛，包括一輛粉紅色的小型貨車。建築物的招牌上寫有「大埔」、「鐵板燒」等字樣。

2. 街道兩旁有多家商店，招牌上寫有中文，顯示不同的服務項目，如美髮、修車等。建築物外牆有鐵梯，街道上有停車的車輛，包括一輛粉紅色的小型貨車。建築物的招牌上寫有「大埔」、「鐵板燒」等字樣。

3. 一棟建築物前，有多家商店，招牌上寫有中文，顯示不同的服務項目，如美髮、修車等。建築物外牆有鐵梯，街道上有停車的車輛，包括一輛粉紅色的小型貨車。建築物的招牌上寫有「大埔」、「鐵板燒」等字樣。"
origin_dataset/IMG20220316140132.jpg,"1. 這是一幅公園的景象，公園內有茂密的樹木和綠色的草地。樹木的枝葉繁茂，有些樹木的樹幹已經枯萎。公園內有一條石子小路，小路兩旁散落著一些石頭和枯葉。遠處可以看到一些建築物，建築物的牆壁是綠色的，門窗是白色的。天空是灰蒙蒙的，似乎有點陰沉。

2. 園內的樹木種類多樣，有高大的樹木和低矮的灌木。樹木的葉子在風中輕輕搖曳，顯得非常生動。公園內的草地綠意盎然，草地上散落著一些石頭和枯葉。公園內還有一條小路，小路兩旁的樹木和草地形成了很好的景觀。遠處的建築物看起來像是公園的管理處，建築物的牆壁是綠色的，門窗是白色的。

3. 這張照片展示了一個公園的景色，公園內有茂密的樹木和綠色的草地。樹木的枝葉繁茂，有些樹木的樹幹已經枯萎。公園內有一條石子小路，小路兩旁散落著一些石頭和枯葉。遠處可以看到一些建築物，建築物的牆壁是綠色的，門窗是白色的。天空是灰蒙蒙的，似乎有點陰沉。公園的環境非常優美，適合散步和休閒。"
origin_dataset/IMG20220316140654.jpg,"1. 這是一幅展示湖泊風景的圖片。湖水靜謐，反射著天空的陰沉雲彩。湖邊有綠色的樹木和岩石，遠處可以看到建築物的輪廓。湖面散落著一些綠色的植物，環境看起來非常平靜。

2. 圖片中有一片湖泊，湖水清澈，反射著上方的天空。湖邊有茂密的樹木和岩石，遠處可以看到一些建築物。湖面散落著一些綠色的植物，環境看起來非常寧靜。天空中雲層密布，給整體景色增添了一絲陰沉的氛圍。

3. 這張圖片展示了一個湖泊的風景。湖水靜止，反射著上方的陰沉天空。湖邊有茂密的樹木和岩石，遠處可以看到建築物的輪廓。湖面散落著一些綠色的植物，環境看起來非常平靜。天空中雲層密布，給整體景色增添了一絲陰沉的氛圍。"
origin_dataset/IMG20220308145830.jpg,"1. 一張橋上的照片，橋欄杆是銀色的，橋的另一側是綠色的樹木和一片水域。橋的對岸有一個標誌牌，上面寫著距離信息。天空是藍色的，太陽從右上角照射過來，產生了光暈效果。

2. 這張照片展示了一座橋，橋的欄杆是銀色的，橋的另一側是綠色的樹木和一片水域。橋的對岸有一個標誌牌，上面寫著距離信息。天空是藍色的，太陽從右上角照射過來，產生了光暈效果。橋的另一側還有一片水域，遠處可以看到一些樹木。

3. 這張照片捕捉到了一個橋上的視角，橋的欄杆是銀色的，橋的另一側是綠色的樹木和一片水域。橋的對岸有一個標誌牌，上面寫著距離信息。天空是藍色的，太陽從右上角照射過來，產生了光暈效果。橋的另一側還有一片水域，遠處可以看到一些樹木。"
origin_dataset/20230806_124515.jpg,"1. 一間室內空間，窗戶外側可以看到一輛黃色的計程車停在馬路邊，馬路旁邊有幾棵樹，樹幹粗壯，樹葉茂盛。窗戶內側有一張木製的桌子，上面鋪有幾塊色彩鮮豔的桌布。窗戶外側的建築物有幾扇門和窗戶，門口處有幾輛機車停靠。建築物的牆壁上有一些招牌，招牌上的字體是中文。

2. 一間室內空間，窗戶外側可以看到一輛黃色的計程車停在馬路邊，馬路旁邊有幾棵樹，樹幹粗壯，樹葉茂盛。窗戶內側有一張木製的桌子，上面鋪有幾塊色彩鮮豔的桌布。窗戶外側的建築物有幾扇門和窗戶，門口處有幾輛機車停靠。建築物的牆壁上有一些招牌，招牌上的字體是中文。窗戶外側的建築物看起來像是住宅或商業建築，建築物的牆壁上有一些招牌，招牌上的字體是中文。

3. 一間室內空間，窗戶外側可以看到一輛黃色的計程車停在馬路邊，馬路旁邊有幾棵樹，樹幹粗壯，樹葉茂盛。窗戶內側有一張木製的桌子，上面鋪有幾塊色彩鮮豔的桌布。窗戶外側的建築物有幾扇門和窗戶，門口處有幾輛機車停靠。建築物的牆壁上有一些招牌，招牌上的字體是中文。窗戶外側的建築物看起來像是住宅或商業建築，建築物的牆壁上有一些招牌，招牌上的字體是中文。窗戶外側的建築物看起來像是住宅或商業建築，建築物的牆壁上有一些招牌，招牌上的字體是中文。"
origin_dataset/20240509_213728.jpg,"1. 一位年輕男子，留著短髮，身穿白色T恤，站在室內，手持一部手機，似乎在自拍。背景是一面灰色的牆壁，牆壁上有一扇門，門上裝有把手和鎖。牆壁的材質看起來像是磚塊或磚塊樣式的裝飾板。牆壁的顏色是淺灰色，與門的顏色形成對比。牆壁的材質看起來比較粗糙，有著自然的紋理。牆壁的材質看起來比較粗糙，有著自然的紋理。牆壁的材質看起來比較粗糙，有著自然的紋理。

2. 一位年輕男子，留著短髮，身穿白色T恤，站在室內，手持一部手機，似乎在自拍。背景是一面灰色的牆壁，牆壁上有一扇門，門上裝有把手和鎖。牆壁的材質看起來像是磚塊或磚塊樣式的裝飾板。牆壁的顏色是淺灰色，與門的顏色形成對比。牆壁的材質看起來比較粗糙，有著自然的紋理。牆壁的材質看起來比較粗糙，有著自然的紋理。牆壁的材質看起來比較粗糙，有著自然的紋理。

3. 一位年輕男子，留著短髮，身穿白色T恤，站在室內，手持一部手機，似乎在自拍。背景是一面灰色的牆壁，牆壁上有一扇門，門上裝有把手和鎖。牆壁的材質看起來像是磚塊或磚塊樣式的裝飾板。牆壁的顏色是淺灰色，與門的顏色形成對比。牆壁的材質看起來比較粗糙，有著自然的紋理。牆壁的材質看起來比較粗糙，有著自然的紋理。牆壁的材質看起來比較粗糙，有著自然的紋理。"
origin_dataset/20221113_144006.jpg,"1. 這張照片展示了一片寬闊的水域，水面上波光粼粼，反射著天空的藍色。遠處可以看到一些建築物，可能是城市建築，建築物後方有幾座山丘，山丘上沒有植被。天空湛藍，僅有幾朵雲彩飄浮在空中，增添了一絲詩意。

2. 照片中，一片清澈的水域佔據了主要視野，水面上有微小的波紋，反射著天空的藍色。遠處的城市建築群與近處的綠色植被形成鮮明對比，建築群後方的山丘隱約可見。天空晴朗，僅有幾朵雲彩，為整體景色增添了一絲寧靜。

3. 這張照片捕捉到了一片寬廣的水域，水面上波光粼粼，反射著天空的藍色。遠處的城市建築群與近處的綠色植被形成鮮明對比，建築群後方的山丘隱約可見。天空晴朗，僅有幾朵雲彩飄浮在空中，為整體景色增添了一絲寧靜。"
origin_dataset/IMG20220315122754.jpg,"1. 一棟木造建築，屋頂鋪有灰色瓦片，建築外牆為深色木板，前院鋪有灰色磚石地面，散落著幾片紅葉。建築前有兩張白色和兩張棕色的長椅，一隻黃色的狗在院內散步。建築旁邊有一個紅色的販賣機，建築入口處掛有藍色的簾子，簾子上寫有白色字樣。建築後方有一棵綠色的樹，樹旁有幾塊石頭。

2. 一棟傳統的木造建築，建築外牆為深色木板，屋頂鋪有灰色瓦片。建築前院鋪有灰色磚石地面，散落著幾片紅葉。建築前有四張長椅，兩張白色和兩張棕色，一隻黃色的狗在院內散步。建築入口處掛有藍色的簾子，簾子上寫有白色字樣。建築後方有一棵綠色的樹，樹旁有幾塊石頭。建築旁邊有一個紅色的販賣機。

3. 一棟木造建築，建築外牆為深色木板，屋頂鋪有灰色瓦片。建築前院鋪有灰色磚石地面，散落著幾片紅葉。建築前有四張長椅，兩張白色和兩張棕色，一隻黃色的狗在院內散步。建築入口處掛有藍色的簾子，簾子上寫有白色字樣。建築後方有一棵綠色的樹，樹旁有幾塊石頭。建築旁邊有一個紅色的販賣機，建築後方有一個樹籬，樹籬上掛有幾塊木板，木板上寫有白色字樣。"
origin_dataset/1520004976909.jpg,"1. 這張照片是在夜晚拍攝的，背景中有一棵樹，樹上掛滿了閃爍的燈飾，燈光主要為粉紅色調。照片中有幾個人，他們站在樹下，似乎是在參加一個活動或慶祝活動。照片的前景中有一個年輕人，他正在自拍，背景中還有其他幾個人，他們的表情看起來很開心。

2. 照片的背景是一個裝飾有燈飾的樹，燈光主要為粉紅色調，營造出一種浪漫和歡樂的氛圍。照片中有幾個年輕人，他們站在樹下，似乎是在參加一個活動或慶祝活動。前景中的年輕人正在自拍，背景中還有其他幾個人，他們的表情看起來很開心。

3. 這張照片是在夜晚拍攝的，背景中有一棵樹，樹上掛滿了閃爍的燈飾，燈光主要為粉紅色調。照片中有幾個年輕人，他們站在樹下，似乎是在參加一個活動或慶祝活動。前景中的年輕人正在自拍，背景中還有其他幾個人，他們的表情看起來很開心。照片的氛圍充滿了歡樂和喜慶。"
origin_dataset/20231102_164930.jpg,"1. 天空湛藍，雲朵輕盈，散落在天際，形成一幅美麗的自然畫面。遠處的建築群，建築物設計現代，玻璃幕牆反射著天空的藍色，建築之間的綠樹成蔭，為城市增添了一抹綠意。

2. 高樓林立，建築物的玻璃幕牆在陽光下閃耀，反射出藍色的天空。建築之間的綠樹成蔭，形成鮮明的對比。天空中雲朵輕盈，散落在天際，為城市帶來了寧靜的氛圍。

3. 高樓建築群矗立在城市之中，建築物的玻璃幕牆在陽光下閃耀，反射出藍色的天空。建築之間的綠樹成蔭，形成鮮明的對比。天空中雲朵輕盈，散落在天際，為城市帶來了寧靜的氛圍。遠處的建築物設計現代，玻璃幕牆反射著天空的藍色，建築之間的綠樹成蔭，為城市增添了一抹綠意。"
origin_dataset/received_947869028647214(1)(1).jpeg,"1. 一輛豪華巴士的內部，車廂內裝潢高級，座椅採用深色皮革，車窗旁邊有簾子，車廂後方有一台電視，播放著戶外的景觀。車廂內有幾個座位，其中一個座位上有一個小女孩，頭髮扎成馬尾，頭上戴著一頂小帽子，她正看著電視，似乎在享受旅途中的娛樂。

2. 在一輛裝潢高級的豪華巴士內，車廂後方的電視正在播放戶外的景觀，顯示出一棟建築和綠色植物。車廂內的座椅採用深色皮革，車窗旁邊有簾子。車廂內有幾個座位，其中一個座位上有一個小女孩，頭髮扎成馬尾，頭上戴著一頂小帽子，她正看著電視，似乎在享受旅途中的娛樂。

3. 一輛豪華巴士的內部，車廂內裝潢高級，座椅採用深色皮革，車窗旁邊有簾子，車廂後方有一台電視，播放著戶外的景觀。車廂內有幾個座位，其中一個座位上有一個小女孩，頭髮扎成馬尾，頭上戴著一頂小帽子，她正看著電視，似乎在享受旅途中的娛樂。"
origin_dataset/10439390_632075666892259_4241436183004269566_n(1)(1).jpg,"1. 一間教室內，數位學生圍成一圈，似乎在進行某種活動或討論。牆壁上掛有黑板和標語，窗戶透進自然光，天花板上裝有吊扇。學生們表情專注，部分學生舉起手來，可能是在回答問題或表達意見。

2. 教室內，一群學生圍成一圈，似乎在進行互動活動。牆壁上掛有黑板和標語，窗戶透進自然光，天花板上裝有吊扇。學生們表情活躍，部分學生舉起手來，可能是在回答問題或表達意見。

3. 教室內，數位學生圍成一圈，似乎在進行某種活動或討論。牆壁上掛有黑板和標語，窗戶透進自然光，天花板上裝有吊扇。學生們表情專注，部分學生舉起手來，可能是在回答問題或表達意見。"
origin_dataset/20231105_173032.jpg,"1. 天空從深藍漸變至淺藍，雲朵稀疏，形狀不規則，散落在天際。建築物的屋頂在夕陽的餘暉下顯得柔和，建築物的窗戶中透出黃色的光線，顯示出室內的燈光已經亮起。

2. 夕陽西下，天空從深藍漸變至淺藍，雲朵稀疏，形狀不規則，散落在天際。建築物的屋頂在夕陽的餘暉下顯得柔和，建築物的窗戶中透出黃色的光線，顯示出室內的燈光已經亮起。遠處的山丘上，樹木的剪影依稀可見。

3. 天空從深藍漸變至淺藍，雲朵稀疏，形狀不規則，散落在天際。建築物的屋頂在夕陽的餘暉下顯得柔和，建築物的窗戶中透出黃色的光線，顯示出室內的燈光已經亮起。遠處的山丘上，樹木的剪影依稀可見，建築物的屋頂上還有一座高聳的天線塔。"
origin_dataset/1520004038571.jpg,"1. 一棟高樓在夜晚被燈光點綴，建築外牆的玻璃反射出五彩繽紛的光點，周圍的樹木和建築物在夜色中顯得格外靜謐。

2. 水面上倒映著五顏六色的燈光，形成了一幅動人的夜景。橋樑上掛滿了閃爍的燈飾，人們在橋上行走，享受著這份浪漫的氛圍。

3. 城市的夜景在燈光的點綴下變得格外美麗。建築物的外牆被燈光裝飾，反射在水面上，形成了一幅動人的畫面。橋樑上掛滿了燈飾，人們在橋上行走，享受著這份浪漫的氛圍。"
origin_dataset/IMG20220316140457.jpg,"1. 一處公園景觀，綠樹成蔭，小橋流水，橋上有一條紅色的欄杆，橋下是清澈的水，兩旁種植了綠色的灌木和花卉，地面上散落著枯黃的葉子，遠處有建築物的綠色圍欄。

2. 公園內有一條小溪，溪水清澈見底，兩岸種植了茂盛的樹木，樹葉綠意盎然，橋樑上有一條紅色的欄杆，橋下是靜謐的水，橋兩側有綠色的灌木和花卉，地面上散落著枯黃的葉子，遠處有建築物的綠色圍欄。

3. 公園景觀中，綠樹成蔭，小橋流水，橋上有一條紅色的欄杆，橋下是清澈的水，兩旁種植了綠色的灌木和花卉，地面上散落著枯黃的葉子，遠處有建築物的綠色圍欄，環境清幽，適合休閒散步。"
origin_dataset/IMG20200628122622.jpg,"1. 這是一尊雕塑，表現了一位藝術家正在創作一尊雕像。藝術家身著長袍，手持工具，專注地雕刻著一尊裸體的男性雕像。雕像的姿態是彎曲的，雙手撐在膝蓋上，頭部傾向一邊，似乎在沉思。背景是一個室內環境，有木製的窗框和地板，窗戶透進柔和的自然光。

2. 這件雕塑作品展示了雕塑家創作的過程。雕塑家站在一張木凳上，手持雕刻工具，正在細緻地雕刻一尊裸體的男性雕像。雕像的姿態是彎曲的，雙手撐在膝蓋上，頭部傾向一邊，表現出沉思的樣子。雕塑家的姿態和表情透露出對創作的專注和投入。背景是一個室內空間，窗戶和木製地板構成了一個簡單而溫馨的環境。

3. 這是一尊雕塑，表現了一位藝術家正在創作一尊雕像。藝術家身著長袍，手持雕刻工具，專注地雕刻著一尊裸體的男性雕像。雕像的姿態是彎曲的，雙手撐在膝蓋上，頭部傾向一邊，似乎在沉思。背景是一個室內環境，有木製的窗框和地板，窗戶透進柔和的自然光。這件雕塑作品展示了雕塑家創作的過程，表現了藝術家對創作的熱情和對細節的關注。"
origin_dataset/20240129_160144.jpg,"1. 這間餐廳的裝潢採用傳統中式風格，屋頂和柱子上都有精緻的雕花，營造出濃厚的文化氛圍。室內擺設包括石桌、石凳和石橋，這些石製傢俱與木製傢俱相得益彰，營造出自然與傳統的融合。牆壁上掛有精美的窗簾，透出柔和的光線，使整個空間充滿了溫馨與寧靜。窗戶旁邊的植物和花卉裝飾，為空間增添了一抹綠意，營造出清新自然的氛圍。

2. 餐廳內部的裝飾非常注重細節，從屋頂的雕花到牆壁上的窗簾，再到石桌和石凳，每一處都展現出傳統中式風格的獨特魅力。窗戶旁邊的植物和花卉裝飾，為空間帶來了生機與活力。室內的燈光柔和，營造出溫馨的用餐氛圍。此外，餐廳還設有室內水景，水池中擺放着石頭和植物，給人一種悠閒的感覺。

3. 這間餐廳的裝潢採用傳統中式風格，屋頂和柱子上都有精緻的雕花，營造出濃厚的文化氛圍。室內擺設包括石桌、石凳和石橋，這些石製傢俱與木製傢俱相得益彰，營造出自然與傳統的融合。窗戶旁邊的植物和花卉裝飾，為空間增添了一抹綠意，營造出清新自然的氛圍。此外，餐廳還設有室內水景，水池中擺放着石頭和植物，給人一種悠閒的感覺。窗簾和燈光的搭配，營造出溫馨的用餐氛圍。"
origin_dataset/1529165620858.jpg,"1. 這張照片中有兩位畢業生，他們穿着黑色的畢業袍，上面有金色的流蘇和徽章。他們站在一個大型的玻璃建築前，建築的設計非常現代，頂部尖銳，像是一座塔。背景中可以看到許多其他畢業生和觀眾，他們似乎正在參加一個盛大的畢業典禮。天空晴朗，陽光明媚，整個場景充滿了慶祝的氣氛。

2. 這張照片捕捉到了一個重要的歷史刻畫，兩位畢業生站在一個現代建築前，建築的設計非常獨特，頂部尖銳，像是一座塔。他們的畢業袍上掛著金色的流蘇和徽章，顯得非常正式。背景中可以看到許多其他畢業生和觀眾，他們似乎正在參加一個盛大的畢業典禮。天空晴朗，陽光明媚，整個場景充滿了慶祝的氣氛。

3. 這張照片展示了兩位畢業生，他們站在一個現代建築前，建築的設計非常獨特，頂部尖銳，像是一座塔。他們的畢業袍上掛著金色的流蘇和徽章，顯得非常正式。背景中可以看到許多其他畢業生和觀眾，他們似乎正在參加一個盛大的畢業典禮。天空晴朗，陽光明媚，整個場景充滿了慶祝的氣氛。"
origin_dataset/IMG20211016222145.jpg,"1. 這幅素描畫作展示了一位年輕人側面的肖像。畫家使用了細緻的鉛筆筆觸來表現人物的臉部特徵，包括細膩的髮線、深邃的眼睛和細長的鼻子。人物的頭髮被輕柔地勾勒出來，並在頭頂部分形成了一個自然的弧度。畫家還仔細地描繪了人物的臉部輪廓，並在臉部和頸部之間形成了柔和的過渡。人物的臉部表情看起來比較平靜，雙眼直視前方，給人一種沉思的感覺。畫家在人物的臉部和頸部之間使用了豐富的陰影效果，使得整幅畫作看起來更加立體和真實。此外，畫家還在人物的臉部和頸部之間使用了豐富的陰影效果，使得整幅畫作看起來更加立體和真實。整幅畫作的線條非常細膩，表現出畫家在素描技巧上的高超水平。

2. 這幅素描畫作展示了一位年輕人側面的肖像。畫家使用了細緻的鉛筆筆觸來表現人物的臉部特徵，包括細膩的髮線、深邃的眼睛和細長的鼻子。人物的頭髮被輕柔地勾勒出來，並在頭頂部分形成了一個自然的弧度。畫家還仔細地描繪了人物的臉部輪廓，並在臉部和頸部之間形成了柔和的過渡。人物的臉部表情看起來比較平靜，雙眼直視前方，給人一種沉思的感覺。畫家在人物的臉部和頸部之間使用了豐富的陰影效果，使得整幅畫作看起來更加立體和真實。此外，畫家還在人物的臉部和頸部之間使用了豐富的陰影效果，使得整幅畫作看起來更加立體和真實。整幅畫作的線條非常細膩，表現出畫家在素描技巧上的高超水平。

3. 這幅素描畫作展示了一位年輕人側面的肖像。畫家使用了細緻的鉛筆筆觸來表現人物的臉部特徵，包括細膩的髮線、深邃的眼睛和細長的鼻子。人物的頭髮被輕柔地勾勒出來，並在頭頂部分形成了一個自然的弧度。畫家還仔細地描繪了人物的臉部輪廓，並在臉部和頸部之間形成了柔和的過渡。人物的臉部表情看起來比較平靜，雙眼直視前方，給人一種沉思的感覺。畫家在人物的臉部和頸部之間使用了豐富的陰影效果，使得整幅畫作看起來更加立體和真實。此外，畫家還在人物的臉部和頸部之間使用了豐富的陰影效果，使得整幅畫作看起來更加立體和真實。整幅畫作的線條非常細膩，表現出畫家在素描技巧上的高超水平。"
origin_dataset/11156351_632073586892467_1005792411387057714_n(1)(1).jpg,"1. 一間教室內，數位學生圍繞著講台，聽取講師的講解。講師站在前方，手持講義，似乎在進行一堂課堂活動。教室牆壁上掛有紅色的布條，上面寫有相關的標語。學生們表情專注，部分學生則在交談或觀看講師的講解。

2. 教室內，一群學生圍繞著講台，聽取講師的講解。講師站在前方，手持講義，似乎在進行一堂課堂活動。教室牆壁上掛有紅色的布條，上面寫有相關的標語。學生們表情專注，部分學生則在交談或觀看講師的講解。教室內的氛圍活躍，學生們似乎對講師的講解很感興趣。

3. 教室內，數位學生圍繞著講台，聽取講師的講解。講師站在前方，手持講義，似乎在進行一堂課堂活動。教室牆壁上掛有紅色的布條，上面寫有相關的標語。學生們表情專注，部分學生則在交談或觀看講師的講解。教室內的氛圍活躍，學生們似乎對講師的講解很感興趣。教室內的佈置簡單，牆壁上掛有標語，顯示出這是一場正式的教學活動。"
origin_dataset/IMG20220316171113.jpg,"1. 海邊的風景，綠色的草地上散落著一些小花，遠處是波濤洶涌的海面，海浪拍打著海岸線，樹木在風中搖曳。

2. 一片綠意盎然的草地，草地上有幾株小花，遠處是波濤洶涌的海面，海浪不斷拍打著海岸線，樹木在風中搖曳。

3. 海邊的風景，近處是綠色的草地和幾株小花，遠處是波濤洶涌的海面，海浪不斷拍打著海岸線，樹木在風中搖曳。"
origin_dataset/IMG_20201204_115318_726.jpg,"1. 一碗熱騰騰的雞麵線，上面放著一顆金黃色的荷包蛋，湯汁清澈，裡面還有幾顆紅色的辣椒，看起來非常美味。碗放在一張木質桌面上，背景中可以看到一臺黑色的鍵盤。

2. 這是一碗雞麵線，碗裡有細長的麵線，上面放著一顆荷包蛋，蛋黃部分已經稍微凝固，表面金黃。湯汁清澈，裡面還有一些紅色的辣椒，看起來非常開胃。碗放在一張木質桌面上，背景中可以看到一臺黑色的鍵盤。

3. 這是一碗雞麵線，碗裡有細長的麵線，上面放著一顆荷包蛋，蛋黃部分已經稍微凝固，表面金黃。湯汁清澈，裡面還有一些紅色的辣椒，看起來非常開胃。碗放在一張木質桌面上，背景中可以看到一臺黑色的鍵盤。碗的上方有橙色的標籤，上面寫著「原來八方雲集還有麻油雞麵線」，並附有三個笑臉表情圖案。"
origin_dataset/aTeaQx3_d.jpg,1. 一張書桌的照片，上面擺放著多本書籍，書籍的封面有中文標題。書本之間還有一個透明的塑料圓筒，裡面似乎裝著一些小物件。書桌的右側有一個黑色的塑料籃子，裡面裝著一些彩色的筆。籃子上方有一個白色的方形物品，可能是相機或小型電子設備。籃子的後方還有一個白色的方形物品，可能是相機或小型電子設備。籃子的後方還有一個白色的方形物品，可能是相機或小型電子設備。籃子的後方還有一個白色的方形物品，可能是相機或小型電子設備。籃子的後方還有一個白色的方形物品，可能是相機或小型電子設備。籃子的後方還有一個白色的方形物品，可能是相機或小型電子設備。籃子的後方還有一個白色的方形物品，可能是相機或小型電子設備。籃子的後方還有一個白色的方形物品，可能是相機或小型電子設備。籃子的後方還有一個白色的方形物品，可能是相機或小型電子設備。籃子的後方還有一個白色的方形物品，可能是相機或小型電子設備。籃子的後方還有一個白色的方形物品，可能是相機或小型電子設備。籃子的後方還有一個白色的方形物品，可能是相機或小型電子設備。籃子的後方還有一個白色的方形物品，可能是相機或小型電子設備。籃子的後方還有一個白色的方形物品，可能是相機或小型電子設備。籃子的後方還有一個白色的方形物品，可能是相機或小型電子設備。籃子的後方還有一個白色的方形物品，可能是相機或小型電子設備。籃子的後方還有一個白色的方形物品，可能是相機或小型電子設備。籃子的後方還有一個白色的方形物品，可能是相機或小型電子設備。籃子的後方還有一個白色的方形物品，可能是相機或小型電子設備。籃子的後方還有一個白色的方形物品，可能是相機或小型電子設備。籃子的後方還有一個白色的方形物品，可能是相機或小型電子設備。籃子的後方還有一個白色的方形物品，可能是相機或小型電子設備。籃子的後方還有一個白色的方形物品，可能是相機或小型電子設備。籃子的後方還有一個白色的方形物品，可能是相機或小型電子設備。籃子的後方還有一個白色的方形物品，可能是相機或小型電子設備。籃子的後方還有一個白色的方形物品，可能是相機或小型電子設備。籃子的後方還有一個白色的方形物品，可能是相機或小型電子設備。籃子的後方還有一個白色的方形物品，可能是相機或小型電子設備。籃子的後方還有一個白色的方形物品，可能是相機或小型電子設備。籃子的後方還有一個白色的方形物品，可能是相機或小型電子設備。籃子的後方還有一個白色的方形物品，可能是相機或小型電子設備。籃子的後方還有一個白色的方形物品，可能是相機或小型電子設備。籃子的後方還有一個白色的方形物品，可能是相機或小型電子設備。籃子的後方還有一個白色的方形物品，可能是相機或小型電子設備。籃子的後方還有一個白色的方形物品，可能是相機或小型電子設備。籃子的後方還有一個白色的方形物品，可能是相機或小型電子設備。籃子的後方還有一個白色的方形物品，可能是相機或小型電子設備。籃子的後方還有一個白色的方形物品，可能是相機或小型電子設備。籃子的後方還有一個白色的方形物品，可能是相機或小型電子設備。籃子的後方還有一個白色的方形物品，可能是相機或小型電子設備。籃子的後方還有一個白色的方形物品，可能是相機或小型電子設備。籃子的後方還有一個白色的方形物品，可能是相機或小型電子設備。籃子的後方還有一個白色的方形物品，可能是相機或小型電子設備。籃子的後方還有一個白色的方形物品，可能是相機或小型電子設備。籃子的後方還有一個白色的方形
origin_dataset/IMG20220317141104.jpg,"1. 海邊的沙灘上，海浪輕輕拍打著海岸線，形成一道道白色的浪花。遠處的山丘被濃密的樹木覆蓋，天空陰沉，雲層厚重，散發出一種寧靜而略帶憂鬱的氛圍。幾位遊客在沙灘上閒適地走動，享受著這份獨特的海邊風景。

2. 沙灘上，海浪不斷地拍打著海岸線，形成一道道白色的浪花。遠處的山丘被濃密的樹木覆蓋，天空陰沉，雲層厚重，散發出一種寧靜而略帶憂鬱的氛圍。幾位遊客在沙灘上閒適地走動，享受著這份獨特的海邊風景。

3. 海邊的沙灘上，海浪輕輕拍打著海岸線，形成一道道白色的浪花。遠處的山丘被濃密的樹木覆蓋，天空陰沉，雲層厚重，散發出一種寧靜而略帶憂鬱的氛圍。幾位遊客在沙灘上閒適地走動，享受著這份獨特的海邊風景。"
origin_dataset/IMG20220315152715.jpg,"1. 海邊的風景，遠處是無垠的海洋，天空中布滿了厚重的雲層，近處是茂密的樹木和綠色的植被，樹枝上沒有葉子，顯得孤獨而堅毅。

2. 一片寧靜的海景，海面波光粼粼，天空中雲層密布，遠處的海天一色，近處的樹木和綠植在微風中輕搖，形成了一幅自然的畫面。

3. 海邊的風景，海面寬廣無垠，天空中雲層厚重，近處的樹木和綠植在微風中輕搖，遠處的海天一色，形成了一幅寧靜而美麗的自然風景畫。"
origin_dataset/IMG20220220155015.jpg,"1. 這幅畫作展示了多個舞者在練習室內的場景，畫面中可以看到舞者們穿着白色的芭蕾舞裙，頭髮被編成髮辮，並用紅色的絲帶裝飾。畫面中央有一個老師在指導，老師的背影顯得非常清晰。畫面的背景是綠色的牆壁，牆壁上掛有一些畫框和標籤，牆壁旁邊有一扇大門，門外似乎有其他人在觀看。畫面的右側還有一個穿著白色衣服的女性，她背對著觀眾，頭髮被編成髮辮，並用紅色的絲帶裝飾。

2. 這幅畫作描繪了一群芭蕾舞者在練習室內的場景。畫面中可以看到多個舞者，他們都穿着白色的芭蕾舞裙，頭髮被編成髮辮，並用紅色的絲帶裝飾。畫面中央有一個老師在指導，老師的背影顯得非常清晰。畫面的背景是綠色的牆壁，牆壁上掛有一些畫框和標籤，牆壁旁邊有一扇大門，門外似乎有其他人在觀看。畫面的右側還有一個穿著白色衣服的女性，她背對著觀眾，頭髮被編成髮辮，並用紅色的絲帶裝飾。

3. 這幅畫作展示了多個芭蕾舞者在練習室內的場景。畫面中可以看到多個舞者，他們都穿着白色的芭蕾舞裙，頭髮被編成髮辮，並用紅色的絲帶裝飾。畫面中央有一個老師在指導，老師的背影顯得非常清晰。畫面的背景是綠色的牆壁，牆壁上掛有一些畫框和標籤，牆壁旁邊有一扇大門，門外似乎有其他人在觀看。畫面的右側還有一個穿著白色衣服的女性，她背對著觀眾，頭髮被編成髮辮，並用紅色的絲帶裝飾。"
origin_dataset/12046707_901336476623815_3710873324885887170_n(1)(1).jpg,"1. 一群年輕人站在一起，雙手高舉，似乎在進行某種集體活動或表演。他們的服裝風格各異，有穿著白色T恤搭配紅色背心的，也有穿著黑色上衣搭配圍巾的。背景中可以看到一些模糊的建築物和燈光，顯示這場活動可能是在戶外舉行的。

2. 這張照片捕捉到了一群年輕人共同參與的瞬間。他們的姿態一致，雙手高舉，表情看不清楚，但可以感受到他們的熱情和團結。他們的服裝風格各不相同，有穿著紅色背心搭配白色T恤的，也有穿著黑色上衣搭配圍巾的。背景中可以看到一些模糊的建築物和燈光，顯示這場活動可能是在戶外舉行的。

3. 這張照片展示了多樣化的年輕人共同參與的場景。他們站在一起，雙手高舉，似乎在進行某種集體活動或表演。他們的服裝風格各異，有穿著白色T恤搭配紅色背心的，也有穿著黑色上衣搭配圍巾的。背景中可以看到一些模糊的建築物和燈光，顯示這場活動可能是在戶外舉行的。"
origin_dataset/IMG20211016222347.jpg,"1. 這幅畫是一幅水彩畫，畫中有一個切開的檸檬，檸檬的果肉呈現出鮮豔的黃色，果皮則是鮮紅色。檸檬的切面顯示出細緻的果肉紋理，綠色的葉子和紅色的果蒂為畫面增添了生動的色彩。背景是淡藍色，給整幅畫帶來了清新和涼爽的感覺。

2. 這幅水彩畫表現了一個檸檬的切面，檸檬的果肉被切開，露出鮮豔的黃色果肉和細緻的紋理。檸檬的果皮是鮮紅色，上面有綠色的葉子和紅色的果蒂。背景是淡藍色，給整幅畫帶來了清新和涼爽的感覺。

3. 這幅水彩畫展示了一個檸檬的切面，檸檬的果肉被切開，露出鮮豔的黃色果肉和細緻的紋理。檸檬的果皮是鮮紅色，上面有綠色的葉子和紅色的果蒂。背景是淡藍色，給整幅畫帶來了清新和涼爽的感覺。畫面的構圖簡單而生動，色彩鮮豔，表現出檸檬的鮮美和生機。"
origin_dataset/20240211_114653.jpg,"1. 一棟建築物正在施工中，其外牆被藍色的鋼架圍起。建築物的頂部有一個圓形的突出部分，建築物的牆面是淺色的，窗戶排列整齊。建築物旁邊有一條綠色的路面，路邊有綠色的灌木和一些樹木。建築物的對面有一棟較低的建築物，建築物的牆面是淺色的，窗戶排列整齊。建築物的對面還有一個綠色的招牌，招牌上寫著中文。

2. 一棟建築物正在施工中，其外牆被藍色的鋼架圍起。建築物的頂部有一個圓形的突出部分，建築物的牆面是淺色的，窗戶排列整齊。建築物的對面有一棟較低的建築物，建築物的牆面是淺色的，窗戶排列整齊。建築物的對面還有一個綠色的招牌，招牌上寫著中文。建築物的對面還有一個綠色的招牌，招牌上寫著中文。建築物的對面還有一個綠色的招牌，招牌上寫著中文。

3. 一棟建築物正在施工中，其外牆被藍色的鋼架圍起。建築物的頂部有一個圓形的突出部分，建築物的牆面是淺色的，窗戶排列整齊。建築物的對面有一棟較低的建築物，建築物的牆面是淺色的，窗戶排列整齊。建築物的對面還有一個綠色的招牌，招牌上寫著中文。建築物的對面還有一個綠色的招牌，招牌上寫著中文。建築物的對面還有一個綠色的招牌，招牌上寫著中文。"
origin_dataset/1528992852884.jpg,"1. 一羣年輕人站在一起，背景牆上掛著「CONGRATS」的金色氣球字樣，他們面帶微笑，似乎在慶祝某個重要事件。前排的年輕人中，有戴眼鏡的，也有穿格子襯衫的，他們的姿態自然，顯得非常開心和親近。

2. 這張照片捕捉到了一群年輕人慶祝的瞬間，他們站在一個裝飾有「CONGRATS」字樣的牆前。前排的年輕人中，有戴眼鏡的，也有穿白襯衫的，他們的微笑和友好的姿態顯示出他們正在慶祝一個值得慶祝的時刻。

3. 一羣年輕人站在一起，背景牆上掛著「CONGRATS」的金色氣球字樣，他們面帶微笑，似乎在慶祝某個重要事件。前排的年輕人中，有戴眼鏡的，也有穿格子襯衫的，他們的姿態自然，顯得非常開心和親近。背景中還可以看到其他幾個人，他們似乎在進行不同的活動，但主要焦點在這群慶祝的年輕人身上。"
origin_dataset/14661_632079353558557_5279061644040050520_n(1)(1).jpg,"1. 三位年輕人站在室內，背景是白色牆壁和鐵網。牆壁上掛有黑板和一些彩色的標籤。他們似乎在進行某種活動或討論，其中一人手持手機，另外兩人則在傾聽或參與。地面是灰色的，牆壁上還有一些文件和標籤。

2. 三位年輕人位於一個室內空間，牆壁上掛有黑板和彩色標籤。他們似乎在進行互動，其中一人手持手機，另外兩人則在傾聽或參與。牆壁是白色的，鐵網隔離了不同的區域。地面是灰色的，牆壁上還有一些文件和標籤。

3. 三位年輕人站在一個室內空間，牆壁上掛有黑板和彩色標籤。他們似乎在進行某種活動或討論，其中一人手持手機，另外兩人則在傾聽或參與。牆壁是白色的，鐵網隔離了不同的區域。地面是灰色的，牆壁上還有一些文件和標籤。"
origin_dataset/20231104_184206.jpg,"1. 一間室內空間，天花板上掛滿了串燈，營造出溫馨的氛圍。牆壁是白色的，地板則是淺色的，看起來像是水泥地。在場的人們坐在白色的椅子上，似乎在等待某個活動的開始。場地的後方有一扇門，門旁邊有綠色的指示牌。場地的左側有一個吊燈，掛在木質的天花板上，增加了室內的溫暖感。

2. 一場室內活動的場景，場地內掛滿了串燈，營造出浪漫的氛圍。人們坐在白色的椅子上，似乎在等待活動的開始。場地的後方有一扇門，門旁邊有綠色的指示牌。場地的左側有一個吊燈，掛在木質的天花板上，增加了室內的溫暖感。場地的牆壁是白色的，地板則是淺色的，看起來像是水泥地。

3. 一間室內空間，天花板上掛滿了串燈，營造出溫馨的氛圍。牆壁是白色的，地板則是淺色的，看起來像是水泥地。在場的人們坐在白色的椅子上，似乎在等待某個活動的開始。場地的後方有一扇門，門旁邊有綠色的指示牌。場地的左側有一個吊燈，掛在木質的天花板上，增加了室內的溫暖感。場地的左側有一個吊燈，掛在木質的天花板上，增加了室內的溫暖感。"
origin_dataset/IMG_20180903_230501_436.jpg,"1. 一位年輕男子坐在室內，頭戴一頂黑色棒球帽，身穿深色短袖T恤和牛仔褲，手腕上戴著一塊黑色手錶。他正專注地看著手中的一個黑色平板裝置，平板裝置上有一個圓形開孔。背景中可以看到其他幾個人，他們似乎在進行不同的活動，例如在吧檯前工作或在椅子上休息。整個場景看起來像是在一個咖啡廳或餐廳內。

2. 一位年輕的亞洲男子坐在室內，頭戴一頂黑色棒球帽，身穿深色短袖T恤和牛仔褲，手腕上戴著一塊黑色手錶。他正專注地看著手中的一個黑色平板裝置，平板裝置上有一個圓形開孔。背景中可以看到其他幾個人，他們似乎在進行不同的活動，例如在吧檯前工作或在椅子上休息。整個場景看起來像是在一個咖啡廳或餐廳內。

3. 一位年輕的亞洲男子坐在室內，頭戴一頂黑色棒球帽，身穿深色短袖T恤和牛仔褲，手腕上戴著一塊黑色手錶。他正專注地看著手中的一個黑色平板裝置，平板裝置上有一個圓形開孔。背景中可以看到其他幾個人，他們似乎在進行不同的活動，例如在吧檯前工作或在椅子上休息。整個場景看起來像是在一個咖啡廳或餐廳內。"
origin_dataset/IMG20220423145318.jpg,"1. 一位年輕人躺在沙發上，雙手輕輕地放在額頭，似乎在休息或思考。他穿着一件白色T恤和黑色短褲，雙腳自然地伸展在沙發上。沙發是棕色的，看起來非常舒適。沙發旁邊有一張木製的茶几，上面放著一些物品，包括一個小碗和一張照片。背景中可以看到一張綠色的沙發，上面放著紅色的枕頭和一疊衣物。牆壁上掛著一些裝飾品，包括一張花卉圖案的掛畫。牆角有一個白色的電風扇，牆壁上還掛著一些紙張和裝飾品。整個房間看起來很溫馨，佈置簡單而實用。

2. 一位年輕人躺在沙發上，雙手輕輕地放在額頭，似乎在休息或思考。他穿着一件白色T恤和黑色短褲，雙腳自然地伸展在沙發上。沙發是棕色的，看起來非常舒適。沙發旁邊有一張木製的茶几，上面放著一些物品，包括一個小碗和一張照片。背景中可以看到一張綠色的沙發，上面放著紅色的枕頭和一疊衣物。牆壁上掛著一些裝飾品，包括一張花卉圖案的掛畫。牆角有一個白色的電風扇，牆壁上還掛著一些紙張和裝飾品。整個房間看起來很溫馨，佈置簡單而實用。

3. 一位年輕人躺在沙發上，雙手輕輕地放在額頭，似乎在休息或思考。他穿着一件白色T恤和黑色短褲，雙腳自然地伸展在沙發上。沙發是棕色的，看起來非常舒適。沙發旁邊有一張木製的茶几，上面放著一些物品，包括一個小碗和一張照片。背景中可以看到一張綠色的沙發，上面放著紅色的枕頭和一疊衣物。牆壁上掛著一些裝飾品，包括一張花卉圖案的掛畫。牆角有一個白色的電風扇，牆壁上還掛著一些紙張和裝飾品。整個房間看起來很溫馨，佈置簡單而實用。"
origin_dataset/20230706_180745.jpg,"1. 這間餐廳內部裝潢以木質元素為主，牆壁和桌椅均採用木質材料，營造出溫馨自然的氛圍。餐廳內設有多個座位區，每個座位區都配有木製桌椅，並搭配了玻璃隔斷，既保持了空間的通透性，又增加了私密性。餐廳內還設有電視牆，播放著自然風景的視頻，給顧客帶來視覺上的享受。餐廳外側的玻璃窗戶旁邊掛有紅色的標語，上面寫著「年味兒」等字樣，顯示出餐廳的主題和特色。

2. 餐廳內部的裝修風格採用現代簡約風格，以木質材料為主，營造出溫馨自然的氛圍。餐廳內設有多個座位區，每個座位區都配有木製桌椅，並搭配了玻璃隔斷，既保持了空間的通透性，又增加了私密性。餐廳內還設有電視牆，播放著自然風景的視頻，給顧客帶來視覺上的享受。餐廳外側的玻璃窗戶旁邊掛有紅色的標語，上面寫著「年味兒」等字樣，顯示出餐廳的主題和特色。

3. 這間餐廳內部裝潢以木質元素為主，牆壁和桌椅均採用木質材料，營造出溫馨自然的氛圍。餐廳內設有多個座位區，每個座位區都配有木製桌椅，並搭配了玻璃隔斷，既保持了空間的通透性，又增加了私密性。餐廳內還設有電視牆，播放著自然風景的視頻，給顧客帶來視覺上的享受。餐廳外側的玻璃窗戶旁邊掛有紅色的標語，上面寫著「年味兒」等字樣，顯示出餐廳的主題和特色。"
origin_dataset/IMG20220315163537.jpg,"1. 山頂的風景，遠處是藍色的海面，天空中散佈著幾朵雲彩。山腳下是茂密的樹木，近處有一個鐵製的護欄，護欄後方是綠色的植被。

2. 一處山頂的景觀，海面遙遙相望，天空中漂浮著幾朵雲朵。山腳下是茂盛的樹木，近處有一個鐵製的護欄，護欄後方是綠色的植被。

3. 山頂的風景，遠處是藍色的海面，天空中散佈著幾朵雲彩。山腳下是茂密的樹木，近處有一個鐵製的護欄，護欄後方是綠色的植被。"
origin_dataset/IMG20220220160051.jpg,"1. 三幅畫作分別展示了海灘上的不同場景。第一幅畫中，一位女士坐在沙灘上，頭戴帽子，面帶微笑，背景是波濤洶涌的海面和遠處的帆船。第二幅畫描繪了海灘上的遊客，他們在木製的走道上閒逛，遠處可以看到一棟建築。第三幅畫則聚焦於一位撐著藍色雨傘的女士，她坐在沙灘上，背後是海灘上的遊客和一些建築物。

2. 這三幅畫作均為印象派風格，色彩鮮豔，筆觸輕盈。第一幅畫表現了海灘上的女士，她面帶微笑，頭戴帽子，背景是波濤洶涌的海面和遠處的帆船。第二幅畫則展示了海灘上的遊客，他們在木製的走道上閒逛，遠處可以看到一棟建築。第三幅畫聚焦於一位撐著藍色雨傘的女士，她坐在沙灘上，背後是海灘上的遊客和一些建築物。

3. 這三幅畫作均為印象派風格，色彩鮮豔，筆觸輕盈。第一幅畫表現了海灘上的女士，她面帶微笑，頭戴帽子，背景是波濤洶涌的海面和遠處的帆船。第二幅畫則展示了海灘上的遊客，他們在木製的走道上閒逛，遠處可以看到一棟建築。第三幅畫聚焦於一位撐著藍色雨傘的女士，她坐在沙灘上，背後是海灘上的遊客和一些建築物。三幅畫作均為印象派風格，色彩鮮豔，筆觸輕盈。"
origin_dataset/IMG20220309121132.jpg,"1. 這張照片中，一個人站在戶外，背景是建築物。他留著短黑髮，臉上帶著口罩，口罩的下緣垂在下巴邊緣。他穿著一件黑色外套，裡面搭配了一件淺色的圓領T恤。背景中可以看到一些建築結構，包括鐵欄杆和牆壁。

2. 這張照片捕捉到了一個人在戶外的自拍。他留著短黑髮，臉上帶著口罩，口罩的下緣垂在下巴邊緣。他穿著一件黑色外套，裡面搭配了一件淺色的圓領T恤。背景中可以看到一些建築結構，包括鐵欄杆和牆壁。

3. 這張照片中，一個人站在戶外，背景是建築物。他留著短黑髮，臉上帶著口罩，口罩的下緣垂在下巴邊緣。他穿著一件黑色外套，裡面搭配了一件淺色的圓領T恤。背景中可以看到一些建築結構，包括鐵欄杆和牆壁。"
origin_dataset/DSC_0004(1)(1).JPG,"1. 一輛黃色計程車在夜間的城市街道上駛過，車燈照亮了前方的道路。街道兩側的建築物上掛滿了燈飾，橋樑上也裝飾著燈飾，營造出喜慶的氛圍。橋樑上掛有紅色的標語，標語上寫著「2017」，顯示出慶祝新年的氣氛。街道上有行人和車輛，交通燈在閃爍，顯示出繁忙的都市生活。

2. 一輛白色轎車在夜間的城市街道上駛過，車燈照亮了前方的道路。街道兩側的建築物上掛滿了燈飾，橋樑上也裝飾著燈飾，營造出喜慶的氛圍。橋樑上掛有紅色的標語，標語上寫著「2017」，顯示出慶祝新年的氣氛。街道上有行人和車輛，交通燈在閃爍，顯示出繁忙的都市生活。

3. 一輛計程車在夜間的城市街道上駛過，車燈照亮了前方的道路。街道兩側的建築物上掛滿了燈飾，橋樑上也裝飾著燈飾，營造出喜慶的氛圍。橋樑上掛有紅色的標語，標語上寫著「2017」，顯示出慶祝新年的氣氛。街道上有行人和車輛，交通燈在閃爍，顯示出繁忙的都市生活。"
origin_dataset/20240112_171634.jpg,"1. 這張照片展示了一座現代化的建築群，建築物的外觀以灰色為主，窗戶排列整齊，建築頂部有幾塊突出的裝飾板，呈現出幾何圖形。天空中有一道飛機的尾跡，顯示出飛機剛剛飛過。建築旁邊還有一棵樹，樹葉在微風中輕輕搖曳。右側的建築物上掛有幾塊廣告牌，顯示出都市的繁忙與活力。

2. 照片中，一排現代建築矗立在城市中，建築的外觀以灰色為主，窗戶排列整齊，建築頂部有幾塊突出的裝飾板，呈現出幾何圖形。天空中有一道飛機的尾跡，顯示出飛機剛剛飛過。建築旁邊還有一棵樹，樹葉在微風中輕輕搖曳。右側的建築物上掛有幾塊廣告牌，顯示出都市的繁忙與活力。

3. 這張照片捕捉到了城市的一角，一排現代建築矗立在城市中，建築的外觀以灰色為主，窗戶排列整齊，建築頂部有幾塊突出的裝飾板，呈現出幾何圖形。天空中有一道飛機的尾跡，顯示出飛機剛剛飛過。建築旁邊還有一棵樹，樹葉在微風中輕輕搖曳。右側的建築物上掛有幾塊廣告牌，顯示出都市的繁忙與活力。"
origin_dataset/1529165618928.jpg,"1. 這張照片中有兩位畢業生，他們穿着黑色的畢業袍，上面有黃色的邊條和徽章，背景是一座現代建築，建築的設計獨特，有三角形的玻璃窗。照片中還可以看到其他畢業生和觀眾，他們似乎在參加一個盛大的畢業典禮。天空晴朗，陽光明媚，整個場景充滿了慶祝的氣氛。

2. 這張照片捕捉到了一個重要的瞬間，兩位畢業生站在前景，他們的畢業袍上標有學校的徽章。他們的後方是一群人，包括其他畢業生和觀眾，他們似乎正在參加一個大型的畢業典禮。背景中的建築設計獨特，三角形的玻璃窗非常引人注目。整個場景在陽光下顯得非常明亮，充滿了慶祝的氣氛。

3. 這張照片展示了兩位畢業生，他們站在前景，身穿黑色的畢業袍，上面有黃色的邊條和徽章。他們的後方是一群人，包括其他畢業生和觀眾，他們似乎正在參加一個盛大的畢業典禮。背景中的建築設計獨特，三角形的玻璃窗非常引人注目。整個場景在陽光下顯得非常明亮，充滿了慶祝的氣氛。"
origin_dataset/IMG20191026144052.jpg,"1. 一處公園，綠草如茵，樹木茂盛。樹枝間隙透出藍天，幾輛自行車停在樹下，遠處可見城市建築。

2. 公園內，樹木高大，枝葉繁茂，形成一片綠色的天然屏障。地面上鋪滿綠草，幾輛自行車停放在樹下，遠處的城市建築在晴朗的天空下若隱若現。

3. 綠色的公園，樹木高聳，枝葉茂密，散發出濃郁的自然氣息。地面上鋪滿綠草，幾輛自行車停在樹下，遠處的城市建築在藍天的映襯下顯得格外清晰。"
origin_dataset/IMG20220313114237.jpg,"1. 一位年輕男子站在一個巨大的紅色框架前，背景是藍天和大海。他穿着一件黑色外套、白色T恤和藍色牛仔褲，腳上穿著白色運動鞋。框架的影子投射在地面上，形成一個有趣的幾何圖形。遠處可以看到其他遊客和岩石。

2. 這張照片展示了一個年輕人站在一個大型紅色框架旁邊，背景是清澈的藍天和遙遠的海景。他穿著黑色外套、白色T恤和藍色牛仔褲，腳上是白色運動鞋。框架的影子在地面上形成了有趣的幾何圖形，遠處還可以看到其他遊客和岩石。

3. 一位年輕男子站在一個巨大的紅色框架前，背景是藍天和大海。他穿著黑色外套、白色T恤和藍色牛仔褲，腳上是白色運動鞋。框架的影子投射在地面上，形成一個有趣的幾何圖形。遠處可以看到其他遊客和岩石。"
origin_dataset/IMG20220317105815.jpg,"1. 一間室內空間，牆壁為淺藍色，地板鋪有六邊形地磚。空間內有一張黃色格子沙發，沙發上鋪有幾塊不同顏色的抱枕。沙發旁邊有一張黑色框架的桌子，桌上沒有擺放任何物品。沙發後方有一扇門，門邊有一個裝飾櫃，櫃子上擺放著一些裝飾品，包括一個玻璃罐和一些綠植。沙發的後方還有一棵綠色植物，放在一個黑色的花盆裡。沙發的左側有一個燈罩，燈罩是米色的，燈罩下方有一個米色的靠枕。沙發的前方有一張黃色的搖擺馬，搖擺馬的顏色是鮮豔的黃色，馬頭上有裝飾的繩子和馬鐙。沙發的前方還有一個粉紅色的坐凳，坐凳的底部有金色的裝飾。沙發的前方還有一個米色的坐凳，坐凳的底部有金色的裝飾。沙發的前方還有一個米色的坐凳，坐凳的底部有金色的裝飾。

2. 一間室內空間，牆壁為淺藍色，地板鋪有六邊形地磚。空間內有一張黃色格子沙發，沙發上鋪有幾塊不同顏色的抱枕。沙發後方有一扇門，門邊有一個裝飾櫃，櫃子上擺放著一些裝飾品，包括一個玻璃罐和一些綠植。沙發的後方還有一棵綠色植物，放在一個黑色的花盆裡。沙發的左側有一個燈罩，燈罩是米色的，燈罩下方有一個米色的靠枕。沙發的前方有一張黃色的搖擺馬，搖擺馬的顏色是鮮豔的黃色，馬頭上有裝飾的繩子和馬鐙。沙發的前方還有一個粉紅色的坐凳，坐凳的底部有金色的裝飾。沙發的前方還有一個米色的坐凳，坐凳的底部有金色的裝飾。沙發的前方還有一個米色的坐凳，坐凳的底部有金色的裝飾。

3. 一間室內空間，牆壁為淺藍色，地板鋪有六邊形地磚。空間內有一張黃色格子沙發，沙發上鋪有幾塊不同顏色的抱枕。沙發後方有一扇門，門邊有一個裝飾櫃，櫃子上擺放著一些裝飾品，包括一個玻璃罐和一些綠植。沙發的後方還有一棵綠色植物，放在一個黑色的花盆裡。沙發的左側有一個燈罩，燈罩是米色的，燈罩下方有一個米色的靠枕。沙發的前方有一張黃色的搖擺馬，搖擺馬的顏色是鮮豔的黃色，馬頭上有裝飾的繩子和馬鐙。沙發的前方還有一個粉紅色的坐凳，坐凳的底部有金色的裝飾。沙發的前方還有一個米色的坐凳，坐凳的底部有金色的裝飾。沙發的前方還有一個米色的坐凳，坐凳的底部有金色的裝飾。"
origin_dataset/IMG20220220160643.jpg,"1. 這張照片展示了一個室內展覽場景，牆上掛有三幅大型的海景畫作。畫面中，海浪翻騰，天空中雲層密布，色彩鮮豔，表現出一種動感的海面景象。觀眾們站在畫作前，似乎在欣賞這幅藝術作品，其中有人戴著口罩，可能是在一個需要保持衛生的場所。

2. 照片中，三幅大型海景畫作被展示在一個昏暗的展覽空間內。畫面中的海浪和天空構成了一幅動感的海景，色彩豐富，表現出一種壯麗的自然景象。觀眾們分散在畫作前，有的在觀賞，有的在拍照，他們的姿態和表情顯示出對這幅藝術作品的興趣和欣賞。

3. 這張照片捕捉到了一個室內展覽場景，牆上掛有三幅大型的海景畫作。畫面中的海浪和天空構成了一幅動感的海景，色彩鮮豔，表現出一種壯麗的自然景象。觀眾們分散在畫作前，有的在觀賞，有的在拍照，他們的姿態和表情顯示出對這幅藝術作品的興趣和欣賞。背景中可以看到一些展覽館的建築結構，顯示出這是一個室內的展覽空間。"
origin_dataset/FB_IMG_1485272722885(1)(1).jpg,"1. 一間小屋坐落在綠意盎然的草地上，周圍是茂密的樹木。天空中有一道淡淡的彩虹，為這片自然風景增添了一絲夢幻色彩。遠處的山丘隱約可見，樹木的剪影在天空的背景下顯得格外鮮明。

2. 綠色的草地延伸至一間小屋前，小屋的屋頂在樹木的掩映下若隱若現。天空中有一道柔和的彩虹，從遠處的山丘延伸至近處的樹梢，為這片自然景觀帶來了一絲柔和的色彩。

3. 一間小屋靜靜地坐落在綠意盎然的草地上，周圍是茂密的樹木。天空中有一道淡淡的彩虹，從遠處的山丘延伸至近處的樹梢，為這片自然風景帶來了一絲夢幻的色彩。遠處的山丘隱約可見，樹木的剪影在天空的背景下顯得格外鮮明。"
origin_dataset/20230820_180303.jpg,"1. 天空中有淡淡的彩虹，遠處的樹葉在微風中輕搖，近處的建築物在灰蒙蒙的天色中若隱若現。

2. 一側的樹枝伸展著，樹葉在微風中輕擺，天空中隱約有彩虹的痕跡，建築物的屋頂在灰暗的天色中顯得有些模糊。

3. 空氣中瀰漫著淡淡的雲霧，遠處的樹木在微風中搖曳，建築物的屋頂在灰暗的天色中若隱若現，天空中隱約有彩虹的痕跡。"
origin_dataset/20221106_165854.jpg,"1. 夕陽西下，天空被染成金黃色，雲層間透出幾絲藍色。公園內，人們在樹蔭下閒適地走動，享受著這份寧靜與美好。遠處，城市天際線若隱若現，建築群在落日餘暉中顯得格外壯觀。公園內的草地上，有人靜坐，有人拍照，享受著這份悠閒的時光。

2. 晚霞映照在公園的樹木上，樹葉間閃爍著金色的光澤。公園內，人們三三兩兩地走動，有說有笑，顯得十分開心。遠處，海港的貨櫃碼頭在落日餘暉中若隱若現，構成了一幅動人的城市風景畫。公園內的遊客們，有的在拍照留念，有的在閒適地走動，享受著這份寧靜與美好。

3. 夕陽西下，天空被染成金黃色，雲層間透出幾絲藍色。公園內，人們在樹蔭下閒適地走動，享受著這份寧靜與美好。遠處，城市天際線若隱若現，建築群在落日餘暉中顯得格外壯觀。公園內的草地上，有人靜坐，有人拍照，享受著這份悠閒的時光。遠處，海港的貨櫃碼頭在落日餘暉中若隱若現，構成了一幅動人的城市風景畫。"
origin_dataset/IMG_20180913_112514_788.jpg,1. 一張電腦桌上的照片，桌面上有一台顯示器，顯示器上顯示著一個網頁，網頁的背景顏色為藍色，網頁上有中文文字。顯示器前方有一個黑色的鍵盤，鍵盤上有一些數字和符號鍵。在鍵盤的前方，有一張白紙，上面寫著一些數學公式和文字。在顯示器的後方，有一台黑色的電腦主機，主機上有一些線條連接著顯示器和鍵盤。在顯示器的後方，還有一個白色的線條，線條上連接著顯示器和主機。在顯示器的後方，還有一個白色的線條，線條上連接著顯示器和主機。在顯示器的後方，還有一個白色的線條，線條上連接著顯示器和主機。在顯示器的後方，還有一個白色的線條，線條上連接著顯示器和主機。在顯示器的後方，還有一個白色的線條，線條上連接著顯示器和主機。在顯示器的後方，還有一個白色的線條，線條上連接著顯示器和主機。在顯示器的後方，還有一個白色的線條，線條上連接著顯示器和主機。在顯示器的後方，還有一個白色的線條，線條上連接著顯示器和主機。在顯示器的後方，還有一個白色的線條，線條上連接著顯示器和主機。在顯示器的後方，還有一個白色的線條，線條上連接著顯示器和主機。在顯示器的後方，還有一個白色的線條，線條上連接著顯示器和主機。在顯示器的後方，還有一個白色的線條，線條上連接著顯示器和主機。在顯示器的後方，還有一個白色的線條，線條上連接著顯示器和主機。在顯示器的後方，還有一個白色的線條，線條上連接著顯示器和主機。在顯示器的後方，還有一個白色的線條，線條上連接著顯示器和主機。在顯示器的後方，還有一個白色的線條，線條上連接著顯示器和主機。在顯示器的後方，還有一個白色的線條，線條上連接著顯示器和主機。在顯示器的後方，還有一個白色的線條，線條上連接著顯示器和主機。在顯示器的後方，還有一個白色的線條，線條上連接著顯示器和主機。在顯示器的後方，還有一個白色的線條，線條上連接著顯示器和主機。在顯示器的後方，還有一個白色的線條，線條上連接著顯示器和主機。在顯示器的後方，還有一個白色的線條，線條上連接著顯示器和主機。在顯示器的後方，還有一個白色的線條，線條上連接著顯示器和主機。在顯示器的後方，還有一個白色的線條，線條上連接著顯示器和主機。在顯示器的後方，還有一個白色的線條，線條上連接著顯示器和主機。在顯示器的後方，還有一個白色的線條，線條上連接著顯示器和主機。在顯示器的後方，還有一個白色的線條，線條上連接著顯示器和主機。在顯示器的後方，還有一個白色的線條，線條上連接著顯示器和主機。在顯示器的後方，還有一個白色的線條，線條上連接著顯示器和主機。在顯示器的後方，還有一個白色的線條，線條上連接著顯示器和主機。在顯示器的後方，還有一個白色的線條，線條上連接著顯示器和主機。在顯示器的後方，還有一個白色的線條，線條上連接著顯示器和主機。在顯示器的後方，還有一個白色的線條，線條上連接著顯示器和主機。在顯示器的後方，還有一個白色的線條，線條上連接著顯示器和主機。在顯示器的後方，還有一個白色的線條，線條上連接著顯示器和主機。在顯示器的後方，還有一
origin_dataset/IMG_20200902_120431_835.jpg,"1. 國立中央大學理學院光電科學與工程學系碩士班頒發的學位證書，授予呂俊廷同學，學位名稱為理學碩士。證書上蓋有國立中央大學的校章，日期為中華民國109年6月。證書內容包括學位名稱、授予人姓名、授予日期等信息。

2. 國立中央大學理學院光電科學與工程學系碩士班頒發的學位證書，授予呂俊廷同學，學位名稱為理學碩士。證書上蓋有國立中央大學的校章，日期為中華民國109年6月。證書內容包括學位名稱、授予人姓名、授予日期等信息，並附有呂俊廷同學的簽名。

3. 國立中央大學理學院光電科學與工程學系碩士班頒發的學位證書，授予呂俊廷同學，學位名稱為理學碩士。證書上蓋有國立中央大學的校章，日期為中華民國109年6月。證書內容包括學位名稱、授予人姓名、授予日期等信息，並附有呂俊廷同學的簽名。證書上還註明了呂俊廷同學的出生日期為中華民國84年11月18日。"
origin_dataset/IMG20220304143213.jpg,"1. 這是一條位於臺灣的城市街道，兩旁是各式各樣的商店和建築。街道兩側停有許多機車和汽車，顯示出繁忙的都市生活。路標上寫有「P 停車」，指示附近有停車場。路邊的建築物上掛有各種招牌，顯示出當地的商業活動和文化特色。街道兩側的建築物風格多樣，有現代化的玻璃建築，也有傳統的磚瓦建築。電線杆和電線在空中橫跨，顯示出城市電力供應的複雜性。街道兩側的樹木和綠化帶為城市增添了一絲綠意，緩解了都市的熱鬧氣氛。

2. 這是一條位於臺灣的城市街道，兩旁是各式各樣的商店和建築。街道兩側停有許多機車和汽車，顯示出繁忙的都市生活。路標上寫有「P 停車」，指示附近有停車場。路邊的建築物上掛有各種招牌，顯示出當地的商業活動和文化特色。街道兩側的建築物風格多樣，有現代化的玻璃建築，也有傳統的磚瓦建築。電線杆和電線在空中橫跨，顯示出城市電力供應的複雜性。街道兩側的樹木和綠化帶為城市增添了一絲綠意，緩解了都市的熱鬧氣氛。街道上還有行人和車輛經過，顯示出當地的日常生活。

3. 這是一條位於臺灣的城市街道，兩旁是各式各樣的商店和建築。街道兩側停有許多機車和汽車，顯示出繁忙的都市生活。路標上寫有「P 停車」，指示附近有停車場。路邊的建築物上掛有各種招牌，顯示出當地的商業活動和文化特色。街道兩側的建築物風格多樣，有現代化的玻璃建築，也有傳統的磚瓦建築。電線杆和電線在空中橫跨，顯示出城市電力供應的複雜性。街道兩側的樹木和綠化帶為城市增添了一絲綠意，緩解了都市的熱鬧氣氛。街道上還有行人和車輛經過，顯示出當地的日常生活。街道兩側的招牌上寫有中文和英文，顯示出當地的多元文化。"
origin_dataset/20240129_151548.jpg,"1. 一望無際的黃色花田，鮮豔奪目，與周圍綠意盎然的樹木形成鮮明對比。花田旁邊有一條曲徑，供遊客悠閒漫步。遠處的山丘上，樹木茂密，綠意盎然，天空湛藍，陽光普照，整體景色非常宜人。

2. 花田中種植著大量的黃色花朵，排列整齊，形成一片壯觀的花海。花田周圍是茂密的樹木，綠葉成蔭，與花田形成鮮明的色彩對比。遠處的山丘上，樹木層疊，綠意盎然，天空湛藍，陽光照射在花田上，散發出溫暖的光芒。

3. 一片廣闊的黃色花田，花田中種植著大量的黃色花朵，排列整齊，形成一片壯觀的花海。花田周邊是茂密的樹木，綠葉成蔭，與花田形成鮮明的色彩對比。遠處的山丘上，樹木層疊，綠意盎然，天空湛藍，陽光照射在花田上，散發出溫暖的光芒。花田旁邊有一條曲徑，供遊客悠閒漫步。遠處的山丘上，樹木茂密，綠意盎然，天空湛藍，陽光普照，整體景色非常宜人。"
origin_dataset/IMG20220315151817.jpg,"1. 海景：遠處是無垠的海洋，海面波光粼粼，天空中雲層密布，遠處有幾艘遠航的船隻，近處的綠葉在微風中輕搖。

2. 景觀：從高處俯瞰，海天一色，海面寬廣無邊，遠處的船隻在海面上劃過一道道波紋，近處的綠葉在風中搖曳，遠處的天空中雲層密布。

3. 自然風景：遠處是無垠的海洋，海面波光粼粼，天空中雲層密布，遠處的船隻在海面上劃過一道道波紋，近處的綠葉在風中搖曳。"
origin_dataset/11146197_632080513558441_1929890193431238889_n(1)(1).jpg,"1. 五位年輕人圍繞在桌子旁，似乎在進行一項活動。他們都戴著名牌，名牌上寫著中文。最前面的小孩正將一條粉紅色的橡皮筋套在桌上的物品上，而其他四人則在旁邊觀看或參與。背景中可以看到一扇大窗戶和一些椅子，牆壁上掛著一些裝飾品。

2. 這張照片捕捉到了一個室內場景，五位年輕人聚集在桌子旁。他們都戴著名牌，名牌上寫著中文。最前面的小孩正在將一條粉紅色的橡皮筋套在桌上的物品上，而其他四人則在旁邊觀看或參與。背景中可以看到一扇大窗戶和一些椅子，牆壁上掛著一些裝飾品。

3. 五位年輕人圍繞在桌子旁，似乎在進行一項活動。他們都戴著名牌，名牌上寫著中文。最前面的小孩正將一條粉紅色的橡皮筋套在桌上的物品上，而其他四人則在旁邊觀看或參與。背景中可以看到一扇大窗戶和一些椅子，牆壁上掛著一些裝飾品。"
origin_dataset/1555577317990.jpg,"1. 一羣學生與教師們在戶外合影，背景是綠樹成蔭的校園。學生們穿着統一的白色襯衫和黑色背心，搭配黑色褲子或裙子，腳上穿著白色襪子和黑色鞋子。教師們則穿著便服，部分人穿著綠色背心，顯得特別。照片右下角標註日期為2005年11月14日，時間為下午2點29分。

2. 這張照片捕捉了一個團體的歡聚時刻，背景是現代建築與綠樹相間的校園。學生們排成多層次的隊形，前排學生們坐著，後排則站著，他們的姿態充滿了青春活力。學生們的制服統一，顯得整齊劃一。教師們站在後排，與學生們一起合影，顯得親近和和諧。照片的時間戳記顯示為2005年11月14日，時間為下午2點29分。

3. 這張照片展示了一個學生與教師的團體合影，背景是現代化的校園建築與綠樹。學生們排成多層次的隊形，前排學生們坐著，後排則站著，他們的制服統一，顯得整齊劃一。教師們站在後排，與學生們一起合影，顯得親近和和諧。照片右下角標註日期為2005年11月14日，時間為下午2點29分。"
origin_dataset/IMG_20220209_000110_363.jpg,"1. 一位年輕的男士，身著淺藍色襯衫，搭配深藍色長褲，坐在木製的高腳凳上，雙手輕鬆地放在褲袋中，面帶微笑，神態自信。

2. 這位男士留有短黑髮，臉型圓潤，五官端正，穿著簡單卻顯得乾淨利落，坐姿自然，顯得既專業又親和。

3. 他身著一襲淺藍色襯衫，搭配深藍色長褲，坐在木製的高腳凳上，雙手輕鬆地放在褲袋中，面帶微笑，神態自信，整體看起來既專業又親和。"
origin_dataset/IMG_20180615_114356_264.jpg,"1. 這是一張多人合影的照片，背景是一個室內場地，天花板上裝飾著幾盞燈飾。前排的人們手持氣球，氣球上寫著「THU DHHS」的英文字母。後排的人們站成幾排，表情開心，似乎是在慶祝某個活動或會議。場地的裝飾和氣氛顯得相當正式且喜慶。

2. 這張照片捕捉了一群人在一起慶祝的場景。他們站在室內的場地裡，背景有幾盞燈飾。前排的人們手持寫有「THU DHHS」字母的氣球，顯然在慶祝一個特定的活動或會議。後排的人們站成幾排，表情開心，似乎是在慶祝某個重要的時刻。場地的裝飾和氣氛顯得相當正式且喜慶。

3. 這張照片展示了一群人在一起慶祝的場景。他們站在室內的場地裡，背景有幾盞燈飾。前排的人們手持寫有「THU DHHS」字母的氣球，顯然在慶祝一個特定的活動或會議。後排的人們站成幾排，表情開心，似乎是在慶祝某個重要的時刻。場地的裝飾和氣氛顯得相當正式且喜慶。"
origin_dataset/IMG_20200225_115213_098.jpg,"1. 這張照片展示了一片綠意盎然的公園景觀。天空湛藍無雲，陽光明媚，照耀著公園內的綠樹和草地。公園內種植了多種植物，包括高大的樹木和低矮的灌木，樹木的葉子在微風中輕輕搖曳。公園的邊緣有一條鋪設的石板路，路邊種植了綠色的灌木，形成一道自然的屏障。公園內還設有幾盞燈柱，燈柱旁邊立有標誌牌，顯示出公園的整潔與規劃。

2. 照片中，公園的景觀非常宜人，綠草如茵，綠樹成蔭。樹木的葉子在陽光下閃耀，顯得格外鮮豔。公園內的植物種類豐富，除了高大的樹木，還種植了許多低矮的灌木和花卉，這些植物在微風中輕輕搖曳，給公園帶來了生機與活力。公園的邊緣鋪設了石板路，路邊種植了綠色的灌木，形成一道自然的屏障，保護了公園的環境。公園內還設有幾盞燈柱，燈柱旁邊立有標誌牌，顯示出公園的整潔與規劃。

3. 這張照片捕捉到了一個晴朗的公園景觀。天空湛藍無雲，陽光明媚，照耀著公園內的綠樹和草地。公園內種植了多種植物，包括高大的樹木和低矮的灌木，樹木的葉子在微風中輕輕搖曳。公園的邊緣有一條鋪設的石板路，路邊種植了綠色的灌木，形成一道自然的屏障。公園內還設有幾盞燈柱，燈柱旁邊立有標誌牌，顯示出公園的整潔與規劃。整體來說，這張照片展示了公園的美麗景觀和精心設計的環境。"
origin_dataset/20230806_165428.jpg,"1. 夕陽西下，樹木的剪影在天空中投下斑斕的光線，樹葉間的陽光斑點閃耀著，構成一幅美麗的自然畫面。

2. 天空中的雲層被夕陽染成金黃色，樹木的葉子在微風中輕輕搖曳，陽光從樹葉間透出，形成光斑點點，散發出溫暖的光芒。

3. 夕陽的餘暉從樹梢間透出，樹葉在微風中輕擺，陽光在樹葉間閃爍，形成光斑點點，構成一幅動人的自然風景。"
origin_dataset/20240727_153802.jpg,"1. 這張照片展示了一個室內的會議廳或教室，牆壁上裝有方形的燈光裝置，牆面為淺色木質材料。前排有幾位學生坐在課桌旁，正在聽講或做筆記。後方有一排排的課桌椅，似乎準備好迎接更多的學生。場地的設計注重空間的利用和光線的分配，適合進行教學或會議活動。

2. 照片中，一個寬敞的會議廳或教室內，牆壁上裝有方形的燈光裝置，牆面為淺色木質材料。前排有幾位學生坐在課桌旁，正在聽講或做筆記。後方有一排排的課桌椅，似乎準備好迎接更多的學生。場地的設計注重空間的利用和光線的分配，適合進行教學或會議活動。

3. 這張照片捕捉到了一個室內的會議廳或教室的場景。牆壁上裝有方形的燈光裝置，牆面為淺色木質材料。前排有幾位學生坐在課桌旁，正在聽講或做筆記。後方有一排排的課桌椅，似乎準備好迎接更多的學生。場地的設計注重空間的利用和光線的分配，適合進行教學或會議活動。"
origin_dataset/IMG20220315164104.jpg,"1. 海邊的風景，遠處是廣闊的海面，天空中散佈著幾朵雲彩，近處是茂密的植被和電線，電線橫跨在海面之上，遠處的海面反射著天空的藍色，海面波光粼粼，近處的植被在微風中輕搖。

2. 海邊的風景，遠處是無邊的海面，天空中散佈著幾朵雲彩，近處是茂密的植被和電線，電線橫跨在海面之上，遠處的海面反射著天空的藍色，海面波光粼粼，近處的植被在微風中輕搖。

3. 海邊的風景，遠處是廣闊的海面，天空中散佈著幾朵雲彩，近處是茂密的植被和電線，電線橫跨在海面之上，遠處的海面反射著天空的藍色，海面波光粼粼，近處的植被在微風中輕搖。"
origin_dataset/IMG20220316201512.jpg,"1. 桌上擺放著一鍋滾燙的湯底，周圍圍繞著各種食材，包括生菜、雞肉、蝦仁、火鍋肉片等。桌上還有一個茶壺、兩隻小碟子、一張紙巾和一張紙杯，供客人使用。背景中可以看到餐廳的其他座位，椅子是紅色的，牆壁是磚紋裝飾。

2. 桌上擺放著一鍋滾燙的湯底，周圍圍繞著各種食材，包括生菜、雞肉、蝦仁、火鍋肉片等。桌上還有一個茶壺、兩隻小碟子、一張紙巾和一張紙杯，供客人使用。背景中可以看到餐廳的其他座位，椅子是紅色的，牆壁是磚紋裝飾。

3. 桌上擺放著一鍋滾燙的湯底，周圍圍繞著各種食材，包括生菜、雞肉、蝦仁、火鍋肉片等。桌上還有一個茶壺、兩隻小碟子、一張紙巾和一張紙杯，供客人使用。背景中可以看到餐廳的其他座位，椅子是紅色的，牆壁是磚紋裝飾。"
origin_dataset/IMG20220313133339.jpg,"1. 一望無際的稻田，綠意盎然，遠處是連綿起伏的山脈，天空中雲彩飄浮，景色宜人。

2. 稻田廣闊，稻苗翠綠，田埂邊有水泥牆，牆邊散落著幾塊石頭，遠處山脈隱約可見，天空藍白相間，雲層厚重。

3. 稻田佔據視野中心，稻苗長勢良好，田埂旁有水泥牆，牆邊有石頭，遠處山脈在雲霧中若隱若現，天空藍白相間，雲層厚重。"
origin_dataset/IMG20210814220547.jpg,"1. 一位年輕男子站在鏡子前，鏡子反射出他的全貌。他戴著一隻藍色的口罩，身穿一件黑色的短袖T恤，雙手握著一部紅色的智慧型手機，正在自拍。背景中可以看到一扇黑色的門，門上掛著一串紅綠相間的聖誕節裝飾，以及一盆綠色植物和一個黃色的警告標誌。牆壁是白色的，地板鋪有淺色的方磚，天花板上裝有燈管和一些管道。

2. 一位年輕的男性站在鏡子前，鏡子中反射出他的全身。他戴著一隻藍色的口罩，穿著一件黑色的短袖T恤，雙手握著一部紅色的智慧型手機，正在自拍。背景中可以看到一扇黑色的門，門上掛著一串紅綠相間的聖誕節裝飾，以及一盆綠色植物和一個黃色的警告標誌。牆壁是白色的，地板鋪有淺色的方磚，天花板上裝有燈管和一些管道。

3. 一位年輕的男性站在鏡子前，鏡子中反射出他的全身。他戴著一隻藍色的口罩，穿著一件黑色的短袖T恤，雙手握著一部紅色的智慧型手機，正在自拍。背景中可以看到一扇黑色的門，門上掛著一串紅綠相間的聖誕節裝飾，以及一盆綠色植物和一個黃色的警告標誌。牆壁是白色的，地板鋪有淺色的方磚，天花板上裝有燈管和一些管道。"
origin_dataset/IMG20220311204354.jpg,"1. 夜晚的城市公園，燈光點綴著樹木和建築。公園內有軌道，兩旁是綠色的草地和樹木，遠處是高樓大廈，建築燈光閃爍，形成美麗的夜景。

2. 城市公園的夜景，公園內有軌道和綠色的草地，樹木間散落著燈光。遠處的高樓大廈在夜色中閃耀，建築的燈光與公園的燈光交相輝映，構成一幅美麗的夜景。

3. 城市公園的夜景，公園內有軌道和綠色的草地，樹木間散落著燈光。遠處的高樓大廈在夜色中閃耀，建築的燈光與公園的燈光交相輝映，形成一幅美麗的夜景。"
origin_dataset/20240101_170819.jpg,"1. 一張籃球場的照片，籃球場的顏色為藍色和綠色，籃球架位於籃球場的一側。籃球場的邊緣有一條紅色的跑道。籃球場的後方有一棟建築物，建築物的牆壁為白色，窗戶為黑色。籃球場的邊緣有一些綠色的樹木。

2. 一張籃球場的照片，籃球場的顏色為藍色和綠色，籃球架位於籃球場的一側。籃球場的邊緣有一條紅色的跑道。籃球場的後方有一棟建築物，建築物的牆壁為白色，窗戶為黑色。籃球場的邊緣有一些綠色的樹木。籃球場上有兩個人，他們正在打籃球。

3. 一張籃球場的照片，籃球場的顏色為藍色和綠色，籃球架位於籃球場的一側。籃球場的邊緣有一條紅色的跑道。籃球場的後方有一棟建築物，建築物的牆壁為白色，窗戶為黑色。籃球場的邊緣有一些綠色的樹木。籃球場上有兩個人，他們正在打籃球。籃球場的後方有一個籃球框，籃球框的顏色為藍色和白色。籃球場的邊緣有一些綠色的樹木。籃球場的後方有一棟建築物，建築物的牆壁為白色，窗戶為黑色。籃球場的邊緣有一些綠色的樹木。籃球場的後方有一個籃球框，籃球框的顏色為藍色和白色。籃球場的邊緣有一些綠色的樹木。籃球場的後方有一棟建築物，建築物的牆壁為白色，窗戶為黑色。籃球場的邊緣有一些綠色的樹木。籃球場的後方有一個籃球框，籃球框的顏色為藍色和白色。籃球場的邊緣有一些綠色的樹木。籃球場的後方有一棟建築物，建築物的牆壁為白色，窗戶為黑色。籃球場的邊緣有一些綠色的樹木。籃球場的後方有一個籃球框，籃球框的顏色為藍色和白色。籃球場的邊緣有一些綠色的樹木。籃球場的後方有一棟建築物，建築物的牆壁為白色，窗戶為黑色。籃球場的邊緣有一些綠色的樹木。籃球場的後方有一個籃球框，籃球框的顏色為藍色和白色。籃球場的邊緣有一些綠色的樹木。籃球場的後方有一棟建築物，建築物的牆壁為白色，窗戶為黑色。籃球場的邊緣有一些綠色的樹木。籃球場的後方有一個籃球框，籃球框的顏色為藍色和白色。籃球場的邊緣有一些綠色的樹木。籃球場的後方有一棟建築物，建築物的牆壁為白色，窗戶為黑色。籃球場的邊緣有一些綠色的樹木。籃球場的後方有一個籃球框，籃球框的顏色為藍色和白色。籃球場的邊緣有一些綠色的樹木。籃球場的後方有一棟建築物，建築物的牆壁為白色，窗戶為黑色。籃球場的邊緣有一些綠色的樹木。籃球場的後方有一個籃球框，籃球框的顏色為藍色和白色。籃球場的邊緣有一些綠色的樹木。籃球場的後方有一棟建築物，建築物的牆壁為白色，窗戶為黑色。籃球場的邊緣有一些綠色的樹木。籃球場的後方有一個籃球框，籃球框的顏色為藍色和白色。籃球場的邊緣有一些綠色的樹木。籃球場的後方有一"
origin_dataset/IMG20220317134823.jpg,"1. 海灘上鋪滿了細膩的沙子，沙子的顏色是淺黃色，沙子表面有許多腳印和痕跡。海浪輕輕拍打著海岸線，遠處可以看到一塊小島，島上沒有植被，天空陰沉，雲層厚重，海面波濤洶涌。

2. 海灘上空無一人，只有幾面小旗子插在沙地上，沙子細膩，沙子表面有許多腳印和痕跡。海浪輕輕拍打著海岸線，遠處可以看到一塊小島，島上沒有植被，天空陰沉，雲層厚重，海面波濤洶涌。

3. 海灘上鋪滿了細膩的沙子，沙子的顏色是淺黃色，沙子表面有許多腳印和痕跡。海浪輕輕拍打著海岸線，遠處可以看到一塊小島，島上沒有植被，天空陰沉，雲層厚重，海面波濤洶涌。海灘上空無一人，只有幾面小旗子插在沙地上。"
origin_dataset/14663_632087766891049_2161943290144041439_n(1)(1).jpg,"1. 一群人在戶外的石階上聚集，似乎在討論某件事情。他們都穿着厚實的外套，可能因為天氣較冷。其中一個人手持藍色文件夾，似乎在向其他人展示或解釋文件內容。背景中可以看到一些綠色植物和建築物，顯示出他們可能在一個公園或社區的開放空間。

2. 一羣人圍在一起，似乎在進行一場討論或會議。他們都穿著冬季外套，顯示出天氣較冷。其中一個人手持藍色文件夾，可能是在向其他人展示或解釋文件內容。背景中可以看到一些綠色植物和建築物，顯示出他們可能在一個公園或社區的開放空間。

3. 一群人在戶外的石階上聚集，似乎在討論某件事情。他們都穿着厚實的外套，可能因為天氣較冷。其中一個人手持藍色文件夾，似乎在向其他人展示或解釋文件內容。背景中可以看到一些綠色植物和建築物，顯示出他們可能在一個公園或社區的開放空間。"
origin_dataset/20230805_155524.jpg,"1. 一隻透明玻璃杯，杯內裝有深色的飲料，可能是冰咖啡或茶飲，杯口處有一根白色吸管，杯底放置在一個有斑點的淺色杯墊上，杯墊又放在一張木質桌面上。背景中可以看到一扇網狀玻璃門，門後有模糊的室內裝飾和家具。

2. 一張木質桌面上放置著一個透明玻璃杯，杯內裝有深色的飲料，杯口處有一根白色吸管，杯底放置在一個有斑點的淺色杯墊上。背景中可以看到一扇網狀玻璃門，門後有模糊的室內裝飾和家具。

3. 一張木質桌面上有一個透明玻璃杯，杯內裝有深色的飲料，杯口處有一根白色吸管，杯底放置在一個有斑點的淺色杯墊上。背景中可以看到一扇網狀玻璃門，門後有模糊的室內裝飾和家具。"
origin_dataset/20181_632063643560128_621594163824218226_n(1)(1).jpg,"1. 四位年輕人坐在室內，背景是牆壁和一些裝備。他們面帶微笑，似乎在參加一個活動或會議。牆壁上掛有標語，內容涉及健康和安全的提示。地上散落著一些物品，包括頭盔和箱子。

2. 這張照片捕捉到了四個年輕人坐在室內的場景。他們坐在白色的折疊椅上，面帶微笑，似乎在進行一場討論或會議。牆壁上掛有標語，內容涉及健康和安全的提示。地上散落著一些物品，包括頭盔和箱子。

3. 四位年輕人坐在室內，背景是牆壁和一些裝備。他們面帶微笑，似乎在參加一個活動或會議。牆壁上掛有標語，內容涉及健康和安全的提示。地上散落著一些物品，包括頭盔和箱子。"
origin_dataset/11150431_632074360225723_7373090648725224278_n(1)(1).jpg,"1. 這是一張在教室內拍攝的合影，背景牆上掛有紅色的橫幅，上面寫著中文。同學們排成兩排，面帶微笑，舉起右手比出勝利的V字形，似乎是在慶祝某個活動的成功。同學們的裝扮各不相同，有穿著運動服的，也有穿著休閒服的，顯示出他們的個性與風格。牆上還掛有一些裝飾品，包括一些圖案和標語，增加了教室的氛圍。

2. 這張照片捕捉了一群學生在教室內的歡樂時刻。他們排成兩排，面帶笑容，舉起右手比出勝利的V字形，似乎是在慶祝某個活動的成功。同學們的裝扮各不相同，有穿著運動服的，也有穿著休閒服的，顯示出他們的個性與風格。背景牆上掛有紅色的橫幅，上面寫著中文，可能是活動的標題或主題。牆上還掛有一些裝飾品，包括一些圖案和標語，增加了教室的氛圍。

3. 這張照片展示了一群學生在教室內的歡樂時刻。他們排成兩排，面帶笑容，舉起右手比出勝利的V字形，似乎是在慶祝某個活動的成功。同學們的裝扮各不相同，有穿著運動服的，也有穿著休閒服的，顯示出他們的個性與風格。背景牆上掛有紅色的橫幅，上面寫著中文，可能是活動的標題或主題。牆上還掛有一些裝飾品，包括一些圖案和標語，增加了教室的氛圍。同學們看起來非常開心，似乎對這次活動感到非常滿意。"
origin_dataset/11009900_632075123558980_2703656695755317738_n(1)(1).jpg,"1. 六位年輕人站在教室內，他們似乎在進行一場討論或活動。背景中可以看到黑板和一些掛圖，教室的牆壁上有一些破損的痕跡。他們的姿態各異，有站立的，有稍微傾身的，似乎在積極參與活動。

2. 教室內有六位年輕人，他們圍成一圈，似乎在進行一場小組討論。牆壁上掛有黑板和一些彩色的掛圖，教室的環境看起來比較簡陋，牆壁上有明顯的破損。他們的姿態各異，有說話的，有傾聽的，顯然在進行著某種活動。

3. 六位年輕人站在教室內，他們圍成一圈，似乎在進行一場活動。背景中可以看到黑板和一些掛圖，教室的牆壁上有一些破損的痕跡。他們的姿態各異，有說話的，有傾聽的，顯然在進行著某種活動。"
origin_dataset/line_1528991792193.jpg,"1. 這張照片展示了一個夜晚的城市景觀，從一個高樓的露臺拍攝。照片的前景是一個鐵欄杆，後方是鋪設有方磚的露臺地面。遠處可以看到城市的建築和燈光，天空呈深色，顯示出夜間的氛圍。照片的右側有一個發光的招牌，但無法辨識其具體內容。整體感覺是靜謐而孤獨的夜景。

2. 照片捕捉到了一個城市的夜景，從一個高樓的露臺俯瞰。前景是一個鐵欄杆，後方是鋪設方磚的露臺地面。遠處的城市建築和燈光在黑暗的天空下若隱若現。右側有一個發光的招牌，但無法辨識其具體內容。整體氛圍是夜晚的寧靜與孤獨。

3. 這張照片呈現了一個夜晚的城市景觀，從一個高樓的露臺拍攝。前景是一個鐵欄杆，後方是鋪設方磚的露臺地面。遠處的城市建築和燈光在黑暗的天空下若隱若現。右側有一個發光的招牌，但無法辨識其具體內容。整體感覺是靜謐而孤獨的夜景。"
origin_dataset/IMG20220220163406.jpg,"1. 展覽館內，數位投影技術將歷史畫作以動態形式呈現，觀眾圍坐在大屏幕前，全神貫注地觀看。畫面中，巴黎街頭的風景與人物活動栩栩如生，彷彿將觀眾帶回那個時代。畫面中，一位穿著正式服裝的男子正與另一人交談，周圍是熙熙攘攘的行人，背景是歐洲古典建築的建築群。

2. 展覽館內，數位投影技術將歷史畫作以動態形式呈現，觀眾圍坐在大屏幕前，全神貫注地觀看。畫面中，巴黎街頭的風景與人物活動栩栩如生，彷彿將觀眾帶回那個時代。畫面中，一位穿著正式服裝的男子正與另一人交談，周圍是熙熙攘攘的行人，背景是歐洲古典建築的建築群。

3. 展覽館內，數位投影技術將歷史畫作以動態形式呈現，觀眾圍坐在大屏幕前，全神貫注地觀看。畫面中，巴黎街頭的風景與人物活動栩栩如生，彷彿將觀眾帶回那個時代。畫面中，一位穿著正式服裝的男子正與另一人交談，周圍是熙熙攘攘的行人，背景是歐洲古典建築的建築群。"
origin_dataset/1539522424597.jpg,"1. 環繞著濃密的綠色植被，山峰在雲霧中若隱若現，遠處的山脈在灰暗的天空下顯得遙遠而肅穆。山頂的石階鋪設著鐵索欄杆，為遊客提供安全的攀爬通道。

2. 空氣中瀰漫著濃郁的樹木香氣，遠處的山巒在薄霧中若隱若現，天空被厚重的雲層覆蓋，顯得格外肅穆。山頂的石階鋪設著鐵索欄杆，為遊客提供安全的攀爬通道。

3. 環繞著濃密的綠色植被，山峰在雲霧中若隱若現，遠處的山脈在灰暗的天空下顯得遙遠而肅穆。山頂的石階鋪設著鐵索欄杆，為遊客提供安全的攀爬通道。"
origin_dataset/1551029111633.jpg,"1. 一位年輕男子坐在室內的沙發上，頭戴一頂黑色棒球帽，帽檐朝前。他穿着一件深藍色的V領短袖T恤和一雙淺色牛仔褲，手腕上戴著一塊黑色的腕錶。他雙手握著一部手機，似乎在看螢幕。背景中可以看到其他幾個人，他們坐在不同的位置，似乎在進行不同的活動。環境看起來像是咖啡廳或餐廳，有木質地板和玻璃窗，自然光從窗外照進來。

2. 一位年輕人坐在室內的沙發上，頭戴一頂黑色棒球帽，帽檐朝前。他穿著一件深藍色的V領短袖T恤和一雙淺色牛仔褲，手腕上戴著一塊黑色的腕錶。他雙手握著一部手機，似乎在看螢幕。背景中可以看到其他幾個人，他們坐在不同的位置，似乎在進行不同的活動。環境看起來像是咖啡廳或餐廳，有木質地板和玻璃窗，自然光從窗外照進來。

3. 一位年輕男子坐在室內的沙發上，頭戴一頂黑色棒球帽，帽檐朝前。他穿著一件深藍色的V領短袖T恤和一雙淺色牛仔褲，手腕上戴著一塊黑色的腕錶。他雙手握著一部手機，似乎在看螢幕。背景中可以看到其他幾個人，他們坐在不同的位置，似乎在進行不同的活動。環境看起來像是咖啡廳或餐廳，有木質地板和玻璃窗，自然光從窗外照進來。"
origin_dataset/IMG20220425151624.jpg,"1. 這是一張鐵路車站月台的照片。月台上有一個木製的長椅，供乘客休息。月台的兩側是鐵軌，鐵軌上方有鐵路電纜。月台的頂部有一個鐵製的屋頂，保護乘客免受陽光和雨淋。背景中可以看到一些高樓大廈和綠樹，顯示出車站位於一個城市區域。月台的地面是水泥鋪成的，看起來有些破舊。月台的盡頭有一個紅色的警示燈，提醒乘客注意安全。

2. 這張照片展示了一個鐵路車站的月台。月台的設計簡單實用，有一個鐵製的屋頂，保護乘客免受天氣影響。月台上有一個木製的長椅，供乘客休息。月台兩側是鐵軌，鐵軌上方有鐵路電纜。背景中可以看到一些高樓大廈和綠樹，顯示出車站位於一個城市區域。月台的盡頭有一個紅色的警示燈，提醒乘客注意安全。月台的地面是水泥鋪成的，看起來有些破舊。

3. 這張照片捕捉到了一個鐵路車站的月台。月台的設計簡單實用，有一個鐵製的屋頂，保護乘客免受天氣影響。月台上有一個木製的長椅，供乘客休息。月台兩側是鐵軌，鐵軌上方有鐵路電纜。背景中可以看到一些高樓大廈和綠樹，顯示出車站位於一個城市區域。月台的盡頭有一個紅色的警示燈，提醒乘客注意安全。月台的地面是水泥鋪成的，看起來有些破舊。月台的兩側還有一些燈柱和電線，顯示出車站的現代化設施。"
origin_dataset/IMG20220316141415.jpg,"1. 這張照片中，一個人站在戶外，背景是綠色的草地和岩石。他留著黑色的短髮，臉上帶著微笑，露出白色的牙齒。他穿著一件深藍色的牛仔外套，裡面是一件白色T恤，T恤上印有英文字母。他的口袋裡有一個白色的口罩。背景中可以看到一些樹木和岩石，天空是灰白色的。

2. 這張照片展示了一位年輕人，他站在一個公園裡。他留著黑色的短髮，臉上帶著溫馨的笑容，露出白色的牙齒。他穿著一件深藍色的牛仔外套，裡面是一件白色T恤，T恤上印有英文字母。他的口袋裡有一個白色的口罩。背景中可以看到綠色的草地和岩石，以及一些樹木和岩石，天空是灰白色的。

3. 這張照片中，一個人站在戶外，背景是綠色的草地和岩石。他留著黑色的短髮，臉上帶著微笑，露出白色的牙齒。他穿著一件深藍色的牛仔外套，裡面是一件白色T恤，T恤上印有英文字母。他的口袋裡有一個白色的口罩。背景中可以看到一些樹木和岩石，天空是灰白色的。"
origin_dataset/20221231_164215.jpg,"1. 一碗濃郁的甜品，碗內裝滿了濃稠的糖漿，上面鋪有塊狀的奶酪，呈現出金黃色澤。碗的邊緣是黑色的，碗內的糖漿顏色較深，與奶酪形成鮮明對比。碗的旁邊有一個小碟子，碟子內裝有茶，茶色較淺，可能是綠茶或烏龍茶。碗的旁邊還有一個白色的湯匙，放在一張白色的餐巾紙上。整體擺盤簡潔，注重細節，呈現出一種高雅的用餐氛圍。

2. 這道甜品的碗內裝滿了濃稠的糖漿，上面鋪有塊狀的奶酪，呈現出金黃色澤。碗的邊緣是黑色的，碗內的糖漿顏色較深，與奶酪形成鮮明對比。碗的旁邊有一個小碟子，碟子內裝有茶，茶色較淺，可能是綠茶或烏龍茶。碗的旁邊還有一個白色的湯匙，放在一張白色的餐巾紙上。整體擺盤簡潔，注重細節，呈現出一種高雅的用餐氛圍。這道甜品的呈現方式和擺盤風格，顯示出這家餐廳對於細節的重視，以及對於用餐體驗的用心。

3. 這張照片展示了一碗濃稠的甜品，碗內裝滿了濃稠的糖漿，上面鋪有塊狀的奶酪，呈現出金黃色澤。碗的邊緣是黑色的，碗內的糖漿顏色較深，與奶酪形成鮮明對比。碗的旁邊有一個小碟子，碟子內裝有茶，茶色較淺，可能是綠茶或烏龍茶。碗的旁邊還有一個白色的湯匙，放在一張白色的餐巾紙上。整體擺盤簡潔，注重細節，呈現出一種高雅的用餐氛圍。這道甜品的呈現方式和擺盤風格，顯示出這家餐廳對於細節的重視，以及對於用餐體驗的用心。甜品的色澤和擺盤，都透露出這家餐廳對於美食的用心和對待客人的細心。"
origin_dataset/IMG20220127212210_02.jpg,"1. 夜晚的城市景觀，遠處的建築物點綴著點點燈光，形成一道美麗的天際線。近處的樹木和灌木在微弱的光線中顯現出深淺不一的綠色，與遠處的城市形成鮮明對比。天空則是深邃的黑色，沒有任何雲彩。

2. 一張夜景照片，展示了城市在夜晚的景象。遠處的建築群被點綴著光點，構成了一幅動人的城市天際線。近處的樹木和灌木在微弱的光線中顯現出深淺不一的綠色，與遠處的城市形成鮮明對比。天空則是深邃的黑色，沒有任何雲彩。

3. 這張照片捕捉到了夜晚的城市風景。遠處的建築物點綴著點點燈光，構成了一道美麗的天際線。近處的樹木和灌木在微弱的光線中顯現出深淺不一的綠色，與遠處的城市形成鮮明對比。天空則是深邃的黑色，沒有任何雲彩。"
origin_dataset/IMG20220717184806.jpg,"1. 這座建築物外形獨特，傾斜的屋頂設計與周圍環境形成鮮明對比。建築的外牆採用淺色材料，與綠色的草地形成鮮明對比，建築的頂部有一個小的天線，建築的側面有一個玻璃窗，建築的後方有一棵大樹，建築的前方有一個廣場，廣場上有一些人。

2. 建築物的設計非常現代，傾斜的屋頂和玻璃窗的設計使得建築物看起來非常有現代感。建築物的外牆是淺色的，與周圍的綠色草地形成鮮明對比。建築物的後方有一棵大樹，建築物的前方有一個廣場，廣場上有一些人。

3. 建築物的設計非常獨特，傾斜的屋頂和玻璃窗的設計使得建築物看起來非常有現代感。建築物的外牆是淺色的，與周圍的綠色草地形成鮮明對比。建築物的後方有一棵大樹，建築物的前方有一個廣場，廣場上有一些人。建築物的頂部有一個小的天線，建築的側面有一個玻璃窗。"
origin_dataset/20240615_162942.jpg,"1. 一位年輕的男性，留有黑色短髮，上身赤裸，露出健壯的肌肉。他穿着一件藍色的背心，搭配綠色的短褲，雙手自然垂放，右手持有一部手機，正在鏡子前自拍。背景為一間室內空間，牆壁為白色，門為深色，門上貼有標籤，牆角處有一塊綠色的布條。

2. 一位年輕的男性，站在室內，雙手自然垂放，右手持有一部手機，正在鏡子前自拍。他留有黑色短髮，上身赤裸，露出健壯的肌肉。他穿着一件藍色的背心，搭配綠色的短褲。背景為一間室內空間，牆壁為白色，門為深色，門上貼有標籤，牆角處有一塊綠色的布條。

3. 一位年輕的男性，站在室內，雙手自然垂放，右手持有一部手機，正在鏡子前自拍。他留有黑色短髮，上身赤裸，露出健壯的肌肉。他穿着一件藍色的背心，搭配綠色的短褲。背景為一間室內空間，牆壁為白色，門為深色，門上貼有標籤，牆角處有一塊綠色的布條。"
origin_dataset/IMG_20201128_012309_290.jpg,"1. 青山遠處，層層疊疊的山脈在藍天的映襯下顯得格外壯麗。陽光從天邊灑落，形成一道道光線，劃破了無邊的藍天。近處的樹枝上，葉子在微風中輕輕搖曳，顯得格外鮮明。

2. 空氣中瀰漫著清新的氣息，遠處的山脈在陽光的照耀下，顯得格外清晰。山腳下的樹木在微風中輕輕搖曳，葉子在陽光下閃耀著微光。遠處的山脈層層疊疊，構成了一幅壯麗的自然畫卷。

3. 青山遠處，層層疊疊的山脈在藍天的映襯下顯得格外壯麗。陽光從天邊灑落，形成一道道光線，劃破了無邊的藍天。近處的樹枝上，葉子在微風中輕輕搖曳，顯得格外鮮明。遠處的山脈層層疊疊，構成了一幅壯麗的自然畫卷。"
origin_dataset/line_1513577812308.jpg,"1. 一碗湯，裡面有麵條、蔬菜和一些不明的食材，湯汁濃稠，表面有芝麻裝飾。碗邊有一片生菜葉，碗裡還有一小塊白色的物體，可能是豆腐或奶酪。

2. 桌子上有一個白色的盤子，裡面裝著一盤湯，湯裡有麵條、蔬菜和一些不明的食材，湯汁濃稠，表面有芝麻裝飾。碗邊有一片生菜葉，碗裡還有一小塊白色的物體，可能是豆腐或奶酪。

3. 桌子上有一個白色的盤子，裡面裝著一盤湯，湯裡有麵條、蔬菜和一些不明的食材，湯汁濃稠，表面有芝麻裝飾。碗邊有一片生菜葉，碗裡還有一小塊白色的物體，可能是豆腐或奶酪。盤子旁邊還有一個透明的塑料袋，裡面裝著一些不明的東西。"
origin_dataset/IMG20220314135300.jpg,"1. 這是一棟現代建築，外牆裝飾有色彩鮮豔的幾何圖案，圖案由多個小方塊組成，顏色包括藍、紅、黃、綠等。建築的入口處設有玻璃門，門前有幾位行人正在走動。建築的頂部有一個突出的白色柱子，柱子上掛有幾塊裝飾板，板上也印有幾何圖案。建築的側面有一個大型的玻璃窗，窗戶旁邊有一個樓梯，樓梯上寫有“SARO”字樣。

2. 這座建築的外牆設計獨特，採用了大量的幾何圖案裝飾，圖案由不同顏色的小方塊組成，主要顏色有藍、紅、黃、綠等。建築的入口處設有透明的玻璃門，門前有幾位行人正在走動。建築的頂部有一個突出的白色柱子，柱子上掛有幾塊裝飾板，板上也印有幾何圖案。建築的側面有一個大型的玻璃窗，窗戶旁邊有一個樓梯，樓梯上寫有“SARO”字樣。

3. 這座建築的外牆裝飾有色彩豐富的幾何圖案，圖案由多個小方塊組成，顏色包括藍、紅、黃、綠等。建築的入口處設有玻璃門，門前有幾位行人正在走動。建築的頂部有一個突出的白色柱子，柱子上掛有幾塊裝飾板，板上也印有幾何圖案。建築的側面有一個大型的玻璃窗，窗戶旁邊有一個樓梯，樓梯上寫有“SARO”字樣。建築的設計風格現代，外牆的幾何圖案和玻璃窗的設計使得整體建築顯得非常時尚。"
origin_dataset/20230806_144023.jpg,"1. 這間畫廊展示三幅不同風格的畫作。左側的畫作色彩鮮豔，畫中三隻綿羊站在橋上，背景是山景和落日，充滿童趣。中間的兩幅畫作以水墨畫風呈現，表現了山巒的層疊與雲霧的飄渺，給人一種靜謐的感覺。右側的畫作則色彩豐富，充滿動感，畫中多個色彩鮮豔的獅子形象，表現出一種歡快的氛圍。

2. 這間畫廊的牆壁上掛有三幅不同風格的畫作。左側的畫作以鮮豔的色彩表現三隻綿羊在橋上的景象，背景是山景和落日，充滿童趣。中間的兩幅畫作採用水墨畫風，表現了山巒的層疊與雲霧的飄渺，給人一種靜謐的感覺。右側的畫作色彩豐富，充滿動感，畫中多個色彩鮮豔的獅子形象，表現出一種歡快的氛圍。

3. 這間畫廊展示三幅不同風格的畫作。左側的畫作色彩鮮豔，畫中三隻綿羊站在橋上，背景是山景和落日，充滿童趣。中間的兩幅畫作以水墨畫風呈現，表現了山巒的層疊與雲霧的飄渺，給人一種靜謐的感覺。右側的畫作色彩豐富，充滿動感，畫中多個色彩鮮豔的獅子形象，表現出一種歡快的氛圍。"
origin_dataset/1555587244987.jpg,"1. 一隻棕色的狗正躺在鋪有石板的路面上，頭部稍微低垂，似乎在休息或打盹。狗的毛色為深棕色，耳朵垂下，尾巴輕輕擺動。周圍的環境看起來像是公園或社區的廣場，地面鋪有不同顏色的石板，有綠色的苔蘚生長在石板縫隙中。

2. 一隻棕色的狗靜靜地躺在鋪有石板的路面上，頭部低垂，似乎在休息。狗的毛色為深棕色，耳朵垂下，尾巴輕輕擺動。周圍的環境看起來像是公園或社區的廣場，地面鋪有不同顏色的石板，有綠色的苔蘚生長在石板縫隙中。背景中可以看到一些建築物的邊緣，顯示出這是一個開放的空間。

3. 一隻棕色的狗躺在鋪有石板的路面上，頭部低垂，似乎在休息。狗的毛色為深棕色，耳朵垂下，尾巴輕輕擺動。周圍的環境看起來像是公園或社區的廣場，地面鋪有不同顏色的石板，有綠色的苔蘚生長在石板縫隙中。背景中可以看到一些建築物的邊緣，顯示出這是一個開放的空間。地上還散落著幾根細長的樹枝，可能是最近落下的。"
origin_dataset/IMG20220317141106.jpg,"1. 海浪拍打著海岸，激起白色的泡沫，海面波光粼粼。遠處的山丘被綠色植被覆蓋，天空陰沉，雲層厚重，散發出一種寧靜而略帶憂鬱的氣氛。

2. 沙灘上散落著幾位遊客，他們或坐或站，享受著海風。海浪不斷地拍打著海岸，形成一道道白色的浪花。遠處的山丘在陰沉的天空下若隱若現，給這片海灘增添了一絲神秘感。

3. 海浪輕輕拍打著海岸，海面泛起細小的波紋。遠處的山丘被濃密的樹木覆蓋，天空陰沉，雲層厚重，海風輕拂，帶給人一種寧靜而略帶孤獨的感覺。沙灘上偶爾有幾位遊客，他們靜靜地觀望著這片海景。"
origin_dataset/1526815314290.jpg,"1. 一片廣闊的農田，土壤呈深紅色，種植著一排排的作物，遠處可以看到一些樹木和電線杆，天空藍白相間，雲朵輕盈飄浮。

2. 一望無際的農地，土壤為深紅色，種植著規律的作物，遠處有樹木和電線杆，天空中散佈著幾朵雲，遠處依稀可見城市建築。

3. 綠意盎然的農田，土壤為深紅色，種植著排列整齊的作物，遠處有樹木和電線杆，天空藍白相間，雲朵輕盈飄浮，遠處可見城市建築。"
origin_dataset/IMG20220308145827.jpg,"1. 一處寬廣的水域，水面上閃爍著陽光，遠處有綠色植被和一些建築物，天空湛藍無雲，環境靜謐宜人。

2. 一處橋樑欄杆前的景觀，欄杆為淺灰色，橋樑下方是茂密的綠色植被，遠處是寬闊的水域，水面上反射著陽光，天空晴朗。

3. 一處橋樑欄杆外的景觀，欄杆為淺灰色，橋樑下方是茂密的綠色植被，遠處是寬闊的水域，水面上反射著陽光，天空湛藍無雲，環境靜謐宜人。"
origin_dataset/20230805_154558.jpg,"1. 這間咖啡館的裝潢以白色為主，天花板上懸掛著綠色的植物裝飾，營造出自然的氛圍。吧檯後方有兩位服務員，一位正在與顧客交流，另一位則在操作咖啡機。吧檯前有兩位顧客正在點餐，吧檯上擺放著各種咖啡機和調料。牆壁上掛有一個鐘表，顯示時間。吧檯後方的牆壁上有一個展示櫃，展示櫃內陳列著一些商品。吧檯前的牆壁上有一個展示櫃，展示櫃內陳列著一些商品。

2. 這間咖啡館的裝潢以白色為主，天花板上懸掛著綠色的植物裝飾，營造出自然的氛圍。吧檯後方有兩位服務員，一位正在與顧客交流，另一位則在操作咖啡機。吧檯前有兩位顧客正在點餐，吧檯上擺放著各種咖啡機和調料。牆壁上掛有一個鐘表，顯示時間。吧檯後方的牆壁上有一個展示櫃，展示櫃內陳列著一些商品。吧檯前的牆壁上有一個展示櫃，展示櫃內陳列著一些商品。

3. 這間咖啡館的裝潢以白色為主，天花板上懸掛著綠色的植物裝飾，營造出自然的氛圍。吧檯後方有兩位服務員，一位正在與顧客交流，另一位則在操作咖啡機。吧檯前有兩位顧客正在點餐，吧檯上擺放著各種咖啡機和調料。牆壁上掛有一個鐘表，顯示時間。吧檯後方的牆壁上有一個展示櫃，展示櫃內陳列著一些商品。吧檯前的牆壁上有一個展示櫃，展示櫃內陳列著一些商品。"
origin_dataset/FB_IMG_1576425187677.jpg,"1. 一處清澈見底的溪流，水流緩緩流動，周圍被茂密的樹木環繞。陽光從樹葉間透射下來，形成斑斕的光影效果。溪流兩岸生長著綠色的苔蘚，樹幹上也覆蓋著綠色的苔蘚，顯得格外生機勃勃。

2. 溪流兩岸的樹木枝繁葉茂，樹葉在微風中輕輕搖曳。溪流中的水質清澈，可以見到水底的石頭和沙粒。溪流的水流緩慢，但卻充滿了活力，水面上泛起細小的波紋，反射出陽光的光芒。

3. 溪流兩岸的樹木高大挺拔，樹葉在陽光下閃耀著綠色的光芒。溪流中的水質非常清澈，可以見到水底的石頭和沙粒。溪流的水流緩慢，但卻充滿了活力，水面上泛起細小的波紋，反射出陽光的光芒。溪流兩岸的樹木枝繁葉茂，樹葉在微風中輕輕搖曳。"
origin_dataset/20240602_162426.jpg,"1. **專注在當下有價值的那一行動**
   - 我們在傳統的待辦清單中，習慣用時間、優先序這些條件來限制自己，但對很多人來說，這反而造成更大的心理壓力。
   - 當待辦清單原本期望的指引行動功能失效時，與其堅守原本的做法，不如讓自己找到一個符合感性的心理意願，但可以讓自己專注在當下有價值的那一行動。

2. **接受與承諾治療 (Acceptance and Commitment Therapy, ACT)**
   - 在心理學中有一種「接受與承諾治療 (Acceptance and Commitment Therapy, ACT)」，由心理學家 Steven C. Hayes 等人在 1980 年代所創立。它是一種基於行為科學的新興療法，建立在行為心理學和認知心理學的基礎上。ACT 的獨特之處在於，他強調：「接受自己當下的反應（包含那些排斥與不適），根據自己的價值觀觀去採取行動。」

3. **自動聚焦方法 (Autofocus)**
   - 這樣一來，反而可以活在當下，而當下有所行動，就開始累積新的價值。
   - 列出所有需要做的事情，不分日期和優先級，只需羅列所有需要做的項目。
   - 查看並標記自己想做的那一項。"
origin_dataset/FB_IMG_1485272624612(1)(1).jpg,"1. 一張公園的照片，公園內有綠色的草地和幾排樹木，樹木間有幾張石椅。背景中有一棟現代建築，建築外牆是白色和深色的窗框，建築頂部有幾個圓形的天線。天空是明亮的藍色，沒有雲彩。

2. 這張照片展示了一個公園的場景，公園內有茂盛的綠草和排列整齊的樹木。公園內還設有幾張石椅，供遊客休息。背景中有一棟現代建築，建築的外牆是白色和深色的窗框，建築頂部有幾個圓形的天線。建築的頂部還掛有幾個標誌，上面寫著中文。

3. 這張照片捕捉到了一個公園的景象，公園內鋪滿了綠色的草地，兩旁種植了茂盛的樹木。公園內還設有幾張石椅，供遊客休憩。背景中有一棟現代建築，建築的外牆是白色和深色的窗框，建築頂部有幾個圓形的天線。建築的頂部還掛有幾個標誌，上面寫著中文。天空是明亮的藍色，沒有雲彩。"
origin_dataset/20230806_144209.jpg,"1. 綠意盎然的樹冠，陽光從樹葉間透射下來，形成斑斕的光束，散發出溫暖的光芒。樹葉在微風中輕輕搖曳，樹冠的葉片在陽光下閃耀，構成一幅美麗的自然畫面。

2. 高聳的樹木，樹冠茂密，樹葉在微風中輕輕搖曳，陽光從樹葉間透射下來，形成斑斕的光束，散發出溫暖的光芒。樹冠的葉片在陽光下閃耀，構成一幅美麗的自然畫面。

3. 綠意盎然的樹冠，陽光從樹葉間透射下來，形成斑斕的光束，散發出溫暖的光芒。樹葉在微風中輕輕搖曳，樹冠的葉片在陽光下閃耀，構成一幅美麗的自然畫面。陽光從樹葉間透射下來，形成斑斕的光束，散發出溫暖的光芒。"
origin_dataset/20240224_233618.jpg,"1. 這是一本程式設計的書籍，內容涵蓋了Python程式語言的應用。書中提供了多個程式範例，用以說明如何使用Python進行網頁爬蟲、資料分析以及AI應用等。書中還包含了許多註釋，幫助讀者理解程式碼的運作原理。此外，書中也提供了許多實作練習，讓讀者能夠將所學知識應用到實際問題中。

2. 這本書主要介紹Python程式語言的應用，內容涵蓋網頁爬蟲、資料分析以及AI應用等領域。書中提供了許多程式範例，並附有詳細的註釋，幫助讀者理解程式碼的運作原理。此外，書中還提供了許多實作練習，讓讀者能夠將所學知識應用到實際問題中。

3. 這是一本關於Python程式語言的書籍，內容涵蓋網頁爬蟲、資料分析以及AI應用等領域。書中提供了多個程式範例，並附有詳細的註釋，幫助讀者理解程式碼的運作原理。此外，書中還提供了許多實作練習，讓讀者能夠將所學知識應用到實際問題中。書中還包含許多實用的技巧和建議，幫助讀者更好地掌握Python程式語言。"
origin_dataset/20230820_154757.jpg,"1. 天空烏雲密布，瀰漫著濃厚的灰色調，似乎即將降下大雨。海面靜默無聲，反射著天空的陰沉。遠處的城市建築在雨霧中若隱若現，顯得遙遠而遙不可及。近處的欄杆上，幾位行人撐著雨傘，緩步前行，似乎在尋找避雨的地方。

2. 海邊的風景在雨天中顯得格外靜謐。天空被厚重的烏雲覆蓋，散發出一種壓抑的氣氛。海面波紋細微，反射著天空的灰暗。遠處的城市建築在雨霧中若隱若現，顯得遙遠而遙不可及。近處的欄杆上，幾位行人撐著雨傘，緩步前行，似乎在尋找避雨的地方。

3. 雨天中的海邊風景，天空烏雲密布，瀰漫著濃厚的灰色調。海面靜默無聲，反射著天空的陰沉。遠處的城市建築在雨霧中若隱若現，顯得遙遠而遙不可及。近處的欄杆上，幾位行人撐著雨傘，緩步前行，似乎在尋找避雨的地方。"
origin_dataset/IMG_0145.JPG,"1. 一隻狗坐在椅子上，頭部稍微低垂，表情有些無精打采。它穿著紅色的項圈，腳部放在椅子的邊緣，似乎在等待某個指令或注意某個聲音。背景中可以看到一張白色的圓桌和一張黑色的椅子，地面上有幾道淺色的痕跡。

2. 一隻狗坐在椅子上，頭部低垂，表情略顯疲憊。它穿著紅色的項圈，腳部放在椅子的邊緣，似乎在等待某個指令或注意某個聲音。背景中可以看到一張白色的圓桌和一張黑色的椅子，地面上有幾道淺色的痕跡。

3. 一隻狗坐在椅子上，頭部低垂，表情略顯無精打采。它穿著紅色的項圈，腳部放在椅子的邊緣，似乎在等待某個指令或注意某個聲音。背景中可以看到一張白色的圓桌和一張黑色的椅子，地面上有幾道淺色的痕跡。"
origin_dataset/received_1292042414229353.jpeg,"1. 一位年輕人坐在餐廳的座位上，頭靠在椅背上，右手撐在頭頂，表情看起來很開心。他戴著一付黑框眼鏡，穿著一件灰色和紅色相間的外套，外套上有一個白色圖案。他的身邊有一個黑色的背包，背包上有一個綠色的水瓶。餐廳的環境看起來很熱鬧，背景中可以看到其他客人和餐廳的裝飾。

2. 一位年輕人坐在餐廳的座位上，頭靠在椅背上，右手撐在頭頂，表情看起來很開心。他戴著一付黑框眼鏡，穿著一件灰色和紅色相間的外套，外套上有一個白色圖案。他的身邊有一個黑色的背包，背包上有一個綠色的水瓶。餐廳的環境看起來很熱鬧，背景中可以看到其他客人和餐廳的裝飾。牆壁上掛著一些裝飾品，包括一個紅色的橫幅和一些掛飾。

3. 一位年輕人坐在餐廳的座位上，頭靠在椅背上，右手撐在頭頂，表情看起來很開心。他戴著一付黑框眼鏡，穿著一件灰色和紅色相間的外套，外套上有一個白色圖案。他的身邊有一個黑色的背包，背包上有一個綠色的水瓶。餐廳的環境看起來很熱鬧，背景中可以看到其他客人和餐廳的裝飾。牆壁上掛著一些裝飾品，包括一個紅色的橫幅和一些掛飾。餐廳的天花板上有一個吊扇，燈光柔和，營造出一種溫馨的氛圍。"
origin_dataset/IMG20220108135700.jpg,"1. 這張圖片展示了一張粉紅色背景的海報，海報上有一個簡筆畫的女性形象，她頭戴一頂帽子，身穿一件外套，雙手交叉放在膝蓋上。海報上還有一段文字，內容是關於個人成長和自我認同的反思，提到人們在成長過程中會逐漸成為不同的自己，並談及對自己能力的質疑和對失敗的害怕等問題。海報的底部還有一段小字，提到這張海報是來自一位媒體人的推薦，並強調了從真實故事中汲取力量的重要性。

2. 海報的主題圍繞著個人成長和自我認同，海報上有一個女性的簡筆畫形象，她頭戴一頂帽子，雙手交叉放在膝蓋上，面帶微笑。海報的背景是粉紅色，上面有大段的中文文字，內容涉及個人在成長過程中的反思，提到人們會逐漸成為不同的自己，並談及對自己能力的質疑和對失敗的害怕等問題。海報的底部還有一段小字，提到這張海報是來自一位媒體人的推薦，強調了從真實故事中汲取力量的重要性。

3. 海報的主題聚焦於個人成長和自我認同，海報上有一個女性的簡筆畫形象，她頭戴一頂帽子，雙手交叉放在膝蓋上，面帶微笑。海報的背景是粉紅色，上面有大段的中文文字，內容涉及個人在成長過程中的反思，提到人們會逐漸成為不同的自己，並談及對自己能力的質疑和對失敗的害怕等問題。海報的底部還有一段小字，提到這張海報是來自一位媒體人的推薦，強調了從真實故事中汲取力量的重要性。海報的底部還有一段小字，提到這張海報是來自一位媒體人的推薦，強調了從真實故事中汲取力量的重要性。"
origin_dataset/IMG_20201125_153656_842.jpg,"1. 一張河邊的照片，河面寬闊，水色清澈，河岸兩側是綠色的植被。遠處有一座鐵路橋，橋上沒有車輛。天空湛藍，幾朵雲彩飄浮在空中。河邊的沙灘上散落著一些石頭，沙質較為鬆軟。照片中還有一個標註，寫著「豆腐岩」。

2. 河流靜謐，水波不興，河岸兩側是茂盛的綠樹。遠處的鐵路橋橫跨河面，橋上沒有行駛的車輛。天空藍得無比清澈，幾朵雲彩在空中飄浮。河邊的沙灘上散落著一些石頭，沙質較為鬆軟。照片中有一個標註，寫著「豆腐岩」。

3. 河流寬闊，水色清澈，河岸兩側是茂盛的綠樹。遠處的鐵路橋橫跨河面，橋上沒有行駛的車輛。天空湛藍，幾朵雲彩飄浮在空中。河邊的沙灘上散落著一些石頭，沙質較為鬆軟。照片中有一個標註，寫著「豆腐岩」。"
origin_dataset/20240824_170338.jpg,"1. 一位年輕男子，頭戴一頂深色棒球帽，帽檐朝前，帽上印有白色英文字母。他身穿深藍色短袖T恤，搭配淺色短褲，露出雙臂。他手持一部黃色手機，正在自拍。背景為一間室內空間，牆壁為白色，門為深色，門上掛有幾面小旗，旗子上印有紅色和綠色的圖案和文字。牆壁上還有一個白色圓形裝置，可能是煙霧感應器。地面為淺色地板，牆壁與地板之間有一條淺色的邊緣。

2. 一位年輕男子，頭戴一頂深色棒球帽，帽檐朝前，帽上印有白色英文字母。他身穿深藍色短袖T恤，搭配淺色短褲，露出雙臂。他手持一部黃色手機，正在自拍。背景為一間室內空間，牆壁為白色，門為深色，門上掛有幾面小旗，旗子上印有紅色和綠色的圖案和文字。牆壁上還有一個白色圓形裝置，可能是煙霧感應器。地面為淺色地板，牆壁與地板之間有一條淺色的邊緣。

3. 一位年輕男子，頭戴一頂深色棒球帽，帽檐朝前，帽上印有白色英文字母。他身穿深藍色短袖T恤，搭配淺色短褲，露出雙臂。他手持一部黃色手機，正在自拍。背景為一間室內空間，牆壁為白色，門為深色，門上掛有幾面小旗，旗子上印有紅色和綠色的圖案和文字。牆壁上還有一個白色圓形裝置，可能是煙霧感應器。地面為淺色地板，牆壁與地板之間有一條淺色的邊緣。"
origin_dataset/IMG_20180706_134446_482.jpg,"1. 這張照片展示了一片綠意盎然的山區，山腳下有一片湖泊，湖水清澈，倒映著周圍的綠樹和遠山。湖邊有一座小橋，橋上有人在行走。湖的對岸有一座小亭子，亭子後方是茂密的森林。前景中，兩個人站在石階上，遠遠地望向湖景。天空陰沉，似乎即將下雨。

2. 照片中，兩個人站在石階上，遠望著一片湖泊。湖泊位於山腳，湖水清澈，倒映著周圍的綠樹和遠山。湖邊有一座小橋，橋上有人在行走。湖的對岸有一座小亭子，亭子後方是茂密的森林。天空陰沉，似乎即將下雨。前景中，兩個人站在石階上，遠遠地望向湖景。

3. 這張照片捕捉到了一片山區的風景，山腳下有一片湖泊，湖水清澈，倒映著周圍的綠樹和遠山。湖邊有一座小橋，橋上有人在行走。湖的對岸有一座小亭子，亭子後方是茂密的森林。天空陰沉，似乎即將下雨。前景中，兩個人站在石階上，遠遠地望向湖景。"
origin_dataset/20240726_120459.jpg,"1. 這張照片展示了一座位於山上的建築群，建築物的屋頂是典型的中國傳統建築風格，色彩鮮豔，屋頂上裝飾有精美的圖案。建築群的周圍是茂密的綠樹，遠處可以看到山丘和湖泊，天空中雲霧繚繞，給整體景色增添了一種神秘的氛圍。

2. 照片中可以看到一些建築物的屋頂，這些屋頂採用了中國傳統的建築風格，屋頂的顏色鮮豔，屋頂上還有一些精美的裝飾。建築群位於山頂，周圍是茂密的樹木，遠處可以看到湖泊和山丘，天空中雲霧繚繞，給整體景色帶來了一種寧靜的感覺。

3. 這張照片捕捉到了一個位於山上的建築群，建築物的屋頂採用了中國傳統的建築風格，色彩鮮豔，屋頂上裝飾有精美的圖案。建築群位於山頂，周圍是茂密的樹木，遠處可以看到湖泊和山丘，天空中雲霧繚繞，給整體景色增添了一種寧靜的氛圍。建築群的建築風格和周圍的自然環境形成了鮮明的對比，展示了中國傳統建築與自然環境的完美融合。"
origin_dataset/20240212_172256.jpg,"1. 天空湛藍，雲層稀疏，陽光從雲隙間透出，散發出柔和的光芒。遠處的建築物在夕陽的映照下，顯得格外靜謐。樹木的葉子在微風中輕輕搖曳，增添了一絲生機。

2. 夕陽西下，天空漸漸轉為淡黃色，雲朵被染上了一層柔和的金黃。建築物的輪廓在落日餘暉中若隱若現，樹木的枝葉在微風中輕擺，構成一幅寧靜的鄉村風景畫。

3. 夕陽的餘暉灑在天空，雲層被染成淡黃色，遠處的建築物在落日的映照下顯得格外靜謐。樹木的葉子在微風中輕輕搖曳，建築物的窗戶在夕陽的照耀下閃閃發光，構成一幅美麗的鄉村夕陽圖。"
origin_dataset/20230709_184958.jpg,"1. 夕陽西下，天際處的雲層被染成金黃色，雲朵間的光線穿透雲層，形成一道道光束，散發出溫暖的光芒。遠處的建築物在夕陽的照耀下，顯得格外鮮明，建築的輪廓在光線的照射下，顯得格外清晰。

2. 夕陽的餘暉灑在建築物的屋頂上，屋頂的瓦片在夕陽的照耀下，顯得格外鮮豔。建築物的窗戶在夕陽的照射下，顯得格外明亮，窗戶內的燈光也隨之亮起，與夕陽的餘暉交相輝映，形成一幅美麗的夕陽畫面。

3. 夕陽的餘暉灑在建築物的屋頂上，屋頂的瓦片在夕陽的照耀下，顯得格外鮮豔。建築物的窗戶在夕陽的照射下，顯得格外明亮，窗戶內的燈光也隨之亮起，與夕陽的餘暉交相輝映，形成一幅美麗的夕陽畫面。建築物的牆壁在夕陽的照射下，顯得格外鮮豔，建築物的輪廓在光線的照射下，顯得格外清晰。"
origin_dataset/IMG20220316140642.jpg,"1. 這是一幅展示湖泊風景的圖片。湖水靜靜地反射著天空的陰沉雲彩，周圍環繞著茂密的綠樹。遠處可以看到一些建築物，可能是住宅或商業建築。近處的岩石和草地為景觀增添了自然的質感。

2. 湖泊周圍的環境非常宜人，綠樹成蔭，散發出一種寧靜的氛圍。湖水清澈，反射出天空的陰沉雲彩，給人一種平靜的感覺。遠處的建築物與自然景觀形成了鮮明的對比，突顯了自然與人類建築之間的和諧共存。

3. 這張圖片捕捉到了一個湖泊的寧靜風景。湖水靜靜地反射著天空的陰沉雲彩，周圍環繞著茂密的綠樹。遠處的建築物與自然景觀形成了鮮明的對比，突顯了自然與人類建築之間的和諧共存。近處的岩石和草地為景觀增添了自然的質感，整體氛圍非常寧靜。"
origin_dataset/IMG_20210801_143025_617.jpg,"1. 這張圖展示了一個電路操作的流程圖，圖中標註了BT點電壓下降、T8開啓以及T4、T5、T6關閉的步驟。圖中還包含了CK1、CK2、CK3、CK4、CK5等信號的波形圖，以及S1、S2、S2(N-1)等開關的狀態變化。

2. 圖中顯示了一個複雜的電路圖，包含多個電路元件，如T1、T2、T3、T4、T5、T6、T7、T8等，以及CK1、CK2、CK3、CK4、CK5等信號。此外，還標註了S1、S2、S2(N-1)等開關的狀態變化，並有BT點電壓下降、T8開啓以及T4、T5、T6關閉的步驟。

3. 這張圖是一個電路操作的流程圖，圖中標註了BT點電壓下降、T8開啓以及T4、T5、T6關閉的步驟。圖中還包含了CK1、CK2、CK3、CK4、CK5等信號的波形圖，以及S1、S2、S2(N-1)等開關的狀態變化。圖中還顯示了多個電路元件，如T1、T2、T3、T4、T5、T6、T7、T8等。"
origin_dataset/IMG20220317141107.jpg,"1. 海邊的沙灘上，海浪輕輕拍打著海岸線，形成細小的泡沫。遠處的山丘被濃密的樹木覆蓋，天空布滿了厚重的雲層，顯得有些陰沉。幾個人在沙灘上閒逛，享受著這片寧靜的海景。

2. 沙灘上，海浪不斷地拍打著海岸線，形成細小的泡沫。遠處的山丘被濃密的樹木覆蓋，天空布滿了厚重的雲層，顯得有些陰沉。幾個人在沙灘上閒逛，享受著這片寧靜的海景。

3. 海邊的沙灘上，海浪輕輕拍打著海岸線，形成細小的泡沫。遠處的山丘被濃密的樹木覆蓋，天空布滿了厚重的雲層，顯得有些陰沉。幾個人在沙灘上閒逛，享受著這片寧靜的海景。"
origin_dataset/IMG20220313133700.jpg,"1. 這張照片中，一個人站在一條鄉間小路上，背景是廣闊的田野和遠處的山丘。他留着短髮，臉上帶着微笑，看起來心情愉悅。他穿著一件黑色的外套，肩上背著一個迷彩風格的背包。背景中可以看到一些樹木和一些建築物，天空有些陰沉。

2. 這張照片捕捉到了一個人在鄉間小路上的自拍。他面帶微笑，顯得非常開心。他穿著一件黑色的外套，肩上背著一個迷彩風格的背包。背景中可以看到廣闊的田野和遠處的山丘，天空有些陰沉。這張照片給人一種悠閒自在的感覺。

3. 這張照片展示了一個人在鄉間小路上的自拍。他留着短髮，臉上帶着微笑，看起來心情愉悅。他穿著一件黑色的外套，肩上背著一個迷彩風格的背包。背景中可以看到廣闊的田野和遠處的山丘，天空有些陰沉。這張照片給人一種悠閒自在的感覺，似乎是在享受鄉間的風景。"
origin_dataset/20230704_190457.jpg,"1. 夕陽西下，天空被染成金黃色，雲層在夕陽的照耀下呈現出層層疊疊的美麗圖景。遠處的建築物在夕陽的餘暉中顯得格外靜謐，建築的輪廓在夕陽的映襯下顯得格外清晰。

2. 夕陽的餘暉從建築物的後方照射過來，建築的窗戶在夕陽的照耀下顯得格外明亮。建築的屋頂和牆壁在夕陽的餘暉中顯得格外鮮明，建築的輪廓在夕陽的映襯下顯得格外清晰。

3. 夕陽的餘暉從建築物的後方照射過來，建築的窗戶在夕陽的照耀下顯得格外明亮。建築的屋頂和牆壁在夕陽的餘暉中顯得格外鮮明，建築的輪廓在夕陽的映襯下顯得格外清晰。遠處的建築物在夕陽的餘暉中顯得格外靜謐，建築的輪廓在夕陽的映襯下顯得格外清晰。"
origin_dataset/20221113_142844.jpg,"1. 藍天白雲，綠草如茵，鐵欄杆邊，水泥路延伸至遠方。遠處山峰隱約，電塔矗立，電線橫跨天空。晴朗天氣，風景宜人。

2. 路邊鐵欄杆，水泥路面，綠草茂盛，遠處山峰若隱若現。藍天白雲，電塔與電線構成現代風景，自然與工業並存。

3. 綠草與藍天相接，鐵欄杆邊，水泥路延伸至遠方。遠處山峰，電塔與電線構成現代風景。晴朗天氣，風景宜人，自然與工業並存。"
origin_dataset/IMG_20201122_093813_079.jpg,"1. 山間的綠意盎然，陽光從樹梢間灑落，遠處的山峰在藍天的映襯下顯得格外遙遠而靜謐。近處的樹木和灌木叢在陽光下顯得鮮明而生機勃勃。

2. 高山的景緻在這張照片中展現得淋漓盡致，遠處的山脈層疊，近處的樹木和灌木叢在陽光的照耀下顯得格外鮮明。藍天無雲，陽光從樹梢間灑落，散發出一種寧靜而祥和的氣氛。

3. 這張照片捕捉到了山間的美麗景緻，陽光從樹梢間灑落，遠處的山脈層疊，近處的樹木和灌木叢在陽光的照耀下顯得格外鮮明。藍天無雲，遠處的山脈在陽光的照耀下顯得格外遙遠而靜謐。"
origin_dataset/1528992895314.jpg,"1. 這張照片中有兩位男士，他們站在一堵深色木紋牆前。牆上掛著金色的氣球，上面寫著「CONGRATS」，並有幾顆金色的星星裝飾。兩位男士都穿着正式的西裝，一位穿淺藍色西裝，另一位穿深色西裝，看起來像是在慶祝某個重要事件。

2. 這張照片捕捉到了兩位男士在慶祝活動中的瞬間。背景是一面深色的木紋牆，上面掛著寫有「CONGRATS」的金色氣球和幾顆星星。兩位男士都穿著正式的西裝，一位穿淺藍色西裝，另一位穿深色西裝，看起來像是在慶祝某個成就或里程碑。

3. 這張照片展示了兩位男士在慶祝活動中的場景。背景是一面深色的木紋牆，上面掛著寫有「CONGRATS」的金色氣球和幾顆星星。兩位男士都穿著正式的西裝，一位穿淺藍色西裝，另一位穿深色西裝，看起來像是在慶祝某個重要事件或成就。"
origin_dataset/IMG20220423145327.jpg,"1. 一位男子躺在沙發上，雙手撐在頭後，似乎在休息或打盹。他穿著白色T恤和黑色短褲，赤腳，雙腿伸直，雙腳垂在沙發邊緣。沙發是棕色的皮革製品，看起來相當舒適。沙發旁邊有一張木製的茶几，上面放著一些物品，包括一個遙控器和一個粉紅色的物品。背景中可以看到一張綠色的沙發，上面放著紅色和格子的抱枕，以及一些雜物，包括一臺白色電風扇和一些衣物。牆壁上掛著幾幅裝飾畫，牆角有一個燈籠形的燈飾。整個環境看起來像是家庭客廳，佈置簡單而實用。

2. 一位男子躺在沙發上，雙手撐在頭後，似乎在休息或打盹。他穿著白色T恤和黑色短褲，赤腳，雙腿伸直，雙腳垂在沙發邊緣。沙發是棕色的皮革製品，看起來相當舒適。沙發旁邊有一張木製的茶几，上面放著一些物品，包括一個遙控器和一個粉紅色的物品。背景中可以看到一張綠色的沙發，上面放著紅色和格子的抱枕，以及一些雜物，包括一臺白色電風扇和一些衣物。牆壁上掛著幾幅裝飾畫，牆角有一個燈籠形的燈飾。整個環境看起來像是家庭客廳，佈置簡單而實用。

3. 一位男子躺在沙發上，雙手撐在頭後，似乎在休息或打盹。他穿著白色T恤和黑色短褲，赤腳，雙腿伸直，雙腳垂在沙發邊緣。沙發是棕色的皮革製品，看起來相當舒適。沙發旁邊有一張木製的茶几，上面放著一些物品，包括一個遙控器和一個粉紅色的物品。背景中可以看到一張綠色的沙發，上面放著紅色和格子的抱枕，以及一些雜物，包括一臺白色電風扇和一些衣物。牆壁上掛著幾幅裝飾畫，牆角有一個燈籠形的燈飾。整個環境看起來像是家庭客廳，佈置簡單而實用。"
origin_dataset/IMG20200628144759.jpg,"1. 這張照片展示了一個廣闊的公園景觀，中央有一個大型的噴泉，噴泉上雕刻著多匹馬的雕像，馬兒們的姿態各異，有的昂首嘶鳴，有的低頭飲水，整體造型栩栩如生。噴泉周圍是清澈的水池，水面上泛起細微的波紋。噴泉後方是一排茂密的樹木，樹木後方是藍天，天空中只有幾絲雲彩，整體環境非常寧靜祥和。

2. 照片中，一個大型的噴泉位於公園的中心，噴泉的設計非常獨特，噴泉上雕刻著多匹馬的雕像，這些馬兒的姿態各異，有的張開嘴巴嘶鳴，有的低頭飲水，整體造型非常生動。噴泉的水池清澈見底，水面上有輕微的波紋。噴泉後方是一片茂密的樹木，樹木後方是藍天，天空中只有幾絲雲彩，環境非常寧靜。

3. 這張照片捕捉到了一個公園的全景，公園的中心是一個大型的噴泉，噴泉上雕刻著多匹馬的雕像，這些馬兒的姿態各異，有的張開嘴巴嘶鳴，有的低頭飲水，整體造型非常生動。噴泉的水池清澈見底，水面上有輕微的波紋。噴泉後方是一片茂密的樹木，樹木後方是藍天，天空中只有幾絲雲彩，環境非常寧靜祥和。公園的周圍種植了各種綠色植物，包括一些開花的植物，增添了公園的生機。"
origin_dataset/IMG_20201101_142612_354.jpg,"1. 這張照片展示了一個繁忙的城市街景，街道兩側是高樓建築，建築物上掛滿了各種廣告牌和招牌，顯示出當地商業活動的繁榮。街道上有行人和機車，顯示出當地交通的繁忙。綠色的人行道和黃色的防護欄增加了街道的視覺層次感。

2. 照片中可以看到多個廣告牌，上面寫著不同的文字，顯示出當地商業活動的多樣性。建築物的外牆上掛滿了各種廣告，包括咖啡館、餐飲店等。街道兩側的建築物設計風格各異，顯示出當地建築風格的多樣化。

3. 這張照片捕捉到了一個典型的亞洲城市街景，街道兩側是高樓建築，建築物上掛滿了各種廣告牌和招牌。街道上有行人和機車，顯示出當地交通的繁忙。建築物的外牆上掛滿了各種廣告，包括咖啡館、餐飲店等。街道兩側的建築物設計風格各異，顯示出當地建築風格的多樣化。"
origin_dataset/11133939_632074483559044_7140702490089386714_n(1)(1).jpg,"1. 這是一張在教室內拍攝的合影，背景牆上掛有橫幅，上面寫著中文，內容涉及某種活動或課程的宣傳。同學們站成一排，面帶微笑，擺出各種姿勢，似乎是在慶祝或紀念某個活動。同學們的衣著風格多樣，有穿運動服、T恤、牛仔褲等，顯示出他們的個性化風格。同學們的年齡看起來在青少年階段，可能是一群學生。

2. 這張照片捕捉到了一群年輕人在一起的歡樂時刻。他們站在教室裡，背景牆上掛有寫有中文的橫幅，顯示出他們可能參加了一個活動或課程。同學們的姿態各異，有的比出V字形，有的舉起雙手，顯得非常開心和活潑。他們的衣著風格各不相同，從運動服到T恤，再到牛仔褲，反映了他們的個性化風格。同學們的年齡看起來在青少年階段，可能是一群學生。

3. 這張照片展示了一群年輕人在教室內合影的場景。背景牆上掛有寫有中文的橫幅，顯示出他們可能參加了一個活動或課程。同學們站成一排，面帶微笑，擺出各種姿勢，似乎是在慶祝或紀念某個活動。同學們的衣著風格多樣，有穿運動服、T恤、牛仔褲等，顯示出他們的個性化風格。同學們的年齡看起來在青少年階段，可能是一群學生。"
origin_dataset/11129258_632076200225539_8132610937854600172_n(1)(1).jpg,"1. 六位年輕人站成一排，他們似乎在參加一個活動或會議。他們都穿着冬季外套，顯然天氣較冷。最前面的兩位女性和最後面的兩位女性都戴著眼鏡，而最前面的男性則沒有戴眼鏡。他們的臉上都帶有微笑，顯得相當開心和積極。背景中可以看到一扇大窗戶和一些掛在牆上的海報，顯示出他們可能處於一個教室或會議室。

2. 六位年輕人站成一排，他們的姿態和表情各不相同。最前面的兩位女性和最後面的兩位女性都戴著眼鏡，而最前面的男性則沒有戴眼鏡。他們的臉上都帶有微笑，顯得相當開心和積極。背景中可以看到一扇大窗戶和一些掛在牆上的海報，顯示出他們可能處於一個教室或會議室。他們的姿態和表情各不相同，顯示出他們可能正在參與一個活動或會議。

3. 六位年輕人站成一排，他們的姿態和表情各不相同。最前面的兩位女性和最後面的兩位女性都戴著眼鏡，而最前面的男性則沒有戴眼鏡。他們的臉上都帶有微笑，顯得相當開心和積極。背景中可以看到一扇大窗戶和一些掛在牆上的海報，顯示出他們可能處於一個教室或會議室。他們的姿態和表情各不相同，顯示出他們可能正在參與一個活動或會議。"
origin_dataset/IMG20220314130319.jpg,"1. 這是一條鋪設有磚塊的街道，兩旁有建築物。建築物的外牆顏色多樣，有藍色、白色和紅色等。街道兩側種有樹木，樹蔭下有幾棵樹。街道上沒有行人，顯得非常靜謐。天空藍色，沒有雲彩，陽光明媚。

2. 這條街道兩側的建築物外牆顏色鮮豔，有藍色、白色和紅色等。建築物的窗戶和門口有招牌，招牌上寫有中文字。街道兩側種有樹木，樹蔭下有幾棵樹。街道鋪設有磚塊，路面寬敞，沒有行人。天空藍色，沒有雲彩，陽光明媚。

3. 這是一條鋪設有磚塊的街道，兩旁有建築物。建築物的外牆顏色多樣，有藍色、白色和紅色等。街道兩側種有樹木，樹蔭下有幾棵樹。街道上沒有行人，顯得非常靜謐。建築物的窗戶和門口有招牌，招牌上寫有中文字。天空藍色，沒有雲彩，陽光明媚。"
origin_dataset/20231002_000525.jpg,"1. 這張照片上寫著「HAPPY BIRTHDAY AARON！」，並附有兩個人的合照，照片中的人們看起來非常開心。照片的右側有「Miya」的簽名和日期「2023.10.1」，照片上還有一些粉紅色的愛心圖案。

2. 這張照片上寫著「HAPPY BIRTHDAY AARON！」，照片中兩個人坐在一起，看起來非常親密。照片的右側有「Miya」的簽名和日期「2023.10.1」，照片上還有一些粉紅色的愛心圖案。

3. 這張照片上寫著「HAPPY BIRTHDAY AARON！」，照片中兩個人坐在一起，看起來非常開心。照片的右側有「Miya」的簽名和日期「2023.10.1」，照片上還有一些粉紅色的愛心圖案。照片的左側寫著「HAPPY BIRTHDAY」，並附有兩個人的合照。"
origin_dataset/DSC_0009(1)(1).JPG,"1. 一對情侶在燈光繽紛的場景中擁抱，周圍是五彩繽紛的燈飾，包括紫色和藍色的燈光，營造出浪漫的氛圍。

2. 這張照片捕捉到了一個充滿活力的夜景，兩個人在燈光的照耀下擁抱，周圍是各種顏色的燈飾，包括紫色和藍色，營造出一種歡樂和喜慶的氛圍。

3. 這張照片展示了兩個人在燈光繽紛的場景中擁抱，周圍是五彩繽紛的燈飾，包括紫色和藍色的燈光，營造出浪漫和歡樂的氛圍。"
origin_dataset/20231105_114322.jpg,"1. 一盞燈泡懸掛在窗前，發出溫暖的光芒。窗外是一片綠意盎然的庭院，樹木茂盛，綠葉成蔭。庭院中種植了各種植物，包括灌木和花卉，其中一些開出了粉紅色的花朵。庭院的建築物部分被樹木遮擋，只露出部分白色的牆壁和窗戶。陽光從樹葉間透射下來，形成斑斕的光影效果。

2. 窗戶外是一處充滿綠意的庭院，庭院內種植了各種植物，包括高大的樹木和低矮的灌木。樹木的枝葉茂密，綠意盎然，陽光從樹葉間透射下來，形成斑斕的光影效果。庭院的建築物部分被樹木遮擋，只露出部分白色的牆壁和窗戶。窗前懸掛著一盞發出溫暖光芒的燈泡，為庭院帶來溫馨的氛圍。

3. 窗戶外的庭院充滿綠意，樹木茂盛，綠葉成蔭。庭院中種植了各種植物，包括高大的樹木和低矮的灌木，其中一些開出了粉紅色的花朵。陽光從樹葉間透射下來，形成斑斕的光影效果。建築物部分被樹木遮擋，只露出部分白色的牆壁和窗戶。窗前懸掛著一盞發出溫暖光芒的燈泡，為庭院帶來溫馨的氛圍。"
origin_dataset/IMG_20201122_131229_601.jpg,"1. 環繞著濃密的綠色森林，遠處的山脈在薄霧中若隱若現，遠近的山峯層疊，構成了一幅壯麗的自然風景畫。

2. 前景的岩石表面粗糙，布滿了斑點狀的青苔，與後方的茂密森林形成鮮明對比。遠處的山脈在薄霧中若隱若現，遠近的山峯層疊，構成了一幅壯麗的自然風景畫。

3. 環繞著濃密的綠色森林，遠處的山脈在薄霧中若隱若現，遠近的山峯層疊，構成了一幅壯麗的自然風景畫。前景的岩石表面粗糙，布滿了斑點狀的青苔，與後方的茂密森林形成鮮明對比。"
origin_dataset/IMG20220313112137.jpg,"1. 海邊的風景，藍天無雲，海面波光粼粼，遠處有幾艘船隻。海岸邊有一條灰色的水泥路，路邊有綠色的草地和一些大石頭。路的盡頭有一個高高的木樁，木樁旁邊停着幾輛車輛，還有一輛自行車停在路邊。

2. 這是一幅海邊的風景畫，天空湛藍，沒有雲彩，海面波光粼粼，遠處有幾艘船隻。海岸邊有一條灰色的水泥路，路邊有綠色的草地和一些大石頭。路的盡頭有一個高高的木樁，木樁旁邊停着幾輛車輛，還有一輛自行車停在路邊。路邊還有一些樹木，綠葉茂盛。

3. 海邊的風景，藍天無雲，海面波光粼粼，遠處有幾艘船隻。海岸邊有一條灰色的水泥路，路邊有綠色的草地和一些大石頭。路的盡頭有一個高高的木樁，木樁旁邊停着幾輛車輛，還有一輛自行車停在路邊。路邊還有一些樹木，綠葉茂盛。遠處的海邊還有一些遊客在活動，環境非常寧靜。"
origin_dataset/1509801_632085440224615_8474451970671347121_n(1)(1).jpg,"1. 一群學生和導師在石屋前的庭院中，導師手持藍色的圖紙，正在向學生們解釋或展示某種內容。學生們圍繞在導師身邊，聽著導師的講解，顯得非常專注。背景中可以看到石屋和一些樹木，環境看起來像是在一個鄉村或自然景點。

2. 一位導師正在向一群學生們介紹一處石屋，學生們圍繞在導師身邊，聽著導師的講解。導師手持藍色的圖紙，似乎在解釋石屋的歷史或建築特點。學生們看起來很認真，部分學生還在做筆記。背景中可以看到石屋和一些樹木，環境看起來像是在一個鄉村或自然景點。

3. 一群學生和導師在石屋前的庭院中，導師手持藍色的圖紙，正在向學生們解釋或展示某種內容。學生們圍繞在導師身邊，聽著導師的講解，顯得非常專注。背景中可以看到石屋和一些樹木，環境看起來像是在一個鄉村或自然景點。導師和學生們都穿着適宜的戶外服裝，顯得非常適應當下的天氣和環境。"
origin_dataset/IMG20220820200424.jpg,"1. 夜晚的戶外音樂會現場，數千名觀眾聚集在廣場上，觀看舞台上的表演。舞台燈光以紅色為主，營造出熱情洋溢的氛圍。背景中可以看到一些建築物，顯示出活動可能在一個城市中心舉行。觀眾們或坐或站，全神貫注地觀看表演，部分人使用手機記錄這一刻。

2. 一場大型戶外音樂會在夜晚舉行，場地內擠滿了觀眾。舞台設置在廣場中央，燈光效果以紅色為主，營造出濃厚的熱情氛圍。觀眾席上，人們或坐或站，全神貫注地觀看舞台上的表演。背景中可以看到一些建築物，顯示出活動可能在一個城市中心舉行。

3. 夜晚的戶外音樂會現場，數千名觀眾聚集在廣場上，觀看舞台上的表演。舞台燈光以紅色為主，營造出熱情洋溢的氛圍。背景中可以看到一些建築物，顯示出活動可能在一個城市中心舉行。觀眾席上，人們或坐或站，全神貫注地觀看表演，部分人使用手機記錄這一刻。"
origin_dataset/IMG20220311155820.jpg,"1. 這張照片展示了一個現代化的城市公園，公園內有一個大型的白色遮陽棚，棚架由黃色的支柱支撐。公園周圍種植了許多修剪成圓形的綠樹，排列整齊。背景中可以看到一些建築物，包括一棟高聳的摩天大樓和一些建築正在施工的建築。公園的前方有一條道路，道路上有幾輛車輛和行人在行走。天空晴朗，陽光明媚，整個場景看起來非常明亮和開闊。

2. 這張照片捕捉到了一個現代城市的公園景觀。公園內有一個大型的白色遮陽棚，棚架由黃色的支柱支撐，構成了一個引人注目的建築元素。公園周圍種植了許多修剪成圓形的綠樹，排列整齊，營造出一種整潔和井然有序的氛圍。背景中可以看到一些建築物，包括一棟高聳的摩天大樓和一些建築正在施工的建築。公園的前方有一條道路，道路上有幾輛車輛和行人在行走。天空晴朗，陽光明媚，整個場景看起來非常明亮和開闊。

3. 這張照片展示了一個現代化的城市公園，公園內有一個大型的白色遮陽棚，棚架由黃色的支柱支撐，構成了一個引人注目的建築元素。公園周圍種植了許多修剪成圓形的綠樹，排列整齊，營造出一種整潔和井然有序的氛圍。背景中可以看到一些建築物，包括一棟高聳的摩天大樓和一些建築正在施工的建築。公園的前方有一條道路，道路上有幾輛車輛和行人在行走。天空晴朗，陽光明媚，整個場景看起來非常明亮和開闊。"
origin_dataset/IMG20220317142750.jpg,"1. 海浪輕撫著沙灘，激起白色的浪花，遠處的島嶼隱約可見，天空灰蒙蒙的，海面波光粼粼。

2. 沙灘上留下幾行腳印，海浪不斷拍打著海岸線，遠處的島嶼在薄霧中若隱若現，天空陰沉沉的，海面波紋不斷。

3. 沙灘上散落著一些貝殼，海浪輕柔地拍打著海岸線，遠處的島嶼在薄霧中隱約可見，天空灰蒙蒙的，海面波光粼粼。"
origin_dataset/IMG_20210422_185547_114.jpg,"1. 一張照片中，一群身穿軍裝的士兵排成兩排，前排士兵跪在地上，後排士兵站立，他們頭戴鋼盔，手持槍械，背景是茂密的樹林。

2. 照片顯示了一群士兵在戶外合影，他們身穿迷彩服，頭戴鋼盔，手持槍械，背景是綠意盎然的樹林，照片的風格顯得有些年代感。

3. 這張照片捕捉了一群士兵在戶外的合影，他們身穿軍裝，頭戴鋼盔，手持槍械，背景是茂密的樹林，照片的風格和服裝顯示出這可能是某個軍事活動或訓練的紀念照。"
origin_dataset/IMG20220312140955.jpg,"1. 海邊的風景，天空湛藍，幾朵雲彩飄浮在空中。海面波光粼粼，反射著陽光。海岸邊有一條護欄，護欄後方是鋪設有磚塊的小徑，兩旁種有樹木。遠處可以看到一些建築物的遠景。

2. 一望無際的海面，海浪輕拍著海岸，激起細細的浪花。海邊有一條護欄，護欄後方是鋪設有磚塊的小徑，兩旁種有樹木。遠處的天空湛藍，幾朵雲彩飄浮在空中。海邊的風景非常宜人，適合散步和觀賞海景。

3. 海邊的風景，海面波光粼粼，反射著陽光。海岸邊有一條護欄，護欄後方是鋪設有磚塊的小徑，兩旁種有樹木。遠處可以看到一些建築物的遠景。天空湛藍，幾朵雲彩飄浮在空中。海邊的風景非常宜人，適合散步和觀賞海景。"
origin_dataset/IMG_20201101_141541_338.jpg,"1. 這是一條鋪設有綠色地磚的自行車道，兩旁種植著高大的棕櫚樹，樹冠茂盛，形成了一道美麗的綠色長廊。道路兩側的建築物風格現代，建築外牆以玻璃和鋼材為主，反射著天空的藍色。道路盡頭可以看到一些建築物的入口，門口處有鮮豔的廣告牌。天空陰沉，但並未下雨，整體環境顯得非常寧靜。

2. 這條自行車道兩旁的棕櫚樹排列整齊，樹幹筆直，樹冠寬闊，為道路帶來了濃郁的熱帶風情。自行車道的顏色鮮豔，與周圍的建築形成鮮明對比。道路兩側的建築物設計現代，玻璃窗戶反射著周圍的景緻。道路盡頭的建築入口處，有醒目的廣告牌，吸引著行人的注意。天空雖陰沉，但並未下雨，整體環境顯得非常寧靜。

3. 這是一條鋪設有綠色地磚的自行車道，兩旁種植著高大的棕櫚樹，樹冠茂盛，形成了一道美麗的綠色長廊。道路兩側的建築物風格現代，建築外牆以玻璃和鋼材為主，反射著天空的藍色。道路盡頭可以看到一些建築物的入口，門口處有鮮豔的廣告牌。天空陰沉，但並未下雨，整體環境顯得非常寧靜。"
origin_dataset/11143129_632081830224976_4779314915266475815_n(1)(1).jpg,"1. 一對父子站在陽台邊緣，父親手持一張卡片，卡片上寫有中文。背景是綠意盎然的山丘和幾棵高大的棕櫚樹，遠處還有一棟紅色屋頂的建築。陽台的欄杆後方是寬闊的空地，地面上鋪有灰色的石板。

2. 一位父親和兒子站在陽台，父親手持一張卡片，卡片上寫有中文。陽台的欄杆後方是綠意盎然的山丘和棕櫚樹，遠處有一棟紅色屋頂的建築。陽台的欄杆後方是寬闊的空地，地面上鋪有灰色的石板。

3. 一對父子站在陽台邊緣，父親手持一張卡片，卡片上寫有中文。陽台的欄杆後方是綠意盎然的山丘和棕櫚樹，遠處有一棟紅色屋頂的建築。陽台的欄杆後方是寬闊的空地，地面上鋪有灰色的石板。"
origin_dataset/20221106_165857.jpg,"1. 這張照片展示了一個公園的夕陽景色。天空中布滿了層層雲彩，陽光從雲層間透出，散發出金黃色的光芒。公園內種植了許多樹木，樹幹筆直，樹冠茂盛。公園內有許多遊客，他們在草地上閒逛，有人在拍照，有人在聊天，還有人在散步。遠處可以看到一些建築物，可能是港口或工業區。整體氛圍非常平靜和美麗。

2. 照片中，公園的夕陽景色非常吸引人。天空的顏色從藍色漸變到黃色，陽光從雲層間照射下來，散發出溫暖的光芒。公園內的樹木排列整齊，樹幹筆直，樹冠茂盛。公園內有許多遊客，他們在草地上閒逛，有人在拍照，有人在聊天，還有人在散步。遠處可以看到一些建築物，可能是港口或工業區。整體氛圍非常平靜和美麗。

3. 這張照片捕捉到了公園的夕陽景色。天空中布滿了層層雲彩，陽光從雲層間透出，散發出金黃色的光芒。公園內種植了許多樹木，樹幹筆直，樹冠茂盛。公園內有許多遊客，他們在草地上閒逛，有人在拍照，有人在聊天，還有人在散步。遠處可以看到一些建築物，可能是港口或工業區。整體氛圍非常平靜和美麗。"
origin_dataset/20240623_184500.jpg,"1. 一盞燈光在電線杆上閃爍，電線橫跨天空，樹木的枝葉在微風中搖曳。遠處的建築物在夕陽的餘暉中顯得格外鮮明，建築的窗戶在夜幕降臨前還亮著燈光。

2. 電線在天空中形成幾條平行的線條，樹木的葉子在微風中輕輕搖晃。建築物的窗戶在夜幕降臨前還亮著燈光，建築的外牆在夕陽的餘暉中顯得格外鮮明。

3. 電線在天空中形成幾條平行的線條，樹木的葉子在微風中輕輕搖晃。建築物的窗戶在夜幕降臨前還亮著燈光，建築的外牆在夕陽的餘暉中顯得格外鮮明。一盞燈光在電線杆上閃爍，為這片景緻增添了一絲溫暖。"
origin_dataset/1549434868328.jpg,"1. 五個人站在階梯上，背景是城市的景觀。他們面帶微笑，似乎在享受這段時間。最前面的年輕人戴著一頂黑色的棒球帽，穿著灰色的連帽衫。他站在階梯的最前方，背後是其他四個人。最左邊的年輕人穿著藍色的連帽衫和黃色的羽絨背心，頭戴一頂藍色的棒球帽。最右邊的年輕人穿著藍色的牛仔外套和深色的內搭。中間的兩位分別穿著藍色和白色的衣服，看起來像是家庭成員或朋友。背景中可以看到城市的建築和綠樹成蔭的山丘。

2. 五個人站在階梯上，背景是城市的景觀。他們面帶微笑，似乎在享受這段時間。最前面的年輕人戴著一頂黑色的棒球帽，穿著灰色的連帽衫。他站在階梯的最前方，背後是其他四個人。最左邊的年輕人穿著藍色的連帽衫和黃色的羽絨背心，頭戴一頂藍色的棒球帽。最右邊的年輕人穿著藍色的牛仔外套和深色的內搭。中間的兩位分別穿著藍色和白色的衣服，看起來像是家庭成員或朋友。背景中可以看到城市的建築和綠樹成蔭的山丘。

3. 五個人站在階梯上，背景是城市的景觀。他們面帶微笑，似乎在享受這段時間。最前面的年輕人戴著一頂黑色的棒球帽，穿著灰色的連帽衫。他站在階梯的最前方，背後是其他四個人。最左邊的年輕人穿著藍色的連帽衫和黃色的羽絨背心，頭戴一頂藍色的棒球帽。最右邊的年輕人穿著藍色的牛仔外套和深色的內搭。中間的兩位分別穿著藍色和白色的衣服，看起來像是家庭成員或朋友。背景中可以看到城市的建築和綠樹成蔭的山丘。"
origin_dataset/IMG20220305173039.jpg,"1. 這張圖片展示了一本書的內頁，內容是用繁體中文書寫的。書頁的邊緣有明顯的折痕，顯示出書本已經被翻閱過多次。文字排列整齊，每行字數大致相同，顯示出編排的專業性。書頁的顏色是淡黃色，看起來像是經過時間的磨損，但字跡依然清晰可辨。

2. 圖片中，一隻手指指向書頁的左側，手指的指紋清晰可見，手指的顏色是自然的膚色。手指指向的區域似乎是書頁上的一個特定段落，可能是在強調或指出某個重點。

3. 這張圖片的背景是單色的，沒有其他雜亂的元素，使得書頁成為了視覺的焦點。書頁上的文字內容豐富，但由於距離和角度的限制，無法辨識出具體的內容。書頁的邊緣有明顯的折痕，顯示出書本已經被翻閱過多次。書頁的顏色是淡黃色，看起來像是經過時間的磨損，但字跡依然清晰可辨。"
origin_dataset/20231104_184629.jpg,"1. 這張照片捕捉到了一個婚禮場景，新郎和新娘站在前排，新郎穿着一套米色西裝，新娘則穿着一襲白色婚紗，手持一束白色花束。背景中可以看到一排白色椅子，上面坐著一些賓客。場地裝飾著串燈，營造出溫馨浪漫的氛圍。場地的後方有一個拱形花園裝飾，上面掛滿了鮮花和綠葉，增添了自然的美感。

2. 照片中，新郎和新娘站在婚禮現場的前排，新郎身著一套米色西裝，搭配領結，看起來非常正式。新娘則身著一襲白色婚紗，手持一束白色花束，看起來非常美麗。背景中可以看到一排白色椅子，上面坐著一些賓客。場地的裝飾包括串燈和拱形花園裝飾，這些裝飾使得整個場地看起來非常溫馨和浪漫。

3. 這張照片展示了一個婚禮場景，新郎和新娘站在前排，新郎穿着一套米色西裝，新娘則穿着一襲白色婚紗，手持一束白色花束。背景中可以看到一排白色椅子，上面坐著一些賓客。場地裝飾著串燈，營造出溫馨浪漫的氛圍。場地的後方有一個拱形花園裝飾，上面掛滿了鮮花和綠葉，增添了自然的美感。"
origin_dataset/IMG20220308151516.jpg,"1. 這張照片展示了一片寬廣的水域，可能是湖泊或海洋。水面上反射著陽光，形成一道道閃爍的光線。遠處可以看到一些建築物和構造物，可能是橋樑或碼頭。天空湛藍，沒有雲彩，陽光非常明亮，照耀著整個場景。

2. 照片的前景是一些綠色的植被，包括灌木和草類。這些植物在陽光下顯得鮮豔，與背景的藍色水域形成鮮明對比。遠處的建築物和構造物在地平線附近若隱若現，顯示出一種遠近景觀的層次感。

3. 這張照片捕捉到了一個晴朗的天氣，陽光從右上角照射過來，使得整個場景充滿了活力。水面上的反射光線增加了照片的動感。遠處的建築物和構造物提供了深度感，而前景的植被則為整體構圖增添了豐富的細節。"